lecture_id,book_isbn,book_title,book_author,book_publisher,book_price,used_price,cover_image
103298,9791162262931,노동경제학,George J. Borjas,시그마프레스,33000,20000,https://cf-cii.everytime.kr/279f288b0b793859f2e1851b062ea13839155f17dee0cb8f098b4bd533b701c0/1688896950512_0.jpg
103298,9789813150256,Labor Economics,George J Borjas,MCGRAW-HILL Higher Education,35000,15000,https://cf-cii.everytime.kr/440249c29e5d906f9aab97fc4f570c89bdb39992716eab547380aefabfb6d67d/1607066445502_0.jpg
103298,9788968668531,노동경제학(7판),George J Borjas,시그마프레스,30000,15000,https://cf-cii.everytime.kr/0c2743c26ac3865f124629428e6b9c482354c93a9084247a03e1d09704ec7be8/1645185941151_0.jpg
103298,9781292060477,Modern Labor Economics,Ronald Ehrenberg,Pearson,43000,20000,https://cf-cii.everytime.kr/ba5eeaba285a795c02065fd496cd270e42e911b93cf7125843fa6902ccdb50a4/1535285429065_0.jpg
103298,9788945010452,현대노동경제학: 이론과공공정책(10판),Ehrenberg,Pearson Education,29000,8000,https://cf-cii.everytime.kr/2cd09ea7c70c30bbbef48ac807bc83a6e7a132f69f6dbc9b356fddc311bb5539/1615354719904_0.jpg
103300,9788970138756,한국 자본주의 모델,이병천,책세상,25000,5000,https://cf-cii.everytime.kr/41e42ca9c923ea2631c96cfcda8e028c80280c6d5d150b9850060a19c636328c/1752997785476_0.jpg
103300,4808950913243,인간의 얼굴을 한 세계화,조지프 E 스티글리츠,21세기북스,20000,8000,https://cf-cii.everytime.kr/7dd7c3b0241078fb007fbca0c7ee024ec015a4046e34d7c0513eed95aa2bfdae/1552026397630_0.jpg
103300,9788950913243,인간의 얼굴을 한 세계화(양장본 HardCover),조지프 E. 스티글리츠,21세기북스,25000,15000,https://cf-cii.everytime.kr/6c06c618987f90491d36160da5af44c73b0e3a9406b861e21d3be4954d4bdd68/1536501481929_0.jpg
103300,9788936485276,주식회사 한국의 구조조정 무엇이 문제인가,"신장섭, 장하준",창비,15000,8000,https://cf-cii.everytime.kr/247b106f20bd67b87704bf6e42d7107cfb4d8ff78eb1122c90e1475f8b09fe8d/1536501357025_0.jpg
103300,9788960510029,국가의 역할,장하준,부키,16000,10000,https://cf-cii.everytime.kr/8407048f7f8733e3dd92daeb70a195a6cdf7688266b105643e2ffcdd2ba5e301/1567645751409_0.jpg
103300,9788960511194,그들이 말하지 않는 23가지,장하준,부키,14800,10000,https://cf-cii.everytime.kr/b44fd6817d4eea28d14ad1dfee496d186c940f3e2a0fb712133b1656c158642e/1644805743832_0.jpg
103304,9781319243586,Macroeconomics,그레고리 맨큐,Macmillan,20000,22000,https://cf-cii.everytime.kr/1c97d783a30795a04c19e99c9fecd77ae4ee0897eada353053187acf92c31a6d/1677819956580_0.jpg
103304,9780716767114,Macroeconomics 6/E,Mankiw N Gregory,Worth,39000,13000,https://cf-cii.everytime.kr/de3f6d2be5211b3bc12cd16463620ee1c85575e2d77519fed46258115973718a/1630845870751_0.jpg
103304,9780230241923,Intermediate Macroeconomics Abridged 7/E,그레고리 맨큐,Palgrave,25000,13000,https://cf-cii.everytime.kr/084cc912c0d4ffe5e8cdbf5d1f29d57def4291f1f11996523bbe98b830e839d5/1599060222382_0.jpg
103304,9788968667640,거시경제학(9판)(양장본 HardCover),그레고리 맨큐,시그마프레스,39000,12000,https://cf-cii.everytime.kr/2135c4c44fe8ac54a41746e52e820aca33bc5970716b8958a33a14b3457be502/1691504671768_0.jpg
103304,9781464121678,Macroeconomics 8/E (Paperback),Mankiw N Gregory,Macmillan,43000,8000,https://cf-cii.everytime.kr/daeb5f1093f6a6551a58c57e22ef1159e8d3f7d4cd80ef41d1ba6eef5df6f09c/1597588280902_0.jpg
103304,9788968661112,거시경제학(8판)(양장본 HardCover),그레고리 맨큐,시그마프레스,25000,17000,https://cf-cii.everytime.kr/f232246127f45e9c59804ccee116abf2428c28a1fdcbe50e358bb54243098de8/1689837634894_0.jpg
103316,9788942593132,구조해석,Aslam Kassimali,동화기술,35000,20000,https://cf-cii.everytime.kr/82481d59fa143c2eb5b0ffbbee90751279d4d11f77bf605ced9aaf47e2b726a7/1772789452245_0.jpg
103316,9788942591510,구조해석,Aslam Kassimali,동화기술,35000,18000,https://cf-cii.everytime.kr/12dd0e174299b96670d0e45c7927c2fba0a19015afea4f1f310fef30cea64067/1694256459349_0.jpg
103316,9791132101185,Beer의 재료역학,"페르디난드 P. 비어, E Russell Johnstonm Jr, John T Dewolf, David F. Mazurek",경문사(박문규),38000,15000,https://cf-cii.everytime.kr/7707414903138b6b8b9295c9b34d24383b3c2638d0266ef64d23eac2e06d04f6/1722162661955_0.jpg
103316,9791195444922,재료역학,R. C. Hibbeler,프로텍미디어,39000,7000,https://cf-cii.everytime.kr/79a562d69deaa5de11c20fc7341da3a974200386ff5d191bcfe50d5d030409c9/1773124204349_0.jpg
103316,9789814595247,Mechanics of Materials,"페르디난드 P. 비어, E. Russel Johnston, John Dewolf, David Mazurek",McGraw-Hill,41000,20000,https://cf-cii.everytime.kr/0b7a26c39171d2e7a7cdccd0497ae10c8d99b9f6458f0bf81009b15da4e09b96/1559206176491_0.jpg
103316,9788962183979,재료역학,"James M. Gere, Barry J. Goodno",Cengage Learning,49000,15000,https://cf-cii.everytime.kr/031c94ed0de0902ed319400c2ea2e112fac879c6d2357f7d740afd4ff6d7611f/1686294388627_0.jpg
103316,9791156152705,Beer의 재료역학(G/E),"페르디난드 P. 비어, E. 러셀 존스턴 주니어, John Dewolf, David F. Mazurek",McGraw-Hill,38000,20000,https://cf-cii.everytime.kr/61eee17b1cceb5276e95e5133c4369c24ed8339349e39317226656358aa81c5f/1692800606932_0.jpg
103316,9788942513895,구조해석,ASLAM KASSIMALI,동화기술,35000,14000,https://cf-cii.everytime.kr/2cdd74e55f0326032dca299a994231ff88d2a76e4771350be7a3966efc516336/1564139836098_0.jpg
103317,9780357420485,Principles of Geotechnical Engineering,Braja M. Das,Cengage Learning,65000,30000,https://cf-cii.everytime.kr/f16042b65c506dc7a009a38642be67b3c1545d5269f0627097c146508d58b8e5/1741415907558_0.jpg
103317,9781133108672,Principles of Geotechnical Engineering,"Braja M. Das, Khaled Sobhan",Cengage Learning,42000,18000,https://cf-cii.everytime.kr/24bc3844c621509a122f14e3b0731e670f8a8cd67b2841bf30afad318229ccf2/1713965791442_0.jpg
103317,9788962183771,토질역학,"Braja M. Das, Khaled Sobhan",Cengage Learning,36000,18000,https://cf-cii.everytime.kr/9e4f8a7343990a3a0a858275eba70f1f9fa1d09fcb770d42bd1de612c544f044/1713966024622_0.jpg
103317,9780495411321,Principles of Geotechnical Engineering (Paperback),Braja M Das,Cengage Learning,39000,25000,https://cf-cii.everytime.kr/a6d065d9cbe45f9f3fdcd17c2b5be8e1381bc733b7bc84b9491c243f2c809adf1503972719656/0.jpg
103393,9788964214374,마이크로전자회로,"Adel S. Sedra, Kenneth C. Smith, Tony Chan Carusone, Vincent Caudet",한티에듀,45000,10000,https://cf-cii.everytime.kr/5756cb514a97382d2bf791a7a59ce900a6bd3441bbbd0035786662a5f60002ec/1709529604187_0.jpg
103393,9791132101642,전자재료물성 및 소자공학,S. O. Kasap,McGraw-Hill,39000,7000,https://cf-cii.everytime.kr/ffc9145f91e025a9206ba6a7839ce553deac1950210016c130a2ee8fcf4c2cdd/1708488822754_0.jpg
103393,9788964212707,마이크로전자회로,"Adel S. Sedra, Kenneth C. Smith",한티미디어,43000,19000,https://cf-cii.everytime.kr/520d8be3cb538b8963ab5fd9d463c224ceff42e25d9ea6503ff202c0c060040a/1663784448526_0.jpg
103393,9780199339143,Microelectronic Circuits,Sedra,Oxford University Press,50000,20000,https://cf-cii.everytime.kr/c66d77d6e87cbd33a0524fbd0fc923731fd282448c5b0f2594e0751298d57ff1/1768714037046_0.jpg
103393,9788964210819,마이크로전자회로(6판)(CD1장포함),"Sedra, Smith",한티미디어,42000,30000,https://cf-cii.everytime.kr/b931178251edc133242d42d268e4f52b54dcf182c851467f92ab004814e9abe8/1520813077395_0.jpg
103412,9788966188888,한국문학강의,"조동일, 서대석, 이혜순, 김대행, 박희병, 오세영",길벗,19500,2900,https://cf-cii.everytime.kr/38483d050b2cb205beb46e826d7c25722a2049071f76c9163026015341edcb0f/1640533093337_0.jpg
103522,9788936310271,발달 심리학,"최경숙, 송하나",교문사,20000,7000,https://cf-cii.everytime.kr/3eea2f1230a6ae1da548c4759a066d3b0904b1080e557b9a089bda059f4540ca/1675911404106_0.jpg
103522,9788936307738,아동발달심리학,최경숙,교문사,20000,9000,https://cf-cii.everytime.kr/f2caf7a57be9e0286671f5303e559ae08913da4af0c35578d59b90ded34e351a/1642564920233_0.jpg
103522,9788958324287,청소년심리학,"F PHILIP RICE, KIM GALE DOLGIN",시그마프레스,30000,10000,https://cf-cii.everytime.kr/40437f5ad3c3bcd7b8d7da6f5b7a16ff46131a0889ac37959c875a4faf28a403/1630125761909_0.jpg
103642,9788998308193,전자기학,"파와즈 T. 울라바이, Umberto Ravaioli",성진미디어,35000,20000,https://cf-cii.everytime.kr/cc4c1e2eb20d6adadb78fb9c9698985475853853495e5d5be43073b43583687b/1645865379032_0.jpg
103642,9788964211496,전자기학,이연호,한티미디어,25000,5000,https://cf-cii.everytime.kr/4415a7f078ee8b8ccbdb376b245714802e3d8597c8e14798f33af10669007221/1677045984188_0.jpg
103642,9788998308001,Cheng의 전자기학,David K Cheng,성진미디어,32000,10000,https://cf-cii.everytime.kr/016f38f7cf2a4ce13e78e3d9bed20edeb6d7d0c2a25298fd3d96d26cbb21f24f/1561097113272_0.jpg
103642,9780199321407,Elements of Electromagnetics,Sadiku Matthew N. O.,Oxford (USA),46000,20000,https://cf-cii.everytime.kr/526ec28672e933da507942c76871a4ce316fc5cb9306bd71ebf495618ba791ab/1677826580386_0.jpg
103676,9788994464251,컴퓨터시스템(2판),"Bryant, David R O'Hallaron",교보문고,35000,19000,https://cf-cii.everytime.kr/47629c18717c9390ea6c11eeb5c2db17b7f9563183455e7ad1207b63c29aacf9/1549448983900_0.jpg
103676,9781292101767,Computer Systems,Bryant Randal E.,Pearson,66000,30000,https://cf-cii.everytime.kr/c33e59e52d65a16e9e25997e4423b6e574bdc75c35d2eb3bc3ef9cac79d1cddd/1747579150938_0.jpg
103684,9791156003014,컴퓨터 그래픽스,"Edward Angel, Dave Shreiner",도서출판 홍릉(홍릉과학출판사),42000,13000,https://cf-cii.everytime.kr/78ff931365c14188b2facb74c3623bf6d94e9e469427e4cf5721c83b9d018dc0/1645690747569_0.jpg
103689,9791155501740,창의적 사고 소통의 글쓰기,"김경훤, 김미란, 김성수",성균관대학교출판부,20000,9000,https://cf-cii.everytime.kr/28f6c3d044998d041e445edfc001d20423e9efe20bc7c6cad9e660ad7eb897c7/1778505543192_0.jpg
103689,9788979869064,창의적 사고 소통의 글쓰기,"김경훤, 김미란, 김성수",성균관대학교출판부,20000,7000,https://cf-cii.everytime.kr/5bb5ca02c4edf3951c82b914cf7a612a206a2637ae1f5c22352c785be10f4fd1/1552830122329_0.jpg
103689,9788979869835,창의적 사고 소통의 글쓰기,"김경훤, 김미란, 김성수",성균관대학교출판부,20000,5000,https://cf-cii.everytime.kr/15221d853655f575e9bfe7c2000a9bcbbc58f6cdaf634eeda9f223c4e014fd551498133855278/0.jpg
103691,9788991958890,크로포트킨 자서전,표트르 크로포트킨,우물이있는집,20000,12000,https://cf-cii.everytime.kr/3735e04193c42580d9c496bae6402b9d12b70c5791320f92644847f340328264/1614224588079_0.jpg
103691,9791159312236,자유론(리커버),존 스튜어트 밀,책세상,9900,4000,https://cf-cii.everytime.kr/c7cfa587b408c0837e877030e7414099aa33932b2c5432a5864a32db7097ea6d/1663355234939_0.jpg
103691,9791155501740,창의적 사고 소통의 글쓰기,"김경훤, 김미란, 김성수",성균관대학교출판부,20000,4000,https://cf-cii.everytime.kr/e2d27c670283f177ba6667c3fe7c3d76d08e92b31130a29c9f9eeac61dc61126/1738992173519_0.jpg
103691,9788979869835,창의적 사고 소통의 글쓰기,"김경훤, 김미란, 김성수",성균관대학교출판부,20000,3000,https://cf-cii.everytime.kr/a8f5f025554d2978031cfaf3469f7660844bced4d40d2494b2498764e9dba899/1613876721039_0.jpg
103692,9791155501740,창의적 사고 소통의 글쓰기,"김경훤, 김미란, 김성수",성균관대학교출판부,20000,9000,https://cf-cii.everytime.kr/28f6c3d044998d041e445edfc001d20423e9efe20bc7c6cad9e660ad7eb897c7/1778505543192_0.jpg
103693,9791155501641,글쓰기의 절차와 과정,"김경훤, 오광근, 유하라, 김희경, 현원숙, 홍은실",성균관대학교출판부,15000,2000,https://cf-cii.everytime.kr/da4a96568936730e1765a9226812f11cee32147f53a7f25b78de8f077429cd4d/1576566409939_0.jpg
103693,9791155501740,창의적 사고 소통의 글쓰기,"김경훤, 김미란, 김성수",성균관대학교출판부,20000,9000,https://cf-cii.everytime.kr/28f6c3d044998d041e445edfc001d20423e9efe20bc7c6cad9e660ad7eb897c7/1778505543192_0.jpg
103693,9788979869064,창의적 사고 소통의 글쓰기,"김경훤, 김미란, 김성수",성균관대학교출판부,20000,7000,https://cf-cii.everytime.kr/5bb5ca02c4edf3951c82b914cf7a612a206a2637ae1f5c22352c785be10f4fd1/1552830122329_0.jpg
103693,9788979869835,창의적 사고 소통의 글쓰기,"김경훤, 김미란, 김성수",성균관대학교출판부,20000,5000,https://cf-cii.everytime.kr/15221d853655f575e9bfe7c2000a9bcbbc58f6cdaf634eeda9f223c4e014fd551498133855278/0.jpg
103694,9791155501740,창의적 사고 소통의 글쓰기,"김경훤, 김미란, 김성수",성균관대학교출판부,20000,9000,https://cf-cii.everytime.kr/28f6c3d044998d041e445edfc001d20423e9efe20bc7c6cad9e660ad7eb897c7/1778505543192_0.jpg
103694,9788979869835,창의적 사고 소통의 글쓰기,"김경훤, 김미란, 김성수",성균관대학교출판부,20000,5000,https://cf-cii.everytime.kr/15221d853655f575e9bfe7c2000a9bcbbc58f6cdaf634eeda9f223c4e014fd551498133855278/0.jpg
103732,9788984990692,커뮤니케이션 연구 어떻게 할 것인가,아서 아사 버거,커뮤니케이션북스,15000,5000,https://cf-cii.everytime.kr/730d0d304ac5b105d0a9144373fcb1b405be2e3466cba5b4939b0a6ca42e844c/1582449526209_0.jpg
103771,9791155502747,과학기술글쓰기,"노상도, 박상태, 한기호, 한영신",성균관대학교출판부,18000,8000,https://cf-cii.everytime.kr/80ee99c30c1b8dba626d17c6f9686ff1640891221fbd48d991f3398525f9b03c/1725493198647_0.jpg
103771,9788956441139,논리적 추론과 증명(개정판 2판),이병덕,이제이북스,20000,3000,https://cf-cii.everytime.kr/fbb58d224adc7da12a8ccc502b0d6b11307d95f6c5db6874de8926b06304d512/1583238707607_0.jpg
103771,9791155501313,과학기술 글쓰기: 이론과 실제,"노상도, 박상태, 한기호, 한영신",성균관대학교출판부,18000,4000,https://cf-cii.everytime.kr/f126569761084992e91fbf55c6495c8e78523e99d968d95c4eb80ff5af5e7095/1677335732372_0.jpg
103774,9791155502747,과학기술글쓰기,"노상도, 박상태, 한기호, 한영신",성균관대학교출판부,18000,8000,https://cf-cii.everytime.kr/80ee99c30c1b8dba626d17c6f9686ff1640891221fbd48d991f3398525f9b03c/1725493198647_0.jpg
103774,9788958327127,과학기술 커뮤니케이션,"노상도, 강무진, 권영돈, 손미애, 신동렬, 한신일",시그마프레스,20000,6000,https://cf-cii.everytime.kr/9dac5ced9f37aaf9f1abcd0ded4b07372e29626bb054669ebb71490b165b2922/1552397464108_0.jpg
103774,9791155501313,과학기술 글쓰기: 이론과 실제,"노상도, 박상태, 한기호, 한영신",성균관대학교출판부,18000,4000,https://cf-cii.everytime.kr/f126569761084992e91fbf55c6495c8e78523e99d968d95c4eb80ff5af5e7095/1677335732372_0.jpg
103778,9791155501740,창의적 사고 소통의 글쓰기,"김경훤, 김미란, 김성수",성균관대학교출판부,20000,9000,https://cf-cii.everytime.kr/28f6c3d044998d041e445edfc001d20423e9efe20bc7c6cad9e660ad7eb897c7/1778505543192_0.jpg
103778,9788972915546,과학혁명의 구조,토머스 쿤,까치,20000,9000,https://cf-cii.everytime.kr/1f7bf441ba61b5086e6914ff2f532449a407ebe115fc0ad13034cb79699d6b0b/1585028752030_0.jpg
103778,9788979869835,창의적 사고 소통의 글쓰기,"김경훤, 김미란, 김성수",성균관대학교출판부,20000,5000,https://cf-cii.everytime.kr/15221d853655f575e9bfe7c2000a9bcbbc58f6cdaf634eeda9f223c4e014fd551498133855278/0.jpg
103780,9791155501740,창의적 사고 소통의 글쓰기,"김경훤, 김미란, 김성수",성균관대학교출판부,20000,9000,https://cf-cii.everytime.kr/28f6c3d044998d041e445edfc001d20423e9efe20bc7c6cad9e660ad7eb897c7/1778505543192_0.jpg
103780,9788979869835,창의적 사고 소통의 글쓰기,"김경훤, 김미란, 김성수",성균관대학교출판부,20000,5000,https://cf-cii.everytime.kr/15221d853655f575e9bfe7c2000a9bcbbc58f6cdaf634eeda9f223c4e014fd551498133855278/0.jpg
103782,9791155501740,창의적 사고 소통의 글쓰기,"김경훤, 김미란, 김성수",성균관대학교출판부,20000,9000,https://cf-cii.everytime.kr/28f6c3d044998d041e445edfc001d20423e9efe20bc7c6cad9e660ad7eb897c7/1778505543192_0.jpg
103796,9791191679045,Kreyszig 공업수학(상),어윈 크레이스지그,텍스트북스,35000,12000,https://cf-cii.everytime.kr/ee5d87a848772ad11058860cd0de0c7182b0cb66fa682e86563d9faf7b3577fd/1778506065662_0.jpg
103796,9791197305467,Kreyszig 공업수학 문제풀이 해설,텍스트북스 편집부,텍스트북스,20000,13000,https://cf-cii.everytime.kr/13ccb1fd2ff81b4b0fa81e0669b2c93281af95bbd0fa4afeb913c6d9038aac67/1767245690711_0.jpg
103796,9788993543872,공업수학(상)(Kreyszig),어윈 크레이스지그,텍스트북스,29000,12000,https://cf-cii.everytime.kr/092cafcd8babef04f17dd58e79b9f432ecdf8063a0810e83df7b7492e36e257a/1702276226927_0.jpg
103796,9788971292433,KREYSZIG 공업수학 문제풀이 해설,범한서적 편집부,범한서적,15000,8000,https://cf-cii.everytime.kr/c5c32aabd6c1624bd9164a106447a8255b2e90d2e790a392abef959fe5c2b0cf/1759894628389_0.jpg
103796,9788971291832,공업수학. 상(KREYSZIG)(개정판 9판),어윈 크레이스지그,범한서적,25000,10000,https://cf-cii.everytime.kr/8a3d5f6fda83213cd4c309fc543095b9d95f35dcf21deae01b4ae279a3506d86/1772949231152_0.jpg
103796,9780470646137,Advanced Engineering Mathematics,어윈 크레이스지그,Wiley,59000,10000,https://cf-cii.everytime.kr/19bac105bcbab482605a5f520b4dd25203d5fcb0390d1bb6071d208bced05b98/1773126870771_0.jpg
103796,9788971292440,공업수학(상): 상미분방정식 선형대수 벡터미적분(개정판 10판),어윈 크레이스지그,범한서적,26000,10000,https://cf-cii.everytime.kr/fa5962485e798a8f18d89696b98c1cdd3454105532730a069310becb2618ce06/1598836850239_0.jpg
103796,9788971292488,공업수학(하)(Kreyszig)(개정판 10판),Erwin Kreyszig,범한서적,26000,7000,https://cf-cii.everytime.kr/7944c6e59a5c4b45611cd73d2ab9a7d7ec8a5d98a65e0dbdc175d30c61562c73/1644108247001_0.jpg
103803,9788962184105,Calculus :early transcendentls (stewart성균관대),stewart,경문사(박문규),49000,12000,https://cf-cii.everytime.kr/35c33e510545d2da21b8e4218e3a2fef183056d1a33a30a148613c39fa5c9339/1691558917159_0.jpg
103803,9781305266728,Calculus International Metric Version,없음,없음,169970,5000,https://cf-cii.everytime.kr/aa76b5f2179678669cb2be02b3d8ff3e1b9fb55085d843d0d34900037c9e0359/1596543746532_0.jpg
103803,9788961053822,대학미적분학(3판),JAMES STEWART,경문사,39000,4000,https://cf-cii.everytime.kr/1dcc6c57343dd7c2f8563fa27a5dfebb05dfe85e5388dd5503afc50b92f9bbc1/1652675142005_0.jpg
103803,9780495560654,Calculus : Concepts and Contexts,James Stewart,Brooks Cole,41000,5000,https://cf-cii.everytime.kr/91daf2bb66651d604a39c5ed0a152b4ffd1aab51fa0a5a8271ad00d477284f9f/1598281574696_0.jpg
103816,9781265577568,Chemistry,제이슨 오버비,McGraw-Hill,65000,10000,https://cf-cii.everytime.kr/8342aeb40507f250d9e794ea5d0696e595e31e7527a9d211188c2c46137954cc/1772507978238_0.jpg
103816,9780618528448,Chemistry : Text,Zumdahl Steven,Houghton Mifflin,103260,15000,https://cf-cii.everytime.kr/c7c06cccc7d50b754178caaad40039e5a0e91e3e462626a3d65b974a6d353350/1578221142684_0.jpg
103816,9781260085310,Chemistry,"Raymond Chang, 제이슨 오버비",McGraw Hill Education,55000,9000,https://cf-cii.everytime.kr/5e0f62aa072ef25eac834fb3f399e172d1b643412dce54e90b9524905f104bf1/1755260771650_0.jpg
103816,9788962184358,줌달의 일반화학,스티븐 S. 줌달,사이플러스,56000,10000,https://cf-cii.everytime.kr/ff27e6e45fef8ca3d95b7e48afbcf9c3fbea78fc6bd1ca8a87e8fb6ddb08038c/1770864286342_0.jpg
103816,9791188731008,일반화학(레이먼드 창의)(12판),"Raymond Chang, Kenneth A Goldsby",사이플러스,53000,20000,https://cf-cii.everytime.kr/5277ee9607d792779481d35150e6becdf7361ba04ec848f47b47a55471296d88/1677492834781_0.jpg
103816,9788962184303,기본일반화학(줌달의)(8판),화학교재연구회,사이플러스,42000,27000,https://cf-cii.everytime.kr/f7084ff49a99f75088d2c535d17b1919b78d1bcfad3f250c5f3d9e7b73efc101/1520257800879_0.jpg
103816,9788962184327,줌달의 일반화학(9판),스티븐 S. 줌달,사이플러스,53000,6000,https://cf-cii.everytime.kr/c624e8a339607ee34487b1c4b1e295bd3e5edf373412992e30eeba9dc49703f3/1654788928463_0.jpg
103816,9788995737705,일반화학 7판,WHITTEN DAVIS,사이플러스,39000,5000,https://cf-cii.everytime.kr/13ba83f651e8bb718b62a2e9b13bb4d18635e5388a177ce5ac0b4904a24fd58f/1552149174930_0.jpg
103816,9780495391715,Chemistry,Whitten Kenneth,Cengage Learning,48000,10000,https://cf-cii.everytime.kr/55e1c1f0ebe38ba79a0f7500844c634417a7d21ae26728550ffe7890e54af711/1676013893338_0.jpg
103816,9791158080594,일반화학(7판),"McMurry, Fay, Robinson",자유아카데미,49000,10000,https://cf-cii.everytime.kr/b9d5100714c02a99224113564ce94400186692d77047b4c19069a0b3bc4c7440/1645247033371_0.jpg
103816,9781133612056,Chemistry,스티븐 S. 줌달,Cengage Learning,55000,8000,https://cf-cii.everytime.kr/8732dc9158963b0c3a9c7134ea1ad593f4064e4ebc50010ad4296dd019811c73/1677770902058_0.jpg
103816,9788992603737,일반화학,스티븐 S. 줌달,사이플러스,53000,5000,https://cf-cii.everytime.kr/5c0d8f7f4592d7d245b6a6c3c75aca031b653679a5811facdb23306663db8bf2/1545455169680_0.jpg
103818,9781265577568,Chemistry,제이슨 오버비,McGraw-Hill,65000,10000,https://cf-cii.everytime.kr/8342aeb40507f250d9e794ea5d0696e595e31e7527a9d211188c2c46137954cc/1772507978238_0.jpg
103818,9791188731114,일반화학,Raymond Chang,사이플러스,53000,10000,https://cf-cii.everytime.kr/dd493b71d985606b6940220f5a974b2d8342643bc492f9553ea1394e85a991de/1774167290716_0.jpg
103818,9791188731107,기본 일반화학,"Raymond Chang, Jason Overby",사이플러스,45000,15000,https://cf-cii.everytime.kr/42a93d8148092c4018dfbf81c2bb9281c70276af77e3d08eb39d79728d9de6ad/1677046268264_0.jpg
103818,9781260085310,Chemistry,"Raymond Chang, 제이슨 오버비",McGraw Hill Education,55000,9000,https://cf-cii.everytime.kr/5e0f62aa072ef25eac834fb3f399e172d1b643412dce54e90b9524905f104bf1/1755260771650_0.jpg
103818,9781259254581,Chemistry,Raymond Chang and Kenneth Goldsby,McGraw-Hill Higher Education,55000,45000,https://cf-cii.everytime.kr/70d8445aaba58a66071bfc3c49803ede827c5ad14b6f9dd0b9cd50ca5ca8fdab/1560925686461_0.jpg
103818,9788995737705,일반화학 7판,WHITTEN DAVIS,사이플러스,39000,5000,https://cf-cii.everytime.kr/13ba83f651e8bb718b62a2e9b13bb4d18635e5388a177ce5ac0b4904a24fd58f/1552149174930_0.jpg
103818,9780495391715,Chemistry,Whitten Kenneth,Cengage Learning,48000,10000,https://cf-cii.everytime.kr/55e1c1f0ebe38ba79a0f7500844c634417a7d21ae26728550ffe7890e54af711/1676013893338_0.jpg
103818,9781133612056,Chemistry,스티븐 S. 줌달,Cengage Learning,55000,8000,https://cf-cii.everytime.kr/8732dc9158963b0c3a9c7134ea1ad593f4064e4ebc50010ad4296dd019811c73/1677770902058_0.jpg
103818,9788992603737,일반화학,스티븐 S. 줌달,사이플러스,53000,5000,https://cf-cii.everytime.kr/5c0d8f7f4592d7d245b6a6c3c75aca031b653679a5811facdb23306663db8bf2/1545455169680_0.jpg
103918,9781260598094,Principles and Applications of Electrical Engineering,"Giorgio Rizzoni, James Kearns",McGraw-Hill Education,49500,35000,https://cf-cii.everytime.kr/c859c68ccd6bf1a3c5828756d32db99fdd60b8eefa6056017d61c0ae7588e281/1725863056041_0.jpg
103918,9791132110903,전기전자공학개론,"Giorgio Rizzoni, James Kearns",McGraw-Hill,39000,15000,https://cf-cii.everytime.kr/9d50046838808cbb0a9ad29cdc36154bc710a95adffe8edf606468f599e4980d/1770293049286_0.jpg
103918,9789814577410,Principles and Applications of Electrical Engineering,"Rizzoni, James Kearns",McGraw-Hill,45000,15000,https://cf-cii.everytime.kr/a5259062f690f5c11a6787fa844def7216d9f32fd02deb7d886ed2aa11a0809a/1654915140394_0.jpg
103918,9788960550100,전기전자공학개론(5판),Rizzoni,McGraw-Hill,36000,23000,https://cf-cii.everytime.kr/544617f8f506097b3717a24d2b7db07108ce7eef5dfc9e5470ce64a1616bf3bf/1535285978896_0.jpg
103918,9791132100898,전기전자공학개론,"Rizzoni, James Kearns",McGraw-Hill,39000,10000,https://cf-cii.everytime.kr/70bce9837d214f4e5fff0295e89f41f45079e53835a4b90ca56e223d095e98eb/1686997786070_0.jpg
104219,9788992550093,교육방법 및 교육공학(양장본 HardCover),김희수,일문사,18000,17000,https://cf-cii.everytime.kr/fcf85365a90112878a647414d48d7c57281c87da32294f00054369d5510415d8/1634623307497_0.jpg
104219,9788999406508,교육방법 및 교육공학,"유승우, 임형택, 권충훈, 이성주, 이순덕, 진희정",양서원,19000,10000,https://cf-cii.everytime.kr/e99d0053f6c26e66749c5dbd6c359438a3503dc04e28ba828a8b471f8aa02839/1603370218453_0.jpg
104219,9788999400353,교육방법 및 교육공학(2판),"유승우, 임형택, 권충훈, 이성주, 이순덕",양서원,18000,5000,https://cf-cii.everytime.kr/9db50c892cb1db9495217499df5057920e0e304f448cd4b2184994948bf014c7/1520521704338_0.jpg
104224,9791160500646,컴퓨터활용능력 1급 필기(2017)(시나공 Summary)(시나공시리즈 26),길벗알앤디,길벗,20000,7000,https://cf-cii.everytime.kr/e8d638a77acc38e2925f543470e9764bf90f9bba4d347037118936037b003c51/1517108643112_0.jpg
104818,9791155504017,The Write Way,성균관대학교 학부대학,성균관대학교출판부,17000,3000,https://cf-cii.everytime.kr/1f682082d34b016cea014f80d12b0d9c5b7868a38701147765dfa5cec048c10c/1660724466488_0.jpg
104819,9781292134772,Market Leader(3rd Extra) SB(w/DVD) Intermediate,Cotten,Pearson,26000,15000,https://cf-cii.everytime.kr/e92376a18f0c2e8d5eb95071723909563882208ff0fe799249a28f8a47047ab7/1594558925995_0.jpg
105736,9791156000594,이공계용 확률과 통계,Sheldon M. Ross,도서출판 홍릉(홍릉과학출판사),34000,15000,https://cf-cii.everytime.kr/d629ec34dd7573e9c758ac6212618c8cb5d43b215d1213678848bf3aade8699c/1725353979094_0.jpg
105785,9789815077780,Essentials of Financial Management,"EUGENE F. BRIGHAM, JOEL F. HOUSTON, Jun-Ming Hsu, Yoon Kee Kong, A. N. Bany-Ariffin",Cengage,59000,50000,https://cf-cii.everytime.kr/4e87def87cee415234a277e6a2bcbc8ee395a85e578b174043bba1a5076e9e3f/1750570410916_0.jpg
105785,9791189607654,Brigham의 재무관리,"EUGENE F. BRIGHAM, JOEL F. HOUSTON",시대가치,43000,35000,https://cf-cii.everytime.kr/944729741457666afef4415cf0d640d474da11f4919cfb613a8ac67f33fecb10/1687948289807_0.jpg
105785,9791132112761,Ross의 재무관리,스테판 A. 로스,지필미디어,42000,20000,https://cf-cii.everytime.kr/a43b02119cb855fe49ea50d3cc3e1485d5484980ca0293ac8929cf0e15e2777e/1756789269630_0.jpg
105785,9781119504306,Financial Accounting,"Paul D. Kimmel, Donald E. Kieso, Jerry J. Weygandt",Wiley,45000,500,https://cf-cii.everytime.kr/72b70238683ea2bcc707bf248c897f689a3e2d4ac975142057b7f82bdcf481de/1633415388220_0.jpg
105785,9791132101758,재무관리,스테판 A. 로스,지필미디어,39000,5000,https://cf-cii.everytime.kr/3813f5953e24ec2d5a8d893a1ae59df145c4eceb0670092f0a72b2d715fbb856/1712037134274_0.jpg
105785,9789814792080,Essentials of Financial Management,"EUGENE F. BRIGHAM, JOEL F. HOUSTON, Jun-Ming Hsu, Yoon Kee Kong, A. N. Bany-Ariffin",Cengage Learning,57000,20000,https://cf-cii.everytime.kr/775f3a5b56b3b70040d5f4a5137fd40a224ceeb742580cb954cea40b45d37fbb/1610287113462_0.jpg
105785,9781260091908,Fundamentals of Corporate Finance,Ross,McGraw-Hill,50000,7000,https://cf-cii.everytime.kr/fb400912c8bb79e403125d17ca91328b8fceb291e3cc1da269dc49ec0b5a9d62/1630298950644_0.jpg
105785,9789814441377,Essentials of Financial Management,Eugene F Brigham,Cengage Learning,42000,8000,https://cf-cii.everytime.kr/c08431cd9da32f072eaeb3c75a4c0500fb40edb98946b47ca85df1c6f03cc6cd/1708242179597_0.jpg
105785,9788955014747,현대재무관리(양장본 HardCover),장영광,신영사,29000,7000,https://cf-cii.everytime.kr/267acaaf0749b57b886d711ee7a3a59ff43273ea6c8d4a593d21c1306d5fdd04/1536501241654_0.jpg
105936,9788962184549,심리치료와 상담이론: 개념 및 사례,Sharf Richard S.,센게이지러닝코리아,36000,10000,https://cf-cii.everytime.kr/d19bce3dc1ad54aa4d690d90e5cbc3d1888c1a288c2d58fb928ed972c03a916b/1643721391284_0.jpg
105968,9788962184105,Calculus :early transcendentls (stewart성균관대),stewart,경문사(박문규),49000,12000,https://cf-cii.everytime.kr/35c33e510545d2da21b8e4218e3a2fef183056d1a33a30a148613c39fa5c9339/1691558917159_0.jpg
105968,9788961059961,미분적분학,제임스 스튜어트,경문사(박문규),45000,15000,https://cf-cii.everytime.kr/620d4d4b3719e6c1f96231a5c34443b175db559edac90b0abbfd053f400d55f8/1608556333193_0.jpg
105968,9781305266728,Calculus International Metric Version,없음,없음,169970,5000,https://cf-cii.everytime.kr/aa76b5f2179678669cb2be02b3d8ff3e1b9fb55085d843d0d34900037c9e0359/1596543746532_0.jpg
105968,9780495560654,Calculus : Concepts and Contexts,James Stewart,Brooks Cole,41000,5000,https://cf-cii.everytime.kr/91daf2bb66651d604a39c5ed0a152b4ffd1aab51fa0a5a8271ad00d477284f9f/1598281574696_0.jpg
106018,9788970854915,반도체공정개론,Jaeger,교보문고,18000,5000,https://cf-cii.everytime.kr/3b250ce53fd799797113bb354869aba89ea068ffd8863d2aba1b2280474c5100/1592746591358_0.jpg
106019,9791155504017,The Write Way,성균관대학교 학부대학,성균관대학교출판부,17000,3000,https://cf-cii.everytime.kr/1f682082d34b016cea014f80d12b0d9c5b7868a38701147765dfa5cec048c10c/1660724466488_0.jpg
106019,9791155502396,Poised to Present,성균어학원,성균관대학교출판부,15000,1000,https://cf-cii.everytime.kr/d5f0ab4ec77c85d68a8653a538260a65981bdf930935bf811e60a8a545c24569/1770721244787_0.jpg
106019,9791155502129,Write On,성균어학원,성균관대학교출판부,15000,2000,https://cf-cii.everytime.kr/819e6444c4f089bc8f49710f2fe250b26098f9914f5191f6aad7fc636028c220/1584346876054_0.jpg
106019,9788979869033,Write On,편집부,성균관대학교출판부,13000,2000,https://cf-cii.everytime.kr/cbc47f6983accb0259258e9cf317b1f719febff4fe99aa87dcca7fd6ff089449/1598259904941_0.jpg
107359,9791130333298,신국제법강의: 이론과 사례(9판)(양장본 HardCover),정인섭,박영사,49000,30000,https://cf-cii.everytime.kr/4c53251672592bc7c2b5c37508fe214e890d4987612583722c7ffbfcf157ac51/1567836047701_0.jpg
107359,9788971896945,국제법,김정균,박영사,40000,6000,https://cf-cii.everytime.kr/4dba96bacc4b840d9bdd9a97ab85ab0a9c902ac605e82553c7d13a1d2ab8090c/1550810659419_0.jpg
108403,9791156869542,글쓰기와 자기발견의 근대,진순애,역락,15000,5000,https://cf-cii.everytime.kr/d6d54cee5affa44a7c463291c60e8e6d9d7676c271af1645cb7e3331a2284479/1675786099163_0.jpg
108403,9791155501740,창의적 사고 소통의 글쓰기,"김경훤, 김미란, 김성수",성균관대학교출판부,20000,9000,https://cf-cii.everytime.kr/28f6c3d044998d041e445edfc001d20423e9efe20bc7c6cad9e660ad7eb897c7/1778505543192_0.jpg
108403,9788979869064,창의적 사고 소통의 글쓰기,"김경훤, 김미란, 김성수",성균관대학교출판부,20000,7000,https://cf-cii.everytime.kr/5bb5ca02c4edf3951c82b914cf7a612a206a2637ae1f5c22352c785be10f4fd1/1552830122329_0.jpg
108403,9788979869835,창의적 사고 소통의 글쓰기,"김경훤, 김미란, 김성수",성균관대학교출판부,20000,5000,https://cf-cii.everytime.kr/15221d853655f575e9bfe7c2000a9bcbbc58f6cdaf634eeda9f223c4e014fd551498133855278/0.jpg
108868,9788968666186,마이어스의 심리학개론(11판),"David G. Myers, 네이선 드월",시그마프레스,28000,15000,https://cf-cii.everytime.kr/0c6ffbc6a7edcb64279e7c9de5a9a9c5314bfccc3ead7a0d353e4fbb2fc5229b/1609726988934_0.jpg
108868,9788945049186,심리학개론,"스티븐 M. 코슬린, Robin S. Rosenberg, 이순묵, 도경수, 서용원, 최훈석",PEARSON EDUCATION KOREA,32000,15000,https://cf-cii.everytime.kr/2631e6c9f3258fcfa019b96330e52bd59c8d09c498f3701c718c8f0412959f3f/1567422367751_0.jpg
108991,9788962184105,Calculus :early transcendentls (stewart성균관대),stewart,경문사(박문규),49000,8000,https://cf-cii.everytime.kr/b7f4521cc06eeed4de931365a95022794f6694aa3a518145fd5fe627498accf4/1639138047582_0.jpg
108991,9781305266728,Calculus International Metric Version,없음,없음,169970,33000,https://cf-cii.everytime.kr/0f647323a4d63ae426778dbd0d8b69c721dcc81e8ef5dc270f554025a7ae50ac/1583978111249_0.jpg
108991,9780495560654,Calculus : Concepts and Contexts,James Stewart,Brooks Cole,41000,15000,https://cf-cii.everytime.kr/9bb5186d4a552fee67650b8e366e10efea65105b7766b1d754522aeafef24db31488187264289/0.jpg
109019,9791155504017,The Write Way,성균관대학교 학부대학,성균관대학교출판부,17000,7000,https://cf-cii.everytime.kr/d109208b686704e5dd9ee34d02975e2968b55aaa5e644ca4769e53b6289db53f/1772633359504_0.jpg
109019,9791155502396,Poised to Present,성균어학원,성균관대학교출판부,15000,5000,https://cf-cii.everytime.kr/19c8e3bb35f1dc053733cdcb35c5dfcd4484dfd751c0d3693ad0d08293941d76/1613366636970_0.jpg
109019,9791155502129,Write On,성균어학원,성균관대학교출판부,15000,1,https://cf-cii.everytime.kr/af1fc89b4d64e7ff898d9c346d1aee9bea1b7f5a14a6df8cf10b4fbded608cd2/1583933773067_0.jpg
109140,9780387978949,"Differential Equations and Their Applications, 4/E",Braun Martin,Springer,87740,15000,https://cf-cii.everytime.kr/51915e12a96a9df967719cbb88c1a4b009e268fb7941357b647cefb9392d24fb/1677832621169_0.jpg
109162,9791155506240,Absolutely Write(Revised Edition),성균관대학교 학부대학,성균관대학교출판부,15000,5000,https://cf-cii.everytime.kr/9004f7129aa2b4cb64f2a484c7fc28c4bcb0c0ba9e2602291f810840e018e461/1775524785004_0.jpg
109162,9791155504024,Absolutely Write,성균관대학교 학부대학,성균관대학교출판부,15000,3000,https://cf-cii.everytime.kr/5a821c35482360b23a91d12b670d867e3a882d7a5404e6200abcef35f1e83bf6/1693802339695_0.jpg
109162,9791155504017,The Write Way,성균관대학교 학부대학,성균관대학교출판부,17000,7000,https://cf-cii.everytime.kr/d109208b686704e5dd9ee34d02975e2968b55aaa5e644ca4769e53b6289db53f/1772633359504_0.jpg
109162,9791155502396,Poised to Present,성균어학원,성균관대학교출판부,15000,5000,https://cf-cii.everytime.kr/19c8e3bb35f1dc053733cdcb35c5dfcd4484dfd751c0d3693ad0d08293941d76/1613366636970_0.jpg
109162,9791155502129,Write On,성균어학원,성균관대학교출판부,15000,1,https://cf-cii.everytime.kr/af1fc89b4d64e7ff898d9c346d1aee9bea1b7f5a14a6df8cf10b4fbded608cd2/1583933773067_0.jpg
109429,9791155506240,Absolutely Write(Revised Edition),성균관대학교 학부대학,성균관대학교출판부,15000,5000,https://cf-cii.everytime.kr/9004f7129aa2b4cb64f2a484c7fc28c4bcb0c0ba9e2602291f810840e018e461/1775524785004_0.jpg
109429,9791155504024,Absolutely Write,성균관대학교 학부대학,성균관대학교출판부,15000,3000,https://cf-cii.everytime.kr/5a821c35482360b23a91d12b670d867e3a882d7a5404e6200abcef35f1e83bf6/1693802339695_0.jpg
109429,9791155502396,Poised to Present,성균어학원,성균관대학교출판부,15000,5000,https://cf-cii.everytime.kr/19c8e3bb35f1dc053733cdcb35c5dfcd4484dfd751c0d3693ad0d08293941d76/1613366636970_0.jpg
109429,9791155502129,Write On,성균어학원,성균관대학교출판부,15000,1,https://cf-cii.everytime.kr/af1fc89b4d64e7ff898d9c346d1aee9bea1b7f5a14a6df8cf10b4fbded608cd2/1583933773067_0.jpg
120416,9781292178202,Mechanics of Materials,R. C. Hibbeler,Pearson,52000,40000,https://cf-cii.everytime.kr/7583c75e5b637be516979ce0bc40512227dd24ce1944ed2dee82dd5e3f6183f9/1672208042242_0.jpg
120416,9791195444922,재료역학,R. C. Hibbeler,프로텍미디어,39000,7000,https://cf-cii.everytime.kr/79a562d69deaa5de11c20fc7341da3a974200386ff5d191bcfe50d5d030409c9/1773124204349_0.jpg
120416,9789810685096,Mechanics of Materials,"Hibbeler, Sau Cheong Fan",Prentice Hall,41000,10000,https://cf-cii.everytime.kr/2e936a70e31aab8b9c0f6c6f2f8021af2b667831273a58474547adcd571f00e4/1608882166962_0.jpg
120416,9789810694364,Mechanics of Materials,Russell C. Hibbeler,Pearson,39000,10000,https://cf-cii.everytime.kr/23adc42855995bc037e87ab0c478738bf4c8b7c5f304030e5067357a3b3bab5b/1670909594756_0.jpg
120496,9791155502396,Poised to Present,성균어학원,성균관대학교출판부,15000,5000,https://cf-cii.everytime.kr/19c8e3bb35f1dc053733cdcb35c5dfcd4484dfd751c0d3693ad0d08293941d76/1613366636970_0.jpg
120496,9788979868524,Poised to Present,성균어학원,성균관대학교출판부,13000,3000,https://cf-cii.everytime.kr/33da777f59fa0dff597a98cd006cdef60dc54ada5c04f3026ba114fc81007222/1582862542935_0.jpg
120533,9788979868302,환경과 건강,"정규혁, 김오식",성균관대학교출판부,25000,5000,https://cf-cii.everytime.kr/b09666dec5ea2f6b80dff6c7312d4914f020f2b63ffec80292fa7e6cad473b2b/1630312980607_0.jpg
120624,9791155502396,Poised to Present,성균어학원,성균관대학교출판부,15000,1000,https://cf-cii.everytime.kr/d5f0ab4ec77c85d68a8653a538260a65981bdf930935bf811e60a8a545c24569/1770721244787_0.jpg
120624,9788979868524,Poised to Present,성균어학원,성균관대학교출판부,13000,2000,https://cf-cii.everytime.kr/478a6847213dcb06645449c418e9f6f26d5f9494fa41a738dedd5dc8899a5a6d/1645342350474_0.jpg
120802,9791155500590,소통의 기초 스피치와 토론,스피치와 토론 교과교재 출간위원회,성균관대학교출판부,20000,6000,https://cf-cii.everytime.kr/768cbf4fcee0ab72369ea25a2bb8b44481ab8bc93073dc65c02a073207ef3baf/1778505356918_0.jpg
120809,9788992272001,러시아어 인텐시브 회화 1,"Л В Миллер, Л В Политова, И Я Рыбакова",뿌쉬낀하우스,20000,18000,https://cf-cii.everytime.kr/f6fab0ba98da76b7f6ede1ddf38526ddff124de3420947255f20676898a2549e/1508411001237_0.jpg
120888,9791155506240,Absolutely Write(Revised Edition),성균관대학교 학부대학,성균관대학교출판부,15000,5000,https://cf-cii.everytime.kr/9004f7129aa2b4cb64f2a484c7fc28c4bcb0c0ba9e2602291f810840e018e461/1775524785004_0.jpg
120888,9791155504024,Absolutely Write,성균관대학교 학부대학,성균관대학교출판부,15000,3000,https://cf-cii.everytime.kr/5a821c35482360b23a91d12b670d867e3a882d7a5404e6200abcef35f1e83bf6/1693802339695_0.jpg
120888,9791155502129,Write On,성균어학원,성균관대학교출판부,15000,1,https://cf-cii.everytime.kr/af1fc89b4d64e7ff898d9c346d1aee9bea1b7f5a14a6df8cf10b4fbded608cd2/1583933773067_0.jpg
120888,9788979869033,Write On,편집부,성균관대학교출판부,13000,4000,https://cf-cii.everytime.kr/2e559c4c80032337e504072e2dc98d6d225af4fa2208fe6c287e4ec358b157ab1488430106374/0.jpg
120901,9788994606309,조선과 명청,"기시모토 미오, 미야지마 히로시",너머북스,27000,15000,https://cf-cii.everytime.kr/77f02499506aa1a945775fa4cdb977e4f0c8ba56e6a756fea0ac98f92ad41b00/1677036845673_0.jpg
120954,9791155505847,성균 논어,"이천승, 고재석",성균관대학교출판부,15000,5000,https://cf-cii.everytime.kr/e114a8424bad4ab22bccd60ffdaa3b6c205fd335a12b5446feb8148b34bc4353/1773360300084_0.jpg
120954,9791155504611,"우리들의 세상, 논어로 보다","이천승, 강보승, 고재석, 권경자, 김동민, 정병섭",성균관대학교출판부,13500,5000,https://cf-cii.everytime.kr/e7a03c2878ade717eba8f1d95acbdb2e4d08fb6e4b1b438834660c82d18d2058/1677164593235_0.jpg
120954,9791155502389,"우리들의 세상, 논어로 보다","고재석, 권경자, 김동민, 이천승, 정병섭",성균관대학교출판부,12000,3000,https://cf-cii.everytime.kr/d9a6da2d1bfe64b24bb0e2cde283cce0adbb2bf2e193c18ef973269d7fb2b68b/1677416857073_0.jpg
120954,9788979866148,논어,유교문화연구소,성균관대학교출판부,30000,10000,https://cf-cii.everytime.kr/9983d38f59f701980692cf97f6537543cf34c7a073fc675cf56f1a978e6cd194/1520349264320_0.jpg
120954,9791155500408,우리들의 세상 논어로 보다,인성교육교재편찬위원회,사람의무늬,18000,7000,https://cf-cii.everytime.kr/374cb7349939e633dd90b04480605a7a4972445d59b2bf26a14177cd63aca6521503663011470/0.jpg
120955,9791155505847,성균 논어,"이천승, 고재석",성균관대학교출판부,15000,5000,https://cf-cii.everytime.kr/e114a8424bad4ab22bccd60ffdaa3b6c205fd335a12b5446feb8148b34bc4353/1773360300084_0.jpg
120955,9791155504611,"우리들의 세상, 논어로 보다","이천승, 강보승, 고재석, 권경자, 김동민, 정병섭",성균관대학교출판부,13500,5000,https://cf-cii.everytime.kr/e7a03c2878ade717eba8f1d95acbdb2e4d08fb6e4b1b438834660c82d18d2058/1677164593235_0.jpg
120955,9791155502389,"우리들의 세상, 논어로 보다","고재석, 권경자, 김동민, 이천승, 정병섭",성균관대학교출판부,12000,3000,https://cf-cii.everytime.kr/d9a6da2d1bfe64b24bb0e2cde283cce0adbb2bf2e193c18ef973269d7fb2b68b/1677416857073_0.jpg
120955,9791155500408,우리들의 세상 논어로 보다,인성교육교재편찬위원회,사람의무늬,18000,7000,https://cf-cii.everytime.kr/374cb7349939e633dd90b04480605a7a4972445d59b2bf26a14177cd63aca6521503663011470/0.jpg
120992,9791155505847,성균 논어,"이천승, 고재석",성균관대학교출판부,15000,5000,https://cf-cii.everytime.kr/e114a8424bad4ab22bccd60ffdaa3b6c205fd335a12b5446feb8148b34bc4353/1773360300084_0.jpg
120992,9791155504611,"우리들의 세상, 논어로 보다","이천승, 강보승, 고재석, 권경자, 김동민, 정병섭",성균관대학교출판부,13500,5000,https://cf-cii.everytime.kr/e7a03c2878ade717eba8f1d95acbdb2e4d08fb6e4b1b438834660c82d18d2058/1677164593235_0.jpg
120992,9791155502389,"우리들의 세상, 논어로 보다","고재석, 권경자, 김동민, 이천승, 정병섭",성균관대학교출판부,12000,3000,https://cf-cii.everytime.kr/d9a6da2d1bfe64b24bb0e2cde283cce0adbb2bf2e193c18ef973269d7fb2b68b/1677416857073_0.jpg
120992,9791155500408,우리들의 세상 논어로 보다,인성교육교재편찬위원회,사람의무늬,18000,7000,https://cf-cii.everytime.kr/374cb7349939e633dd90b04480605a7a4972445d59b2bf26a14177cd63aca6521503663011470/0.jpg
1325151,9791132110880,Bodie의 기본투자론,"ZVI Bodie, ALEX Kane, Alan Marcus",지필미디어,40000,20000,https://cf-cii.everytime.kr/5cc1133dfb40389729e9feb11c0689e251e405d1bae7119630732b53a0401ac9/1758021571609_0.jpg
1325151,9788955016963,증권 투자론,장영광,신영사,32000,10000,https://cf-cii.everytime.kr/648ee0bd5f94261953c6c07629339bfd4a7d5ff843af7caf2ec0007e9e7ed8d4/1678155603543_0.jpg
1325151,9788955015287,증권투자론(7판)(CD1장포함)(양장본 HardCover),장영광,신영사,30000,15000,https://cf-cii.everytime.kr/74451a2911192a5edb06f9be00db31052a33ca8c4fbf9393d1198212df057def/1535953248685_0.jpg
1325151,9780071267496,Essentials of Investments,Zvi Bodie,McGraw-Hill,43000,12000,https://cf-cii.everytime.kr/90c297c4e09945ec847755f7a080d096f19aaeabe1f700ee725101686e528fb5/1520380428951_0.jpg
1325340,9791132112761,Ross의 재무관리,스테판 A. 로스,지필미디어,42000,20000,https://cf-cii.everytime.kr/a43b02119cb855fe49ea50d3cc3e1485d5484980ca0293ac8929cf0e15e2777e/1756789269630_0.jpg
1325340,9781265553609,Fundamentals of Corporate Finance,"Stephen Ross, Randolph Westerfield, Bradford Jordan",McGraw Hill Education,54000,25000,https://cf-cii.everytime.kr/a08a7f346713a8200bce2fcd139ec5219e48e5632291be68f88ef7e89c202dc1/1704979161991_0.jpg
1325340,9791132101758,재무관리,스테판 A. 로스,지필미디어,39000,5000,https://cf-cii.everytime.kr/3813f5953e24ec2d5a8d893a1ae59df145c4eceb0670092f0a72b2d715fbb856/1712037134274_0.jpg
1325340,9781260091908,Fundamentals of Corporate Finance,Ross,McGraw-Hill,50000,7000,https://cf-cii.everytime.kr/fb400912c8bb79e403125d17ca91328b8fceb291e3cc1da269dc49ec0b5a9d62/1630298950644_0.jpg
1325340,9781292092621,Marketing Management,"Kotler, Keller",Pearson,53000,10000,https://cf-cii.everytime.kr/127e98a85ecdbb3d31d00f6bd2f09faa2be5a237347cffa905db12be3578062b/1626657952140_0.jpg
1325340,9789814595049,"Fundamentals of Corporate Finance, Aisan Global 2 Edition","스테판 A. 로스, Randolph W. Westerfield, Bradford D. Jordan, Joseph Lim, Ruth Tan",McGraw-Hill,44000,10000,https://cf-cii.everytime.kr/b09f69f9c5a6749994992ebc028644bbb39c58cc3fdaf2f2eb55adbc2bb6f06c/1641194225603_0.jpg
1325340,9780071088022,"Fundamentals of Corporate Finance, Aisan Global Edition","스테판 A. 로스, Joseph Lim, Ruth Tan",McGraw-Hill,43000,10000,https://cf-cii.everytime.kr/a7e566311cf663cde95d10d3af02829608422d07bceb26d8530fbc45ee8a8c8a/0.jpg
1325475,9788968661112,거시경제학(8판)(양장본 HardCover),그레고리 맨큐,시그마프레스,25000,12000,https://cf-cii.everytime.kr/e0db7c5685bf7fe8f73ec7007a137f9476226c13b18c7b4c7683705a6c95641a/1548873457926_0.jpg
1325707,9780198755814,Energy Science,"John Andrews, Nick Jelley","Oxford University Press, USA",45000,10000,https://cf-cii.everytime.kr/9f2ac8dbffa8dc12fc229f0687450b3decd293ab10b7702fe1d0eacd7a4ebdfe/1725369775844_0.jpg
1325707,9788964210772,에너지 과학,"John Andrews, Nick Jelley",한티미디어,25000,10000,https://cf-cii.everytime.kr/e2b49830e1b9235bf3e37674e2c06fe5be15daf940e1729399e210411c7c8a18/1609157080500_0.jpg
1325784,9788945001566,Elements of X Ray Diffraction(3판)(Paperback),"BD Cullity, SR Stock",PEARSON EDUCATION KOREA,39000,15000,https://cf-cii.everytime.kr/e89d379b43b41c57bf089f74180ecd7c7fc740457e14b4d7bb27527b40184776/1614737023407_0.jpg
1325784,9788963643076,재료결정학,이정용,교문사(청문각),25700,12000,https://cf-cii.everytime.kr/e6154e5e46357fd648acdae260cd609c9521935846fadcfbacdccc13d5b92e6c/1613980753230_0.jpg
1325784,9788963642239,X-ray 결정학,허무영,교문사(청문각),23000,7000,https://cf-cii.everytime.kr/5a52e5a52b98bc9fb98a72e388e1ddfd5ddce12d2e5781667efe87e6be6d0697/1704180824675_0.jpg
1325784,9788995707005,X선 회절,BDCullity SRStock,진샘미디어,30000,20000,https://cf-cii.everytime.kr/980ce25f5c6550e27e902dc93427b725d4bd4ac92f7459c9722c21057531b1ac/1599230485155_0.jpg
1326526,9791192981628,증권투자의이해,"박영규, 권용재, 최영목",탑북스,28000,19000,https://cf-cii.everytime.kr/12e1c22d0b3c35758908567cfa00dd802ed8012181a6e24e3f639dd17faf5dd3/1767447246138_0.jpg
1326526,9791190247337,증권투자의 이해,"박영규, 권용재, 최영목",탑북스,25000,12000,https://cf-cii.everytime.kr/2674936127eede0a33f557475b1af138d2d6c1a4b27c4f82879e574e0f09e16b/1648443943801_0.jpg
1326526,9788982071768,증권투자의 이해,박영규,문영사,25000,4000,https://cf-cii.everytime.kr/50e5b70f4aae4f2a34a3c902cc7b48f26989cf7d59cfa56ac71f100dcba265fd/1677473701307_0.jpg
1326526,9788982071683,증권투자의 이해(양장본 HardCover),"박영규, 권용재, 최영목",문영사,25000,5000,https://cf-cii.everytime.kr/9b80317a65064cb57a973d44b8f9f41df162fc7ae12054dc334930a1184b3a72/1599115268131_0.jpg
1326635,9791155501740,창의적 사고 소통의 글쓰기,"김경훤, 김미란, 김성수",성균관대학교출판부,20000,9000,https://cf-cii.everytime.kr/28f6c3d044998d041e445edfc001d20423e9efe20bc7c6cad9e660ad7eb897c7/1778505543192_0.jpg
1326635,9788979869064,창의적 사고 소통의 글쓰기,"김경훤, 김미란, 김성수",성균관대학교출판부,20000,7000,https://cf-cii.everytime.kr/5bb5ca02c4edf3951c82b914cf7a612a206a2637ae1f5c22352c785be10f4fd1/1552830122329_0.jpg
1326635,9788979869835,창의적 사고 소통의 글쓰기,"김경훤, 김미란, 김성수",성균관대학교출판부,20000,5000,https://cf-cii.everytime.kr/15221d853655f575e9bfe7c2000a9bcbbc58f6cdaf634eeda9f223c4e014fd551498133855278/0.jpg
1326635,9791155500606,비판적 사고 학술적 글쓰기,"원만희, 박정하, 박상태, 한기호, 김상현, 이창후",성균관대학교출판부,20000,3000,https://cf-cii.everytime.kr/90f36604407c7c52b7a6ac7a168b6aa4bf1cb7cb46773bf2c98ff44c8a570aa7/1693236428999_0.jpg
1327584,9789813135239,Linear Algebra and Its Applications,David C. Lay,Pearson Education,49000,9900,https://cf-cii.everytime.kr/92d56c61d05279f42a1c91f97508bfe8d728db7ce212e9af7d3002ee3c4184be/1771138989907_0.jpg
1327584,9791158080297,확률 및 랜덤 프로세스,Alberto Leon-Garcia,자유아카데미,32000,20000,https://cf-cii.everytime.kr/44ccd53abc9a970b49bdaaf6156734187ee48d93c39fb5c9225bfda67c1ad52d/1607407409843_0.jpg
1327584,9780132336215,"Probability, Statistics and Random Processes for Electrical Engineering",Leon-Garcia,Prentice-Hall,62000,20000,https://cf-cii.everytime.kr/8554cfdd7cc8ef30aa215bdcd4024b9a0e0b5ceb00123a83cb737ede4b3a5e58/1671863986521_0.jpg
1328963,9781292092621,Marketing Management,"Kotler, Keller",Pearson,53000,10000,https://cf-cii.everytime.kr/127e98a85ecdbb3d31d00f6bd2f09faa2be5a237347cffa905db12be3578062b/1626657952140_0.jpg
1328964,9788799760206,Introduction to Neuromarketing ＆ Consumer Neuroscience,Dr Thomas Zoega Ramsoy,Neurons Inc,80710,0,https://cf-cii.everytime.kr/084132d57c6813f36ec9ede319a3da72315e9dee19a8d26743ffcb7e32c60c9b/1521258180380_0.jpg
1329646,9791155501818,사고력을 키우는 읽기의 기술,"김경훤, 김희경, 홍은실, 오광근, 유하라, 현원숙",성균관대학교출판부,15000,5000,https://cf-cii.everytime.kr/aaf0e2f0162f1043ac8eb7daeeab6d4d94ffaa7738460c4f02200539ca010830/1645859062258_0.jpg
1329646,9791155502495,강의 듣기의 기술 1,"김경훤, 현원숙, 유하라, 오문경, 장민정",성균관대학교출판부,15000,7000,https://cf-cii.everytime.kr/c512a59ea2c35c45a764275b11169171b5aa17af51790e27970eba906236ec58/1645859659481_0.jpg
1329646,9791155501658,말하기 능력을 키우는 발표의 기술,"김경훤, 홍은실, 현원숙, 김희경, 오광근, 유하라",성균관대학교출판부,15000,4000,https://cf-cii.everytime.kr/a09e358d29d2d6f92b6aeafd4f1c009b67def376b6de58d498e78be39f9b64a0/1645858560349_0.jpg
1329667,9791155501818,사고력을 키우는 읽기의 기술,"김경훤, 김희경, 홍은실, 오광근, 유하라, 현원숙",성균관대학교출판부,15000,5000,https://cf-cii.everytime.kr/aaf0e2f0162f1043ac8eb7daeeab6d4d94ffaa7738460c4f02200539ca010830/1645859062258_0.jpg
1611803,9781260091908,Fundamentals of Corporate Finance,Ross,McGraw-Hill,50000,35000,https://cf-cii.everytime.kr/57f5407af2ca1cce4fb171745045bfc60b41bff36222a33c6bf2113d7bf40fc9/1551669616879_0.jpg
1611803,9788955015812,재무관리의 이해(양장본 HardCover),송교직,신영사,29000,15000,https://cf-cii.everytime.kr/892b4346f77cda0ab042d16f87ef4d37d825f781ea4dd14b8559a3efb4e6a21b/1567844939818_0.jpg
1611803,9789814595049,"Fundamentals of Corporate Finance, Aisan Global 2 Edition","스테판 A. 로스, Randolph W. Westerfield, Bradford D. Jordan, Joseph Lim, Ruth Tan",McGraw-Hill,44000,15000,https://cf-cii.everytime.kr/6069b77854b4c4c7335c7316bc0329275c159713221efd473b2f7b304c4f7a9e/1533466149146_0.jpg
1611803,9788971104781,현대재무관리,"박정식, 박종원, 조재호",다산출판사,38000,25000,https://cf-cii.everytime.kr/68f5330af10e82a2fd4d2712eb668fedc6ff22603c3a5b7df9c6996a09206997/1567341016588_0.jpg
1611859,9780929306407,Fundamentals of Data Structures in C,엘리스 호로위츠,Silicon Press,45000,15000,https://cf-cii.everytime.kr/c1d799d3cf9ae4b8980ac56508a17acb66fd05ce4ddfb54b24063338369e05f2/1765893695157_0.jpg
1611859,9788970858944,C로 쓴 자료구조론,"엘리스 호로위츠, SAHNI, ANDERSON-FREED",교보문고,28000,12000,https://cf-cii.everytime.kr/6c2945935f16820f6088ccd2e1e176573284947754d2b6988123c3d952bbedd3/1710649593265_0.jpg
1611860,9780534390808,Data Structures: A Pseudocode Approach With C,Gilberg,Course Technology,45000,20000,https://cf-cii.everytime.kr/a41a30b4976c3c39491e8f9826fcdca720f6d80976d62565526d9ead4c5aaf89/1549447996917_0.jpg
1611860,9780929306407,Fundamentals of Data Structures in C,엘리스 호로위츠,Silicon Press,45000,15000,https://cf-cii.everytime.kr/c1d799d3cf9ae4b8980ac56508a17acb66fd05ce4ddfb54b24063338369e05f2/1765893695157_0.jpg
1611860,9788970858944,C로 쓴 자료구조론,"엘리스 호로위츠, SAHNI, ANDERSON-FREED",교보문고,28000,12000,https://cf-cii.everytime.kr/6c2945935f16820f6088ccd2e1e176573284947754d2b6988123c3d952bbedd3/1710649593265_0.jpg
1611904,9791155506424,한국 현대문학 입문,"김경훤, 이종호, 임수경, 조은정",성균관대학교출판부,20000,10000,https://cf-cii.everytime.kr/8db9c615b85ebc03e88dd9c3455b47fe9303da6a4ce11bdee4842527a9274a69/1756925622846_0.jpg
1611905,9788946069503,사회학,없음,한울아카데미,33000,10000,https://cf-cii.everytime.kr/d1fb5e36d7b8e39411a62a92f3a8b79a9c9e260ee4fd4890d20d01d354c1f10d/1677914049030_0.jpg
1611905,9788946068308,사회학,정태석 외,한울아카데미,32000,7000,https://cf-cii.everytime.kr/7437a0a6719b931307fd827cef9e45a5b80524ac38a3a3c52d432df65ef1fc08/1766201768070_0.jpg
1611905,9788946064300,사회학: 비판적 사회읽기(2판)(한울아카데미 1520),"비판사회학회, 정태석 외",한울,31000,16000,https://cf-cii.everytime.kr/fcb6dd8c55fb6c3cc2878f5c7df0042ec4c916296721df2105801612b0452794/1663124052114_0.jpg
1611905,9788932471747,현대 사회학(6판),앤소니 기든스,을유문화사,26000,10,https://cf-cii.everytime.kr/4a7f4c88c1d22f46e64f96a248d72301122629e57432becbfe71a75d1f3e7eba/1639827880396_0.jpg
1611905,9788932472386,현대사회학(7판),"앤소니 기든스, 필립 서튼",을유문화사,28000,300,https://cf-cii.everytime.kr/edb6d83152c0826e6cbae11297795234b74282153f1cdbcf5106aa12a99be46f1502071332684/0.jpg
1611905,9788946055209,사회학: 비판적 사회읽기(2판),비판사회학회,한울아카데미,29500,20000,https://cf-cii.everytime.kr/fc2a5031efab21bfb6202091729f68b9d2107afb2a8293823590e6a39aeb23921504067952523/0.jpg
1611923,9789813135239,Linear Algebra and Its Applications,David C. Lay,Pearson Education,49000,9900,https://cf-cii.everytime.kr/92d56c61d05279f42a1c91f97508bfe8d728db7ce212e9af7d3002ee3c4184be/1771138989907_0.jpg
1611975,9791155504024,Absolutely Write,성균관대학교 학부대학,성균관대학교출판부,15000,3000,https://cf-cii.everytime.kr/5a821c35482360b23a91d12b670d867e3a882d7a5404e6200abcef35f1e83bf6/1693802339695_0.jpg
1611993,9788937439025,바다에서 본 역사,없음,민음사,20000,5000,https://cf-cii.everytime.kr/de6157acb65b6b8413da93f03b093437541fffd50621a194885bb452b36088f0/1658059217935_0.jpg
1611993,9788998480110,유목민의 눈으로 본 세계사,스기야마 마사아키,시루,21000,18000,https://cf-cii.everytime.kr/71d9bbae931fb2176124f1271768bb0e4738f5ca5e31436ceb31fad0a16e8b57/1525759385908_0.jpg
1612051,9788961059961,미분적분학,제임스 스튜어트,경문사(박문규),45000,15000,https://cf-cii.everytime.kr/620d4d4b3719e6c1f96231a5c34443b175db559edac90b0abbfd053f400d55f8/1608556333193_0.jpg
1612105,9788968241246,식품미생물학,Bibek Ray,바이오사이언스출판,23000,12000,https://cf-cii.everytime.kr/3aecae6870a8efa08a2ae696e8ee717587423ad3ebf2662cb1a2dc4fb15f1433/1693398176792_0.jpg
1612105,9788968240034,식품미생물학(4판),"Bibek Ray, Arun Bhunia",바이오사이언스,18000,10000,https://cf-cii.everytime.kr/7a9c7696a56d7ac1adac5779cb4312e9af52c670018389b697fd92e66e0db5ea/1725761562264_0.jpg
1612105,9780321735515,Brock Biology of Microorganisms,Madigan Michael T.,Pearson Education Asia,56000,5000,https://cf-cii.everytime.kr/9b881d36d2281cce95f2285dfd9f06ddcf3489d69432ec8acdf5be61a9550049/1576958071970_0.jpg
1612122,9791185475318,컴퓨터 네트워킹 : 하향식 접근(7판),"James F Kurose, Keith WRoss",퍼스트북,36000,15000,https://cf-cii.everytime.kr/c864f2d8f01f20acf581da53bfce9a44c785513c740fb397844b7e2a3a4571f1/1551091169463_0.jpg
1612122,9788960552890,데이터통신과 네트워킹,Behrouz A. Forouzan,McGraw-Hill,39000,15000,https://cf-cii.everytime.kr/c71733e0b90e50be4430c2ae1de394e4ac8b33039b2417ddc626fabcacc31370/1629374133347_0.jpg
1612228,9791158082932,Harris 분석화학,Daniel C. Harris,자유아카데미,52000,30000,https://cf-cii.everytime.kr/e1c8efa2495e2ae0214f6217538ba06115ba65568fcdfd14c5ddf63355633b45/1769594932989_0.jpg
1612228,9791158081232,분석화학,Daniel C Harris,자유아카데미,49000,10000,https://cf-cii.everytime.kr/544c53fcd7921b07d4a90fc0c502bb21401cbc6e03893ac323def068afcdec3c/1677456926664_0.jpg
1612233,9791132101048,아날로그 CMOS 집적회로 설계,Behzad Razavi,McGraw Hill Education,35000,20000,https://cf-cii.everytime.kr/0e3b7ffdad8602407cd983ef1268c3b1ef6977b759d742aed36fbc01d30c3b3c/1716052395888_0.jpg
1612243,9788992272001,러시아어 인텐시브 회화 1,"Л В Миллер, Л В Политова, И Я Рыбакова",뿌쉬낀하우스,20000,8000,https://cf-cii.everytime.kr/8f9b692e85d327f6187ca2e334786793da9ad14b1d3c9a196e12aa7923f1e77e/1552664194083_0.jpg
1612245,9781292401348,Campbell Biology: Concepts Connections (Global Edition),"Martha R. Taylor, Eric J. Simon, Jean L. Dickey, Kelly Hogan, Jane Reece",Pearson,69000,10000,https://cf-cii.everytime.kr/be6e1c710a45e2e57b7f02733e4185390d9c264bb3e6b54dc8ecd75ac06f1c07/1676539276720_0.jpg
1612245,9788961543507,캠벨 생명과학,"Martha R. Taylor, Eric J. Simon, Jean L. Dickey, Kelly Hogan, Reece",라이프사이언스,55000,20000,https://cf-cii.everytime.kr/6db853ce27fa493779c8ddf2c2970eb0a486e3f0ca6ba975ff1632b4bb7a387f/1686026107501_0.jpg
1612245,9780134296012,Campbell Biology,"Martha R. Taylor, Eric J. Simon",Pearson College Div,319040,5000,https://cf-cii.everytime.kr/0331835effdeeae865081e9611612541f13914c9c88d803959641657e96928f3/1583207707534_0.jpg
1612245,9781292229478,"Campbell Biology: Concepts & Connections, Global Edition",없음,없음,164400,10000,https://cf-cii.everytime.kr/120a9180e99145b146d55bdc8881b269c40eb992a26fd6ae88c94b33853fd477/1641194738624_0.jpg
1612245,9780321761583,Campbell Biology: Concepts and connections,Jane B. Reece,Pearson Education Asia,47000,5000,https://cf-cii.everytime.kr/21947db02ed18179d20efe9b236acf68bf53e65652fe61118c9e90608477792c/1662949157381_0.jpg
1612245,9788945049124,생명과학(7판)(개념과현상의이해)(전2권),"Reece, Taylor, Simon, Dickey",PEARSON EDUCATION KOREA,35000,15000,https://cf-cii.everytime.kr/d67ea56552b507d7ad2a61bd18d3dc071bfacdf5c0fd1cd3e01a32f3c0d6d131/1585326740218_0.jpg
1612256,9791162264270,윤리적 소비 행복한 소비,"천경희, 홍연금, 윤명애, 이성림, 심영, 김혜선",시그마프레스,28000,15000,https://cf-cii.everytime.kr/e7aed1cfb829e3be49cd22dbe720ba2e4c05c39466abae08b8f5f18d29bd2574/1725174464348_0.jpg
1612256,9788968669866,행복한 소비 윤리적 소비,"천경희, 홍연금, 윤명애, 송인숙, 이성림, 심영",시그마프레스,22000,8000,https://cf-cii.everytime.kr/8db9855dc962cea4339964adf2ceb1da4ead37ffe2661f29f54123a941773677/1676365598985_0.jpg
1612256,9788968661631,윤리적 소비의 이해와 실천,"천경희, 홍연금, 윤명애, 송인숙",시그마프레스,20000,10000,https://cf-cii.everytime.kr/083f18078cf23cd58a6a6b3d7c3d39e1ed7ffc75606818d87c1c8a0248b4efbe1503882791670/0.jpg
1612277,9791155506240,Absolutely Write(Revised Edition),성균관대학교 학부대학,성균관대학교출판부,15000,5000,https://cf-cii.everytime.kr/9004f7129aa2b4cb64f2a484c7fc28c4bcb0c0ba9e2602291f810840e018e461/1775524785004_0.jpg
1612277,9791155504024,Absolutely Write,성균관대학교 학부대학,성균관대학교출판부,15000,3000,https://cf-cii.everytime.kr/5a821c35482360b23a91d12b670d867e3a882d7a5404e6200abcef35f1e83bf6/1693802339695_0.jpg
1612277,9791155504017,The Write Way,성균관대학교 학부대학,성균관대학교출판부,17000,7000,https://cf-cii.everytime.kr/d109208b686704e5dd9ee34d02975e2968b55aaa5e644ca4769e53b6289db53f/1772633359504_0.jpg
1612277,9791155502396,Poised to Present,성균어학원,성균관대학교출판부,15000,5000,https://cf-cii.everytime.kr/19c8e3bb35f1dc053733cdcb35c5dfcd4484dfd751c0d3693ad0d08293941d76/1613366636970_0.jpg
1612277,9791155502129,Write On,성균어학원,성균관대학교출판부,15000,1,https://cf-cii.everytime.kr/af1fc89b4d64e7ff898d9c346d1aee9bea1b7f5a14a6df8cf10b4fbded608cd2/1583933773067_0.jpg
1612277,9788979869033,Write On,편집부,성균관대학교출판부,13000,4000,https://cf-cii.everytime.kr/2e559c4c80032337e504072e2dc98d6d225af4fa2208fe6c287e4ec358b157ab1488430106374/0.jpg
1612305,9791130348018,신헌법입문,정재황,박영사,53000,35000,https://cf-cii.everytime.kr/ed800aec79df4487e8c1164d95a1c3fd458f636c903a7cee0271855c519cc3e2/1755000307204_0.jpg
1612305,9788918914671,헌법학,성낙인,법문사,56000,38000,https://cf-cii.everytime.kr/c303da0e36530ce3e1cb003de016f1727b4aac474ae8b5ae1881342885a18308/1725597777540_0.jpg
1612305,9791167920980,헌법 사례형 연습,강성민,필통북스,49000,5000,https://cf-cii.everytime.kr/1978ba029edc0629a809a1a568c83039eb9f2256f41bce58b4da392e837d5aa5/1759290245795_0.jpg
1612305,9788918913735,헌법학(2023),성낙인,법문사,56000,5000,https://cf-cii.everytime.kr/f57f0e3be42359820a39d5fff3a026d958b6ad840c1b81da0d6c2d7605b375df/1759289592236_0.jpg
1612305,9788918912738,헌법학,성낙인,법문사,56000,25000,https://cf-cii.everytime.kr/75b76b32b3803f5288538d8a0212afa17f1c4f1689781882141519c4c665b0af/1711417198022_0.jpg
1612305,9788918911700,헌법학,성낙인,법문사,56000,30000,https://cf-cii.everytime.kr/258df3aa35b9b99361db85b0265546dd9de8ae8307184c964634d33f04d121a7/1687242884079_0.jpg
1612305,9791162214077,한글 변호사시험용 법전(2021),법조문연구회,법학사,22000,8000,https://cf-cii.everytime.kr/9bf4be9f8e1b5dfec81f3a9be7ef1a2ca34c8044da45d01182344c9c7fcf418d/1614881357884_0.jpg
1612305,9791130335971,신헌법입문(개정판 10판)(양장본 HardCover),정재황,박영사,43000,28000,https://cf-cii.everytime.kr/db1c6982ec646202580976a539ab3fc13398033d7eae32674f34e41ad66d9bc6/1613890679871_0.jpg
1612305,9788918910857,헌법학(2020),성낙인,법문사,56000,25000,https://cf-cii.everytime.kr/402f0e8a6952638d2fe191efc3f667d785dbeefe9b54c9212077a0c5df8f232d/1695205069038_0.jpg
1612305,9791159624483,기본강의 헌법(2018),김유향,윌비스,65000,15000,https://cf-cii.everytime.kr/2c73ab05a8d53bc76729f1d569b50bdce9dcbc9af254a78e74947516332f501e/1641223931041_0.jpg
1612363,9788988825907,경제 경영수학 길잡이,"알파 치앙, Kevin Wainwright",한국맥그로힐,34000,7000,https://cf-cii.everytime.kr/f2161aec92d3c0e10262f4fb383dd837ca00a2904aee95dc5ab58c07fd0b77d7/1613307607680_0.jpg
1688560,9791155502396,Poised to Present,성균어학원,성균관대학교출판부,15000,5000,https://cf-cii.everytime.kr/19c8e3bb35f1dc053733cdcb35c5dfcd4484dfd751c0d3693ad0d08293941d76/1613366636970_0.jpg
1688560,9788979868524,Poised to Present,성균어학원,성균관대학교출판부,13000,3000,https://cf-cii.everytime.kr/33da777f59fa0dff597a98cd006cdef60dc54ada5c04f3026ba114fc81007222/1582862542935_0.jpg
1688564,9788987350509,동양철학의 유혹,신정근,이학사,19000,4000,https://cf-cii.everytime.kr/1b93a91ab0602c0fccb31d538de6c399a661f46ffceafc0fbb8a07ccd09ffe22/1599810440279_0.jpg
1688583,9788956742199,C 언어 300제,김은철,정보문화사,18000,8000,https://cf-cii.everytime.kr/f379d54c36c93faa3bc53a8e9a2622b5cd53c630ea4450625e1571949aed7887/1536318837039_0.jpg
1688583,9788972831600,A BOOK ON C,KELLEY 외,도서출판 홍릉(홍릉과학출판사),39000,9000,https://cf-cii.everytime.kr/0e2e29e5c16ca09d1f0fda9fa178618e4a18da58e577dacc842dff155a73be8d/1585792870939_0.jpg
1688583,9788945072139,C by Dissection,"Al Kelly, Ira Pohl",피어슨 에듀케이션,39000,10000,https://cf-cii.everytime.kr/c2f5b2d4e62960213b62dc1505cfdd2fa9ba5beb13e40773f56118fc2de41478/1577818522689_0.jpg
1688583,9781292103433,An Introduction to Programming Using Python,David I. Schneider,Pearson,55000,10000,https://cf-cii.everytime.kr/06657d7e0f891c8f884f6fdbecb41ff9cad1de0712a0946c36202f25f320896b/1693218719629_0.jpg
1688583,9780201183993,A Book on C,Kelley Al/ Pohl Ira,Addison-Wesley,45000,18000,https://cf-cii.everytime.kr/e85b26fff7687e2b7ea0989149af5405859fd21385902fb308ab6c0c3aca3ff8/1741264252407_0.jpg
1688583,9780470555156,Introduction to Computer Science Using Python,Dierbach Charles,Wiley,55000,4900,https://cf-cii.everytime.kr/719b2ba5d94edcde695b67ad32fbf0afc2b513d0cd8d3e0d4b71822ffba90a92/1738833691385_0.jpg
1688583,9788996094050,윤성우의 열혈 C 프로그래밍,윤성우,오렌지미디어,25000,4990,https://cf-cii.everytime.kr/ef784cc778fb02d1982300a424e94da44539b3a263f720ae1dc2be0c9e58e66c/1738834027487_0.jpg
1688585,9788972831600,A BOOK ON C,KELLEY 외,도서출판 홍릉(홍릉과학출판사),39000,9000,https://cf-cii.everytime.kr/0e2e29e5c16ca09d1f0fda9fa178618e4a18da58e577dacc842dff155a73be8d/1585792870939_0.jpg
1688585,9780201183993,A Book on C,Kelley Al/ Pohl Ira,Addison-Wesley,45000,18000,https://cf-cii.everytime.kr/e85b26fff7687e2b7ea0989149af5405859fd21385902fb308ab6c0c3aca3ff8/1741264252407_0.jpg
1688763,9788960552425,컴퓨터 네트워크,"Behrouz A. Forouzan, Firouz Mosharraf",McGraw Hill Korea,37000,20000,https://cf-cii.everytime.kr/5d6970be70271ee50105410ed20ee03fbbeb3ccb19553bb03b7c7e9791b9c329/1709800478008_0.jpg
1688764,9791185475318,컴퓨터 네트워킹 : 하향식 접근(7판),"James F Kurose, Keith WRoss",퍼스트북,36000,15000,https://cf-cii.everytime.kr/c864f2d8f01f20acf581da53bfce9a44c785513c740fb397844b7e2a3a4571f1/1551091169463_0.jpg
1688764,9781292153599,Computer Networking: A Top-Down Approach,"James Kurose, Keith Ross",Pearson,44000,20000,https://cf-cii.everytime.kr/830fdccbef6d6891fc5e4a1441beedb8307210f69412276becddaa49bf167d00/1632037187441_0.jpg
1688955,9791155502495,강의 듣기의 기술 1,"김경훤, 현원숙, 유하라, 오문경, 장민정",성균관대학교출판부,15000,7000,https://cf-cii.everytime.kr/c512a59ea2c35c45a764275b11169171b5aa17af51790e27970eba906236ec58/1645859659481_0.jpg
1688956,9791155502495,강의 듣기의 기술 1,"김경훤, 현원숙, 유하라, 오문경, 장민정",성균관대학교출판부,15000,7000,https://cf-cii.everytime.kr/c512a59ea2c35c45a764275b11169171b5aa17af51790e27970eba906236ec58/1645859659481_0.jpg
1688957,9791155502495,강의 듣기의 기술 1,"김경훤, 현원숙, 유하라, 오문경, 장민정",성균관대학교출판부,15000,7000,https://cf-cii.everytime.kr/c512a59ea2c35c45a764275b11169171b5aa17af51790e27970eba906236ec58/1645859659481_0.jpg
1688962,9791155501818,사고력을 키우는 읽기의 기술,"김경훤, 김희경, 홍은실, 오광근, 유하라, 현원숙",성균관대학교출판부,15000,5000,https://cf-cii.everytime.kr/aaf0e2f0162f1043ac8eb7daeeab6d4d94ffaa7738460c4f02200539ca010830/1645859062258_0.jpg
1771992,9788955018967,재무관리의 이해,송교직,신영사,37000,24000,https://cf-cii.everytime.kr/58bc8b550c809642b80532ce97dd0ac5087863ab29e4ce258e1105103d12e6df/1765855585928_0.jpg
1771992,9791132112761,Ross의 재무관리,스테판 A. 로스,지필미디어,42000,20000,https://cf-cii.everytime.kr/a43b02119cb855fe49ea50d3cc3e1485d5484980ca0293ac8929cf0e15e2777e/1756789269630_0.jpg
1771992,9789813137493,기본 재무관리,"Jonathan Berk, Peter DeMarzo, Jarrad Harford",한빛아카데미,42000,21000,https://cf-cii.everytime.kr/5bd42332b795c9b908fd259be5d0f30976a3e88dcda1b690dfe58e103cac6a52/1718849489926_0.jpg
1771992,9781265553609,Fundamentals of Corporate Finance,"Stephen Ross, Randolph Westerfield, Bradford Jordan",McGraw Hill Education,54000,25000,https://cf-cii.everytime.kr/a08a7f346713a8200bce2fcd139ec5219e48e5632291be68f88ef7e89c202dc1/1704979161991_0.jpg
1771992,9791132106647,Ross의 핵심재무관리,"스테판 A. 로스, Randolph W. Westerfield, Jeffrey Jaffe, Bradford D. Jordan",McGraw-Hill,37000,20000,https://cf-cii.everytime.kr/b909b1fd8510a4b34ca4192fb4ff36ab052a4efda93c4064dea9710f133c1f6e/1709289941275_0.jpg
1771992,9791132106593,Ross의 기업재무관리,"스테판 A. 로스, Randolph W. Westerfield, Jeffrey Jaffe, Bradford D. Jordan",생능,39000,12000,https://cf-cii.everytime.kr/c6329c50275142635ba962fdc159590fc03f34673c3df47bb6c7a0f133f4591d/1725158113398_0.jpg
1771992,9791132101758,재무관리,스테판 A. 로스,지필미디어,39000,5000,https://cf-cii.everytime.kr/3813f5953e24ec2d5a8d893a1ae59df145c4eceb0670092f0a72b2d715fbb856/1712037134274_0.jpg
1771992,9788991116818,재무관리(8판),김민환,파란,48000,20000,https://cf-cii.everytime.kr/8cec63c5b96096af8c3aaaee37246e8850e312f83e613b8abb337947bfa8ade7/1615373913282_0.jpg
1771992,9781260091908,Fundamentals of Corporate Finance,Ross,McGraw-Hill,50000,7000,https://cf-cii.everytime.kr/fb400912c8bb79e403125d17ca91328b8fceb291e3cc1da269dc49ec0b5a9d62/1630298950644_0.jpg
1771992,9791195452606,재무관리 세트,김종길,소온,50000,10000,https://cf-cii.everytime.kr/41d333b67a55daeb4e3e1a483e6b1834d8c05f6e1fe910d6a42bfbb1caa81bb3/1630219177718_0.jpg
1771992,9791132101031,기업의 재무관리,"스테판 A. 로스, Randolph W Westerfield, Jeffrey Jaffe, Bradford D. Jordan",McGraw Hill Education,10000,5000,https://cf-cii.everytime.kr/9af2161d9f26767ed5c0975daa4463268da847f8378bab71f34185049e5ae65d/1681219544585_0.jpg
1771992,9788955015812,재무관리의 이해(양장본 HardCover),송교직,신영사,29000,3000,https://cf-cii.everytime.kr/2784601e30082298e5fc45a6804e05ac57bc5614ad9ba809fcac1736ac2a9d75/1615024881570_0.jpg
1771992,9781259011832,Corporate Finance (Asia Global Edition),"Ross, Randolph W Westerfield, Jeffrey Jaffe, Joseph Lim, Ruth Tan, Helen Wong",McGraw-Hill,44000,15000,https://cf-cii.everytime.kr/b9dcfa97d45f4c3a06e36de08bf385bc15f0c8290d8a7ae2be3d6e0164299bfc/1597389489505_0.jpg
1771992,9789814595049,"Fundamentals of Corporate Finance, Aisan Global 2 Edition","스테판 A. 로스, Randolph W. Westerfield, Bradford D. Jordan, Joseph Lim, Ruth Tan",McGraw-Hill,44000,10000,https://cf-cii.everytime.kr/b09f69f9c5a6749994992ebc028644bbb39c58cc3fdaf2f2eb55adbc2bb6f06c/1641194225603_0.jpg
1771992,9788960558281,Ross의 재무관리(10판),"Stephen A Ross, Randolph W Westerfield, Bradford D Jordan",지필미디어,39000,15000,https://cf-cii.everytime.kr/ef32a2dce1bd38eea281246529ecc52317528d4dcc5cd3b5d2bb2fc0254f0fd7/1645802238854_0.jpg
1772064,9791185475219,컴퓨터 시스템,"Randal E Bryan, David R O'Hallaron",피어슨에듀케이션코리아,39000,15000,https://cf-cii.everytime.kr/319903d49aa148fa3e04a9ea3ac90b6027724fc20d7fdf2dc1f98d5510aa0e7b/1741324888483_0.jpg
1772065,9791185475219,컴퓨터 시스템,"Randal E Bryan, David R O'Hallaron",피어슨에듀케이션코리아,39000,15000,https://cf-cii.everytime.kr/319903d49aa148fa3e04a9ea3ac90b6027724fc20d7fdf2dc1f98d5510aa0e7b/1741324888483_0.jpg
1772065,9781292101767,Computer Systems,Bryant Randal E.,Pearson,66000,30000,https://cf-cii.everytime.kr/c33e59e52d65a16e9e25997e4423b6e574bdc75c35d2eb3bc3ef9cac79d1cddd/1747579150938_0.jpg
1772081,9791156008835,OLED 소재 및 소자의 기초와 응용,이준엽,홍릉,39000,15000,https://cf-cii.everytime.kr/b6773642bbc0aad62aba19e8a060d03de1da4a4c974b051d0c9c6eda6f1d4f62/1699835905196_0.jpg
1772085,9788973389773,반도체 소자 공정기술,"Michael Quirk, Julian Serda",자유아카데미,32000,13000,https://cf-cii.everytime.kr/713c8012de209ea2c2d83862359516d1db376a9aad95d05290ecd6156aabc1fd/1679229806315_0.jpg
1772092,9791155506240,Absolutely Write(Revised Edition),성균관대학교 학부대학,성균관대학교출판부,15000,5000,https://cf-cii.everytime.kr/9004f7129aa2b4cb64f2a484c7fc28c4bcb0c0ba9e2602291f810840e018e461/1775524785004_0.jpg
1772092,9791155504024,Absolutely Write,성균관대학교 학부대학,성균관대학교출판부,15000,3000,https://cf-cii.everytime.kr/5a821c35482360b23a91d12b670d867e3a882d7a5404e6200abcef35f1e83bf6/1693802339695_0.jpg
1772092,9791155502396,Poised to Present,성균어학원,성균관대학교출판부,15000,5000,https://cf-cii.everytime.kr/19c8e3bb35f1dc053733cdcb35c5dfcd4484dfd751c0d3693ad0d08293941d76/1613366636970_0.jpg
1772092,9791155502129,Write On,성균어학원,성균관대학교출판부,15000,1,https://cf-cii.everytime.kr/af1fc89b4d64e7ff898d9c346d1aee9bea1b7f5a14a6df8cf10b4fbded608cd2/1583933773067_0.jpg
1772105,9788962184105,Calculus :early transcendentls (stewart성균관대),stewart,경문사(박문규),49000,12000,https://cf-cii.everytime.kr/35c33e510545d2da21b8e4218e3a2fef183056d1a33a30a148613c39fa5c9339/1691558917159_0.jpg
1772105,9788961059961,미분적분학,제임스 스튜어트,경문사(박문규),45000,15000,https://cf-cii.everytime.kr/620d4d4b3719e6c1f96231a5c34443b175db559edac90b0abbfd053f400d55f8/1608556333193_0.jpg
1772106,9788962184105,Calculus :early transcendentls (stewart성균관대),stewart,경문사(박문규),49000,8000,https://cf-cii.everytime.kr/b7f4521cc06eeed4de931365a95022794f6694aa3a518145fd5fe627498accf4/1639138047582_0.jpg
1772113,9789813135239,Linear Algebra and Its Applications,David C. Lay,Pearson Education,49000,9900,https://cf-cii.everytime.kr/92d56c61d05279f42a1c91f97508bfe8d728db7ce212e9af7d3002ee3c4184be/1771138989907_0.jpg
1772113,9781118677452,Elementary Linear Algebra With Supplemental Applications,없음,없음,144420,15000,https://cf-cii.everytime.kr/4864338b684c9d05783957ee13657254fc0886dd4897707bdf3ea81ce54223d0/1616250609864_0.jpg
1772113,9788971292655,선형대수,"Howard Anton, Chris Rorres",범한서적,32000,15000,https://cf-cii.everytime.kr/3672539848a42ead7598e23110c55b46d645c3e2f7bbbed833e9404971a58466/1661275021367_0.jpg
1772126,9788966344963,LEET 기출문제 해설집 언어이해(2021)(7판),메가로스쿨 언어논리연구소,메가로스쿨,37000,15000,https://cf-cii.everytime.kr/3d58948d3f363dfc749e1950432a498436fe521d267cb773dee86e39a2490a1a/1613391769133_0.jpg
1772126,9788966344635,LEET 언어이해(상) 기출문제 해설집(2019)(개정판 6판),메가로스쿨 언어논리연구소,메가로스쿨,17000,6000,https://cf-cii.everytime.kr/5ff23ad5c1b6508322d89234324cbfb18afd3bea1d659dfc0913d4900fde1f49/1613392258883_0.jpg
1772126,9788966344642,LEET 추리논증(상) 기출문제 해설집(2019)(개정판 6판),메가로스쿨 언어논리연구소,메가로스쿨,17000,6000,https://cf-cii.everytime.kr/a09447fd4079adefa63cc77920397985e79470450637ff0ac59966c6eeb36152/1613391986082_0.jpg
1772126,9788920028960,법학적성시험 문제 해설: 추리논증 영역(2014~2018),법학전문대학원협의회 법학적성�,에피스테메,22000,12000,https://cf-cii.everytime.kr/a536f79fd35f9f0cbfce9120294de6318eadaa026c6327a5061a30509900128a/1646969454733_0.jpg
1772126,9788920028953,법학적성시험 문제 해설: 언어이해 영역(2014~2018),법학전문대학원협의회 법학적성�,에피스테메,22000,12000,https://cf-cii.everytime.kr/4339d4bd2396e8fc64b062d125acc9399e8ae74478043083f9bfe989e9afe772/1535102245183_0.jpg
1772126,9788920019524,법학적성시험 안내서 LEET,법학전문대학원협의회 법학적성�,에피스테메,19000,5000,https://cf-cii.everytime.kr/5330b0e1a000acbcfafe2f673bbe216a826d536c31bfd22fd901f0c9309a9d5b/1640576149916_0.jpg
1772158,9791155504628,학술적 글쓰기,"원만희, 박정하, 김종규, 이기백, 김치헌, 김상현",성균관대학교출판부,25000,5000,https://cf-cii.everytime.kr/67b8211a19cf76cee0873d3fdd6ffd6922373e7f4928189dedf5aa0fc4029a99/1641133751536_0.jpg
1772158,9791155500606,비판적 사고 학술적 글쓰기,"원만희, 박정하, 박상태, 한기호, 김상현, 이창후",성균관대학교출판부,20000,2000,https://cf-cii.everytime.kr/9808139608c6de7f529264db8a20d1ac3ce31863741cebbeda1c5097a1be2c65/1648534015593_0.jpg
1772312,9781118165096,Advanced Engineering Mathematics : Abridged International Sutdent Edition,어윈 크레이스지그,Wiley,45000,20000,https://cf-cii.everytime.kr/1872cb226ed0bcb800990553b7804cd6b9b6be353e0250918d56779824e5c2f3/1630825601925_0.jpg
1772325,9781292096131,Software Engineering,Ian Sommerville,Pearson,57000,25000,https://cf-cii.everytime.kr/97efd27a044c11eae8be31673e0828176ef3a7371f03c108315a5adef78d785e/1551614959840_0.jpg
1772333,9791156006664,데이터베이스 시스템,Elmasri Navathe,도서출판 홍릉(홍릉과학출판사),42000,25000,https://cf-cii.everytime.kr/c3af3b10c5a334ccfefafb9069a58dc103aad51b3b03cf197993a21533cfffba/1693205969105_0.jpg
1772333,9780132144988,Fundamental Database System (NEW),Elmasri Ramez,Prentice-Hall,38000,18000,https://cf-cii.everytime.kr/0eedfa5d361671f029177be2939f6d4f8c2e159322b095ce233414441b650370/1629474891155_0.jpg
1772333,9781292097619,"Fundamentals of Database Systems, Global Edition",Ramez Elmasri,Pearson Higher Education,60000,30000,https://cf-cii.everytime.kr/7481129f2c7d1fa19a5a073d375f002ae0052df5b07a6633f3c914aa4e183574/1763426709916_0.jpg
1772352,9788941181170,생약학,생약학교재 편찬위원회,동명사,60000,30000,https://cf-cii.everytime.kr/4a53394236db304c0e92099680277b44a4dd82176af722434cffade996545f5f/1648282680500_0.jpg
1772439,9788994961378,Mathematical Methods for Physicists. 7/E,Arfken,Elsevier,95000,28000,https://cf-cii.everytime.kr/2b87a5af785620262e5426544efa1c4ca0e2776b1f7a0ba80618fdd8b8d22912/1548854932167_0.jpg
1772439,9788971292396,수리물리학 연습문제풀이집(개정판 3판),MARY L BOAS,범한서적,13000,5000,https://cf-cii.everytime.kr/8430553d15c34666ea5ee965be4ac36128fd425147a6bb5ba8c52478270c7748/1655131320784_0.jpg
1772439,9780471198260,Mathematical Methods in the Physical Sciences,Mary L. Boas,Wiley,58000,20000,https://cf-cii.everytime.kr/4a7bf5e6d65f7e2e48c447f71ba59212d97c44a90a44e3d194333075bdce46a2/1636126042294_0.jpg
1772445,9788958812821,핵심 생화학,"David L. Nelson, Cox Michael M.",월드사이언스,58000,15000,https://cf-cii.everytime.kr/75397bb03fb30d0b5410a3fd07036cc43930fb66001374ef904c25b59042c7fc/1738665022198_0.jpg
1772445,9780470570951,Biochemistry (Hardcover),Voet Donald,Wiley,65000,55000,https://cf-cii.everytime.kr/115a04f283ea22ad6ab73f8dd44d3b781f7d051ec887dc21ec998875a458cfee/1613977531592_0.jpg
1772445,9788958811527,생화학 하권,DAVID L NELSON,월드사이언스,30000,5000,https://cf-cii.everytime.kr/dabb119781f001149c5a778db729e14ba2ef3729535dced65e72ff097dc90ef4/1566750821684_0.jpg
1772494,9791155501641,글쓰기의 절차와 과정,"김경훤, 오광근, 유하라, 김희경, 현원숙, 홍은실",성균관대학교출판부,15000,2000,https://cf-cii.everytime.kr/da4a96568936730e1765a9226812f11cee32147f53a7f25b78de8f077429cd4d/1576566409939_0.jpg
1856186,9791155502389,"우리들의 세상, 논어로 보다","고재석, 권경자, 김동민, 이천승, 정병섭",성균관대학교출판부,12000,3000,https://cf-cii.everytime.kr/d9a6da2d1bfe64b24bb0e2cde283cce0adbb2bf2e193c18ef973269d7fb2b68b/1677416857073_0.jpg
1856186,9791155500408,우리들의 세상 논어로 보다,인성교육교재편찬위원회,사람의무늬,18000,7000,https://cf-cii.everytime.kr/374cb7349939e633dd90b04480605a7a4972445d59b2bf26a14177cd63aca6521503663011470/0.jpg
1856241,9781408236956,Market Leader 3 Intermediate Coursebook with Self-Study CD-ROM and Audio CD,없음,없음,85070,15000,https://cf-cii.everytime.kr/cce7f0666424e3f8dbce29f382f4c09e7a2aac19fd0fd37cd22c4cdd15632cd4/1517472285650_0.jpg
1856241,9788991830622,마케팅 관리(세계 일류들의)(양장본 HardCover),"김정구, 오준환, 이우헌",율곡출판사,33000,7000,https://cf-cii.everytime.kr/aff748f9fc58106a9452f95856391e23a44b1009a14a022c240a16c71c1d3dd8/1706256942651_0.jpg
1856241,9788997304387,마케팅(4판)(양장본 HardCover),"이학식, 임지훈",집현재,32000,15000,https://cf-cii.everytime.kr/6736cf125b8217e325ec80732f63998d7d39715343b7beb92ad54856cf4dcd98/1594482880528_0.jpg
1856243,9789814595049,"Fundamentals of Corporate Finance, Aisan Global 2 Edition","스테판 A. 로스, Randolph W. Westerfield, Bradford D. Jordan, Joseph Lim, Ruth Tan",McGraw-Hill,44000,15000,https://cf-cii.everytime.kr/6069b77854b4c4c7335c7316bc0329275c159713221efd473b2f7b304c4f7a9e/1533466149146_0.jpg
1856244,9791132102274,기본투자론,"ZVI Bodie, Alex Kane, Alan J Marcus",맥그로힐에듀케이션코리아,38000,5000,https://cf-cii.everytime.kr/d88f8b7bcf7dbedbf4b935cc43dd83e8a6e4280282e6349969fc121186d360e5/1773742637822_0.jpg
1856244,9791132101079,기본투자론,"ZVI Bodie, Alex kane, Alan J Marcus",McGraw-Hill,37000,13000,https://cf-cii.everytime.kr/00ec6a45d91b66db02dcbec0c617c27421795233703fc0fc9ba236fea0da8ada/1613306018305_0.jpg
1856244,9791132100744,투자론,"ZVI Bodie, Alex Kane, Alan J Marcus",McGraw-Hill,43000,30000,https://cf-cii.everytime.kr/a31ab34fc5f37e5a2a9e074db5c211f5cdef857b6120902f825f910e9d4b1517/1518660920394_0.jpg
1856244,9780071262286,Investment (Asia Global Edition),ZVI Bodie,McGraw-Hill,43000,30000,https://cf-cii.everytime.kr/e1572ae959f40aec0f54111d57618a75d3c841fd52d4cc80e073492bb5913fe2/1615907161613_0.jpg
1856276,9791162571477,KDS 41 31 00 : 2019에 따른 강구조설계,한국강구조학회,구미서관,25000,10000,https://cf-cii.everytime.kr/e0e68b8dfa361821c23c163ca3f3fff92097dd623bf0c229538764cd8b42b77f/1694947197885_0.jpg
1856276,9791156103639,강구조설계(6판),William T Segui,씨아이알,32000,15000,https://cf-cii.everytime.kr/fd2e89855f206ef682d95442c90ea1dc7f25ae4921055d9a4b84bd2f3b16624a/1686060772695_0.jpg
1856288,9788979143171,INTRODUCTION TO ALGORITHMS,"Cormen Thomas H., Leiserson Charles E., Rivest Ronald L., Stein Clifford",한빛미디어,42000,35000,https://cf-cii.everytime.kr/8189927bd8f9b2d1f534f2288a72a7bb954629e56c8e6430fb3b632955b6dd0c/1551698789893_0.jpg
1856288,9791156641131,Introduction to Algorithms,"토머스 코멘, 찰스 레이서손, 로날드 리베스트, 클리포드 스타인",한빛아카데미,47000,25000,https://cf-cii.everytime.kr/31dbc910f2b682118f4854b10f258810a16b34a2e5da557fcf85d78ece9b7d87/1702954928341_0.jpg
1856460,9788941133629,의약품 합성학,의약품합성학 편찬위원회,동명사,63000,30000,https://cf-cii.everytime.kr/e34dcbc8c2a72e80880e78cf56805eaa0d32ca23c88766fe01ac1ab615e20a76/1654832353857_0.jpg
1937034,9791155505847,성균 논어,"이천승, 고재석",성균관대학교출판부,15000,5000,https://cf-cii.everytime.kr/e114a8424bad4ab22bccd60ffdaa3b6c205fd335a12b5446feb8148b34bc4353/1773360300084_0.jpg
1937034,9791155504611,"우리들의 세상, 논어로 보다","이천승, 강보승, 고재석, 권경자, 김동민, 정병섭",성균관대학교출판부,13500,5000,https://cf-cii.everytime.kr/e7a03c2878ade717eba8f1d95acbdb2e4d08fb6e4b1b438834660c82d18d2058/1677164593235_0.jpg
1937034,9791155502389,"우리들의 세상, 논어로 보다","고재석, 권경자, 김동민, 이천승, 정병섭",성균관대학교출판부,12000,3000,https://cf-cii.everytime.kr/d9a6da2d1bfe64b24bb0e2cde283cce0adbb2bf2e193c18ef973269d7fb2b68b/1677416857073_0.jpg
1937034,9791155500408,우리들의 세상 논어로 보다,인성교육교재편찬위원회,사람의무늬,18000,7000,https://cf-cii.everytime.kr/374cb7349939e633dd90b04480605a7a4972445d59b2bf26a14177cd63aca6521503663011470/0.jpg
1937036,9791155500590,소통의 기초 스피치와 토론,스피치와 토론 교과교재 출간위원회,성균관대학교출판부,20000,6000,https://cf-cii.everytime.kr/768cbf4fcee0ab72369ea25a2bb8b44481ab8bc93073dc65c02a073207ef3baf/1778505356918_0.jpg
1937037,9791155502747,과학기술글쓰기,"노상도, 박상태, 한기호, 한영신",성균관대학교출판부,18000,8000,https://cf-cii.everytime.kr/80ee99c30c1b8dba626d17c6f9686ff1640891221fbd48d991f3398525f9b03c/1725493198647_0.jpg
1937037,9791155501313,과학기술 글쓰기: 이론과 실제,"노상도, 박상태, 한기호, 한영신",성균관대학교출판부,18000,4000,https://cf-cii.everytime.kr/f126569761084992e91fbf55c6495c8e78523e99d968d95c4eb80ff5af5e7095/1677335732372_0.jpg
1937066,9781292020761,Physics for Scientists & Engineers with Modern Physics,Douglas C. Giancoli,Pearson,59000,45000,https://cf-cii.everytime.kr/058be06a15f564329f3d453343bf565d685874c877d60d09991dffbc6f3d0186/1613998432886_0.jpg
1937066,9781133110002,Principles of Physics,Raymond A. Serway,Brooks Cole Pub Co,50000,10000,https://cf-cii.everytime.kr/5de8e039c6346e1e9f84de5fd30eda5e5d39bafab85a5b3714dbdc2ff586f15d/1752400145865_0.jpg
1937066,9781133953999,Physics for Scientists and Engineers with Modern Physics,Raymond A. Serway,BROOKS/COLE,52000,5000,https://cf-cii.everytime.kr/8c8e7ed6cb778322f638b978aae8c50a4a5d2271b6be69188fbfcbacd037a99f/1639307975564_0.jpg
1937066,9788955268379,대학물리학(8판)(전2권),"John W Jewett Jr, Raymond A. Serway",북스힐,38000,10000,https://cf-cii.everytime.kr/145630b4fca467d9f9d1faa266c1a0b49aa30c0da4d264b310c6720a51d221cc/1598833725942_0.jpg
1937066,9788955268805,대학물리학,Ramond A Serway,북스힐,39000,3000,https://cf-cii.everytime.kr/de2f4ae16634ff2eaa351ac8634816f3110de72fe2d20d84bae2c132dad9c758/1652675801373_0.jpg
1937067,9781133110002,Principles of Physics,Raymond A. Serway,Brooks Cole Pub Co,50000,10000,https://cf-cii.everytime.kr/5de8e039c6346e1e9f84de5fd30eda5e5d39bafab85a5b3714dbdc2ff586f15d/1752400145865_0.jpg
1937067,9781133953999,Physics for Scientists and Engineers with Modern Physics,Raymond A. Serway,BROOKS/COLE,52000,5000,https://cf-cii.everytime.kr/8c8e7ed6cb778322f638b978aae8c50a4a5d2271b6be69188fbfcbacd037a99f/1639307975564_0.jpg
1937067,9788955268379,대학물리학(8판)(전2권),"John W Jewett Jr, Raymond A. Serway",북스힐,38000,10000,https://cf-cii.everytime.kr/145630b4fca467d9f9d1faa266c1a0b49aa30c0da4d264b310c6720a51d221cc/1598833725942_0.jpg
1937089,9788999406508,교육방법 및 교육공학,"유승우, 임형택, 권충훈, 이성주, 이순덕, 진희정",양서원,19000,10000,https://cf-cii.everytime.kr/e99d0053f6c26e66749c5dbd6c359438a3503dc04e28ba828a8b471f8aa02839/1603370218453_0.jpg
1937117,9791130316925,차이나 마케팅,"김용준, 노은영",박영사,35000,30000,https://cf-cii.everytime.kr/9527d351659a92a2eb3d35dffd2b5ce6d07874d988aff3ba939e7231ea6624b9/1769684683335_0.jpg
1937117,9791130303550,차이나 마케팅(전면개정판 4판)(양장본 HardCover),김용준,박영사,30000,19000,https://cf-cii.everytime.kr/20d7c74e4122aeb4b92bdb35b9cb09e75e1667599a758f298a2a363146723289/1584030749926_0.jpg
1937125,9781265553609,Fundamentals of Corporate Finance,"Stephen Ross, Randolph Westerfield, Bradford Jordan",McGraw Hill Education,54000,25000,https://cf-cii.everytime.kr/a08a7f346713a8200bce2fcd139ec5219e48e5632291be68f88ef7e89c202dc1/1704979161991_0.jpg
1937125,9781260091908,Fundamentals of Corporate Finance,Ross,McGraw-Hill,50000,7000,https://cf-cii.everytime.kr/fb400912c8bb79e403125d17ca91328b8fceb291e3cc1da269dc49ec0b5a9d62/1630298950644_0.jpg
1937125,9789814595049,"Fundamentals of Corporate Finance, Aisan Global 2 Edition","스테판 A. 로스, Randolph W. Westerfield, Bradford D. Jordan, Joseph Lim, Ruth Tan",McGraw-Hill,44000,10000,https://cf-cii.everytime.kr/b09f69f9c5a6749994992ebc028644bbb39c58cc3fdaf2f2eb55adbc2bb6f06c/1641194225603_0.jpg
1937125,9788960558281,Ross의 재무관리(10판),"Stephen A Ross, Randolph W Westerfield, Bradford D Jordan",지필미디어,39000,15000,https://cf-cii.everytime.kr/ef32a2dce1bd38eea281246529ecc52317528d4dcc5cd3b5d2bb2fc0254f0fd7/1645802238854_0.jpg
1937129,9788962184204,맨큐의 경제학 연습문제풀이,그레고리 맨큐,센게이지러닝코리아,13000,9000,https://cf-cii.everytime.kr/da54f9fa7043363ae5d8171b791255215cffee1669540c1d44c2540089828ab9/1613745973106_0.jpg
1937129,9788962184181,맨큐의 경제학,그레고리 맨큐,한티에듀,42000,30000,https://cf-cii.everytime.kr/9e9957f2d9e11e49f500d95c6abbb2c6f92ac118c7305f2d977892733cce370a/1612005724414_0.jpg
1937129,9789814617420,Principles of Economics,그레고리 맨큐,Cengage Learning,43000,20000,https://cf-cii.everytime.kr/86b8c0344292ab0c6218e2c5979508c71dc1aec1ae122de0e56754d2577afb64/1552482701915_0.jpg
1937129,9788962183672,맨큐의 경제학,그레고리 맨큐,Cengage Learning,39000,20000,https://cf-cii.everytime.kr/779d4780e4e7a5d21eb20082e6a571272210ff15ace32719f9797669016aa9af/1603339363784_0.jpg
1937143,9791159714658,스튜어트 미분적분학,제임스 스튜어트,북스힐,49000,30000,https://cf-cii.everytime.kr/0031b6daeff66cb7ed02906513a95bfd7eb786ba2d05077e096bf136bf230a70/1736607112527_0.jpg
1937143,9791160734126,핵심 미분적분학,"제임스 스튜어트, Daniel K. Clegg, Saleem Watson",경문사(박문규),42000,30000,https://cf-cii.everytime.kr/95672e8ec922591f4f4d4d429aed718d5a7de5dd6d13698ca6fd577173772378/1772792382829_0.jpg
1937143,9788961052009,미적분학,강윤수,경문사,30000,5000,https://cf-cii.everytime.kr/401a078201b6b8a6641cbcecdee894fa5b6a74affecd3062e8033ae06ec071da/1666575614302_0.jpg
1937144,9781118935149,Matrix Algebra Useful for Statistics,"Shayle R. Searle, Andre I Khuri",Wiley,59000,25000,https://cf-cii.everytime.kr/fc41af9659519ef062f4d8efd888922c100ff14ed5b8670ebd7e45528824fa24/1570857843797_0.jpg
1937144,9780471163626,Contemporary Linear Algebra,Howard Anton,Wiley,60000,15000,https://cf-cii.everytime.kr/0202c27a61ff65da61db646a4bb7a8eb00e1f9c49a2cfb1b58b0da1ba84529c2/1672301015231_0.jpg
1937178,9791185475219,컴퓨터 시스템,"Randal E Bryan, David R O'Hallaron",피어슨에듀케이션코리아,39000,15000,https://cf-cii.everytime.kr/319903d49aa148fa3e04a9ea3ac90b6027724fc20d7fdf2dc1f98d5510aa0e7b/1741324888483_0.jpg
1937178,9781292101767,Computer Systems,Bryant Randal E.,Pearson,66000,30000,https://cf-cii.everytime.kr/c33e59e52d65a16e9e25997e4423b6e574bdc75c35d2eb3bc3ef9cac79d1cddd/1747579150938_0.jpg
1937179,9791185475219,컴퓨터 시스템,"Randal E Bryan, David R O'Hallaron",피어슨에듀케이션코리아,39000,15000,https://cf-cii.everytime.kr/319903d49aa148fa3e04a9ea3ac90b6027724fc20d7fdf2dc1f98d5510aa0e7b/1741324888483_0.jpg
1937179,9781292101767,Computer Systems,Bryant Randal E.,Pearson,66000,30000,https://cf-cii.everytime.kr/c33e59e52d65a16e9e25997e4423b6e574bdc75c35d2eb3bc3ef9cac79d1cddd/1747579150938_0.jpg
1937180,9780929306407,Fundamentals of Data Structures in C,엘리스 호로위츠,Silicon Press,45000,15000,https://cf-cii.everytime.kr/c1d799d3cf9ae4b8980ac56508a17acb66fd05ce4ddfb54b24063338369e05f2/1765893695157_0.jpg
1937180,9788970858944,C로 쓴 자료구조론,"엘리스 호로위츠, SAHNI, ANDERSON-FREED",교보문고,28000,12000,https://cf-cii.everytime.kr/6c2945935f16820f6088ccd2e1e176573284947754d2b6988123c3d952bbedd3/1710649593265_0.jpg
1937180,9788996094067,윤성우의 열혈 자료구조,윤성우,오렌지미디어,27000,4900,https://cf-cii.everytime.kr/249c134c93ee05a9f0eae8c738ba085fe819ed8d956f3401b1fa05da578d38b1/1738833396225_0.jpg
1937253,9788999716362,교육심리학,"신명희, 강소연, 김은경, 김정민, 노원경, 서은희",학지사,22000,10000,https://cf-cii.everytime.kr/5d88090c686e89af8f4fca390563c71ecc2121dfb5949284eae88e468fbdb534/1618208843103_0.jpg
1937253,9788925409306,교육심리학,"신종호, 김민성, 최지영, 허유성, 이지은",교육과학사,28000,7000,https://cf-cii.everytime.kr/01c769bfd8701f43c5838a2d89d2658d10f86622ede161c42cff3eb42fe39272/1642338452791_0.jpg
1937253,9788999707285,교육심리학,"Paul Eggen, Don Kauchak",학지사,26000,5000,https://cf-cii.everytime.kr/881287d28e1d3b3d96a7763b3a253d34f705324434e4ba2765df97d1bc883d5a/1739085976398_0.jpg
1937261,9791130332369,민사소송법(강의)(양장본 HardCover),전병서,박영사,39000,27000,https://cf-cii.everytime.kr/7ded31706e21a7d11cf7009ead9fcddd6054ad0567876f931772eeda9876ea54/1613996168818_0.jpg
1937261,9791130336138,신민사소송법(14판)(양장본 HardCover),이시윤,박영사,56000,38000,https://cf-cii.everytime.kr/e581fb9b726410b070c2e24343d7ae453b0e37527fe7bc978b3861f704aac532/1638706531725_0.jpg
1937261,9791130329109,민사소송법입문: 역사 사례와 함께(개정판 2판),이시윤,박영사,20000,10000,https://cf-cii.everytime.kr/2c3ecf508b0ec2570dbf183ad5c69219eac7ea3df21039e5bc501dc2941f1c41/1520321038777_0.jpg
1937261,9791130326719,민사소송법입문,이시윤,박영사,20000,12000,https://cf-cii.everytime.kr/e702c9324cc610418679c1f42061714557b0faa0617b9b0b1702a3384efcd14e/1640573682852_0.jpg
1937288,9788999724824,아동관찰 및 행동연구,"성미영, 전가일, 정현심, 김유미, 정하나",학지사,19000,12000,https://cf-cii.everytime.kr/b846f5a51d077156f81d4bd769087b65dded94662ad34c6623406ec03f4d4418/1677475364492_0.jpg
1937288,9788999704932,아동 관찰 및 행동 연구(2판),"이순형, 이혜승, 권혜진, 이영미, 정윤주, 한유진성미영권기남김정민",학지사,16000,7000,https://cf-cii.everytime.kr/0b8957d4c49df732fa742c8f612029d608c227f26ab7290f3a7873ec3bd4ad54/1584077714694_0.jpg
1937302,9791132106616,정역학,"페르디난드 P. 비어, E. Russell Johnson Jr, Davis F. Mazurek",McGraw-Hill,37000,6000,https://cf-cii.everytime.kr/382af36ec23036f423a19784a3bf0756670203243bca6b065ee9a79f163f13c1/1672501549869_0.jpg
1937302,9789814660730,Vector Mechanics for Engineers: Statics(SI),"Beer, Johnston, Mazurek",McGraw-Hill,41000,25000,https://cf-cii.everytime.kr/a6c733d4f4793f5ccb218819a2f3cafd7f3136efce95f6183acaca5f34b015b6/1709519503711_0.jpg
1937302,9791132100881,정역학,"Beer, E. 러셀 존스턴 주니어, Jr David Mazurek",McGraw-Hill,36000,19000,https://cf-cii.everytime.kr/68d54cca2f0c675e8aabedb0fb9db42bf4f45f0d7e18d1515e63ba1137d6bfca/1613651197357_0.jpg
1937308,9781319108243,Lehninger Principles of Biochemistry,Nelson David,Palgrave Macmillan,98000,75000,https://cf-cii.everytime.kr/78afe76446286ce42295a3bf616de8fa78e2834e3f81b6c4b805224357b29649/1579693091411_0.jpg
1937308,9788958812715,생화학(상),"David L. Nelson, Cox Michael M.",월드사이언스,30000,8000,https://cf-cii.everytime.kr/921e5cacb9e39d6281cff03a1542bb3062a9879571856489953b8e1bba852d44/1708488491005_0.jpg
1937308,9791159430077,생화학(8판),"Jeremy M Berg, John L Tymoczko, Gregory J Gatto Jr, Lubert Stryer",범문에듀케이션,59000,10000,https://cf-cii.everytime.kr/ecbf0375674a537a0c5c9f4ae445d41505cc5a8ee5c601382e01048a6f7d5a75/1677063380338_0.jpg
1937322,9791185475578,운영체제,"Abraham Silberschatz, Peter Baer Galvin, Greg Gagne",퍼스트북,39000,27000,https://cf-cii.everytime.kr/b018ed8c4114f911e1e6e83c41d872d8b5879ebfe723bdd15f5869e9af53ec31/1645966345619_0.jpg
1937322,9781119586166,Operating System Concepts,"Silberschatz Avraham, PETER BAER GALVIN, GREG GAGNE",John Wiley & Sons Inc,47000,30000,https://cf-cii.everytime.kr/f548503c908f3b23dc7ab7a18336f9752cc79f58ac63776314797a96e07a30ae/1756707314140_0.jpg
1937322,9781118093757,Operating System Concepts,"Abraham Silberschatz, PETER BAER GALVIN, GREG GAGNE",Wiley,43000,25000,https://cf-cii.everytime.kr/9e49aaa4070c8f305429a15343378636d5d65881f19b4e16355936b74bfe5bcc/1598853987636_0.jpg
1937322,9788998886813,운영체제,"Silberschatz, Peter B Galvin, Greg Gagne",교보문고,38000,20000,https://cf-cii.everytime.kr/66956c9b44202f60b1740cdd29b9ec2954cf8367285db2e9477d3d06239461ef/1551969045899_0.jpg
1937417,9791156004707,유전학,"Hartwell, Goldberg, Fischer, Hood",도서출판 홍릉(홍릉과학출판사),20000,20000,https://cf-cii.everytime.kr/e7081a2b12f6aa922887775adb3996e6c92f705b65014ae5fdd3d6f64a8b9769/1581494331381_0.jpg
1937430,9788964213162,반도체 소자공학,"Betty Lise Anderson, Richard L. Anderson",한티미디어,35000,15000,https://cf-cii.everytime.kr/460ca92299175ca35b99203d0c6cef62b3debb388a1ecfb45d561be0d2022f06/1672024874052_0.jpg
1937430,9781259251351,Fundamentals of Semiconductor Devices,"Betty-Lise Anderson, Richard Anderson",McGraw-Hill,53000,18000,https://cf-cii.everytime.kr/995e329b1cd996cf9388905c33a66fb83f48267861bc97b96adc963739f1ef06/1646890998572_0.jpg
1937430,9791132101642,전자재료물성 및 소자공학,S. O. Kasap,McGraw-Hill,39000,7000,https://cf-cii.everytime.kr/ffc9145f91e025a9206ba6a7839ce553deac1950210016c130a2ee8fcf4c2cdd/1708488822754_0.jpg
1937430,9780071241526,Fundamentals of Semiconductor Devices,Anderson,McGraw Hill,39000,12000,https://cf-cii.everytime.kr/22506631179b0a4e9cbd786aac47246eca5375c616900122bb1f0ff3b84209b1/1674980151017_0.jpg
1937446,9788961059961,미분적분학,제임스 스튜어트,경문사(박문규),45000,15000,https://cf-cii.everytime.kr/620d4d4b3719e6c1f96231a5c34443b175db559edac90b0abbfd053f400d55f8/1608556333193_0.jpg
1937524,9791155502884,과학기술창업론,김경환,성균관대학교출판부,18000,9000,https://cf-cii.everytime.kr/271bc15d35f32f26b39a9ab99f04a9ef4ce8ca1be55e1f7072a124f8c969e4da/1577204294837_0.jpg
2009670,9781119941880,Contemporary Strategy Analysis : Text Edition (Paperback),Grant,Wiley,43000,17000,https://cf-cii.everytime.kr/2928fe8fc4a122685052ec2833c4d747bb236413e75a92ac2248d64560ad49ca/1518389326925_0.jpg
2009679,9789814780353,Principles of Economics,없음,.,38000,10000,https://cf-cii.everytime.kr/52e8a8ff8d1292479a038dad4e92e805e683f3a9a1f4bf70a30c26becaf2866a/1650529359015_0.jpg
2009679,9789814792301,Principles of Economics,그레고리 맨큐,Cengage Learning,39000,10000,https://cf-cii.everytime.kr/23a6c46a696c43307a8ead6ffee3576e85d7d148d100503ae9674d244c7f0e12/1701766194534_0.jpg
2009679,9781292019598,Macroeconomics,프레데릭 미스킨,Pearson Education,48000,40000,https://cf-cii.everytime.kr/bc23903390f355189762a8354b9f6393e399dda20980c60236dcd59f0f1d0a31/1622972783425_0.jpg
2009679,9788942008230,거시경제학,프레데릭 미스킨,경문사,10000,20000,https://cf-cii.everytime.kr/f307cb3af41faebcb36ac4c73ff0a1d4d2dcbaae5c5a0f31e8440776939cc83a/1696932201556_0.jpg
2009720,9780929306407,Fundamentals of Data Structures in C,엘리스 호로위츠,Silicon Press,45000,15000,https://cf-cii.everytime.kr/c1d799d3cf9ae4b8980ac56508a17acb66fd05ce4ddfb54b24063338369e05f2/1765893695157_0.jpg
2009720,9788970858944,C로 쓴 자료구조론,"엘리스 호로위츠, SAHNI, ANDERSON-FREED",교보문고,28000,12000,https://cf-cii.everytime.kr/6c2945935f16820f6088ccd2e1e176573284947754d2b6988123c3d952bbedd3/1710649593265_0.jpg
2009720,9788996094067,윤성우의 열혈 자료구조,윤성우,오렌지미디어,27000,4900,https://cf-cii.everytime.kr/249c134c93ee05a9f0eae8c738ba085fe819ed8d956f3401b1fa05da578d38b1/1738833396225_0.jpg
2009739,9791162241646,파이썬 라이브러리를 활용한 머신러닝,"안드레아스 뮐러, 세라 가이도",한빛미디어,32000,20000,https://cf-cii.everytime.kr/90f0e8fecda74ae9f3450f2d9cd2cfae205d695e71de2348e77755f3de4cdfa6/1614179085367_0.jpg
2009926,9788961542302,약품미생물학,감염미생물 면역약학과 부노가학회,라이프사이언스,48000,20000,https://cf-cii.everytime.kr/67df74a97a3ef1b00fc81d23a4c256f6406c116a5966371e5af1741af2c1b5d9/1735485588830_0.jpg
2010032,9791155501740,창의적 사고 소통의 글쓰기,"김경훤, 김미란, 김성수",성균관대학교출판부,20000,4000,https://cf-cii.everytime.kr/e2d27c670283f177ba6667c3fe7c3d76d08e92b31130a29c9f9eeac61dc61126/1738992173519_0.jpg
2010037,9782278093137,Bonjour Et Bienvenue ! Livre + CD 안녕하세요 프랑스어 입문,Xxx,Didier,27000,10000,https://cf-cii.everytime.kr/6d563525e2de3541a2a57a8e84ea67823a8f206e1d2f75a7664eb396cacfd57b/1678021645420_0.jpg
2010037,9788979869774,기초 프랑스어,성균관대학교 프랑스어문학과,성균관대학교출판부,15000,3000,https://cf-cii.everytime.kr/e654f7269c6adfcf21aaae5a42ca7aa2f5924a4f2cf7500aae972f383989af00/1606310888700_0.jpg
2010043,9791130307190,정치학의 이해,서울대학교 정치외교학부 정치학 전공 교수진,박영사,23000,10000,https://cf-cii.everytime.kr/b8f307f9aba80aa24e599ebfb1e75da0662ee82a80fd747e86e65f3a2efb055a/1751253842807_0.jpg
2010043,9791161930107,정치학의 이해,"Michael G Roskin, Robert L Cord, James A Medeiros, Walter S Jones",명인문화사,27000,10000,https://cf-cii.everytime.kr/e174ed131ea0a6307e2cf8c817d3deedeee63d95306a73dea66598dd7c2ac892/1646196633644_0.jpg
2010043,9791130302348,정치학: 인간과 사회 그리고 정치,한국정치학회,박영사,19000,3000,https://cf-cii.everytime.kr/0970ecaa4182fb8e583deef8a366e7e3afee3de9012cd217b349741e0260ff26/1598180311609_0.jpg
2010058,9788936307738,아동발달심리학,최경숙,교문사,20000,5000,https://cf-cii.everytime.kr/2d1b63d5d0e9e8e816601f4abafc0e4c3c8d56e0cfc5ba7ff3b35a4e8aec506e/1629793931082_0.jpg
2010106,9791132110866,생산운영관리,William J. Stevenson,McGraw-Hill,39000,15000,https://cf-cii.everytime.kr/f73ec066f4614f1a04740e0be0e4c4cde921e053781ecf333d50acdb717b06a1/1771599131272_0.jpg
2010106,9781260575712,Operations Management,William J. Stevenson,McGraw-Hill,53000,24000,https://cf-cii.everytime.kr/257459fae39e5d06a545148d82d8d2eea2879b496d15ba4ef0db02a8d2149faf/1750323244380_0.jpg
2010106,9791132101765,생산운영관리,William J Stevenson,MCGRAW-HILL Higher Education,39000,12000,https://cf-cii.everytime.kr/4ffd65a69e67951bc41a1909772108036c6962e045416515b3fa457c1380dbb1/1608352023322_0.jpg
2010106,9781259921810,Operations Management,William J Stevenson,McGraw-Hill Education,44000,10000,https://cf-cii.everytime.kr/b1ca7591f6b1a54e15a09f9e8db9953cf8968456b4e02b1ec35cf9f2c388e8fe/1626326049657_0.jpg
2010106,9781259007996,Opeartions Management,Stevenson,McGraw-Hill,42000,25000,https://cf-cii.everytime.kr/05484f0a8436df5b1f7b37344b7cd140ca79a42cfefee7fef235ae5720d423e3/1584519120974_0.jpg
2010106,9788960552722,생산운영관리(증보판 10판)(CD1장포함),William J Stevenson,McGraw-Hill,35000,10000,https://cf-cii.everytime.kr/b0a9b36e4009061e0e3cc4fb429ea6451ff48c3d582b7c4eada2c4efb9807258/1614501417336_0.jpg
2086869,9788931022759,방법서설,데카르트,문예출판사,22000,11000,https://cf-cii.everytime.kr/84a3ba338bd759f7adeb6758b9f90606633a5233035a949f4b50b05a20cf9c90/1776068280082_0.jpg
2086869,9788935652921,신기관(한국학술진흥재단 학술명저번역총서 서양편 1),베이컨,한길사,23000,5000,https://cf-cii.everytime.kr/fda28c13a50d7ebcd9a2cbf60f0b22fcb5ffa93ab10d6ecc2d0b2a876758cd55/1677151867138_0.jpg
2086869,9788931011333,방법서설,데카르트,문예출판사,15000,5000,https://cf-cii.everytime.kr/b6f83a7c22857620531eec3d10485eb0c3ae6892dddf3284aee17fef802e6b38/1642920013328_0.jpg
2086869,9788935664481,신기관,베이컨,한길사,25000,17000,https://cf-cii.everytime.kr/3346d731fa650879b6b5ae0fd1e17fd9ecda02301431e323015f878ca26804d2/1776068372098_0.jpg
2086870,9791155505311,"동양고전사서, 인간의 길을 찾다",고재석,성균관대학교출판부,15000,10000,https://cf-cii.everytime.kr/10386795138e2e4dbe6980c283651967d08aad3f53a87b725e3c6f782b0ce2da/1676256211530_0.jpg
2086874,9788952114525,과학고전선집,홍성욱,서울대학교출판문화원,20000,10000,https://cf-cii.everytime.kr/bcfd64ea00352edd63c4caadc8e106d74f49062c976eae6e1092771b0589bb5a/1596950231361_0.jpg
2086876,9791197310676,맹자,맹자,홍익,16000,8000,https://cf-cii.everytime.kr/fd9c46d90451b99d9d1be8cd79aafd60a71273f2cafac72015c9b89327e67643/1708098743266_0.jpg
2086876,9788967640330,우리말 사서(양장본 HardCover),금장태,지식과교양,25000,21000,https://cf-cii.everytime.kr/d4d42e9bec8481214746f3d1ddc4be5fadde201226af192559026685c0efac7c/1645540121065_0.jpg
2086881,9788955067224,로미오와 줄리엣(한국셰익스피어학회 작품총서 26),윌리엄 셰익스피어,동인,11000,6000,https://cf-cii.everytime.kr/4c7242b7c5cb8414f158455d21119a48b5fffcb83be28f06ccbd60a82b2550b0/1630522509096_0.jpg
2086881,9788952771216,젊은 베르터의 고뇌(세계문학의 숲 42),괴테,시공사,10000,7000,https://cf-cii.everytime.kr/453a4f8040674e09a804015f80f80e9721a94ac356215b0a29a229df2e96a86c/1654151179458_0.jpg
2086881,9788954609104,파우스트 1(세계문학전집 9),괴테,문학동네,10500,6000,https://cf-cii.everytime.kr/af23863eed3fd8cd06636b8254036cb4f074ccdc0a7ed48418fe83a92c3278b9/1630522959649_0.jpg
2086881,9788991290723,향연(푸른시원),플라톤,숲,10000,6000,https://cf-cii.everytime.kr/67ccc4d66f670b734065de21d3d4b816205e792a9fc5cf3c8b9bdad0a42424bc/1630468233899_0.jpg
2086881,9788955064063,사랑과 성과 문학,정진농,동인,15000,10000,https://cf-cii.everytime.kr/36e7d80cda07ef4abba489544bc9362ec901f8d31e33edfe636b765f54257790/1612358001201_0.jpg
2086883,9788932404363,파우스트,괴테,을유문화사,18000,9000,https://cf-cii.everytime.kr/0d0fb5c51088022188e42afbbfdfa2eb5237176b46e781948ae23373173c4f7c/1651052728685_0.jpg
2086884,9791159313981,판단력 비판(리커버),칸트,책세상,9900,6000,https://cf-cii.everytime.kr/40227fda4b62816a3695d0d636e3c3efbaeabc0bb14e727f3ab791ac9fe6c65a/1640956854481_0.jpg
2086884,9788931003260,성찰,데카르트,문예출판사,14000,8000,https://cf-cii.everytime.kr/a55720e3e9bccd666050377eeede74397be9e6a022a021a9139586739e13e5d0/1756628491166_0.jpg
2086884,9788930606233,국가 정체,플라톤,서광사,35000,22000,https://cf-cii.everytime.kr/6a83a1d9e9b9f710f80c7ea89b2fba221cbe45b7e00ba520de2be994b8bef75c/1710073927903_0.jpg
2086885,9788932403328,마의 산 하,토마스 만,을유문화사,15000,10000,https://cf-cii.everytime.kr/b52e3cc104a3008f94af205637eab2900c43e0a0dfd21b0d24295f41b58404af/1724730582811_0.jpg
2086885,9788932403311,마의 산(상),토마스 만,을유문화사,15000,10000,https://cf-cii.everytime.kr/2ab65994827629489d954cd857a7e84faf9847c1ff7f22f75b8c1415affeb133/1724730480614_0.jpg
2086885,9788932916477,마의 산(하)(열린책들 세계문학 219)(양장본 HardCover),토마스 만,열린책들,11800,8000,https://cf-cii.everytime.kr/819f154f801df24079a9350785b218fdb5cd35e2dce78bece9e7c7f88afd71c6/1612876872316_0.jpg
2086885,9788932916460,마의 산(중)(열린책들 세계문학 218)(양장본 HardCover),토마스 만,열린책들,11800,8000,https://cf-cii.everytime.kr/b1f461fa0ed48e79d0c2481b1c0aeec48e88173e492e454050be0e6c38d71550/1612876757065_0.jpg
2086885,9788932916453,마의 산(상)(열린책들 세계문학 217)(양장본 HardCover),토마스 만,열린책들,11800,8000,https://cf-cii.everytime.kr/290933b58eaa34790016d93580574fb592318eecab02c52b6df3e4d5de287c0b/1612876588904_0.jpg
2086885,9788937460081,토니오 크뢰거 · 트리스탄 · 베니스에서의 죽음,토마스 만,민음사,15000,7000,https://cf-cii.everytime.kr/ad02234191b3c68957ffa6274d67a896a5f0d427eb3f2cb285f3f13e9121d09c/1756956242787_0.jpg
2086887,9791195509119,유재원의 그리스신화 1: 올림포스 신들,유재원,북촌,30000,18000,https://cf-cii.everytime.kr/86924106f9c9f8f56788b3f1f82497c8fc888de8a843acc99aacc9055ce0339c/1629698948748_0.jpg
2086887,9788991290327,그리스 비극 걸작선,"아이스킬로스, 소포클레스, 에우리피데스",숲,20000,10000,https://cf-cii.everytime.kr/07994ec5b4de0d77a294f96bca4cd40c04d9867143200dc53f3ee7ece8600d5e/1677648846394_0.jpg
2086888,9788957332900,도덕과 입법의 원칙에 대한 서론,제러미 벤담,아카넷,35000,22000,https://cf-cii.everytime.kr/6ab9293912b86fe43f7bdeb2e0fc8f28a4cd9f3cca965826eb9b2c19a719b0a9/1613987362289_0.jpg
2086889,9788930621403,책임의 원칙:기술 시대의 생태학적 윤리,H요나스,서광사,18000,9000,https://cf-cii.everytime.kr/750ee05b668614c716f5f857f51922f2c6a5ef59ce8ddf5192520cef5a94078f/1630229447459_0.jpg
2086890,9788937462177,오이디푸스 왕,소포클레스,민음사,11000,6000,https://cf-cii.everytime.kr/53d29cba75bec96c3f2881e393047070330f202b8cf0e1dc87465cd9853c5c75/1676945378031_0.jpg
2086891,9788936477820,정선 목민심서,정약용,창비,18000,15000,https://cf-cii.everytime.kr/2b563c1c271a22d664bd50984ee4dfb588a4cc2b093e8a460b9a239d33f3f183/1646115449411_0.jpg
2086891,9788956441214,향연(정암학당 플라톤 전집),플라톤,이제이북스,13000,6000,https://cf-cii.everytime.kr/6733b692394c24eb8fa1464a49ac27d57d3d66b8fc58510e3346d2fd76bfc3b4/1662686612936_0.jpg
2086894,9788992229746,기려수필. 3(양장본 HardCover),송상도,문진,30000,10000,https://cf-cii.everytime.kr/1e85ac420cf60eb467d2d2dfb54b255ef353d6bf9e5190aac1a44c709c6c02c4/1639110192641_0.jpg
2086894,9788992229739,기려수필. 2(양장본 HardCover),송상도,문진,30000,10000,https://cf-cii.everytime.kr/051e7be1b17c24ceb53d505e3d918eccc9d35bbf6974c2f616e1f9809ef6508f/1639110048854_0.jpg
2086895,9791159014246,햄릿(셰익스피어 전집 6),윌리엄 셰익스피어,한국외국어대학교 지식출판콘텐츠원,10000,5000,https://cf-cii.everytime.kr/9f943d2710105d4e154f3991db0cf535702485d240ce00d6476ae174ad2c8d99/1654674368535_0.jpg
2086895,9788931005912,라쇼몽(문예세계문학선 61),아쿠타가와 류노스케,문예출판사,9000,4500,https://cf-cii.everytime.kr/33a49ccb378471e2d7c37473dd4e09aac7ebbbcf20ae2770c110f291cb7c6f75/1654675180495_0.jpg
2086895,9788931003581,멋진 신세계,올더스 헉슬리,문예출판사,12000,5000,https://cf-cii.everytime.kr/696c72c04dda4a27dd1d9bffbb8a68341635aee041a53730d0c267bfbaa35c35/1654675130049_0.jpg
2086896,9791190365000,주체적으로 산다,임홍태,책과이음,16500,10000,https://cf-cii.everytime.kr/1df6751d5c04f1916581eeaf9e460e684bfe7feed67bec844446f19081784108/1645366454688_0.jpg
2086897,9788957336663,향연,플라톤,아카넷,15000,10000,https://cf-cii.everytime.kr/78768dc6c97ef2ca601569d55467cbf366c15d48bf951dcd64683b048f122b37/1741448626842_0.jpg
2086897,9788956441078,향연(정암학당 플라톤 전집 10),플라톤,이제이북스,11000,5000,https://cf-cii.everytime.kr/35052ee1a8701200aa87a8d5101597ee42c1c5963b4d1135fa5cd2cc083baff3/1641103949254_0.jpg
2086897,9788956441214,향연(정암학당 플라톤 전집),플라톤,이제이북스,13000,5000,https://cf-cii.everytime.kr/0e574d02adf60f754f0ab48dcb500832ab276280809aa87d85c5fd333cdc5230/1690769501921_0.jpg
2086897,9788964450383,니코마코스 윤리학,아리스토텔레스,길,28000,15000,https://cf-cii.everytime.kr/38dc5b1585483fd59be7f291f4a328c1816be60531d61890bdaa694ccccf214b/1646051665105_0.jpg
2086902,9788937460043,변신 시골의사,프란츠 카프카,민음사,8500,4000,https://cf-cii.everytime.kr/86738d2a3637162bf9632655947cdeabddc0aaecbb2e3d780b6544a3a4662bef/1704962817691_0.jpg
2086902,9788937460081,토니오 크뢰거 · 트리스탄 · 베니스에서의 죽음,토마스 만,민음사,15000,7000,https://cf-cii.everytime.kr/ad02234191b3c68957ffa6274d67a896a5f0d427eb3f2cb285f3f13e9121d09c/1756956242787_0.jpg
2086904,9788957336762,파이돈,플라톤,아카넷,13000,10000,https://cf-cii.everytime.kr/e8f04d7774393f22353085cad8d4a4d1a9860a05c24fe0a8d66b95af7c2d24fe/1693054221934_0.jpg
2086904,9788932010250,쾌락(문지스펙트럼:세계의고전사상 1),에피쿠로스,문학과지성사,8000,4000,https://cf-cii.everytime.kr/1bf708a63b449e384c816f7849056c97695808cad98c8a117de5dd52f21117d1/1598013991733_0.jpg
2086904,9788936477820,정선 목민심서,정약용,창비,18000,12000,https://cf-cii.everytime.kr/963e0b02bb4ce0fa163c118f66df03f4f843512850f687fcadf175d7813a8c19/1677236136228_0.jpg
2086904,9788956441160,파이돈(정암학당 플라톤 전집 15),플라톤,이제이북스,12000,8000,https://cf-cii.everytime.kr/967608f1737d1e6a7b5b301796bcd44d4f36a099cfbd9cc9c3454134c3739de5/1601529186162_0.jpg
2086904,9788964450383,니코마코스 윤리학,아리스토텔레스,길,28000,15000,https://cf-cii.everytime.kr/38dc5b1585483fd59be7f291f4a328c1816be60531d61890bdaa694ccccf214b/1646051665105_0.jpg
2086905,9788931004953,문화와 제국주의,에드워드 사이드,문예출판사,32000,18000,https://cf-cii.everytime.kr/c3129498fb8491dbd2096923a0071db116cd67706deb7d18a84c40e60cd23de7/1709180863397_0.jpg
2086905,9788974531867,문화와 제국주의,에드워드 사이드,창,28000,3000,https://cf-cii.everytime.kr/718f8d2986ac463fb3547581ac22bc871be964d843e93f41e6e5400714adf359/1741578277033_0.jpg
2086906,9788983711601,통섭,에드워드 윌슨,사이언스북스,27000,9000,https://cf-cii.everytime.kr/a271557d10faa69d524cc9fc2e21da9b64cf997d6f496aeabb7e2adb3c18db5e/1756648233965_0.jpg
2086906,9788930606233,국가 정체,플라톤,서광사,35000,22000,https://cf-cii.everytime.kr/6a83a1d9e9b9f710f80c7ea89b2fba221cbe45b7e00ba520de2be994b8bef75c/1710073927903_0.jpg
2086908,9791155502228,유학과 사회생물학(SKKUP 연구총서 6)(양장본 HardCover),최문형,성균관대학교출판부,25000,10000,https://cf-cii.everytime.kr/885aef4403e4c34db70a9c86be3ad67b5dafe8d12eec2321280d1388ef9106c1/1627854995423_0.jpg
2086911,9791196374846,웃음,앙리 베르그송,파이돈,13000,6000,https://cf-cii.everytime.kr/7e7b1810df959401175d16eb4387f12a56bb987f04cdddca630388176685e7eb/1724726009692_0.jpg
2086911,9788932920542,농담과 무의식의 관계,지그문트 프로이드,열린책들,24000,12000,https://cf-cii.everytime.kr/6e72fe6d7556ff8ca34eee69120a24bc3b69c8ea9fd648219dcc04f68f8fa424/1656393391864_0.jpg
2086911,9788949714455,웃음 창조적 진화 도덕과 종교의 두 원천,베르그송,동서문화사,12000,10000,https://cf-cii.everytime.kr/24db80e96ca08b6b23b398975d53118fd1f015da143db777b9295307592887c4/1615027897266_0.jpg
2086911,9788932905143,농담과 무의식의 관계(프로이트 전집 6),지그문트 프로이트,열린책들,18000,13000,https://cf-cii.everytime.kr/89565de1168c3bde28d124c391e00be18d81317745c230e898ee448975ae291f/1629111287894_0.jpg
2086911,9788949705019,웃음 창조적 진화 도덕과 종교의 두 원천(월드북 74)(양장본 HardCover),베르그송,동서문화사,20000,10000,https://cf-cii.everytime.kr/86e23a17d6e004ab26ea851ea171224577460759b49ae2cb1f4cf2824f8adaef/1599452264607_0.jpg
2086912,9788930621403,책임의 원칙:기술 시대의 생태학적 윤리,H요나스,서광사,18000,9000,https://cf-cii.everytime.kr/750ee05b668614c716f5f857f51922f2c6a5ef59ce8ddf5192520cef5a94078f/1630229447459_0.jpg
2086913,9788930662031,현상학과 예술,메를로 퐁티,서광사,22000,4000,https://cf-cii.everytime.kr/946234d8209392a57439147eb09c9f86682d5f3514329728291ab7802fff1bb8/1677488775859_0.jpg
2086914,9788931023268,프로테스탄트 윤리와 자본주의 정신,막스 베버,문예출판사,14000,8000,https://cf-cii.everytime.kr/33d3570b486ceba6f1e7d70c18dfe24521795f79617e06a5964f5c171e862223/1740133681291_0.jpg
2086914,9788931021547,프로테스탄티즘의 윤리와 자본주의 정신(완역본/리커버판),막스 베버,문예출판사,12500,8000,https://cf-cii.everytime.kr/b8bcbcc826bf016970a963d67719235d7be59573f1026b9a42ecb1fbbf4d20dc/1693201622019_0.jpg
2086914,9788931000443,프로테스탄티즘의 윤리와 자본주의 정신,막스 베버,문예출판사,15000,6000,https://cf-cii.everytime.kr/8be91484b9d785888b0ac20402b6fe44134875a0c9b8cfce94c479c085e310f5/1613952531164_0.jpg
2086916,9791160870374,호모 루덴스,요한 하위징아,연암서가,16000,8000,https://cf-cii.everytime.kr/99abc913d7b3263059a915daef4f02518496213378d918eedf622d4bafc8337a/1677513930817_0.jpg
2086920,9791189198862,종의 기원,"찰스 다윈, 다윈포럼 기획",사이언스북스,22000,12000,https://cf-cii.everytime.kr/213ce53cb03339bd499045d954252ae7db025f1e3f7d88b5689efb98b67769c3/1757046295378_0.jpg
2086920,9788949707952,종의 기원(양장본 HardCover),찰스 다윈,동서문화사,23000,15000,https://cf-cii.everytime.kr/fbf77f8c0e32260a8337b148c23186c1afee7c52cf2ce5542655cb1c7f528dcd/1613789514279_0.jpg
2086922,9788961473569,불안한 현대사회,찰스 테일러,이학사,12000,5000,https://cf-cii.everytime.kr/0de55e2cfcf3ef70b1db4b78f3cc78b6aec38717adfe538dcb5ed2e5f9abd0e5/1720932049271_0.jpg
2086922,9791159312236,자유론(리커버),존 스튜어트 밀,책세상,9900,4000,https://cf-cii.everytime.kr/273a4385d4e5aa60274f03999654ca5d5a4b217aa85b48f884efda6af4804fd0/1720931800146_0.jpg
2086922,9788934939603,정의란 무엇인가,마이클 샌델,김영사,15000,5000,https://cf-cii.everytime.kr/6bb393d22de506156674f9243670694467547541fa45dc23029dd70a68007226/1677572344899_0.jpg
2086922,9788937834790,정의란 무엇인가,마이클 샌델,와이즈베리,18000,8000,https://cf-cii.everytime.kr/c06d5dcfcece3b41e8cebd7a57793b67691b5eeb95ca0e3dfd59757633274cc5/1709730530031_0.jpg
2086925,9791155505847,성균 논어,"이천승, 고재석",성균관대학교출판부,15000,5000,https://cf-cii.everytime.kr/e114a8424bad4ab22bccd60ffdaa3b6c205fd335a12b5446feb8148b34bc4353/1773360300084_0.jpg
2086925,9791155504611,"우리들의 세상, 논어로 보다","이천승, 강보승, 고재석, 권경자, 김동민, 정병섭",성균관대학교출판부,13500,5000,https://cf-cii.everytime.kr/e7a03c2878ade717eba8f1d95acbdb2e4d08fb6e4b1b438834660c82d18d2058/1677164593235_0.jpg
2086925,9788959132171,유교 아시아의 힘(인사이트아시아),KBS 인사이트아시아 유교 제작팀,위즈덤하우스,16800,8000,https://cf-cii.everytime.kr/087e52223476bfa0a186193d2d6eda5e2f85e63bd9665bfd4f391c9b9caa2166/1598166489106_0.jpg
2086925,9791155502389,"우리들의 세상, 논어로 보다","고재석, 권경자, 김동민, 이천승, 정병섭",성균관대학교출판부,12000,3000,https://cf-cii.everytime.kr/d9a6da2d1bfe64b24bb0e2cde283cce0adbb2bf2e193c18ef973269d7fb2b68b/1677416857073_0.jpg
2086933,9791155500590,소통의 기초 스피치와 토론,스피치와 토론 교과교재 출간위원회,성균관대학교출판부,20000,4000,https://cf-cii.everytime.kr/273b083ca73b6b438245587b2a69a43c3d56deb09e1674dde8540b1ac364b040/1709540091004_0.jpg
2086935,9791155500590,소통의 기초 스피치와 토론,스피치와 토론 교과교재 출간위원회,성균관대학교출판부,20000,6000,https://cf-cii.everytime.kr/768cbf4fcee0ab72369ea25a2bb8b44481ab8bc93073dc65c02a073207ef3baf/1778505356918_0.jpg
2086940,9791195195169,창의적설계입문(워크북포함),김용세,생능출판,21000,5900,https://cf-cii.everytime.kr/a0af7a64903c58e6bc6bf5a8dbdaf58b513c25644ae29c91e1fb92c4705e0c5f/1693191094739_0.jpg
2086940,9788970506258,창의적설계입문,김용세,생능,18000,4000,https://cf-cii.everytime.kr/d4f44d494c786063b9711bee1ae6c13e74b05a5797e797c4c9e9357220ce631d/1506093404316_0.jpg
2086956,9788937426650,문학의 이해,권영민,민음사,20000,3000,https://cf-cii.everytime.kr/111d7fdf708310861c4efb8bc0d75ed044a169628407f8de30826626950cf7d2/1773398409473_0.jpg
2086961,9788974402556,철학 입문,"롤란트 W헹케, 에바 마리아 제빙, 로타 아스만, 라이너 베르트만, 마티아스 슐체",북비,16000,5000,https://cf-cii.everytime.kr/d3d58d2c6b76868a7df3afee8183a65556f4b9c7fe949343b6b9498c0d823c79/1726838483034_0.jpg
2086968,9781292229478,"Campbell Biology: Concepts & Connections, Global Edition",없음,없음,164400,10000,https://cf-cii.everytime.kr/120a9180e99145b146d55bdc8881b269c40eb992a26fd6ae88c94b33853fd477/1641194738624_0.jpg
2086975,2090000016222,일반물리학실험,성대물리학과,북스힐,12000,4000,https://cf-cii.everytime.kr/f6bb5ac1981b080b5e694892bdb5289c70b1d5ae7108c6cd7d41d014b3257e42/1693390603526_0.jpg
2086975,9788955268225,일반물리학실험(개정판),박찬응,북스힐,16000,5000,https://cf-cii.everytime.kr/b8e6958bbd4a7bea27bf7f3bb86814f1a4635e6e2255950e0d71ff30c643fba7/1773919832482_0.jpg
2086986,9788974747732,의산문답(청소년 철학창고 34),홍대용,풀빛,13000,8000,https://cf-cii.everytime.kr/5e9540aa7d2fba4b26561a44ba038f0c22190783f440c00748b96a31c50dbfa7/1614083045950_0.jpg
2087072,9781292178202,Mechanics of Materials,R. C. Hibbeler,Pearson,52000,40000,https://cf-cii.everytime.kr/7583c75e5b637be516979ce0bc40512227dd24ce1944ed2dee82dd5e3f6183f9/1672208042242_0.jpg
2087072,9791195444922,재료역학,R. C. Hibbeler,프로텍미디어,39000,7000,https://cf-cii.everytime.kr/79a562d69deaa5de11c20fc7341da3a974200386ff5d191bcfe50d5d030409c9/1773124204349_0.jpg
2087072,9789810694364,Mechanics of Materials,Russell C. Hibbeler,Pearson,39000,10000,https://cf-cii.everytime.kr/23adc42855995bc037e87ab0c478738bf4c8b7c5f304030e5067357a3b3bab5b/1670909594756_0.jpg
2087081,9788937833663,돈으로 살 수 없는 것들,마이클 샌델,와이즈베리,18000,3000,https://cf-cii.everytime.kr/7e322da00428ba78e31afcd4a11913b8ed8297bf600103ecfe09c18178c8af6b/1677460743428_0.jpg
2087092,9788964212851,화학공정계산,"Richard M. Felder, Rousseau Ronald W., Bullard Lisa G.",한티에듀,43000,20000,https://cf-cii.everytime.kr/0d496f4d277f7a0f0853649153fba23abfac37fb4530ff7f2103570c076e34ce/1742795216740_0.jpg
2087092,9781118092392,Elementary Principles of Chemical Processes,Richard M. Felder,Wiley,57000,20000,https://cf-cii.everytime.kr/c4eabf3d6fa723739bc4290b790a391b20c37914a5a568b29950b55d2672db45/1725492916174_0.jpg
2087098,9791158082994,전기화학,"백운기, 여인형",자유아카데미,32000,25000,https://cf-cii.everytime.kr/7fbd025bf554d2193211aa7786b95a628d0c8a8b25e9f9afe79e180bca7df5e4/1644504831259_0.jpg
2087120,9791188791378,자동차공학,"오태균, 박광서, 이진욱",진샘미디어,24000,12000,https://cf-cii.everytime.kr/28dd5de2092ece8d95711b45361f853554e1d45186f1ec11fa04102d61f69503/1724238825580_0.jpg
2087120,9788962851120,자동차 공학,"오태균, 박광서",대가,20000,8000,https://cf-cii.everytime.kr/4be794971c2d0d3bb318ca855f6ef9c71dc835de0fe455887957f3b48570b2d6/1592707300588_0.jpg
2087121,9788960552876,기계설계(SI),"Budynas, J. Keith Nisbett",McGraw-Hill,36000,20000,https://cf-cii.everytime.kr/8a0378fa7d03a7cb6e651a200691415f0e2075f381ac760f243264255904403d/1647514806149_0.jpg
2087121,9788991502871,기계설계,정남용,학진북스,47000,30000,https://cf-cii.everytime.kr/3fa411963488750c31b153fef79955579e30a2afa0fef3d79cea38f2520cf405/1693235748814_0.jpg
2087128,9781292101767,Computer Systems,Bryant Randal E.,Pearson,66000,30000,https://cf-cii.everytime.kr/c33e59e52d65a16e9e25997e4423b6e574bdc75c35d2eb3bc3ef9cac79d1cddd/1747579150938_0.jpg
2087142,9788930089982,현대 사회학 이론,조나단 터너,나남,34000,20000,https://cf-cii.everytime.kr/a1a85813c506217ed3333d7d4bfae712fbf76a962649dcdf71af6c896fc21919/1777214286591_0.jpg
2087142,9788946065239,은유로 사회 읽기,대니얼 리그니,한울아카데미,33000,13000,https://cf-cii.everytime.kr/930265b01eb3123bdfe8c1625a8db0813b12d7d465312ae78182c16cdee0ea97/1639898716120_0.jpg
2087149,9788991720381,대학 중용집주,성백효,전통문화연구회,12000,5000,https://cf-cii.everytime.kr/f376f0b31199055c12eb53d1171062914b01d30d4d5a4fa37a8998bacf3b1e7e/1527100467929_0.jpg
2087213,9791158902919,기사 작성의 기초,"이재경, 송상근",이화여자대학교출판문화원,19000,14000,https://cf-cii.everytime.kr/4ac73364c532e57cf1afe4659cff148f141f409d4fbdc2a1e412ae0a0967f110/1606808480496_0.jpg
2087214,9788999720062,디지털 시대의 광고 크리에이티브,"윤일기, 남고은, 김규철, 이희준, 구승회, 이선구",학지사,20000,18000,https://cf-cii.everytime.kr/330bfaa44f6d87c640b7b19bb697061c8c1fcaca80fc3f30392d664262b1f8b8/1622366328360_0.jpg
2087216,9788946081383,미디어 경영론 5.0,"한국미디어경영학회, 박주연, 장병희, 이상우, 이상원, 홍성철",한울아카데미,25000,10000,https://cf-cii.everytime.kr/fc5f95e9355c8945819cc73e2c58e3cc28af02c1f2705b09b496846dcfbfaf09/1719048729910_0.jpg
2087216,9791130400181,미디어 경제학,"콜린 호스킨스, 스튜어트 맥패디언, 아담 핀",커뮤니케이션북스,28500,17000,https://cf-cii.everytime.kr/1daefa2860f4047fb822774b78e99e686a26fd4a464ef517b0c85be5213924b8/1739455076539_0.jpg
2087230,9788999725043,인지심리학의 기초,"Michael W. Eysenck, Marc Brysbaert",학지사,30000,8000,https://cf-cii.everytime.kr/065a1111cb1a443884e84564872df5df759d3d7440f13521ae271033a3b9294f/1742550569040_0.jpg
2087230,9788968669729,인지신경과학 입문,Jamie Ward,시그마프레스,33000,15000,https://cf-cii.everytime.kr/242a52079bd5178a4a635295cc220fabfb88989b3f3a04012640b54d5f0efce4/1668519225282_0.jpg
2087230,9788962183870,인지 심리학,E Bruce Goldstein,Cengage Learning,36000,8000,https://cf-cii.everytime.kr/38320a691d67692aad8104a7ffa9e4ac66606b068ee8d68cf902299381398d03/1742550109718_0.jpg
2087232,9788999706325,집단상담의 이론과 실제,Gerald Corey,학지사,32000,10000,https://cf-cii.everytime.kr/22db57d4a8e6a04b02a7213c41daad20fea952f003a9815418046f3225611294/1577057621707_0.jpg
2087232,9788963309262,현대 심리치료와 상담 이론,권석만,학지사,22000,10000,https://cf-cii.everytime.kr/1e6f535cc39b922f2b8157f07eb309bba3d7f18c45b5e4346522419b582a1c25/1577057731986_0.jpg
2087258,9788961541497,분자생물학,Robert F. Weaver,라이프사이언스,49000,15000,https://cf-cii.everytime.kr/ad89a8c78a85561c8b6f502283f928f76febaee56c2399bcb238a94f0870975c/1622973282950_0.jpg
2087331,9780132336215,"Probability, Statistics and Random Processes for Electrical Engineering",Leon-Garcia,Prentice-Hall,62000,20000,https://cf-cii.everytime.kr/8554cfdd7cc8ef30aa215bdcd4024b9a0e0b5ceb00123a83cb737ede4b3a5e58/1671863986521_0.jpg
2087346,9781138032354,Lu's Basic Toxicology,없음,없음,222750,60000,https://cf-cii.everytime.kr/6bad99c01048c091799b37b798d6ee9309ea7967c380158bc4db3a08fae0da21/1764927829992_0.jpg
2087428,9788998308100,고체전자공학,"Ben G Streetman, Sanjay Kumar Banerjee",성진미디어,35000,10000,https://cf-cii.everytime.kr/2a4a5bcb8f9b4acba6b2475a3c56336b62513c751d7cf88bc63d8582359dc216/1592746659690_0.jpg
2087444,9791132101635,국제경영,"Charles W. L. Hill, Hult G. Tomas M.",맥그로힐에듀케이션코리아,37000,16000,https://cf-cii.everytime.kr/6c2514d1e8b082cbbfdfd3a07aa62c1b96006af91f96259cb5f4f4b9204533e8/1758082685192_0.jpg
2087444,9791156159919,국제경영,Charles W. L. Hill,McGraw-Hill,35000,20000,https://cf-cii.everytime.kr/6bf62b4cc1aac8cbb110e455525e89a53f234e7dd175bea95ac3256316bf2c49/1568124069760_0.jpg
2168579,9791155504017,The Write Way,성균관대학교 학부대학,성균관대학교출판부,17000,3000,https://cf-cii.everytime.kr/1f682082d34b016cea014f80d12b0d9c5b7868a38701147765dfa5cec048c10c/1660724466488_0.jpg
2168579,9791155502396,Poised to Present,성균어학원,성균관대학교출판부,15000,1000,https://cf-cii.everytime.kr/d5f0ab4ec77c85d68a8653a538260a65981bdf930935bf811e60a8a545c24569/1770721244787_0.jpg
2168590,9791155501740,창의적 사고 소통의 글쓰기,"김경훤, 김미란, 김성수",성균관대학교출판부,20000,9000,https://cf-cii.everytime.kr/28f6c3d044998d041e445edfc001d20423e9efe20bc7c6cad9e660ad7eb897c7/1778505543192_0.jpg
2168591,9791155504628,학술적 글쓰기,"원만희, 박정하, 김종규, 이기백, 김치헌, 김상현",성균관대학교출판부,25000,15000,https://cf-cii.everytime.kr/8e515a7a7bbce838fee84334aa7a46b476fd36a15c7ee49940e75ba71e8fe3d0/1640670223069_0.jpg
2168591,9791155500606,비판적 사고 학술적 글쓰기,"원만희, 박정하, 박상태, 한기호, 김상현, 이창후",성균관대학교출판부,20000,3000,https://cf-cii.everytime.kr/90f36604407c7c52b7a6ac7a168b6aa4bf1cb7cb46773bf2c98ff44c8a570aa7/1693236428999_0.jpg
2168592,9791155504628,학술적 글쓰기,"원만희, 박정하, 김종규, 이기백, 김치헌, 김상현",성균관대학교출판부,25000,15000,https://cf-cii.everytime.kr/8e515a7a7bbce838fee84334aa7a46b476fd36a15c7ee49940e75ba71e8fe3d0/1640670223069_0.jpg
2168592,9791155500606,비판적 사고 학술적 글쓰기,"원만희, 박정하, 박상태, 한기호, 김상현, 이창후",성균관대학교출판부,20000,3000,https://cf-cii.everytime.kr/90f36604407c7c52b7a6ac7a168b6aa4bf1cb7cb46773bf2c98ff44c8a570aa7/1693236428999_0.jpg
2168595,9788970506258,창의적설계입문,김용세,생능,18000,4000,https://cf-cii.everytime.kr/d4f44d494c786063b9711bee1ae6c13e74b05a5797e797c4c9e9357220ce631d/1506093404316_0.jpg
2168598,9791195195169,창의적설계입문(워크북포함),김용세,생능출판,21000,5900,https://cf-cii.everytime.kr/a0af7a64903c58e6bc6bf5a8dbdaf58b513c25644ae29c91e1fb92c4705e0c5f/1693191094739_0.jpg
2168598,9788970506258,창의적설계입문,김용세,생능,18000,4000,https://cf-cii.everytime.kr/d4f44d494c786063b9711bee1ae6c13e74b05a5797e797c4c9e9357220ce631d/1506093404316_0.jpg
2168672,9781266248610,Managerial Accounting,"레이 개리슨, Eric Noreen, Peter Brewer",McGraw-Hill Education,64000,27000,https://cf-cii.everytime.kr/bfb1cf9500ba1533c8e81b56a69ed00480af296db76e520728cd37a4b75b437f/1739083492135_0.jpg
2168672,9791186674833,원가관리회계,"Ray H. Garrison, Eric W. Noreen, Peter C. Brewer",지필미디어,40000,35000,https://cf-cii.everytime.kr/a2f5d33f80c0c5df2129a4474a4955607ad96f1ddeb00be58d877b162b083fae/1693462297637_0.jpg
2168672,9788955017687,관리회계,백태영,신영사,35000,9000,https://cf-cii.everytime.kr/781662932edd20da7d6fee827c00c1de69b65685aa26b2c56379dc05b3b404a7/1754806342175_0.jpg
2168672,9781260575682,ISE Managerial Accounting,"Ray H. Garrison, Eric W. Noreen, Peter C. Brewer",McGraw-Hill,54000,20000,https://cf-cii.everytime.kr/e1a5938fce5508838e2701846a85e950396aa85c7747f484a8bbf655bad90b98/1739626495382_0.jpg
2168672,9788955016857,엑셀과 R Commander를 활용한 통계,김태웅,신영사,27000,4000,https://cf-cii.everytime.kr/777a86ed4f1c162e7a0734094a369b195d0d44e1c90dd4d6dc41aadbb0805f07/1709485371748_0.jpg
2168672,9781260091908,Fundamentals of Corporate Finance,Ross,McGraw-Hill,50000,7000,https://cf-cii.everytime.kr/fb400912c8bb79e403125d17ca91328b8fceb291e3cc1da269dc49ec0b5a9d62/1630298950644_0.jpg
2168672,9789814714525,Introduction to Managerial Accounting,"Brewer, Garrison, Noreen",McGraw Hill,42000,7000,https://cf-cii.everytime.kr/747076f031105171b760177b11132439bbf1cf40e3ce5af759cfcc540d709400/1585021347962_0.jpg
2168686,9781119504306,Financial Accounting,"Paul D. Kimmel, Donald E. Kieso, Jerry J. Weygandt",Wiley,45000,36000,https://cf-cii.everytime.kr/55e32b111211406d5cc0c3b6add66b7fa4289d215cf4612a3d0d827378f327ab/1734925286076_0.jpg
2168686,9781118978085,Financial Accounting,"Jerry J. Weygandt, Paul D. Kimmel, Donald E. Kieso",Wiley,57000,15000,https://cf-cii.everytime.kr/c23ccdeb1cde09fb3e643b37c1f3d197085b09e71a903e3f2145ca45a36f2612/1566104298789_0.jpg
2168689,9788988825907,경제 경영수학 길잡이,"알파 치앙, Kevin Wainwright",한국맥그로힐,34000,7000,https://cf-cii.everytime.kr/f2161aec92d3c0e10262f4fb383dd837ca00a2904aee95dc5ab58c07fd0b77d7/1613307607680_0.jpg
2169070,9788955662122,거시경제학 강의,김명기,한나래,25000,13000,https://cf-cii.everytime.kr/4d4c5e6d4f5151b6ae70e04e25ab703962ed923f5edb23641255cf23cc7fafd6/1644745667414_0.jpg
2169070,9788968667640,거시경제학(9판)(양장본 HardCover),그레고리 맨큐,시그마프레스,39000,10000,https://cf-cii.everytime.kr/43fecda8a0b497eec0175e111a67885436ed5dc786da59153dbf6b4dd0f9299e/1702041040024_0.jpg
2169093,9791155501658,말하기 능력을 키우는 발표의 기술,"김경훤, 홍은실, 현원숙, 김희경, 오광근, 유하라",성균관대학교출판부,15000,4000,https://cf-cii.everytime.kr/a09e358d29d2d6f92b6aeafd4f1c009b67def376b6de58d498e78be39f9b64a0/1645858560349_0.jpg
2249282,9788937423185,산해경,정재서,민음사,15000,7000,https://cf-cii.everytime.kr/582a214bc7e4b982b62143ee0a1184a8e0b873cea516f4776e84b314ce80ad2d/1645213846419_0.jpg
2249283,9788932015354,가르강튀아 팡타그뤼엘,프랑수아 라블레,문학과지성사,20000,9000,https://cf-cii.everytime.kr/fb92c04cc48a86bb501b06c853b38cc9b39211da65bd118f2448c0849b99a2b7/1645346172975_0.jpg
2249284,9788931011333,방법서설,데카르트,문예출판사,15000,5000,https://cf-cii.everytime.kr/b6f83a7c22857620531eec3d10485eb0c3ae6892dddf3284aee17fef802e6b38/1642920013328_0.jpg
2249286,9791155504017,The Write Way,성균관대학교 학부대학,성균관대학교출판부,17000,7000,https://cf-cii.everytime.kr/d109208b686704e5dd9ee34d02975e2968b55aaa5e644ca4769e53b6289db53f/1772633359504_0.jpg
2249296,9791155502747,과학기술글쓰기,"노상도, 박상태, 한기호, 한영신",성균관대학교출판부,18000,8000,https://cf-cii.everytime.kr/80ee99c30c1b8dba626d17c6f9686ff1640891221fbd48d991f3398525f9b03c/1725493198647_0.jpg
2249299,9791159170416,Let's go japanese 세트,성균관대학교 교재편찬위원회,제이앤씨,24000,2000,https://cf-cii.everytime.kr/a693da9fa7724e1e74edb0fc07d8eab2ccb027d8ff9e873628c04f3a5cbede02/1602333870609_0.jpg
2249305,9788968240904,생명과학,Campbell,바이오사이언스출판,60000,40000,https://cf-cii.everytime.kr/e4333678fa60f05a0b4dd217a851cd18b4adf263d0dcb571d95473dd7d5380ab/1708927127076_0.jpg
2249305,9788961542814,생명과학(개념과 현상의 이해),"Taylor, simon, dicky, hogan, reexe",라이프사이언스,35000,15000,https://cf-cii.everytime.kr/8409b768031d951a0e382380990d815b7b0a3417118f49b0c27683e786bc25ec/1714785880292_0.jpg
2249310,2090000016222,일반물리학실험,성대물리학과,북스힐,12000,4000,https://cf-cii.everytime.kr/f6bb5ac1981b080b5e694892bdb5289c70b1d5ae7108c6cd7d41d014b3257e42/1693390603526_0.jpg
2249310,9788955268225,일반물리학실험(개정판),박찬응,북스힐,16000,5000,https://cf-cii.everytime.kr/b8e6958bbd4a7bea27bf7f3bb86814f1a4635e6e2255950e0d71ff30c643fba7/1773919832482_0.jpg
2249329,9791158905019,시민생활과 법,"송덕수, 정태윤, 오종근, 서을오, 김병선, 권태상",이화여자대학교출판문화원,22000,13000,https://cf-cii.everytime.kr/383e18d2c43c5ac8e9f219e5bd72e357c7b61c4dbc29e735f446344e701b7b49/1756956114995_0.jpg
2249329,9791158904333,시민생활과 법,"송덕수, 정태윤, 오종근, 서을오, 김병선, 권태상",이화여자대학교출판문화원,20000,8000,https://cf-cii.everytime.kr/b9548ea5da996572523869409b5d6a94656157072f164d6139a8d8a3179d0ff9/1756726244154_0.jpg
2249329,9791158903336,시민생활과 법,"송덕수, 정태윤, 오종근, 서을오, 김병선, 권태상",이화여자대학교출판문화원,18000,8000,https://cf-cii.everytime.kr/8c7b7687d6ade3efa4df8d98f1bb49f372cba11f6c1db59422c24436e26b390f/1644928791858_0.jpg
2249329,9791158901394,시민생활과 법: 민사 생활법률 강의,"송덕수, 정태윤, 오종근, 서을오, 김병선, 권태상",이화여자대학교출판부,18000,5000,https://cf-cii.everytime.kr/6b7e846bb7e12afd5540603d155f487a2f1d0f93c528d37695220f42639581ef/1711883094855_0.jpg
2249343,9788925418711,교육과정의 이해,소경희,교육과학사,21000,10000,https://cf-cii.everytime.kr/034026bd355c2324b009cb318486637f62ade6601754585262856567e6c6c34f/1720502095358_0.jpg
2249343,9788925411491,교육과정의 이해,소경희,교육과학사,16000,6500,https://cf-cii.everytime.kr/9beb79f71db8be8ac2b22fbbddce77898f41762a2ec867baf0b329d68203f147/1721730583974_0.jpg
2249361,9791132112761,Ross의 재무관리,스테판 A. 로스,지필미디어,42000,20000,https://cf-cii.everytime.kr/a43b02119cb855fe49ea50d3cc3e1485d5484980ca0293ac8929cf0e15e2777e/1756789269630_0.jpg
2249361,9788955017458,재무관리의 이해,송교직,신영사,33000,8000,https://cf-cii.everytime.kr/ec21ee1d3a9eb46f2ff489313e1a6ea12f112b0584bec13e113580ca1062d1f0/1723627771337_0.jpg
2249361,9791132101758,재무관리,스테판 A. 로스,지필미디어,39000,5000,https://cf-cii.everytime.kr/3813f5953e24ec2d5a8d893a1ae59df145c4eceb0670092f0a72b2d715fbb856/1712037134274_0.jpg
2249361,9781260091908,Fundamentals of Corporate Finance,Ross,McGraw-Hill,50000,7000,https://cf-cii.everytime.kr/fb400912c8bb79e403125d17ca91328b8fceb291e3cc1da269dc49ec0b5a9d62/1630298950644_0.jpg
2249361,9788960558281,Ross의 재무관리(10판),"Stephen A Ross, Randolph W Westerfield, Bradford D Jordan",지필미디어,39000,15000,https://cf-cii.everytime.kr/ef32a2dce1bd38eea281246529ecc52317528d4dcc5cd3b5d2bb2fc0254f0fd7/1645802238854_0.jpg
2249366,9791198263070,객관식 회계사 상법신강,"김혁붕, 정인환",여울,24000,18000,https://cf-cii.everytime.kr/be47aabf25da9c460fbef30a20e73b3ebc0356dee9dd861a2a820ac62cc82da1/1741182660496_0.jpg
2249366,9791130339900,상법학쟁점,정경영,박영사,47000,10000,https://cf-cii.everytime.kr/93536e8339a9af6dfd0b7d64925de609dcd1fedb2207b4cc4aeb5c9fc6bbff8e/1761546943938_0.jpg
2249366,9791157501540,2022 회계사 상법,"오수철, 심유식",나무와사람,40000,1234,https://cf-cii.everytime.kr/cd035ac2a338c02df56264facfa0a4f05db9f76179ad3d2db6a1fb0a73b3cd6f/1649850336007_0.jpg
2249366,9791157501557,2022 회계사 상법 강의노트,심유식,나무와사람,17000,7000,https://cf-cii.everytime.kr/98c894df0ca5cdca6091545ed7421b9a830a7156601b97063c79e8db0b0bd097/1709722062165_0.jpg
2249366,9791130329161,상법학쟁점,정경영,박영사,28000,11000,https://cf-cii.everytime.kr/2346edee4e182fe6faa7ad330353415dc28ef8b6b76ffba2a6c75b690a46055a/1715340655220_0.jpg
2249389,9788981340346,회귀분석,박성현,민영사,25000,8000,https://cf-cii.everytime.kr/13df4845f6a7158d88a7fba941978e5cb2acf2184281dde991152b89e3104d67/1733540820003_0.jpg
2249396,9781292178202,Mechanics of Materials,R. C. Hibbeler,Pearson,52000,40000,https://cf-cii.everytime.kr/7583c75e5b637be516979ce0bc40512227dd24ce1944ed2dee82dd5e3f6183f9/1672208042242_0.jpg
2249396,9791195444922,재료역학,R. C. Hibbeler,프로텍미디어,39000,7000,https://cf-cii.everytime.kr/79a562d69deaa5de11c20fc7341da3a974200386ff5d191bcfe50d5d030409c9/1773124204349_0.jpg
2249415,9780471798668,Advanced Engineering Math 9th Ed + Mathematica Computer Manual 9th Ed,어윈 크레이스지그,Wiley,0,18000,https://cf-cii.everytime.kr/c43902cde55b9c5cf5292b2cc4f6ef49861e1cf6adb3be55236a78e44c80c790/1697297961925_0.jpg
2249415,9791191679045,Kreyszig 공업수학(상),어윈 크레이스지그,텍스트북스,35000,12000,https://cf-cii.everytime.kr/ee5d87a848772ad11058860cd0de0c7182b0cb66fa682e86563d9faf7b3577fd/1778506065662_0.jpg
2249415,9788993543872,공업수학(상)(Kreyszig),어윈 크레이스지그,텍스트북스,29000,12000,https://cf-cii.everytime.kr/092cafcd8babef04f17dd58e79b9f432ecdf8063a0810e83df7b7492e36e257a/1702276226927_0.jpg
2249415,9780470646137,Advanced Engineering Mathematics,어윈 크레이스지그,Wiley,59000,10000,https://cf-cii.everytime.kr/19bac105bcbab482605a5f520b4dd25203d5fcb0390d1bb6071d208bced05b98/1773126870771_0.jpg
2249415,9781118165096,Advanced Engineering Mathematics : Abridged International Sutdent Edition,어윈 크레이스지그,Wiley,45000,20000,https://cf-cii.everytime.kr/1872cb226ed0bcb800990553b7804cd6b9b6be353e0250918d56779824e5c2f3/1630825601925_0.jpg
2249415,9788971292440,공업수학(상): 상미분방정식 선형대수 벡터미적분(개정판 10판),어윈 크레이스지그,범한서적,26000,10000,https://cf-cii.everytime.kr/fa5962485e798a8f18d89696b98c1cdd3454105532730a069310becb2618ce06/1598836850239_0.jpg
2249416,9791191679045,Kreyszig 공업수학(상),어윈 크레이스지그,텍스트북스,35000,12000,https://cf-cii.everytime.kr/ee5d87a848772ad11058860cd0de0c7182b0cb66fa682e86563d9faf7b3577fd/1778506065662_0.jpg
2249416,9791197305467,Kreyszig 공업수학 문제풀이 해설,텍스트북스 편집부,텍스트북스,20000,13000,https://cf-cii.everytime.kr/13ccb1fd2ff81b4b0fa81e0669b2c93281af95bbd0fa4afeb913c6d9038aac67/1767245690711_0.jpg
2249416,9788993543872,공업수학(상)(Kreyszig),어윈 크레이스지그,텍스트북스,29000,12000,https://cf-cii.everytime.kr/092cafcd8babef04f17dd58e79b9f432ecdf8063a0810e83df7b7492e36e257a/1702276226927_0.jpg
2249416,9780470646137,Advanced Engineering Mathematics,어윈 크레이스지그,Wiley,59000,10000,https://cf-cii.everytime.kr/19bac105bcbab482605a5f520b4dd25203d5fcb0390d1bb6071d208bced05b98/1773126870771_0.jpg
2249416,9788971292440,공업수학(상): 상미분방정식 선형대수 벡터미적분(개정판 10판),어윈 크레이스지그,범한서적,26000,10000,https://cf-cii.everytime.kr/fa5962485e798a8f18d89696b98c1cdd3454105532730a069310becb2618ce06/1598836850239_0.jpg
2249416,9788971292488,공업수학(하)(Kreyszig)(개정판 10판),Erwin Kreyszig,범한서적,26000,7000,https://cf-cii.everytime.kr/7944c6e59a5c4b45611cd73d2ab9a7d7ec8a5d98a65e0dbdc175d30c61562c73/1644108247001_0.jpg
2249434,9781119923411,Process Dynamics and Control Techniques,"Seborg, Mellichamp, Dale, Edgar",Wiley,42000,15000,https://cf-cii.everytime.kr/6d101269d617cbf1333a6a8e7a99230ff2d5e4b2cdb1b339f5a2d486cea59cf8/1697959249291_0.jpg
2249519,9788946068339,디지털PR 이론과 실제,"김석, 김수진, 김여진, 김장열, 김장현, 박노일",한울아카데미,21000,5000,https://cf-cii.everytime.kr/2da7cc0228d89e3c47cb3b3d5c1bc9b17e25bc6666159bb3789de89b0ed69e4f/1772708525620_0.jpg
2249519,9788946071971,디지털PR 이론과 실제,"김석, 김수진, 김여진, 김장열, 김장현, 박노일",한울아카데미,30000,5000,https://cf-cii.everytime.kr/d7f45dc80a2c67546b2a852df1f896103673a3f54381a4179bea4cb47684d597/1688295496482_0.jpg
2249525,9788962183764,심리학 연구방법,"David G Elmes, Barry H Kantowitz, Henry L Roediger III",Cengage Learning,32000,20000,https://cf-cii.everytime.kr/c19e836a1b485215c17afbeb4fceb551a9e580a89e010ee21235fec5201d4063/1566748928732_0.jpg
2249549,9788968240768,핵심유전학,"William S. Klug, Cummings Michael R., Charlotte A Spencer, Michael A. Palladino",바이오사이언스출판,32000,10000,https://cf-cii.everytime.kr/0515d7f1047ab066c73426ec72d7d6e6513f3da60cb7842442d2460180c50959/1709959561784_0.jpg
2249694,9791191679045,Kreyszig 공업수학(상),어윈 크레이스지그,텍스트북스,35000,12000,https://cf-cii.everytime.kr/ee5d87a848772ad11058860cd0de0c7182b0cb66fa682e86563d9faf7b3577fd/1778506065662_0.jpg
2249694,9788993543872,공업수학(상)(Kreyszig),어윈 크레이스지그,텍스트북스,29000,12000,https://cf-cii.everytime.kr/092cafcd8babef04f17dd58e79b9f432ecdf8063a0810e83df7b7492e36e257a/1702276226927_0.jpg
2249694,9788971292433,KREYSZIG 공업수학 문제풀이 해설,범한서적 편집부,범한서적,15000,8000,https://cf-cii.everytime.kr/c5c32aabd6c1624bd9164a106447a8255b2e90d2e790a392abef959fe5c2b0cf/1759894628389_0.jpg
2249694,9780470646137,Advanced Engineering Mathematics,어윈 크레이스지그,Wiley,59000,10000,https://cf-cii.everytime.kr/19bac105bcbab482605a5f520b4dd25203d5fcb0390d1bb6071d208bced05b98/1773126870771_0.jpg
2249694,9788971292440,공업수학(상): 상미분방정식 선형대수 벡터미적분(개정판 10판),어윈 크레이스지그,범한서적,26000,10000,https://cf-cii.everytime.kr/fa5962485e798a8f18d89696b98c1cdd3454105532730a069310becb2618ce06/1598836850239_0.jpg
2249696,9788992887625,반도체소자원리,Sima Dimitrijev (원저),진샘미디어,29000,13000,https://cf-cii.everytime.kr/046d3d10f0880a29a10c5f5de3a12dd646df562a06f13c836056ec60a4ca5f0f/1607770783542_0.jpg
2249715,9791129701701,클라우스 슈밥의 제4차 산업혁명 더 넥스트(The Next),클라우스 슈밥,메가스터디북스,17000,8000,https://cf-cii.everytime.kr/7b260bb7b84826c8320dc62f5c1461020f4017315b39db75b7cc1dbc5ece2b0b/1576162040852_0.jpg
226224,9780273765608,Organizational Theory Design and Change (Paperback),Jones,Pearson Educacion,48000,23000,https://cf-cii.everytime.kr/081e785a66b58f019df5fbaaf30e3353bd7d624bb32a7ea2116462eeccafe0eb/1529006795408_0.jpg
226224,9781133586289,Organizational Behavior : Managing People and Organizations (Paperback),Griffin,South Western,45000,27000,https://cf-cii.everytime.kr/7ca6aec1fc1ffd0f01feceb7d024f1d1bba205e676ceec3b9b69efccac8f3ef51488833635641/0.jpg
226411,9791162262931,노동경제학,George J. Borjas,시그마프레스,33000,20000,https://cf-cii.everytime.kr/279f288b0b793859f2e1851b062ea13839155f17dee0cb8f098b4bd533b701c0/1688896950512_0.jpg
226411,9788918100739,노동경제학,조우현,법문사,30000,10000,https://cf-cii.everytime.kr/506d79b14621e9512add998c4007c6a140b2c61c1827085669ff3f836ca41a53/1614498957290_0.jpg
226411,9789813150256,Labor Economics,George J Borjas,MCGRAW-HILL Higher Education,35000,15000,https://cf-cii.everytime.kr/440249c29e5d906f9aab97fc4f570c89bdb39992716eab547380aefabfb6d67d/1607066445502_0.jpg
226411,9788968668531,노동경제학(7판),George J Borjas,시그마프레스,30000,15000,https://cf-cii.everytime.kr/0c2743c26ac3865f124629428e6b9c482354c93a9084247a03e1d09704ec7be8/1645185941151_0.jpg
226411,9781259252365,Labor Economics,George J Borjas,McGraw-Hill,35000,10000,https://cf-cii.everytime.kr/883bd7e8821df6d21325f968423a6844f6926368db6c89658d7ff2271beca64c/1676394730898_0.jpg
226411,9780071326209,Labor Economics,Borjas,McGraw-Hill Professional Publi,40000,13000,https://cf-cii.everytime.kr/6274956395fae1acb83251b701bfe97a00407aa40004f6ce2ad01c1072e73b65/1650758541144_0.jpg
226411,9788968661792,노동경제학(6판),George J Borjas,시그마프레스,28000,12000,https://cf-cii.everytime.kr/f4f95ce991f1c516f05a08ab66ad22f58e447f01e9d64f8836e94208ca0e19cc/1547001198628_0.jpg
226710,9781119249252,Fundamentals of Materials Science and Engineering,"William D. Callister, David G. Rethwisch",John Wiley & Sons Inc,60000,10000,https://cf-cii.everytime.kr/276c2586e3b41a1dfe64e8ead01045efa639d2463805ad86a47f6943934e5aaf/1726026661548_0.jpg
226710,9788964210161,재료과학(THIRD EDITION),WILLIAM D CALLISTER JR,한티미디어,35000,10000,https://cf-cii.everytime.kr/817e552faf6b2e7a3cf48609beedc35120324210a300f430f866168b87d8e872/1744477941506_0.jpg
226710,9781118322697,fundamentals of materials science and engineering si version,callister/rethwisch,.,47000,15000,https://cf-cii.everytime.kr/ef5d2ff0e74eedc6d04a72878101e40f630a08dcec2bb66776e78e2528fd41f5/1674980069789_0.jpg
227174,9780393264524,The Norton Anthology of American Literature,W. W. Norton & Company,W. W. Norton & Company,95350,35000,https://cf-cii.everytime.kr/400f018bcb08f73827c1381d7129a9e7b6a5c1495086d357d6b1655be020cc02/1538353171732_0.jpg
227174,9780393918854,The Norton Anthology of American Literature (Shorter Eighth Edition),Nina Baym,W. W. Norton & Company,59000,19000,https://cf-cii.everytime.kr/5cc37932752fac84e6ff9a06d4e9c908d6d954ea515272a13c95b1b76813a491/1614052190635_0.jpg
227339,9788962185195,사회조사방법론,Earl Babbie,센게이지러닝코리아,39000,10000,https://cf-cii.everytime.kr/28cedc95437c3ef2d4df0ed0f954192dd0549ae7722caf511a9c6c270a660d3f/1755835762937_0.jpg
227339,9789814732161,The Practice of Social Research,Earl Babbie,Wadsworth,0,18000,https://cf-cii.everytime.kr/46fbde7c8bfd28b7d2e30fea96b8812e590d9cd4a489295246f9592187acf600/1584002175549_0.jpg
227339,9789814568944,The Practice of Social Research,Earl Babbie,Cengage Learning,36000,15000,https://cf-cii.everytime.kr/be053ec2acc2b00c2dbb3032b82854496f85807e5433a92915785e8ff2de54a9/1537489340986_0.jpg
227339,9781133050094,The Practice of Social Research,Earl Babbie,Wadsworth Publishing Company,90080,16000,https://cf-cii.everytime.kr/d76171bd61fa1839a2dae5e31dcc66463010e577a193bfff528c8661edbedcf3/1646564200665_0.jpg
227339,9781305044722,The Practice of Social Reasearch Set,Earl Babbie,Cengage Learning,36000,15000,https://cf-cii.everytime.kr/e641b4de503090a8d81fc5a5237fc1fa82a5d8802f240ba665c62056892e4f93/1622448177251_0.jpg
227339,9788962183528,사회조사방법론,Earl Babbie,Cengage Learning,35000,5000,https://cf-cii.everytime.kr/c28e635ee5d1e255feaa3e0241fa662962f96cc87b7196e0a74bed7eeec6e48c/1712143656160_0.jpg
227826,9788964213162,반도체 소자공학,"Betty Lise Anderson, Richard L. Anderson",한티미디어,35000,15000,https://cf-cii.everytime.kr/460ca92299175ca35b99203d0c6cef62b3debb388a1ecfb45d561be0d2022f06/1672024874052_0.jpg
227826,9781259251351,Fundamentals of Semiconductor Devices,"Betty-Lise Anderson, Richard Anderson",McGraw-Hill,53000,18000,https://cf-cii.everytime.kr/995e329b1cd996cf9388905c33a66fb83f48267861bc97b96adc963739f1ef06/1646890998572_0.jpg
227826,9788991182097,반도체 소자공학,ANDERSONBETTY LISE,한티미디어,27000,8000,https://cf-cii.everytime.kr/66775bd659151a12353f98a6844c63946b931646043452411326b225983aaf61/1584881867903_0.jpg
227826,9780071241526,Fundamentals of Semiconductor Devices,Anderson,McGraw Hill,39000,12000,https://cf-cii.everytime.kr/22506631179b0a4e9cbd786aac47246eca5375c616900122bb1f0ff3b84209b1/1674980151017_0.jpg
2315208,9791155505847,성균 논어,"이천승, 고재석",성균관대학교출판부,15000,5000,https://cf-cii.everytime.kr/e4fd057097a16ded130bb01b1ceb5479af27e73ff1527d72cdd2d77375e2a208/1750779461069_0.jpg
2315208,9791155504611,"우리들의 세상, 논어로 보다","이천승, 강보승, 고재석, 권경자, 김동민, 정병섭",성균관대학교출판부,13500,3000,https://cf-cii.everytime.kr/5a836f7760d2e64719ab420559c50e558e26a4a601bbd398e181465968a1cff8/1689838237954_0.jpg
2315208,9791155502389,"우리들의 세상, 논어로 보다","고재석, 권경자, 김동민, 이천승, 정병섭",성균관대학교출판부,12000,1000,https://cf-cii.everytime.kr/1db6d6f5023e7f95570200ac4d2ef251e0f8dbbb9b195b4da9302ecb7500b592/1725264174201_0.jpg
2315267,9791130307534,현대마케팅론,"유필화, 김용준, 한상만",박영사,34000,20000,https://cf-cii.everytime.kr/1cdd27b7aa27cf28d4a2bb6ccb93885d4ca64aa56fd8d061a2c34a7f7af2468d/1614046176486_0.jpg
2315267,9788991830622,마케팅 관리(세계 일류들의)(양장본 HardCover),"김정구, 오준환, 이우헌",율곡출판사,33000,7000,https://cf-cii.everytime.kr/aff748f9fc58106a9452f95856391e23a44b1009a14a022c240a16c71c1d3dd8/1706256942651_0.jpg
2315294,9781266152115,Thermodynamics 10E,"Yunus Cengel, Michael A. Boles, Mehmet Kanoglu",McGraw-Hill Education,63000,7000,https://cf-cii.everytime.kr/e7f09dc48262157c10c7ffdd12984103d05782dcf1884d46fb16cbeabec0f467/1773124407044_0.jpg
2315294,9791132116080,Cengel의 열역학,"Yunus A. Cengel, Michael A. Boles, Mehmet Kanoglu",텍스트북스,39000,20000,https://cf-cii.everytime.kr/85cd311a1cd5509814efb2a4571f1b1f3a00f73c55ebfa9faa28b41304c3f115/1756003966756_0.jpg
2315294,9791132106609,열역학,"Yunus A. Cengel, Michael A. Boles, Mehmet Kanoglu",McGraw-Hill,39000,10000,https://cf-cii.everytime.kr/80810a5068be488291b7a058f3e3ad8719aead0df169fa0c169474cee61abc96/1709645289580_0.jpg
2315294,9789813157873,"THERMODYNAMICS: AN ENGINEERING APPROACH, SI",없음,없음,159270,20000,https://cf-cii.everytime.kr/e73d4fc0752f645a3e7ef66e5e5b9af698a5fc4d2dda6c77c5058a1d4441ae22/1725492735679_0.jpg
2315315,9791191600315,인공지능 1,"스튜어트 러셀, 피터 노빅",제이펍,42000,18000,https://cf-cii.everytime.kr/6df370e2516f487eb96949b86f91a14f02cba234041fc427036dd0111ea84f6b/1645690907220_0.jpg
2315360,9788968171062,통사론,앤드류 카니,한국문화사,27000,20000,https://cf-cii.everytime.kr/c08b30e66677d22e65e1b339de2467080a24501dc6e0e49fc72c7a019b33b4a9/1757058930080_0.jpg
2315360,9780470655313,Syntax,Andrew Carnie,Wiley-Blackwell,52000,22000,https://cf-cii.everytime.kr/47fb7921e57ae3694ff8ad6ab45b91620c2c61d067d981dfb49c72034275c7ea/1738567804022_0.jpg
2315600,9791185504544,전자기학,Matthew N O Sadiku,진샘미디어,37000,18000,https://cf-cii.everytime.kr/3e1d0ebca2d7ecee41b9319e7ebeaf5000d4b6bf214d0baffd3b7188fa2ac2cc/1735535409750_0.jpg
2315604,9791191679045,Kreyszig 공업수학(상),어윈 크레이스지그,텍스트북스,35000,12000,https://cf-cii.everytime.kr/ee5d87a848772ad11058860cd0de0c7182b0cb66fa682e86563d9faf7b3577fd/1778506065662_0.jpg
2315604,9788962184105,Calculus :early transcendentls (stewart성균관대),stewart,경문사(박문규),49000,12000,https://cf-cii.everytime.kr/35c33e510545d2da21b8e4218e3a2fef183056d1a33a30a148613c39fa5c9339/1691558917159_0.jpg
2315604,9780470646137,Advanced Engineering Mathematics,어윈 크레이스지그,Wiley,59000,10000,https://cf-cii.everytime.kr/19bac105bcbab482605a5f520b4dd25203d5fcb0390d1bb6071d208bced05b98/1773126870771_0.jpg
2315615,9791189946890,발달심리학,"송현주, 권미경, 기쁘다, 박다은, 박혜근, 성지현",사회평론아카데미,27000,14000,https://cf-cii.everytime.kr/8bcfd442b351632efa8d137e8e0a49dd5bfa9365a690a9ceef8acd844781d415/1677226634084_0.jpg
2315615,9788981602918,인간과 성장과 발달,"박성연, 백지숙, 안지영, 오미경, 이사라, 이주연",파워북,23000,5000,https://cf-cii.everytime.kr/a0a79facc32e30ecde4b7b59f5cc4471cf4480433d53ad1f6868703f9dbdda3a/1742550899859_0.jpg
2315717,9789815059434,Statistics for Management Economics (Asia Edition),Gerald Keller,Cengage,59000,18000,https://cf-cii.everytime.kr/546ab853ffff59fd01753526c364e8b664bb97390e8389e12759a3e966f904c6/1722138853918_0.jpg
2315717,9788955017991,엑셀과 R Commander를 활용한 통계,김태웅,신영사,32000,10000,https://cf-cii.everytime.kr/c2178b60937b2b508726bef03d4fab954d719da69cc09038403d393cf9acbaa1/1749897294885_0.jpg
2315717,9788962185461,켈러의 경영경제통계학,Gerald Keller,한티에듀,48000,30000,https://cf-cii.everytime.kr/5b38e0deb08c3c42c1b6a0d8eff59604a474ca3636403c730472df570f52294b/1686575298774_0.jpg
2315717,9788955016857,엑셀과 R Commander를 활용한 통계,김태웅,신영사,27000,4000,https://cf-cii.everytime.kr/777a86ed4f1c162e7a0734094a369b195d0d44e1c90dd4d6dc41aadbb0805f07/1709485371748_0.jpg
2315717,9788962184228,켈러의 경영경제통계학,Gerald Keller,Cengage Learning,45000,8000,https://cf-cii.everytime.kr/e33175a4d5952efdef3eb1c12c1f95436a9e68cce001f2a2ca08903775071b08/1773755444270_0.jpg
2315717,9788964211922,경영경제통계학,"Sweeney, Williams, Anderson",한티미디어,37000,11000,https://cf-cii.everytime.kr/100f9e66e13fd1ca7d38e036448b18169fc2d5bee454a945e21e0bc0078749f7/1729401544362_0.jpg
2315717,9788962183658,켈러의 경영경제통계학,Gerald Keller,Cengage Learning,42000,15000,https://cf-cii.everytime.kr/1c0c367d7670c3ff0699b5fdccb66b65385807c57ab0fda2a75c15d78f1ea5db/1709474532867_0.jpg
2315724,9791132110804,공학도를 위한 수치해석,"Steven C.Chapra, Raymond P. Canale",한빛아카데미,36000,34000,https://cf-cii.everytime.kr/40512c746ec477bef41fb889a65da390a5830c63ffd11ddd27dab353a790acab/1678590997981_0.jpg
233094,9791155505847,성균 논어,"이천승, 고재석",성균관대학교출판부,15000,5000,https://cf-cii.everytime.kr/e4fd057097a16ded130bb01b1ceb5479af27e73ff1527d72cdd2d77375e2a208/1750779461069_0.jpg
233094,9791155504611,"우리들의 세상, 논어로 보다","이천승, 강보승, 고재석, 권경자, 김동민, 정병섭",성균관대학교출판부,13500,3000,https://cf-cii.everytime.kr/5a836f7760d2e64719ab420559c50e558e26a4a601bbd398e181465968a1cff8/1689838237954_0.jpg
233094,9791155502389,"우리들의 세상, 논어로 보다","고재석, 권경자, 김동민, 이천승, 정병섭",성균관대학교출판부,12000,1000,https://cf-cii.everytime.kr/1db6d6f5023e7f95570200ac4d2ef251e0f8dbbb9b195b4da9302ecb7500b592/1725264174201_0.jpg
233094,9791155500408,우리들의 세상 논어로 보다,인성교육교재편찬위원회,사람의무늬,18000,3000,https://cf-cii.everytime.kr/15d09e543cf946c666937114db37312b9ad0aab81a80ce1828e45dce6fab882a1503376328667/0.jpg
236570,9780470881323,"CMOS : CIRCUIT DESIGN, LAYOUT, AND SIMULATION",Baker R Jacob,IEEE Computer Society Press,65000,30000,https://cf-cii.everytime.kr/6bfa07fe6d7b2d845fc1014831e3eb3f9f8666c7e64ed9d396389700b74ddeb5/1630116910457_0.jpg
236570,4801118038239,CMOS,R Jacob Baker,Wiley-IEEE Press,174290,29000,https://cf-cii.everytime.kr/998eaefa691b7157bb67f0619ad1401d87144c00a87e5097e0dff076c221debd/1665560521068_0.jpg
2376749,9791155500590,소통의 기초 스피치와 토론,스피치와 토론 교과교재 출간위원회,성균관대학교출판부,20000,6000,https://cf-cii.everytime.kr/768cbf4fcee0ab72369ea25a2bb8b44481ab8bc93073dc65c02a073207ef3baf/1778505356918_0.jpg
2376757,9788932473727,현대사회학,"앤소니 기든스, 필립 W. 서튼",을유문화사,30000,5000,https://cf-cii.everytime.kr/e6a3a78e9308d254b5162fcbc162a89176cac7d359785e4dbc247382ab65f1a1/1693349451986_0.jpg
2376757,9791155501283,사회과학입문,"성균관대학교 사회과학대학, 홍경준",성균관대학교출판부,15000,2000,https://cf-cii.everytime.kr/bc20b8b5c67862d41f0b64e44457efb57ce91e98d078008dd4b0e4918900e95e/1709491125890_0.jpg
2376766,9791159714665,대학물리학,"Raymond A. Serway, John W. Jewett Jr.",북스힐,52000,12000,https://cf-cii.everytime.kr/229b073c47bf8cdfd1b9d5abccc19c1a7c3a93cc0bc14a5d4dac041c8821f50a/1772342080802_0.jpg
2376766,9791159710575,대학물리학,"Raymond A. Serway, John W. Jewett Jr.",북스힐,45000,5000,https://cf-cii.everytime.kr/9bd245185b4940c608cae95af509f27ec65ccff792e15e99b5573e7a1e341690/1639584982321_0.jpg
2376766,9788955268805,대학물리학,Ramond A Serway,북스힐,39000,3000,https://cf-cii.everytime.kr/de2f4ae16634ff2eaa351ac8634816f3110de72fe2d20d84bae2c132dad9c758/1652675801373_0.jpg
2376768,9781133110002,Principles of Physics,Raymond A. Serway,Brooks Cole Pub Co,50000,10000,https://cf-cii.everytime.kr/5de8e039c6346e1e9f84de5fd30eda5e5d39bafab85a5b3714dbdc2ff586f15d/1752400145865_0.jpg
2376773,9788992603881,일반화학실험,화학교재연구회,사이플러스,20000,8000,https://cf-cii.everytime.kr/c853f4494d28c1ad1f7370631ef38e6df05ba8a5d995f4e68e89bfd0f621ef23/1772427949045_0.jpg
2376774,9791156004677,이공계용 확률과통계,Sheldon M. Ross,도서출판 홍릉(홍릉과학출판사),33000,5000,https://cf-cii.everytime.kr/41edd3bee33db189d3d85052f64c617f120d4bb8818d0b86b9a1673e08cf00dc/1710409042938_0.jpg
2376806,9781292403069,Organizational Behavior,"Stephen Robbins, Timothy Judge",Pearson,59000,10000,https://cf-cii.everytime.kr/9034a72356ef9062a386a6421320214aea5057137c8d74bb5ec145c04214fcfc/1661728386795_0.jpg
2376817,9781260571233,ISE Strategic Management: Concepts,없음,없음,141050,30000,https://cf-cii.everytime.kr/58bc4885926e4acc31dc68373a56210c04b5e53cc522871d4c9217ecdd8fd5ba/1661941035596_0.jpg
2376829,9791132104759,재정학,"Harvey S. Rosen, Ted Gayer",교문사,36000,25000,https://cf-cii.everytime.kr/5b1c0244bce140226aaea76394ae517621ed9a8f2118f1daeda6c320225d7bef/1754816057665_0.jpg
2376829,9788960550209,재정학,"Rosen, TED GAYER",McGraw-Hill,29000,10000,https://cf-cii.everytime.kr/5414b3b079d3c0f99e7c0affe57d55840ac0af22687d857149fbbde9f9204a58/1709643718790_0.jpg
2376829,9780077154691,Public Finance,"Harvey S Rosen, Ted Gayer",McGraw-Hill,45000,15000,https://cf-cii.everytime.kr/040a8deff401d71c84412ace868d0e8a2a58a5c32f044a20bb47a4c766d02631/1723969589123_0.jpg
2376829,9788960552098,재정학,"Rosen, Ted Gayer",McGraw-Hill,33000,10000,https://cf-cii.everytime.kr/88c9578e96e5cd273b4c69b4a1e12cb10b7d354cdf2f369fa2bb97c46506e022/1676635055214_0.jpg
2376832,9788960552432,반도체 물성과 소자,Donald A Neamen,McGraw-Hill,35000,22000,https://cf-cii.everytime.kr/b5860feb15440d407cd040a630cc99c2273c6705a3d7d7b9519c5f0c961fafb7/1775524510956_0.jpg
2376841,9791191679045,Kreyszig 공업수학(상),어윈 크레이스지그,텍스트북스,35000,12000,https://cf-cii.everytime.kr/ee5d87a848772ad11058860cd0de0c7182b0cb66fa682e86563d9faf7b3577fd/1778506065662_0.jpg
2376841,9780470646137,Advanced Engineering Mathematics,어윈 크레이스지그,Wiley,59000,10000,https://cf-cii.everytime.kr/19bac105bcbab482605a5f520b4dd25203d5fcb0390d1bb6071d208bced05b98/1773126870771_0.jpg
2376851,9791188731152,화학공학 유체역학,James O Wilkes,사이플러스,38000,9500,https://cf-cii.everytime.kr/ff165dc2957dc367559f4c2de4a9e0863e2921c7aba0fb501e3f0b631e62288d/1694540526211_0.jpg
2376911,9791155503416,코어 논리학,이병덕,성균관대학교출판부,20000,5000,https://cf-cii.everytime.kr/9dbb0cc0bce596911d2e299332f14f36785652e77ed99bf787f8b815a7b886c9/1709366896239_0.jpg
2376972,9788961542296,면역학,Peter Parham,라이프사이언스,42000,25000,https://cf-cii.everytime.kr/fcf28f9a2a4358102862d233f06c0e91a67ebcc95fd5aecfe019751b8e21ecdb/1692698538349_0.jpg
2377022,9788964212660,소프트웨어 공학,Ian Sommerville,한티미디어,39000,25000,https://cf-cii.everytime.kr/bb3a0d768c948d7bb938ccac12f5b5f361f9d4b26a614c0d2e56f208d8ed1594/1654293135008_0.jpg
2377029,9788962183948,논리설계기초,"Charles H. Roth, Larry L. Kinney",Cengage Learning,38000,20000,https://cf-cii.everytime.kr/94d10716b47d4dbed37b0c3bc21bb027e9fd2be4720f9a1e8752d29b2339a419/1690544257252_0.jpg
2377081,9788991720381,대학 중용집주,성백효,전통문화연구회,12000,5000,https://cf-cii.everytime.kr/f376f0b31199055c12eb53d1171062914b01d30d4d5a4fa37a8998bacf3b1e7e/1527100467929_0.jpg
2377118,9791196120320,실버만 복소해석학: 복소해석학과 응용,"Saminathan Ponnusamy, Herb Silverman",신한출판미디어,45000,10000,https://cf-cii.everytime.kr/007a4bb83f747c8ebed96ab59c9ce63f823b31413ad117f76bad94cecf1d63b4/1654048039244_0.jpg
2377122,9788958813002,세포학: 분자적 접근,제프리 M. 쿠퍼,월드사이언스,45000,19000,https://cf-cii.everytime.kr/b896e3ae25302540f83d41b4a1905b6800c910e9892b0b658a368614c8e6e774/1701582079808_0.jpg
2377122,9781605358635,The Cell,제프리 M. 쿠퍼,OXFORD,68000,27000,https://cf-cii.everytime.kr/7e26b393c45569a959427593b1cba31191562413b45721c6a729aad2e5be1334/1771770358235_0.jpg
2377122,9781464187445,Molecular Cell Biology,"Harvey F Lodish, Arnold Berk, Chris Kaiser, Monty Krieger, Anthony Bretscher, Hidde Ploegh",MACMILLAN,80000,35000,https://cf-cii.everytime.kr/3ed06f0ccd6d604df9c716bb9603817607e55220ecb7b6bf22c6cc7fe0fa98aa/1655271415286_0.jpg
2377132,9791140700226,누구나 쉽게 컴퓨팅 사고 with 파이썬,"김현정, 황숙희",길벗캠퍼스,25000,5900,https://cf-cii.everytime.kr/ee1ae40962073f1a43623dde1a60ae0da024a5c62e351d3efb5f595743dfafa8/1741650745993_0.jpg
2377138,9791155500590,소통의 기초 스피치와 토론,스피치와 토론 교과교재 출간위원회,성균관대학교출판부,20000,6000,https://cf-cii.everytime.kr/768cbf4fcee0ab72369ea25a2bb8b44481ab8bc93073dc65c02a073207ef3baf/1778505356918_0.jpg
2377166,9791155501740,창의적 사고 소통의 글쓰기,"김경훤, 김미란, 김성수",성균관대학교출판부,20000,9000,https://cf-cii.everytime.kr/28f6c3d044998d041e445edfc001d20423e9efe20bc7c6cad9e660ad7eb897c7/1778505543192_0.jpg
2377174,9791155501740,창의적 사고 소통의 글쓰기,"김경훤, 김미란, 김성수",성균관대학교출판부,20000,4000,https://cf-cii.everytime.kr/e2d27c670283f177ba6667c3fe7c3d76d08e92b31130a29c9f9eeac61dc61126/1738992173519_0.jpg
2377176,9791155501740,창의적 사고 소통의 글쓰기,"김경훤, 김미란, 김성수",성균관대학교출판부,20000,4000,https://cf-cii.everytime.kr/e2d27c670283f177ba6667c3fe7c3d76d08e92b31130a29c9f9eeac61dc61126/1738992173519_0.jpg
2377176,9791155500606,비판적 사고 학술적 글쓰기,"원만희, 박정하, 박상태, 한기호, 김상현, 이창후",성균관대학교출판부,20000,2000,https://cf-cii.everytime.kr/9808139608c6de7f529264db8a20d1ac3ce31863741cebbeda1c5097a1be2c65/1648534015593_0.jpg
2377181,9791158905019,시민생활과 법,"송덕수, 정태윤, 오종근, 서을오, 김병선, 권태상",이화여자대학교출판문화원,22000,5000,https://cf-cii.everytime.kr/77c1de516b53c049fa492c971aa8c46dc8dd9c898e89414b9e10a385727a6f84/1756993026452_0.jpg
2377181,9791158904333,시민생활과 법,"송덕수, 정태윤, 오종근, 서을오, 김병선, 권태상",이화여자대학교출판문화원,20000,8500,https://cf-cii.everytime.kr/7e9a4f74243533b21f4e3a92fa041a79edd4017016c6f7d564e9243a279e2617/1708665601016_0.jpg
2377181,9791158903336,시민생활과 법,"송덕수, 정태윤, 오종근, 서을오, 김병선, 권태상",이화여자대학교출판문화원,18000,6000,https://cf-cii.everytime.kr/b3e0cfba4331f2699bb6b68205fca7046dfa35298fae3c5f7cc0b5d8c4c234b7/1749470296690_0.jpg
2377200,9791155501658,말하기 능력을 키우는 발표의 기술,"김경훤, 홍은실, 현원숙, 김희경, 오광근, 유하라",성균관대학교출판부,15000,4000,https://cf-cii.everytime.kr/a09e358d29d2d6f92b6aeafd4f1c009b67def376b6de58d498e78be39f9b64a0/1645858560349_0.jpg
239745,9780393884852,Molecular Biology of the Cell,Alberts Bruce,Norton & Company,115000,60000,https://cf-cii.everytime.kr/13f42537e4002b213d0387fc495b3f3f70c7f979641d5856f7f4fe5d976d359f/1699114777898_0.jpg
241834,9788962380699,세계경제사 들어서기(양장본 HardCover),송병건,해남,25000,10000,https://cf-cii.everytime.kr/aeef5e8704abef247f8548ceba0a59f59de2878e82c687af125024a7d4f0221c/1622257381392_0.jpg
242669,9791185475011,파생상품의 평가와 헷징전략,존 C. 헐,퍼스트북,30000,26000,https://cf-cii.everytime.kr/1b5c93dbf262e54e5568fc54362ef6c75458582291fdb7989709f9912751ea18/1529746682920_0.jpg
2454546,9791155505847,성균 논어,"이천승, 고재석",성균관대학교출판부,15000,5000,https://cf-cii.everytime.kr/e114a8424bad4ab22bccd60ffdaa3b6c205fd335a12b5446feb8148b34bc4353/1773360300084_0.jpg
2454546,9791155504611,"우리들의 세상, 논어로 보다","이천승, 강보승, 고재석, 권경자, 김동민, 정병섭",성균관대학교출판부,13500,5000,https://cf-cii.everytime.kr/e7a03c2878ade717eba8f1d95acbdb2e4d08fb6e4b1b438834660c82d18d2058/1677164593235_0.jpg
2454546,9791155502389,"우리들의 세상, 논어로 보다","고재석, 권경자, 김동민, 이천승, 정병섭",성균관대학교출판부,12000,3000,https://cf-cii.everytime.kr/d9a6da2d1bfe64b24bb0e2cde283cce0adbb2bf2e193c18ef973269d7fb2b68b/1677416857073_0.jpg
2454546,9791155500651,"리더십, 성균에 길이 있다",성균리더십출간위원회,사람의무늬,12000,1000,https://cf-cii.everytime.kr/5df68233a8f72d5df48561d44b099af15a585feea6a8a3870b84ca3564e6ce26/1707752896999_0.jpg
2454662,9788962381382,경제사: 세계화와 세계 경제의 역사,송병건,해남,32000,18000,https://cf-cii.everytime.kr/52e8c13a55a2bd8f19bcf8363a1aafb2f8f7d1aea71c678c46f3689fc27ca80c/1644745885548_0.jpg
2454893,9788964214381,컴퓨터 구조 및 설계 RISC-V,"데이비드 패터슨, John L. Hennessy",한티미디어,37000,7000,https://cf-cii.everytime.kr/885405c26309229c3598ccaece5c19dfd6e1dcdd99cc190f959127243555daaa/1758782077258_0.jpg
2454893,9788964214244,컴퓨터 구조 및 설계,"데이비드 패터슨, John L. Hennessy",한티에듀,37000,9000,https://cf-cii.everytime.kr/da13eca3eaeb9634a1db0d606ca4f27a362c3377ec1787b9fde372937481561f/1765632746100_0.jpg
2454893,9788964212134,컴퓨터 구조 및 설계,"데이비드 패터슨, L Hennessy",한티미디어,35000,12000,https://cf-cii.everytime.kr/9be3ed1580080ccd704b0aa5e19e149da157aefd994c78dd3d8ab280e67d650d/1646274173228_0.jpg
2454912,9791132110880,Bodie의 기본투자론,"ZVI Bodie, ALEX Kane, Alan Marcus",지필미디어,40000,20000,https://cf-cii.everytime.kr/5cc1133dfb40389729e9feb11c0689e251e405d1bae7119630732b53a0401ac9/1758021571609_0.jpg
2454912,9781265450090,Essentials of Investments,"ZVI Bodie, ALEX Kane, Marcus",McGraw-Hill,54000,20000,https://cf-cii.everytime.kr/1807470d934bdb46c7ea290df236fc147a71173fccb66cf285194ba2199fb536/1742013518301_0.jpg
2454912,9791132102274,기본투자론,"ZVI Bodie, Alex Kane, Alan J Marcus",맥그로힐에듀케이션코리아,38000,25000,https://cf-cii.everytime.kr/eb87851868fac3a3c275bfc1b8a8539af007878add9b89fbc942620c11fa18e3/1691231727305_0.jpg
2454912,9781260288391,Essentials of Investments,"ZVI Bodie, ALEX Kane, Alan J. Marcus",McGraw Hill Education,49000,20000,https://cf-cii.everytime.kr/6610c90ba1c53122e3014722094d371e6551e9a2606d482f2cbd7f74e4935b66/1677151741677_0.jpg
2454912,9781260091908,Fundamentals of Corporate Finance,Ross,McGraw-Hill,50000,7000,https://cf-cii.everytime.kr/fb400912c8bb79e403125d17ca91328b8fceb291e3cc1da269dc49ec0b5a9d62/1630298950644_0.jpg
2454953,9791190276023,일의 격,신수정,턴어라운드,18000,9000,https://cf-cii.everytime.kr/44a6f9ba9e4402f9979c3bddfc26a0bf5805717056e6069a5c09b4d465216175/1693317931565_0.jpg
2454955,9788955018776,IFRS 회계원리 해답,"최관, 백원선, 최영수",신영사,14000,8000,https://cf-cii.everytime.kr/11370475cc5a04da522a913e043b8e01ad3b42d60c145be37718e0805d4a86ea/1767241244964_0.jpg
2454955,9788955018752,IFRS 회계원리,"최관, 백원선, 최영수",신영사,43000,30000,https://cf-cii.everytime.kr/e927aefc90a8c1a62fe9659c7da104e1dd23283238f89330acc0d04293ab2857/1767241086975_0.jpg
2454955,9788955018172,IFRS 회계원리,"최관, 백원선, 최영수",신영사,42000,5000,https://cf-cii.everytime.kr/5edb5ae204c341189f268cae03d4a3f858378251f370ce90c5d8609daa9dc1d1/1772989738309_0.jpg
2454955,9781119504306,Financial Accounting,"Paul D. Kimmel, Donald E. Kieso, Jerry J. Weygandt",Wiley,45000,500,https://cf-cii.everytime.kr/72b70238683ea2bcc707bf248c897f689a3e2d4ac975142057b7f82bdcf481de/1633415388220_0.jpg
2454968,9788964214374,마이크로전자회로,"Adel S. Sedra, Kenneth C. Smith, Tony Chan Carusone, Vincent Caudet",한티에듀,45000,10000,https://cf-cii.everytime.kr/5756cb514a97382d2bf791a7a59ce900a6bd3441bbbd0035786662a5f60002ec/1709529604187_0.jpg
2454968,9788964212707,마이크로전자회로,"Adel S. Sedra, Kenneth C. Smith",한티미디어,43000,19000,https://cf-cii.everytime.kr/520d8be3cb538b8963ab5fd9d463c224ceff42e25d9ea6503ff202c0c060040a/1663784448526_0.jpg
2454968,9780137050512,Electric Circuits,James W. Nilsson,"Pearson Education, Limited",45000,10000,https://cf-cii.everytime.kr/77a45aa7b45212a17c215f810eb674191943accf1e6dac6877eff07fb37e95d8/1662095483538_0.jpg
2455055,9791155501658,말하기 능력을 키우는 발표의 기술,"김경훤, 홍은실, 현원숙, 김희경, 오광근, 유하라",성균관대학교출판부,15000,3000,https://cf-cii.everytime.kr/c9d85256e70f8770748e64b311743c9ac3f6a5dee6e177e04f347d0799e64cf9/1644261181172_0.jpg
2576226,9788932917207,앵무새 죽이기,하퍼 리,열린책들,15800,10000,https://cf-cii.everytime.kr/e31a1e81768c4d3c290c6df7c6ac47d0cec8b42483aeee90880cb1d49c423559/1720424383954_0.jpg
2576228,9791155500590,소통의 기초 스피치와 토론,스피치와 토론 교과교재 출간위원회,성균관대학교출판부,20000,4000,https://cf-cii.everytime.kr/273b083ca73b6b438245587b2a69a43c3d56deb09e1674dde8540b1ac364b040/1709540091004_0.jpg
2576243,9791159710438,스튜어트 미분적분학(8판),James Stewart,북스힐,42000,10000,https://cf-cii.everytime.kr/53c79170ec332951646fe1d6b2d87898a207d70c1020f3227c45c2ba92914cf7/1740311667352_0.jpg
2576243,9788962184105,Calculus :early transcendentls (stewart성균관대),stewart,경문사(박문규),49000,12000,https://cf-cii.everytime.kr/35c33e510545d2da21b8e4218e3a2fef183056d1a33a30a148613c39fa5c9339/1691558917159_0.jpg
2576247,9791190017107,이산수학,Richard Johnsonbaugh,경문사(박문규),35000,15000,https://cf-cii.everytime.kr/6de2b61820f552ec8277f25e997c74274705677e7b39f8baaea652a82438a413/1661705994264_0.jpg
2576247,9781292233703,"Discrete Mathematics, Global Edition",Johnsonbaugh Richard,Pearson Education,59000,19000,https://cf-cii.everytime.kr/3c7b52aade655449e10eecbfba4fcd70c041451033a24da0e1adef81a0f34074/1660373162892_0.jpg
2576249,2090000016222,일반물리학실험,성대물리학과,북스힐,12000,4000,https://cf-cii.everytime.kr/f6bb5ac1981b080b5e694892bdb5289c70b1d5ae7108c6cd7d41d014b3257e42/1693390603526_0.jpg
2576249,9788955268225,일반물리학실험(개정판),박찬응,북스힐,16000,5000,https://cf-cii.everytime.kr/b8e6958bbd4a7bea27bf7f3bb86814f1a4635e6e2255950e0d71ff30c643fba7/1773919832482_0.jpg
2576275,9788955018325,회계와 사회,"이종은, 백태영, 안민관, 유준욱, 정문기, 조현권",신영사,30000,5000,https://cf-cii.everytime.kr/fc04de1af664ad14a531da58769d1101a65fe8946e36db2e8756b1cc132b7aa3/1738863855964_0.jpg
2576275,9788955017113,회계와 사회,"백태영, 백원선, 이종은, 정문기, 최 관, 최영수",신영사,27000,10000,https://cf-cii.everytime.kr/29a73f719f4f7b33ecbbda161fcf5960b428e7756d4b9f9c66f8e97a22fca92c/1723707428386_0.jpg
2576275,9788955016253,회계와 사회,"최관, 백원선, 백태영, 이용규, 이종은, 정문기",신영사,25000,6000,https://cf-cii.everytime.kr/62a5b927cf887388aa5f82aeed0ecb9d0c26dfb7b797a47edd4e03498a9a07c5/1655487440616_0.jpg
2576298,9788999715747,최신교육학개론,"성태제, 강대중, 강이철, 곽덕주, 김계현, 김천기",학지사,20000,19000,https://cf-cii.everytime.kr/ce5111cc97f193129cd0b5604395e6d5c43279c5dcb42c2370f136f6fc47fe51/1735915824041_0.jpg
2576313,9781119787051,Financial Accounting,"Jerry J. Weygandt, Paul D. Kimmel",Wiley,59000,16500,https://cf-cii.everytime.kr/1029b2232071c0e423ed8f7cdfb402462e3a1f815e90e92e5432bdbf11725670/1765719639398_0.jpg
2576313,9781119504306,Financial Accounting,"Paul D. Kimmel, Donald E. Kieso, Jerry J. Weygandt",Wiley,45000,500,https://cf-cii.everytime.kr/72b70238683ea2bcc707bf248c897f689a3e2d4ac975142057b7f82bdcf481de/1633415388220_0.jpg
2576323,9788968443145,조직이론과 설계,Richard L. Daft,한경사,35000,10000,https://cf-cii.everytime.kr/9a16a77149ed03717f19c2ae5d39af287b5fe8a8c3a2250f65a24bfbf5aee809/1725361840697_0.jpg
2576326,9791156646440,비즈니스 애널리틱스를 위한 데이터 마이닝 in 파이썬,"갈리트 시뮤엘리, Peter C. Bruce, Gedeck Peter, Nitin R. Patel",한빛아카데미,39000,30000,https://cf-cii.everytime.kr/ecc9c2c782924644bbf7bf910f53da24b05ea4efced1c7c911e75b650b6f9135/1725159741728_0.jpg
2576326,9791132108528,비즈니스 애널리틱스,"Sanjiv Jaggia, Alison Kelly, Kevin Lertwachara, Leida Chen",한빛아카데미,38000,20000,https://cf-cii.everytime.kr/609c7e05de62d28d574462d7f4db3e3d66af2089b78bbfa4e6a3d766c011b64b/1706091745036_0.jpg
2576340,9791162262559,거시경제학 해법,그레고리 맨큐,시그마프레스,12000,10000,https://cf-cii.everytime.kr/cb7ce5a029c81784b9f1916058e126388fc09626467ea47bfb7e61e3d7ab55bc/1610606422510_0.jpg
2576375,9788993543872,공업수학(상)(Kreyszig),어윈 크레이스지그,텍스트북스,29000,12000,https://cf-cii.everytime.kr/092cafcd8babef04f17dd58e79b9f432ecdf8063a0810e83df7b7492e36e257a/1702276226927_0.jpg
2576375,9780470646137,Advanced Engineering Mathematics,어윈 크레이스지그,Wiley,59000,10000,https://cf-cii.everytime.kr/19bac105bcbab482605a5f520b4dd25203d5fcb0390d1bb6071d208bced05b98/1773126870771_0.jpg
2576375,9788971292440,공업수학(상): 상미분방정식 선형대수 벡터미적분(개정판 10판),어윈 크레이스지그,범한서적,26000,10000,https://cf-cii.everytime.kr/fa5962485e798a8f18d89696b98c1cdd3454105532730a069310becb2618ce06/1598836850239_0.jpg
2576407,9791190017268,재료과학,"William D. Callister, David G. Rethwisch",한티에듀,42000,21000,https://cf-cii.everytime.kr/790b968c1339b90e320f6c3e6a2a95244508ffdc081a9e26100c7a91ca12df1c/1756003784101_0.jpg
2576407,9788964213131,재료과학,"William D. Callister Jr., David G. Rethwisch",한티미디어,39000,15000,https://cf-cii.everytime.kr/7596c6bd4563d4858a967152782d767098590c195072b332789cb92696d81fc7/1693579548539_0.jpg
2576407,9781119249252,Fundamentals of Materials Science and Engineering,"William D. Callister, David G. Rethwisch",John Wiley & Sons Inc,60000,10000,https://cf-cii.everytime.kr/276c2586e3b41a1dfe64e8ead01045efa639d2463805ad86a47f6943934e5aaf/1726026661548_0.jpg
2576578,9791191679045,Kreyszig 공업수학(상),어윈 크레이스지그,텍스트북스,35000,12000,https://cf-cii.everytime.kr/ee5d87a848772ad11058860cd0de0c7182b0cb66fa682e86563d9faf7b3577fd/1778506065662_0.jpg
2576578,9788971291832,공업수학. 상(KREYSZIG)(개정판 9판),어윈 크레이스지그,범한서적,25000,10000,https://cf-cii.everytime.kr/8a3d5f6fda83213cd4c309fc543095b9d95f35dcf21deae01b4ae279a3506d86/1772949231152_0.jpg
2576578,9780470646137,Advanced Engineering Mathematics,어윈 크레이스지그,Wiley,59000,10000,https://cf-cii.everytime.kr/19bac105bcbab482605a5f520b4dd25203d5fcb0390d1bb6071d208bced05b98/1773126870771_0.jpg
2576578,9788971292440,공업수학(상): 상미분방정식 선형대수 벡터미적분(개정판 10판),어윈 크레이스지그,범한서적,26000,10000,https://cf-cii.everytime.kr/fa5962485e798a8f18d89696b98c1cdd3454105532730a069310becb2618ce06/1598836850239_0.jpg
2576610,9781292039329,Introduction to Analysis,William R. Wade,Pearson Education,58000,25000,https://cf-cii.everytime.kr/f2515489df27826a665531f307067fcd313996d26e94439006879a4a99f5a8ef/1672375042567_0.jpg
2576620,9789814896979,Fundamentals of Logic Design Enhanced,"Charles H. Roth, Larry L. Kinney, Eugene B. John",Cengage,53000,20000,https://cf-cii.everytime.kr/9ab9f394cfa143cfa6db31655a10dcc3ecab2b39bcc52903bc69bfe65677acd6/1773133195650_0.jpg
2576620,9788970506692,디지털 논리회로 설계(알기 쉬운),조준동,생능,28000,15000,https://cf-cii.everytime.kr/95da95907976358f685acfcfda07883610b1e1a9cb02747e38ee14e6f327a0a2/1599230099628_0.jpg
2576620,9788962183948,논리설계기초,"Charles H. Roth, Larry L. Kinney",Cengage Learning,38000,20000,https://cf-cii.everytime.kr/94d10716b47d4dbed37b0c3bc21bb027e9fd2be4720f9a1e8752d29b2339a419/1690544257252_0.jpg
2576725,9788961544030,발생생물학,"전상학, 김길중, 김정웅, 선웅, 송지환, 심용희",라이프사이언스,58000,40000,https://cf-cii.everytime.kr/c3b51a2c468b955b174293098076cd46b2193afd44438c7829febc65909e74d0/1692959881076_0.jpg
2576725,9781605358741,Developmental Biology,"Michael JF (Professor of Biological Sciences Professor of Biological Sciences Smith College) Bar, Scott F (Howard A Schneiderman Professor of Biology Emeritus Howard A Schneiderman Professor of",Oxford University,80000,40000,https://cf-cii.everytime.kr/4839684758d76037aa78b3b18b9415ddcdc373806bc0411f1b4606f3ec94876a/1692959606536_0.jpg
2576732,9788962184297,유기화학,John E. McMurry,사이플러스,58000,5000,https://cf-cii.everytime.kr/360a8bc8a03b518326ac77e857a51a5ac7981ff6c57532f8ae6bd6f00bfdf343/1773124524313_0.jpg
2576732,9781119249252,Fundamentals of Materials Science and Engineering,"William D. Callister, David G. Rethwisch",John Wiley & Sons Inc,60000,10000,https://cf-cii.everytime.kr/276c2586e3b41a1dfe64e8ead01045efa639d2463805ad86a47f6943934e5aaf/1726026661548_0.jpg
2576738,9791132110811,데이터통신과 네트워킹,Behrouz A. Forouzan,한티미디어,39000,10000,https://cf-cii.everytime.kr/243316f6115e72053b09728bc29ad041876727ff768fb322bc3bb373d3345f61/1771811203536_0.jpg
2576738,9781260597820,Data Communications and Networking with TCP/IP Protocol Suite,Behrouz A. Forouzan,McGraw-Hill Education,46000,25000,https://cf-cii.everytime.kr/d1fb33b4a171154fb58bcdc878bba9770dcbbff9dde081aa9e517d65216d25a2/1687077068168_0.jpg
2585660,9791185475219,컴퓨터 시스템,"Randal E Bryan, David R O'Hallaron",피어슨에듀케이션코리아,39000,17000,https://cf-cii.everytime.kr/87e213bdf7c80af51ab91574ab03dcd6af0af0af9601d442574e06382497a45e/1698143624471_0.jpg
2585665,9788979866865,스피치와 토론(글쓰기와 커뮤니케이션 03),"이상철, 백미숙, 정현숙",성균관대학교대동문화연구원,15000,5000,https://cf-cii.everytime.kr/31edb6e6bf1386a4927f10e1bd30aee5210da6cca80e26d38fe8f9b71a73010e/1568817780389_0.jpg
2585665,9791155500590,소통의 기초 스피치와 토론,스피치와 토론 교과교재 출간위원회,성균관대학교출판부,20000,6000,https://cf-cii.everytime.kr/768cbf4fcee0ab72369ea25a2bb8b44481ab8bc93073dc65c02a073207ef3baf/1778505356918_0.jpg
2587800,9791155501634,한국어 문장 바로 쓰기,"김경훤, 유하라, 현원숙, 김희경, 오광근, 홍은실",성균관대학교출판부,15000,5000,https://cf-cii.everytime.kr/771d940bbcd8ce7718b63268d08fd062d15cccc62e0e99533dfcf5cad83ace51/1645860240964_0.jpg
2587808,9791155501641,글쓰기의 절차와 과정,"김경훤, 오광근, 유하라, 김희경, 현원숙, 홍은실",성균관대학교출판부,15000,2000,https://cf-cii.everytime.kr/da4a96568936730e1765a9226812f11cee32147f53a7f25b78de8f077429cd4d/1576566409939_0.jpg
2594773,9788993543872,공업수학(상)(Kreyszig),어윈 크레이스지그,텍스트북스,29000,12000,https://cf-cii.everytime.kr/092cafcd8babef04f17dd58e79b9f432ecdf8063a0810e83df7b7492e36e257a/1702276226927_0.jpg
2594773,9788971292440,공업수학(상): 상미분방정식 선형대수 벡터미적분(개정판 10판),어윈 크레이스지그,범한서적,26000,10000,https://cf-cii.everytime.kr/fa5962485e798a8f18d89696b98c1cdd3454105532730a069310becb2618ce06/1598836850239_0.jpg
2657692,9791189550547,감염병이 바꾼 세계사,나이토 히로후미,탐나는책,16000,10000,https://cf-cii.everytime.kr/f379c340e2d3149ba5a609b9a0abb580a3d0eec5db3d2ec72cde84266672c71d/1757046170261_0.jpg
2657692,9791189198862,종의 기원,"찰스 다윈, 다윈포럼 기획",사이언스북스,22000,12000,https://cf-cii.everytime.kr/213ce53cb03339bd499045d954252ae7db025f1e3f7d88b5689efb98b67769c3/1757046295378_0.jpg
2657698,9791155504628,학술적 글쓰기,"원만희, 박정하, 김종규, 이기백, 김치헌, 김상현",성균관대학교출판부,25000,15000,https://cf-cii.everytime.kr/8e515a7a7bbce838fee84334aa7a46b476fd36a15c7ee49940e75ba71e8fe3d0/1640670223069_0.jpg
2657700,9788962185027,맨큐의 경제학,그레고리 맨큐,한티에듀,45000,8000,https://cf-cii.everytime.kr/114906d54719566be1b3f560431a4bd19c315143e7911b53f255a43c419fea93/1770271199433_0.jpg
2657753,9791156645993,실용적 접근 방식의 경영학원론,"Angelo Kinicki, Denise Breaux Soignet",한빛아카데미,39000,18000,https://cf-cii.everytime.kr/db3b2728c2ab32e4874c34b651e97fd097fb65744931677aa66e748d4ee99cc0/1741523001900_0.jpg
2657766,9791162262542,거시경제학,그레고리 맨큐,시그마프레스,43000,5000,https://cf-cii.everytime.kr/cc15736e6e7c171e25f27b69e49931ee1d7392ef6b76d8fff025d1adc5f3b971/1735459901275_0.jpg
2657766,9791187897316,거시경제론,"정운찬, 김영식",율곡출판사,39000,10000,https://cf-cii.everytime.kr/002f4444fc9c9bc3e41353a47817165cb393633e0941beae0c31d28f789de82f/1677080644677_0.jpg
2657955,9791162243589,이것이 우분투 리눅스다,우재남,한빛미디어,32000,10000,https://cf-cii.everytime.kr/afa059416cdc276ced94f6ad8bdf4190e84276a87decbac86cf2d1251097bbd4/1720925358724_0.jpg
2676791,9791155501641,글쓰기의 절차와 과정,"김경훤, 오광근, 유하라, 김희경, 현원숙, 홍은실",성균관대학교출판부,15000,2000,https://cf-cii.everytime.kr/da4a96568936730e1765a9226812f11cee32147f53a7f25b78de8f077429cd4d/1576566409939_0.jpg
2748881,9788937834790,정의란 무엇인가,마이클 샌델,와이즈베리,18000,8000,https://cf-cii.everytime.kr/c06d5dcfcece3b41e8cebd7a57793b67691b5eeb95ca0e3dfd59757633274cc5/1709730530031_0.jpg
2748884,9791155505847,성균 논어,"이천승, 고재석",성균관대학교출판부,15000,5000,https://cf-cii.everytime.kr/e4fd057097a16ded130bb01b1ceb5479af27e73ff1527d72cdd2d77375e2a208/1750779461069_0.jpg
2748891,9791155502396,Poised to Present,성균어학원,성균관대학교출판부,15000,5000,https://cf-cii.everytime.kr/19c8e3bb35f1dc053733cdcb35c5dfcd4484dfd751c0d3693ad0d08293941d76/1613366636970_0.jpg
2748892,9791155504017,The Write Way,성균관대학교 학부대학,성균관대학교출판부,17000,3000,https://cf-cii.everytime.kr/1f682082d34b016cea014f80d12b0d9c5b7868a38701147765dfa5cec048c10c/1660724466488_0.jpg
2748893,9791155504017,The Write Way,성균관대학교 학부대학,성균관대학교출판부,17000,7000,https://cf-cii.everytime.kr/d109208b686704e5dd9ee34d02975e2968b55aaa5e644ca4769e53b6289db53f/1772633359504_0.jpg
2748893,9791155502129,Write On,성균어학원,성균관대학교출판부,15000,1,https://cf-cii.everytime.kr/af1fc89b4d64e7ff898d9c346d1aee9bea1b7f5a14a6df8cf10b4fbded608cd2/1583933773067_0.jpg
2748894,9791155504017,The Write Way,성균관대학교 학부대학,성균관대학교출판부,17000,7000,https://cf-cii.everytime.kr/d109208b686704e5dd9ee34d02975e2968b55aaa5e644ca4769e53b6289db53f/1772633359504_0.jpg
2748895,9791155504017,The Write Way,성균관대학교 학부대학,성균관대학교출판부,17000,7000,https://cf-cii.everytime.kr/d109208b686704e5dd9ee34d02975e2968b55aaa5e644ca4769e53b6289db53f/1772633359504_0.jpg
2748900,9791155501740,창의적 사고 소통의 글쓰기,"김경훤, 김미란, 김성수",성균관대학교출판부,20000,4000,https://cf-cii.everytime.kr/e2d27c670283f177ba6667c3fe7c3d76d08e92b31130a29c9f9eeac61dc61126/1738992173519_0.jpg
2748901,9791155501740,창의적 사고 소통의 글쓰기,"김경훤, 김미란, 김성수",성균관대학교출판부,20000,9000,https://cf-cii.everytime.kr/28f6c3d044998d041e445edfc001d20423e9efe20bc7c6cad9e660ad7eb897c7/1778505543192_0.jpg
2748902,9791155504628,학술적 글쓰기,"원만희, 박정하, 김종규, 이기백, 김치헌, 김상현",성균관대학교출판부,25000,5000,https://cf-cii.everytime.kr/67b8211a19cf76cee0873d3fdd6ffd6922373e7f4928189dedf5aa0fc4029a99/1641133751536_0.jpg
2748914,9791190398220,틸리 서양철학사,Frank Thilly,현대지성,25000,15000,https://cf-cii.everytime.kr/fe0418af868064d4b79d13b9e1e1357cd7da447b0006fe99165d581ca0563116/1724894675209_0.jpg
2748917,9791159713255,스튜어트 미분적분학,"제임스 스튜어트, Daniel K. Clegg, Saleem Watson",북스힐,45000,15000,https://cf-cii.everytime.kr/32637f7ff3d7878cd218b5c6c9f2a99b288fcd18a6b8d7e7093831cc79faf2fe/1763540760477_0.jpg
2748917,9788962184105,Calculus :early transcendentls (stewart성균관대),stewart,경문사(박문규),49000,12000,https://cf-cii.everytime.kr/35c33e510545d2da21b8e4218e3a2fef183056d1a33a30a148613c39fa5c9339/1691558917159_0.jpg
2748918,9788962184105,Calculus :early transcendentls (stewart성균관대),stewart,경문사(박문규),49000,12000,https://cf-cii.everytime.kr/35c33e510545d2da21b8e4218e3a2fef183056d1a33a30a148613c39fa5c9339/1691558917159_0.jpg
2748919,9788962185300,Calculus Early Transcendentals (Korea Edition),"제임스 스튜어트, Daniel K. Clegg, Saleem Watson",Cengage,47000,20000,https://cf-cii.everytime.kr/1deb0debe1cc614fee0af0d64bccab869f93a7bc0501cacc4f5a480b62073fd8/1715219413137_0.jpg
2748919,9791159710438,스튜어트 미분적분학(8판),James Stewart,북스힐,42000,10000,https://cf-cii.everytime.kr/53c79170ec332951646fe1d6b2d87898a207d70c1020f3227c45c2ba92914cf7/1740311667352_0.jpg
2748919,9788962184105,Calculus :early transcendentls (stewart성균관대),stewart,경문사(박문규),49000,12000,https://cf-cii.everytime.kr/35c33e510545d2da21b8e4218e3a2fef183056d1a33a30a148613c39fa5c9339/1691558917159_0.jpg
2748919,9788961059961,미분적분학,제임스 스튜어트,경문사(박문규),45000,15000,https://cf-cii.everytime.kr/620d4d4b3719e6c1f96231a5c34443b175db559edac90b0abbfd053f400d55f8/1608556333193_0.jpg
2748925,9781133110002,Principles of Physics,Raymond A. Serway,Brooks Cole Pub Co,50000,10000,https://cf-cii.everytime.kr/5de8e039c6346e1e9f84de5fd30eda5e5d39bafab85a5b3714dbdc2ff586f15d/1752400145865_0.jpg
2748927,2090000016222,일반물리학실험,성대물리학과,북스힐,12000,4000,https://cf-cii.everytime.kr/f6bb5ac1981b080b5e694892bdb5289c70b1d5ae7108c6cd7d41d014b3257e42/1693390603526_0.jpg
2748930,9791156640264,이공계생을 위한 확률과 통계,"안승철, 이광연, 김진수, 박기섭",한빛아카데미,26000,12000,https://cf-cii.everytime.kr/dc78d004e603279a93b85859e8cf89cffec2b3037a146dd3914e3b3e52d535e8/1775524276978_0.jpg
2748930,9791156645405,이공계생을 위한 확률과 통계,"안승철, 이광연, 박기섭",한빛아카데미,25000,10000,https://cf-cii.everytime.kr/a8f6760ffdbf01d82d288fc6fb0e21c214ba753c8a33a493b2e3497b20cd0c2e/1741601980237_0.jpg
2748930,9791156641223,이공계생을 위한 확률과 통계(MSE),안승철,한빛아카데미,23000,15000,https://cf-cii.everytime.kr/c66a3ac176d268187d5723bfbe7c8233c67a6ca1ed46253d28e673f56a0db4cf/1772256104634_0.jpg
2748975,9788955018172,IFRS 회계원리,"최관, 백원선, 최영수",신영사,42000,15000,https://cf-cii.everytime.kr/181848f6001702c715fec47d31a491b398f6a28f867cbd482a1288d316e81b3b/1754135196903_0.jpg
2748977,9781265083922,Financial Accounting,Robert Libby,McGraw-Hill,58000,25000,https://cf-cii.everytime.kr/db5248f0ad997d039998d2ea5d2ade7f99dc67a547cb615d1766e66db4485753/1772374051456_0.jpg
2748977,9781119504306,Financial Accounting,"Paul D. Kimmel, Donald E. Kieso, Jerry J. Weygandt",Wiley,45000,500,https://cf-cii.everytime.kr/72b70238683ea2bcc707bf248c897f689a3e2d4ac975142057b7f82bdcf481de/1633415388220_0.jpg
2748978,9791130307534,현대마케팅론,"유필화, 김용준, 한상만",박영사,34000,10000,https://cf-cii.everytime.kr/6faa11ce87d4f505bf3c7c5ccf098b387c9ec418ab4e2d51eddd456e40a8b8c2/1662299090653_0.jpg
2749018,9788964212936,최적설계입문,Jasbir Singh Arora,한티미디어,42000,30000,https://cf-cii.everytime.kr/1772a79fd2b1002a0cd7b54a1881f9867d6eaea26fc28543c442e123f32927d7/1753263226711_0.jpg
2749055,9788998308100,고체전자공학,"Ben G Streetman, Sanjay Kumar Banerjee",성진미디어,35000,10000,https://cf-cii.everytime.kr/2a4a5bcb8f9b4acba6b2475a3c56336b62513c751d7cf88bc63d8582359dc216/1592746659690_0.jpg
2749066,9791132100737,현대물리학,"Beiser, Kok Wai Cheah",McGraw-Hill,36000,20000,https://cf-cii.everytime.kr/57f50cced36aa39e255302cadfc748a22b11ee420283c5df4fc24f6cca6ca5c7/1756377061571_0.jpg
2749230,9791190017268,재료과학,"William D. Callister, David G. Rethwisch",한티에듀,42000,21000,https://cf-cii.everytime.kr/790b968c1339b90e320f6c3e6a2a95244508ffdc081a9e26100c7a91ca12df1c/1756003784101_0.jpg
2749230,9791162263044,재료과학과 공학,"William D. Callister Jr., David G. Rethwisch",시그마프레스,42000,15000,https://cf-cii.everytime.kr/e0da49b8263d7d0c46239bbf31e802f31814b03f8c10a17618bac755fb380c13/1693134474257_0.jpg
2749234,9781133628484,"Fundamentals of Logic Design, 7/E(Paperback)",Larry Kinney,Cengage Learning,43000,13000,https://cf-cii.everytime.kr/580a7a6bf6cf16b6480598c18bb0532c195c504204a11a8c306bc8aea38c89ab/1726066626736_0.jpg
2749235,9788962183948,논리설계기초,"Charles H. Roth, Larry L. Kinney",Cengage Learning,38000,20000,https://cf-cii.everytime.kr/94d10716b47d4dbed37b0c3bc21bb027e9fd2be4720f9a1e8752d29b2339a419/1690544257252_0.jpg
2749244,9788957025031,예방약학 세트,한국약학교육협의회,신일북스,78000,50000,https://cf-cii.everytime.kr/a0886cb8607febec078af318c4d390638d26d92d917e5d5da99601dd117c125a/1738556447125_0.jpg
2749245,9788941181736,의약품분석학(개정판 2판),약품분석학분과회,동명사,35000,15000,https://cf-cii.everytime.kr/e6c132f0e69dbe15f58e598e362dd50e645ae08fd79f14ac9f7251021fa5deb7/1707059403208_0.jpg
2749340,9788962184709,해석역학,"진병문, 최명선",북스힐,34000,20000,https://cf-cii.everytime.kr/d9ce9c8398eff502383ef8e3be486b6e6e33a9278e76d8ca1c9063263dd67c12/1741856547659_0.jpg
2749358,9788971292440,공업수학(상): 상미분방정식 선형대수 벡터미적분(개정판 10판),어윈 크레이스지그,범한서적,26000,10000,https://cf-cii.everytime.kr/fa5962485e798a8f18d89696b98c1cdd3454105532730a069310becb2618ce06/1598836850239_0.jpg
2749366,9791195444922,재료역학,R. C. Hibbeler,프로텍미디어,39000,7000,https://cf-cii.everytime.kr/79a562d69deaa5de11c20fc7341da3a974200386ff5d191bcfe50d5d030409c9/1773124204349_0.jpg
2749367,9791185475974,회로이론,"J. David Irwin, R. Mark Nelms",퍼스트북,42000,5000,https://cf-cii.everytime.kr/06f9462dd87c416c41d7d41a8266da624952ca2128b0a83bdc90ac6b6e6780e4/1773124564986_0.jpg
2749368,9791195444915,동역학,"R. C. Hibbeler, Kai Beng Yap",프로텍미디어,36000,15000,https://cf-cii.everytime.kr/9a80013819dcf9a3acaf0952d232947cee7d0bba83716b5e64b440a3fbff7304/1756703982820_0.jpg
2749372,9791132101673,자동제어,"Farid Golnaraghi, Benjamin C. Kuo",McGraw-Hill,40000,19000,https://cf-cii.everytime.kr/739ab76c2c1d73e61b827c7d2e52b889e59e4b260b01a2cee520aa89091916a5/1694520517500_0.jpg
2750402,9791155502396,Poised to Present,성균어학원,성균관대학교출판부,15000,5000,https://cf-cii.everytime.kr/19c8e3bb35f1dc053733cdcb35c5dfcd4484dfd751c0d3693ad0d08293941d76/1613366636970_0.jpg
2750403,9791155504017,The Write Way,성균관대학교 학부대학,성균관대학교출판부,17000,3000,https://cf-cii.everytime.kr/1f682082d34b016cea014f80d12b0d9c5b7868a38701147765dfa5cec048c10c/1660724466488_0.jpg
2750407,9791155500590,소통의 기초 스피치와 토론,스피치와 토론 교과교재 출간위원회,성균관대학교출판부,20000,6000,https://cf-cii.everytime.kr/768cbf4fcee0ab72369ea25a2bb8b44481ab8bc93073dc65c02a073207ef3baf/1778505356918_0.jpg
2750417,9791155502747,과학기술글쓰기,"노상도, 박상태, 한기호, 한영신",성균관대학교출판부,18000,8000,https://cf-cii.everytime.kr/80ee99c30c1b8dba626d17c6f9686ff1640891221fbd48d991f3398525f9b03c/1725493198647_0.jpg
2750418,9791155501740,창의적 사고 소통의 글쓰기,"김경훤, 김미란, 김성수",성균관대학교출판부,20000,9000,https://cf-cii.everytime.kr/28f6c3d044998d041e445edfc001d20423e9efe20bc7c6cad9e660ad7eb897c7/1778505543192_0.jpg
2827114,9791155505847,성균 논어,"이천승, 고재석",성균관대학교출판부,15000,5000,https://cf-cii.everytime.kr/e114a8424bad4ab22bccd60ffdaa3b6c205fd335a12b5446feb8148b34bc4353/1773360300084_0.jpg
2827114,9791155504611,"우리들의 세상, 논어로 보다","이천승, 강보승, 고재석, 권경자, 김동민, 정병섭",성균관대학교출판부,13500,5000,https://cf-cii.everytime.kr/e7a03c2878ade717eba8f1d95acbdb2e4d08fb6e4b1b438834660c82d18d2058/1677164593235_0.jpg
2827114,9791155502389,"우리들의 세상, 논어로 보다","고재석, 권경자, 김동민, 이천승, 정병섭",성균관대학교출판부,12000,3000,https://cf-cii.everytime.kr/d9a6da2d1bfe64b24bb0e2cde283cce0adbb2bf2e193c18ef973269d7fb2b68b/1677416857073_0.jpg
2827115,9791155505847,성균 논어,"이천승, 고재석",성균관대학교출판부,15000,5000,https://cf-cii.everytime.kr/e4fd057097a16ded130bb01b1ceb5479af27e73ff1527d72cdd2d77375e2a208/1750779461069_0.jpg
2827115,9791155504611,"우리들의 세상, 논어로 보다","이천승, 강보승, 고재석, 권경자, 김동민, 정병섭",성균관대학교출판부,13500,3000,https://cf-cii.everytime.kr/5a836f7760d2e64719ab420559c50e558e26a4a601bbd398e181465968a1cff8/1689838237954_0.jpg
2827118,9791155502396,Poised to Present,성균어학원,성균관대학교출판부,15000,1000,https://cf-cii.everytime.kr/d5f0ab4ec77c85d68a8653a538260a65981bdf930935bf811e60a8a545c24569/1770721244787_0.jpg
2827198,9791185475547,기구학,"Uicker, Pennock Gordon R., Shigley Joseph E.",퍼스트북,25000,10000,https://cf-cii.everytime.kr/8fe4aa3640abbc67bd83ccfca54b7c8ab6dbff6f4842aa55831ade611565e2b6/1772730946514_0.jpg
2827355,9791156646617,Verilog HDL 설계,신경욱,한빛아카데미,36000,25000,https://cf-cii.everytime.kr/d9cff077cf5a67a8fc4cb22a59226e081b1ca8e567aabb412a91906e401f5184/1772934877510_0.jpg
2827699,9791155502396,Poised to Present,성균어학원,성균관대학교출판부,15000,5000,https://cf-cii.everytime.kr/19c8e3bb35f1dc053733cdcb35c5dfcd4484dfd751c0d3693ad0d08293941d76/1613366636970_0.jpg
2840821,9788998338862,디지털 논리 설계와 컴퓨터 구조,"데이비드 머니 해리스, 사라 L 해리스",카오스북,35000,20000,https://cf-cii.everytime.kr/001039b92acbc1055722c25edea5e4134983d0a9dccc49555d1212ca3cc10c37/1740819782901_0.jpg
2843623,9791155502396,Poised to Present,성균어학원,성균관대학교출판부,15000,1000,https://cf-cii.everytime.kr/d5f0ab4ec77c85d68a8653a538260a65981bdf930935bf811e60a8a545c24569/1770721244787_0.jpg
2892966,9791155505847,성균 논어,"이천승, 고재석",성균관대학교출판부,15000,5000,https://cf-cii.everytime.kr/e4fd057097a16ded130bb01b1ceb5479af27e73ff1527d72cdd2d77375e2a208/1750779461069_0.jpg
2892970,9791155502747,과학기술글쓰기,"노상도, 박상태, 한기호, 한영신",성균관대학교출판부,18000,10000,https://cf-cii.everytime.kr/f1848004654ab0b165abe4b543ea3367b329d535709920a7520a02086214484d/1772027017510_0.jpg
2892971,9791155502747,과학기술글쓰기,"노상도, 박상태, 한기호, 한영신",성균관대학교출판부,18000,8000,https://cf-cii.everytime.kr/80ee99c30c1b8dba626d17c6f9686ff1640891221fbd48d991f3398525f9b03c/1725493198647_0.jpg
2892978,9788962184105,Calculus :early transcendentls (stewart성균관대),stewart,경문사(박문규),49000,12000,https://cf-cii.everytime.kr/35c33e510545d2da21b8e4218e3a2fef183056d1a33a30a148613c39fa5c9339/1691558917159_0.jpg
2892980,9780321761583,Campbell Biology: Concepts and connections,Jane B. Reece,Pearson Education Asia,47000,5000,https://cf-cii.everytime.kr/21947db02ed18179d20efe9b236acf68bf53e65652fe61118c9e90608477792c/1662949157381_0.jpg
2893026,9791140700226,누구나 쉽게 컴퓨팅 사고 with 파이썬,"김현정, 황숙희",길벗캠퍼스,25000,15000,https://cf-cii.everytime.kr/5b4e512905772ff5f23e2aebdbeda30988bc4c2cf200a4d4621c5e86df4bfcfc/1704608910935_0.jpg
2893086,9780199697403,Physical Chemistry,"피터 앳킨스, julio de paula",Oxford U.K,63000,10000,https://cf-cii.everytime.kr/e121ddd2016f75f971bfe72ad16944db409340b15ff35390bdf8dca0f1c273b3/1704996154040_0.jpg
2893089,9791188731435,앳킨스의 물리화학,"피터 앳킨스, julio de paula, JAMES KEELER",사이플러스,55000,30000,https://cf-cii.everytime.kr/864bdf1667e81247d3586ed03cc475f4d6ff8031dbd01a41d8e94581207ed28a/1757918741464_0.jpg
2893089,9791159095788,물리화학,"피터 앳킨스, Juilo de Paula, James Keeler",교보문고,48000,10000,https://cf-cii.everytime.kr/2642268d7e8bf9a70c1998f864ead45c5b611bffdb0a3f689fd28dec88919ea6/1776335334143_0.jpg
2893092,9788962184297,유기화학,John E. McMurry,사이플러스,58000,5000,https://cf-cii.everytime.kr/360a8bc8a03b518326ac77e857a51a5ac7981ff6c57532f8ae6bd6f00bfdf343/1773124524313_0.jpg
2893101,9791193949016,2025 한글 변호사시험용 법전,법조문연구회,법학사,25000,8000,https://cf-cii.everytime.kr/8499c3a0f7cbf7b393f7b368765301c9b30587deca3d9bb5d6138ace17302699/1767330093493_0.jpg
2893101,9791158246839,2022 Rainbow 핵심OX 민법,이태섭,학연,53000,10000,https://cf-cii.everytime.kr/03265d9ebb632110919cf871ef4a59e2625fc2a1980cf58fd880e47fb7e27579/1767328721194_0.jpg
2893101,9791130340302,신민법강의,송덕수,박영사,69000,15000,https://cf-cii.everytime.kr/dcb17a96a0c75178d5d7154b0126678873e1b66f6f584f24ed70b00636d03388/1771069484642_0.jpg
2893126,9788963642239,X-ray 결정학,허무영,교문사(청문각),23000,7000,https://cf-cii.everytime.kr/5a52e5a52b98bc9fb98a72e388e1ddfd5ddce12d2e5781667efe87e6be6d0697/1704180824675_0.jpg
2893223,9791190444316,R을 이용한 웹 크롤링과 텍스트 분석,권상희,컴원미디어,22000,12000,https://cf-cii.everytime.kr/f61fd605ea5cec9dbafeb08b0e345c77ddd37067c67dd97adb740272f92b9ba5/1756550634590_0.jpg
2893225,9788976449306,공공부문 ESG 전략,"홍형득, 박보식, 사득환, 양세훈, 오수길",대영문화사,23000,10000,https://cf-cii.everytime.kr/b0e079a5ee0f04636a3095ceb6ba2bedc9e44ab4532375144143c902b3797d52/1749923484750_0.jpg
2893253,9791156645184,전자기학,김동명,한빛아카데미,38000,25000,https://cf-cii.everytime.kr/db53b8b120b5abf088de9813ac107e979ce5837deca9b3cca36e44a27036ef00/1777010829924_0.jpg
2893442,9788992887625,반도체소자원리,Sima Dimitrijev (원저),진샘미디어,29000,13000,https://cf-cii.everytime.kr/046d3d10f0880a29a10c5f5de3a12dd646df562a06f13c836056ec60a4ca5f0f/1607770783542_0.jpg
2893449,9791158083045,나노 반도체 소자 설계 및 제조공정 기술,최성재,자유아카데미,35000,15000,https://cf-cii.everytime.kr/3dfa7142c104cd7d817c71aed08207512cc469e3f765164bf04b8d25fefd4b25/1738629240575_0.jpg
2904306,9791155505847,성균 논어,"이천승, 고재석",성균관대학교출판부,15000,5000,https://cf-cii.everytime.kr/e114a8424bad4ab22bccd60ffdaa3b6c205fd335a12b5446feb8148b34bc4353/1773360300084_0.jpg
2926593,9788970506258,창의적설계입문,김용세,생능,18000,4000,https://cf-cii.everytime.kr/d4f44d494c786063b9711bee1ae6c13e74b05a5797e797c4c9e9357220ce631d/1506093404316_0.jpg
2968341,9788960552920,경영과학,"프레드릭 힐리어, Gerald J Lieberman",지필미디어,38000,15000,https://cf-cii.everytime.kr/aecf6f7c6996b6f0336882657fbf36735d6b538ca4fd3fe8a06e65de43e0e028/1733664572400_0.jpg
2970230,9791155504628,학술적 글쓰기,"원만희, 박정하, 김종규, 이기백, 김치헌, 김상현",성균관대학교출판부,25000,5000,https://cf-cii.everytime.kr/67b8211a19cf76cee0873d3fdd6ffd6922373e7f4928189dedf5aa0fc4029a99/1641133751536_0.jpg
2974104,9791155502396,Poised to Present,성균어학원,성균관대학교출판부,15000,1000,https://cf-cii.everytime.kr/d5f0ab4ec77c85d68a8653a538260a65981bdf930935bf811e60a8a545c24569/1770721244787_0.jpg
2974105,9791155502396,Poised to Present,성균어학원,성균관대학교출판부,15000,1000,https://cf-cii.everytime.kr/d5f0ab4ec77c85d68a8653a538260a65981bdf930935bf811e60a8a545c24569/1770721244787_0.jpg
2996822,9791155505847,성균 논어,"이천승, 고재석",성균관대학교출판부,15000,5000,https://cf-cii.everytime.kr/e114a8424bad4ab22bccd60ffdaa3b6c205fd335a12b5446feb8148b34bc4353/1773360300084_0.jpg
3057973,9789813135239,Linear Algebra and Its Applications,David C. Lay,Pearson Education,49000,9900,https://cf-cii.everytime.kr/92d56c61d05279f42a1c91f97508bfe8d728db7ce212e9af7d3002ee3c4184be/1771138989907_0.jpg
353871,9791158080297,확률 및 랜덤 프로세스,Alberto Leon-Garcia,자유아카데미,32000,20000,https://cf-cii.everytime.kr/44ccd53abc9a970b49bdaaf6156734187ee48d93c39fb5c9225bfda67c1ad52d/1607407409843_0.jpg
353871,9780132336215,"Probability, Statistics and Random Processes for Electrical Engineering",Leon-Garcia,Prentice-Hall,62000,20000,https://cf-cii.everytime.kr/8554cfdd7cc8ef30aa215bdcd4024b9a0e0b5ceb00123a83cb737ede4b3a5e58/1671863986521_0.jpg
353871,9788945045195,확률 및 랜덤 프로세스(한글3판)(3판),ALBERTO LEON GARCIA,자유아카데미,32000,10000,https://cf-cii.everytime.kr/83e45d3cdcdec0d42c9f457bcdeda2d10eb50968b07151f393b4fb3094906c1f/1582549130741_0.jpg
353911,9781133628484,"Fundamentals of Logic Design, 7/E(Paperback)",Larry Kinney,Cengage Learning,43000,13000,https://cf-cii.everytime.kr/580a7a6bf6cf16b6480598c18bb0532c195c504204a11a8c306bc8aea38c89ab/1726066626736_0.jpg
353911,9788962183948,논리설계기초,"Charles H. Roth, Larry L. Kinney",Cengage Learning,38000,20000,https://cf-cii.everytime.kr/94d10716b47d4dbed37b0c3bc21bb027e9fd2be4720f9a1e8752d29b2339a419/1690544257252_0.jpg
353911,9788962181531,논리설계기초,"CHARLES H ROTH, LARRY L KINNEY",한티미디어,29000,10000,https://cf-cii.everytime.kr/dbc69b1dae3817699d87a3ab722f567f9378545e187d0f0a107d100f639e4d45/1610849360118_0.jpg
353911,9780495667766,Fundamentals of Logic Design (Paperback),Charles H. Roth,Cengage Learning,37000,10000,https://cf-cii.everytime.kr/296147e10b4afbc621928f00e730cc0d8d6b31746094ea1e1ce3d804bec4b14a/1639238891437_0.jpg
354761,9791155505847,성균 논어,"이천승, 고재석",성균관대학교출판부,15000,5000,https://cf-cii.everytime.kr/e114a8424bad4ab22bccd60ffdaa3b6c205fd335a12b5446feb8148b34bc4353/1773360300084_0.jpg
354761,9791155504611,"우리들의 세상, 논어로 보다","이천승, 강보승, 고재석, 권경자, 김동민, 정병섭",성균관대학교출판부,13500,5000,https://cf-cii.everytime.kr/e7a03c2878ade717eba8f1d95acbdb2e4d08fb6e4b1b438834660c82d18d2058/1677164593235_0.jpg
354761,9791155502389,"우리들의 세상, 논어로 보다","고재석, 권경자, 김동민, 이천승, 정병섭",성균관대학교출판부,12000,3000,https://cf-cii.everytime.kr/d9a6da2d1bfe64b24bb0e2cde283cce0adbb2bf2e193c18ef973269d7fb2b68b/1677416857073_0.jpg
354761,9788979866148,논어,유교문화연구소,성균관대학교출판부,30000,10000,https://cf-cii.everytime.kr/9983d38f59f701980692cf97f6537543cf34c7a073fc675cf56f1a978e6cd194/1520349264320_0.jpg
354761,9791155500408,우리들의 세상 논어로 보다,인성교육교재편찬위원회,사람의무늬,18000,7000,https://cf-cii.everytime.kr/374cb7349939e633dd90b04480605a7a4972445d59b2bf26a14177cd63aca6521503663011470/0.jpg
354776,9791155505847,성균 논어,"이천승, 고재석",성균관대학교출판부,15000,5000,https://cf-cii.everytime.kr/e4fd057097a16ded130bb01b1ceb5479af27e73ff1527d72cdd2d77375e2a208/1750779461069_0.jpg
354776,9791155504611,"우리들의 세상, 논어로 보다","이천승, 강보승, 고재석, 권경자, 김동민, 정병섭",성균관대학교출판부,13500,3000,https://cf-cii.everytime.kr/5a836f7760d2e64719ab420559c50e558e26a4a601bbd398e181465968a1cff8/1689838237954_0.jpg
354776,9791155502389,"우리들의 세상, 논어로 보다","고재석, 권경자, 김동민, 이천승, 정병섭",성균관대학교출판부,12000,1000,https://cf-cii.everytime.kr/1db6d6f5023e7f95570200ac4d2ef251e0f8dbbb9b195b4da9302ecb7500b592/1725264174201_0.jpg
354776,9791155501740,창의적 사고 소통의 글쓰기,"김경훤, 김미란, 김성수",성균관대학교출판부,20000,4000,https://cf-cii.everytime.kr/e2d27c670283f177ba6667c3fe7c3d76d08e92b31130a29c9f9eeac61dc61126/1738992173519_0.jpg
354776,9791155500651,"리더십, 성균에 길이 있다",성균리더십출간위원회,사람의무늬,12000,3000,https://cf-cii.everytime.kr/8f24ce0bbbec0f2339507625c7cb9a2e3abb7de006034b4dc3829eabd6ec0f3d/1582961733467_0.jpg
354776,9791155500408,우리들의 세상 논어로 보다,인성교육교재편찬위원회,사람의무늬,18000,3000,https://cf-cii.everytime.kr/15d09e543cf946c666937114db37312b9ad0aab81a80ce1828e45dce6fab882a1503376328667/0.jpg
355522,9791155504628,학술적 글쓰기,"원만희, 박정하, 김종규, 이기백, 김치헌, 김상현",성균관대학교출판부,25000,15000,https://cf-cii.everytime.kr/8e515a7a7bbce838fee84334aa7a46b476fd36a15c7ee49940e75ba71e8fe3d0/1640670223069_0.jpg
355522,9791155500606,비판적 사고 학술적 글쓰기,"원만희, 박정하, 박상태, 한기호, 김상현, 이창후",성균관대학교출판부,20000,3000,https://cf-cii.everytime.kr/90f36604407c7c52b7a6ac7a168b6aa4bf1cb7cb46773bf2c98ff44c8a570aa7/1693236428999_0.jpg
356040,9791155500651,"리더십, 성균에 길이 있다",성균리더십출간위원회,사람의무늬,12000,1000,https://cf-cii.everytime.kr/5df68233a8f72d5df48561d44b099af15a585feea6a8a3870b84ca3564e6ce26/1707752896999_0.jpg
356058,9791155502396,Poised to Present,성균어학원,성균관대학교출판부,15000,5000,https://cf-cii.everytime.kr/19c8e3bb35f1dc053733cdcb35c5dfcd4484dfd751c0d3693ad0d08293941d76/1613366636970_0.jpg
356058,9788979868524,Poised to Present,성균어학원,성균관대학교출판부,13000,3000,https://cf-cii.everytime.kr/33da777f59fa0dff597a98cd006cdef60dc54ada5c04f3026ba114fc81007222/1582862542935_0.jpg
356110,9791155501641,글쓰기의 절차와 과정,"김경훤, 오광근, 유하라, 김희경, 현원숙, 홍은실",성균관대학교출판부,15000,2000,https://cf-cii.everytime.kr/da4a96568936730e1765a9226812f11cee32147f53a7f25b78de8f077429cd4d/1576566409939_0.jpg
356128,9791155502495,강의 듣기의 기술 1,"김경훤, 현원숙, 유하라, 오문경, 장민정",성균관대학교출판부,15000,7000,https://cf-cii.everytime.kr/c512a59ea2c35c45a764275b11169171b5aa17af51790e27970eba906236ec58/1645859659481_0.jpg
356128,9791155501634,한국어 문장 바로 쓰기,"김경훤, 유하라, 현원숙, 김희경, 오광근, 홍은실",성균관대학교출판부,15000,5000,https://cf-cii.everytime.kr/771d940bbcd8ce7718b63268d08fd062d15cccc62e0e99533dfcf5cad83ace51/1645860240964_0.jpg
356129,9791155501641,글쓰기의 절차와 과정,"김경훤, 오광근, 유하라, 김희경, 현원숙, 홍은실",성균관대학교출판부,15000,2000,https://cf-cii.everytime.kr/da4a96568936730e1765a9226812f11cee32147f53a7f25b78de8f077429cd4d/1576566409939_0.jpg
42259,9788995055724,식품첨가물학,송재철 외,내하출판사,19000,9000,https://cf-cii.everytime.kr/23ead833cb977ebdea7ec3b8fd67398a5d81680d7a4bf9e872ffb8584989b8c8/1693368571378_0.jpg
42277,9791190017022,신호와 시스템,"Simon Haykin, Barry Van Veen",한티에듀,39000,13000,https://cf-cii.everytime.kr/ccfee5b66798579d22329a65808e9568e4379263f748841b0d460c578348100e/1709214895017_0.jpg
42277,9791185475028,신호 및 시스템,"Alan V. Oppenheim, Alan S. Willsky, S Hamid Nawab",퍼스트북,38000,25000,https://cf-cii.everytime.kr/34cf16993ea01a0352c8dd59d796363fc58105f07a57a79c5d837130c873f8d8/1599237700495_0.jpg
42277,9788971291658,신호와 시스템,SIMON HAYKIN,범한서적,30000,8000,https://cf-cii.everytime.kr/7791e729c505d5d317cc66b00c75f6f9970442aebbf2a5a4231bad945e6bdcc7/1519176261309_0.jpg
42277,9780471378518,Signals and Systems,"Simon Haykin, Barry Van Veen",Wiley,69000,15000,https://cf-cii.everytime.kr/5992712bd5efaea1d50b8c108134ee92577786c4519d4ea34410d0d88ea86604/1755389288559_0.jpg
42277,9788970508542,신호 및 시스템,"강철호, 유지상, 박호종",생능출판,29000,10000,https://cf-cii.everytime.kr/0335951d67483ed4963ee2e8ad60844424c171a98099e0c4cde35d2f5f79e7e8/1600079452277_0.jpg
42278,9791190017022,신호와 시스템,"Simon Haykin, Barry Van Veen",한티에듀,39000,13000,https://cf-cii.everytime.kr/ccfee5b66798579d22329a65808e9568e4379263f748841b0d460c578348100e/1709214895017_0.jpg
42278,9788971291658,신호와 시스템,SIMON HAYKIN,범한서적,30000,8000,https://cf-cii.everytime.kr/7791e729c505d5d317cc66b00c75f6f9970442aebbf2a5a4231bad945e6bdcc7/1519176261309_0.jpg
42278,9780471378518,Signals and Systems,"Simon Haykin, Barry Van Veen",Wiley,69000,15000,https://cf-cii.everytime.kr/5992712bd5efaea1d50b8c108134ee92577786c4519d4ea34410d0d88ea86604/1755389288559_0.jpg
42279,9788971291658,신호와 시스템,SIMON HAYKIN,범한서적,30000,8000,https://cf-cii.everytime.kr/7791e729c505d5d317cc66b00c75f6f9970442aebbf2a5a4231bad945e6bdcc7/1519176261309_0.jpg
42279,9780471432227,Introduction to Analog and Digital Communications,Haykin Simon/ Moher Michael,Wiley,59000,15000,https://cf-cii.everytime.kr/de037567d7415ea9b181a58aa42f978164eaf9cd0dc5356beac535b4bdc2437f/1629374469015_0.jpg
42279,9780471378518,Signals and Systems,"Simon Haykin, Barry Van Veen",Wiley,69000,15000,https://cf-cii.everytime.kr/5992712bd5efaea1d50b8c108134ee92577786c4519d4ea34410d0d88ea86604/1755389288559_0.jpg
42282,9791185475172,전자기학,David K Cheng,퍼스트북,34000,19000,https://cf-cii.everytime.kr/fe04c6027fbbfe7d02655463bf61540bf8eb8abf2557fd34b869730f6ccb8ede/1707737967050_0.jpg
42282,9788964211496,전자기학,이연호,한티미디어,25000,5000,https://cf-cii.everytime.kr/4415a7f078ee8b8ccbdb376b245714802e3d8597c8e14798f33af10669007221/1677045984188_0.jpg
42284,9788964211496,전자기학,이연호,한티미디어,25000,5000,https://cf-cii.everytime.kr/4415a7f078ee8b8ccbdb376b245714802e3d8597c8e14798f33af10669007221/1677045984188_0.jpg
42290,9788964212455,회로이론,"James W. Nilsson, Susan A. Riedel",한티미디어,39000,20000,https://cf-cii.everytime.kr/e026ca9551b17fc1021ced4ccaa06782a33979fc7f575f59bfb0d0d796a70b1b/1600178292900_0.jpg
42290,9781292060545,Electric Circuits,"James W. Nilsson, Susan Rjedel",Pearson Higher Education,47000,15000,https://cf-cii.everytime.kr/51338ee8807b693c6e77361546f33072d78a5068e1719ff1d130359c66def9ff/1611970721110_0.jpg
42291,9788973934850,신 회로이론(2008),박송배,문운당,33000,7000,https://cf-cii.everytime.kr/8bef367098239e5785433e0976cd4f4104429a2bef3856f55ba8a8cdb8bd23ff/1693200697036_0.jpg
42291,9788964212455,회로이론,"James W. Nilsson, Susan A. Riedel",한티미디어,39000,10000,https://cf-cii.everytime.kr/696f35b6ded26ce37eb4b8bc5279bd8200acc318015b8ac7f2e8b237858b819c/1725439746870_0.jpg
42291,9781292060545,Electric Circuits,"James W. Nilsson, Susan Rjedel",Pearson Higher Education,47000,8000,https://cf-cii.everytime.kr/e3d7efd675c6616b6624c7963f225b1b297c5440fde235ae43bc0fde43c6dad6/1768714423036_0.jpg
42294,9781292261041,Electric Circuits(Global Edition),"James W. Nilsson, Susan A. Riedel",Pearson,57000,8000,https://cf-cii.everytime.kr/3e87ac041961ec174822dfd1223ddc5e2fb156820bd426044c34b12e98ff2cf7/1718875372013_0.jpg
42297,9791185475974,회로이론,"J. David Irwin, R. Mark Nelms",퍼스트북,42000,5000,https://cf-cii.everytime.kr/06f9462dd87c416c41d7d41a8266da624952ca2128b0a83bdc90ac6b6e6780e4/1773124564986_0.jpg
42297,9788964214374,마이크로전자회로,"Adel S. Sedra, Kenneth C. Smith, Tony Chan Carusone, Vincent Caudet",한티에듀,45000,10000,https://cf-cii.everytime.kr/5756cb514a97382d2bf791a7a59ce900a6bd3441bbbd0035786662a5f60002ec/1709529604187_0.jpg
42297,9780190853501,Microelectronic Circuits,"Adel S. Sedra, Kenneth C. Smith, Tony Chan Carusone, Vincent Gaudet","Oxford University Press, USA",63000,35000,https://cf-cii.everytime.kr/95011562d6ab3da5e707b1543179833ebcd5cecb12248b748d664ba08f5d4d45/1678774960291_0.jpg
42297,9788964212707,마이크로전자회로,"Adel S. Sedra, Kenneth C. Smith",한티미디어,43000,19000,https://cf-cii.everytime.kr/520d8be3cb538b8963ab5fd9d463c224ceff42e25d9ea6503ff202c0c060040a/1663784448526_0.jpg
42297,9780199339143,Microelectronic Circuits,Sedra,Oxford University Press,50000,20000,https://cf-cii.everytime.kr/c66d77d6e87cbd33a0524fbd0fc923731fd282448c5b0f2594e0751298d57ff1/1768714037046_0.jpg
42340,9791158081621,광학,"조재흥, 김규욱, 황인각",자유아카데미,38000,13000,https://cf-cii.everytime.kr/28dc235365191b1257aba66c0d791797e3f91c8bc18070ea8204c848b51df128/1761735856320_0.jpg
42340,9781292096933,Optics,Eugene Hecht,Pearson,113740,15000,https://cf-cii.everytime.kr/ead085685031469733eeb942a4142befd98f6d9106f16a0cf58ae8b23b402253/1740372218431_0.jpg
42354,9788989559740,Kuo의 자동제어(8판),"Kuo, Farid Golnarahi",Wiley,33000,10000,https://cf-cii.everytime.kr/7eecaa0997e285354024dfe0507660f24e309ec975cb3f99384dbf9ec7c39c88/1630309307694_0.jpg
42354,9791132101673,자동제어,"Farid Golnaraghi, Benjamin C. Kuo",McGraw-Hill,40000,19000,https://cf-cii.everytime.kr/739ab76c2c1d73e61b827c7d2e52b889e59e4b260b01a2cee520aa89091916a5/1694520517500_0.jpg
42354,9789813151505,Automatic Control Systems,"Farid Golnaraghi, Benjamin C. kuo",McGRAW HILL,50000,30000,https://cf-cii.everytime.kr/ad54b9c3f11d6013a0e8a211d34093960e9c4139e47b74f7c47bc26cd49ce961/1630390767507_0.jpg
42354,9780470048962,"Automatic Control Systems, 9/E","Golnaraghi Farid, Kuo Benjamin C",Wiley,45000,15000,https://cf-cii.everytime.kr/263593213efc49f55fa6eeefb47db69f5e2b98cb5bd08be7bc9782327298bc23/1672553903877_0.jpg
42354,9788996391913,자동제어(KUO의)(9판),"FARID GOLNARAGHI, BENJAMIN C KUO",퍼스트북,35000,2000,https://cf-cii.everytime.kr/1675a27652d57deb05d8472882da3f385ae5568d84d751ba2346882ac6b75162/1663855562881_0.jpg
42356,9791132101673,자동제어,"Farid Golnaraghi, Benjamin C. Kuo",McGraw-Hill,40000,19000,https://cf-cii.everytime.kr/739ab76c2c1d73e61b827c7d2e52b889e59e4b260b01a2cee520aa89091916a5/1694520517500_0.jpg
42356,9788957613696,MATLAB 입문과 활용(쉽게 배우는)(3판),여영구,아진,30000,8000,https://cf-cii.everytime.kr/b947a011867d88fa691e812bf1076915487c6d709dadbac685c4ebb24f9c998f/1585073944510_0.jpg
42356,9789813151505,Automatic Control Systems,"Farid Golnaraghi, Benjamin C. kuo",McGRAW HILL,50000,30000,https://cf-cii.everytime.kr/ad54b9c3f11d6013a0e8a211d34093960e9c4139e47b74f7c47bc26cd49ce961/1630390767507_0.jpg
42356,9788996391913,자동제어(KUO의)(9판),"FARID GOLNARAGHI, BENJAMIN C KUO",퍼스트북,35000,2000,https://cf-cii.everytime.kr/1675a27652d57deb05d8472882da3f385ae5568d84d751ba2346882ac6b75162/1663855562881_0.jpg
42358,9791132101673,자동제어,"Farid Golnaraghi, Benjamin C. Kuo",McGraw-Hill,40000,19000,https://cf-cii.everytime.kr/739ab76c2c1d73e61b827c7d2e52b889e59e4b260b01a2cee520aa89091916a5/1694520517500_0.jpg
42358,9789813151505,Automatic Control Systems,"Farid Golnaraghi, Benjamin C. kuo",McGRAW HILL,50000,30000,https://cf-cii.everytime.kr/ad54b9c3f11d6013a0e8a211d34093960e9c4139e47b74f7c47bc26cd49ce961/1630390767507_0.jpg
42358,9780470048962,"Automatic Control Systems, 9/E","Golnaraghi Farid, Kuo Benjamin C",Wiley,45000,15000,https://cf-cii.everytime.kr/263593213efc49f55fa6eeefb47db69f5e2b98cb5bd08be7bc9782327298bc23/1672553903877_0.jpg
42358,9788996391913,자동제어(KUO의)(9판),"FARID GOLNARAGHI, BENJAMIN C KUO",퍼스트북,35000,2000,https://cf-cii.everytime.kr/1675a27652d57deb05d8472882da3f385ae5568d84d751ba2346882ac6b75162/1663855562881_0.jpg
42421,9791185475653,전자기학,김세윤,퍼스트북,33000,10000,https://cf-cii.everytime.kr/134e939200c4c203139441f9581ec6e72c96383f38eafe3f70ab4da3133d671c/1728537370762_0.jpg
42421,9788964211496,전자기학,이연호,한티미디어,25000,5000,https://cf-cii.everytime.kr/4415a7f078ee8b8ccbdb376b245714802e3d8597c8e14798f33af10669007221/1677045984188_0.jpg
42421,9791185504544,전자기학,Matthew N O Sadiku,진샘미디어,37000,18000,https://cf-cii.everytime.kr/3e1d0ebca2d7ecee41b9319e7ebeaf5000d4b6bf214d0baffd3b7188fa2ac2cc/1735535409750_0.jpg
42421,9780199743001,Elements of Electromagnetics 5/E (Paperback),Sadiku Matthew N O,Oxford University Press (UK),38000,10000,https://cf-cii.everytime.kr/bc35d6abce6fe0258c2472610e5c091e996c414a6091387b78fc3507dfc5704c/1676012490198_0.jpg
42468,9780199535781,Anthony and Cleopatra,윌리엄 셰익스피어,Oxford U.K,12960,10000,https://cf-cii.everytime.kr/1e2da3e8ce0ba1a3dcdee5fcc6717a750809b0e8457e5c75fc6c707bef02dff0/1662439623699_0.jpg
42468,9780140424386,The Canterbury Tales (Penguin Classics),"제프리 초서, Coghill Nevill",Penguin Classic,8900,7500,https://cf-cii.everytime.kr/f4576b96dee8aa1c31f38ca01c043b7accca23654cc1984ef3eccbd42c997955/1551751110525_0.jpg
42593,9788970138756,한국 자본주의 모델,이병천,책세상,25000,5000,https://cf-cii.everytime.kr/41e42ca9c923ea2631c96cfcda8e028c80280c6d5d150b9850060a19c636328c/1752997785476_0.jpg
42772,9788937403392,아가: 희미한 옛사랑의 그림자(양장본 HardCover),이문열,민음사,10000,4000,https://cf-cii.everytime.kr/38fdfda6ec6cfdf69e3199ea6da13dd04881efd32e98fda30667c234abf0b721/1584349251128_0.jpg
42772,9788930088237,사회복지개론,"조흥식, 김상균, 최일섭, 최성재, 김혜란, 이봉주",나남,24000,10000,https://cf-cii.everytime.kr/53df00754d78fdc82c54f3098d6ab3c01a76e2b27cf893449c145ded43a260bc/1577614994712_0.jpg
42772,9788979868999,사회과학으로의 초대(개정판),성균관대학교 사회과학연구소,성균관대학교출판부,14000,8000,https://cf-cii.everytime.kr/22c902d3628de9091c9a3bb1b1b5dc3dcef762fa26bcd8f76744db6b27877547/1567326995456_0.jpg
42772,9791155500064,사회과학으로의 초대(개정판 2판),성균관대학교 사회과학연구소,성균관대학교출판부,16000,5000,https://cf-cii.everytime.kr/b9f266da49bf18c288560a30dea3f4dd8ec9647a97714b29d92ba22403c65ce3/0.jpg
42792,9781111826628,Understanding the Theory and Design of Organizations,Richard L. Daft,South-Western,45000,20000,https://cf-cii.everytime.kr/f42f0f1e9b8f6d74b994b0c1cdb9f5fc3c3d04e9c5bbb2b87e8e32c4dfdad494/1520485895811_0.jpg
42822,9788955018752,IFRS 회계원리,"최관, 백원선, 최영수",신영사,43000,30000,https://cf-cii.everytime.kr/e927aefc90a8c1a62fe9659c7da104e1dd23283238f89330acc0d04293ab2857/1767241086975_0.jpg
42822,9781119787051,Financial Accounting,"Jerry J. Weygandt, Paul D. Kimmel",Wiley,59000,16500,https://cf-cii.everytime.kr/1029b2232071c0e423ed8f7cdfb402462e3a1f815e90e92e5432bdbf11725670/1765719639398_0.jpg
42822,9788955018196,IFRS 회계원리 해답,"최관, 백원선, 최영수",신영사,13000,3000,https://cf-cii.everytime.kr/9f2730f1c6c178509b8984d094785170d742854e14c4b8cdad1cb3b11708c872/1772989894856_0.jpg
42822,9788955018172,IFRS 회계원리,"최관, 백원선, 최영수",신영사,42000,5000,https://cf-cii.everytime.kr/5edb5ae204c341189f268cae03d4a3f858378251f370ce90c5d8609daa9dc1d1/1772989738309_0.jpg
42822,9791156645979,재무회계 with IFRS,"Jerry J. Weygandt, Paul D. Kimmel, Donald E. Kieso",한빛아카데미,44000,30000,https://cf-cii.everytime.kr/e57ed453b3023a01dea6a5ffe1e1a084ab38cb6b7adf424f68c933494072b7d3/1776074051440_0.jpg
42822,9788955017854,IFRS 회계원리 해답,"이효익, 최관, 백원선, 최영수",신영사,12000,4000,https://cf-cii.everytime.kr/f0dd358aae0d8d88b8425ffac54a38191f2cd92167512a8aa25863ea99082d94/1693602488015_0.jpg
42822,9788955017847,IFRS 회계원리,"이효익, 최관, 백원선, 최영수",신영사,39000,3000,https://cf-cii.everytime.kr/038a0a47e503d960e0be966a5f0197cd49a9c4d548e99ec107bbfa536308a149/1765442576799_0.jpg
42822,9788955017601,IFRS 회계원리 해답,이효익,신영사,12000,5000,https://cf-cii.everytime.kr/346017248ffc43072ef6a9322da8747d0fb309f74b204c6c3ec04989ce7464c1/1676824645974_0.jpg
42822,9788955017595,IFRS 회계원리,"이효익, 최관, 백원선, 최영수",신영사,37000,5000,https://cf-cii.everytime.kr/b3c1bac4e68c03c54b941807b54197f08d0149d7921e98b374059666dda182ed/1734831538661_0.jpg
42822,9788955017106,IFRS 회계원리 해답(수정판 9판),"이효익, 최관, 백원선, 최영수",신영사,10000,3000,https://cf-cii.everytime.kr/985320295b84a81dffeec6115883d8cda1e39c4a165c181526e4934ba51a4d10/1725285471653_0.jpg
42822,9788955017083,IFRS 회계원리(수정판 9판)(양장본 HardCover),"이효익, 최관, 백원선, 최영수",신영사,37000,5000,https://cf-cii.everytime.kr/3603f539ba50835ab8fdbfeff8b0438bb780a4f4a8a4d03c4641413405abd1c4/1671433728588_0.jpg
42822,9788955016697,IFRS 회계원리 해답(9판),"이효익, 최관, 백원선, 최영수",신영사,10000,3000,https://cf-cii.everytime.kr/41b538abe825ad9296e7913c2e9dd1e04f09fe2044674b3c0e2329cbc131d90c/1629386365289_0.jpg
42822,9781119504306,Financial Accounting,"Paul D. Kimmel, Donald E. Kieso, Jerry J. Weygandt",Wiley,45000,500,https://cf-cii.everytime.kr/72b70238683ea2bcc707bf248c897f689a3e2d4ac975142057b7f82bdcf481de/1633415388220_0.jpg
42822,9788955016673,IFRS 회계원리(9판)(양장본 HardCover),"이효익, 최관, 백원선, 최영수",신영사,37000,5000,https://cf-cii.everytime.kr/9d578df284d3fdaaceaa73be9f8b552e730619a4c59fc95038d049d86476cb84/1647047390017_0.jpg
42822,9788955016413,IFRS 회계원리 해답(8판),"이효익, 최관, 백원선, 최영수",신영사,8000,3000,https://cf-cii.everytime.kr/297db0196d554b21d7f7e48a90eaf7640b9d8019b6394346944c74ef976a5f12/1565948213719_0.jpg
42822,9788955016390,IFRS 회계원리(8판)(양장본 HardCover),"이효익, 최익, 백원선, 최영수",신영사,35000,3000,https://cf-cii.everytime.kr/c322810339c90402033219a9f48cb86064600b0910e0c803359265b60c520b3b/1600066918747_0.jpg
42822,9780471663478,Financial Accounting 3e,Kimmel,Wiley,461110,20000,https://cf-cii.everytime.kr/0d34b6ffc45fa842e2d03208a27a13823fcc65ae916651fa748725c4e235232f1503718268802/0.jpg
42822,9788955015492,IFRS 회계원리(7판)(양장본 HardCover),"이효익, 최관, 백원선",신영사,35000,10000,https://cf-cii.everytime.kr/5e3a60c6a65ecf0c00fb97a8a86da8b7e7aa24b9d93e26e6522e64f1f8c4690b/1588774939646_0.jpg
42822,9781118978085,Financial Accounting,"Jerry J. Weygandt, Paul D. Kimmel, Donald E. Kieso",Wiley,57000,5000,https://cf-cii.everytime.kr/5615273e3690608a4ad840d79c8d3fba944effbd15aaca309d8930fc33b83b4e/1613720320538_0.jpg
42822,9781118285909,"Financial Accounting, IFRS Edition",Jerry J. Weygandt,Wiley,49000,10000,https://cf-cii.everytime.kr/ffa6e0382a9718f58ce759f56094643cfde947ddd7217f4da1ce064179b6e991/1550869477801_0.jpg
42827,9788971106242,현대통계학,"김현중, 박래수, 박정식, 윤영선",다산출판사,30000,20000,https://cf-cii.everytime.kr/f8a85ad890c1e957c0de948b04eb7b6c35a5f99ba3e5a9129eaf119111e31ec9/1725197718444_0.jpg
42827,9788955016857,엑셀과 R Commander를 활용한 통계,김태웅,신영사,27000,4000,https://cf-cii.everytime.kr/777a86ed4f1c162e7a0734094a369b195d0d44e1c90dd4d6dc41aadbb0805f07/1709485371748_0.jpg
42827,9788955015638,통계학개론(4판)(양장본 HardCover),김태웅,신영사,25000,2000,https://cf-cii.everytime.kr/774f09f181e0efc9cf8729468057087593bb02920792d2515bde41b44a67bd5a/1622794456915_0.jpg
42827,9791130300245,통계학 탐구,김성주,박영사,26000,5000,https://cf-cii.everytime.kr/20bc8e7b73fe6a02ad2323b556aa62cb8afd2ac7fb5d6f870129f21e46a02cf5/1631036549447_0.jpg
42827,9791130301686,통계학원론,김동욱,박영사,26000,12000,https://cf-cii.everytime.kr/cb242c663fc930b37a6fce380c7653913acd52f491fb3e7f3f1945ed1df8ffce/1718435081091_0.jpg
42843,9788977704336,경제 수학,김완진,홍문사,30000,7000,https://cf-cii.everytime.kr/6da55d72e53f45f5868a9150a2c42a29baabf465e0dd4e3d1611c8d793a5b0c9/1752998128951_0.jpg
42843,9788958323556,경제수학의 기초,"정필권, 서정환",시그마프레스,22000,6000,https://cf-cii.everytime.kr/134fb874593fff2035ab921545f01895177ae00f132d969ccef1df66d3fac057/1646371971953_0.jpg
42843,9780393117523,Mathematics for Economists,"Carl P. Simon, Blume Lawrence",Norton,50000,15000,https://cf-cii.everytime.kr/a74071cce5365f5fb37ece2d9995ec688ff0111358ba67d2729478e952d85155/1676734061855_0.jpg
42843,9788985664882,경제수학입문(정기준),ACCHIANG,진영사,25000,5000,https://cf-cii.everytime.kr/46b358d2f632b6b0005e2be6cd7e5db138d889d33b0461f4e5e0f9fa9e61d3d6/1629716399441_0.jpg
42843,9788988825907,경제 경영수학 길잡이,"알파 치앙, Kevin Wainwright",한국맥그로힐,34000,4000,https://cf-cii.everytime.kr/df9acbf337ec253a5e2398570464d079efd07ca5e3399dc414441bda4514a744/1752997969029_0.jpg
42843,9780071238236,Fundamental Methods of Mathematical Economics,알파 치앙,McGraw-Hill,41000,5000,https://cf-cii.everytime.kr/fd9f65b78f5d7a0cb42ec0ef653c0f1d680e5cec81f8ceccb264f50c943b4e2f/1576891428571_0.jpg
42844,9788962381382,경제사: 세계화와 세계 경제의 역사,송병건,해남,32000,18000,https://cf-cii.everytime.kr/52e8c13a55a2bd8f19bcf8363a1aafb2f8f7d1aea71c678c46f3689fc27ca80c/1644745885548_0.jpg
42844,9788961962940,세계화의 풍경들(비주얼 경제사 2),송병건,아트북스,18000,10000,https://cf-cii.everytime.kr/03646c020b51ba1e33b094d70241b545441a805fd80a600986aabb2220f815c8/1520667364671_0.jpg
42844,9788962380798,경제사(2판),송병건,해남,32000,20000,https://cf-cii.everytime.kr/156aaba8bc02f5466861d50212231f581a852689ac3df78d9e268c75f2bfcd6f/1520298294427_0.jpg
42860,9780071276252,Basic Econometrics,Damodar N. Gujarati,McGraw Hill,52000,30000,https://cf-cii.everytime.kr/e4d323804bfd5438a91e9db9971168c057b51d17725b9a09f30fbf1b566928d0/1574493915407_0.jpg
42860,9788960552906,계량경제학,"Gujarati, Porter Dawn C.",McGraw-Hill,30000,20000,https://cf-cii.everytime.kr/66f9f32550306e4e2a54ea8488fb66b2cc9d4ecbf536576ff7bd5ab46986dd4b/1545308513225_0.jpg
42860,9788995497340,계량경제학,"Damodar N. Gujarati, Dawn C. Proter",지필미디어,34000,15000,https://cf-cii.everytime.kr/87ddffcecec56d2c5ac28be31c457a4ba13651f66d946e9f763d3005662710f5/1702040542050_0.jpg
42880,9788991830622,마케팅 관리(세계 일류들의)(양장본 HardCover),"김정구, 오준환, 이우헌",율곡출판사,33000,7000,https://cf-cii.everytime.kr/aff748f9fc58106a9452f95856391e23a44b1009a14a022c240a16c71c1d3dd8/1706256942651_0.jpg
42880,9788997304387,마케팅(4판)(양장본 HardCover),"이학식, 임지훈",집현재,32000,15000,https://cf-cii.everytime.kr/6736cf125b8217e325ec80732f63998d7d39715343b7beb92ad54856cf4dcd98/1594482880528_0.jpg
42880,9788964542385,현대마케팅론(전면개정판 8판)(양장본 HardCover),"유필화, 김용준, 한상만",박영사,33000,12000,https://cf-cii.everytime.kr/67d4ccba6262f357c976c48128acdc9da28aa371670ec24dc04fc287737b6b68/1568817161194_0.jpg
42880,9788968440410,마케팅의 이해(양장본 HardCover),"이승창, 류성민, 정강옥, 조성도",한경사,35000,15000,https://cf-cii.everytime.kr/303174cb66f48ae3d031102fcc1374470468893459c51c95ce9982c154bf72ac/1536215120141_0.jpg
42884,9791197327025,세계 일류들의 마케팅 경영,"김정구, 오준환, 이우헌",율곡출판사,35000,24000,https://cf-cii.everytime.kr/e1a1143746f779344435564f7c444e25f69d934aeed901a5f168b3dd8a74553d/1709883588818_0.jpg
42884,9788991830622,마케팅 관리(세계 일류들의)(양장본 HardCover),"김정구, 오준환, 이우헌",율곡출판사,33000,7000,https://cf-cii.everytime.kr/aff748f9fc58106a9452f95856391e23a44b1009a14a022c240a16c71c1d3dd8/1706256942651_0.jpg
42884,9788964542385,현대마케팅론(전면개정판 8판)(양장본 HardCover),"유필화, 김용준, 한상만",박영사,33000,12000,https://cf-cii.everytime.kr/67d4ccba6262f357c976c48128acdc9da28aa371670ec24dc04fc287737b6b68/1568817161194_0.jpg
42884,9788968440410,마케팅의 이해(양장본 HardCover),"이승창, 류성민, 정강옥, 조성도",한경사,35000,15000,https://cf-cii.everytime.kr/303174cb66f48ae3d031102fcc1374470468893459c51c95ce9982c154bf72ac/1536215120141_0.jpg
42887,9788955018967,재무관리의 이해,송교직,신영사,37000,24000,https://cf-cii.everytime.kr/58bc8b550c809642b80532ce97dd0ac5087863ab29e4ce258e1105103d12e6df/1765855585928_0.jpg
42887,9788955018172,IFRS 회계원리,"최관, 백원선, 최영수",신영사,42000,5000,https://cf-cii.everytime.kr/5edb5ae204c341189f268cae03d4a3f858378251f370ce90c5d8609daa9dc1d1/1772989738309_0.jpg
42887,9788955018080,재무관리의 이해,송교직,신영사,37000,8000,https://cf-cii.everytime.kr/51f092639cb3bbdc1ca2f0b42615da893b99181334f3d935091191a55a32ce97/1773755173584_0.jpg
42887,9788955017458,재무관리의 이해,송교직,신영사,33000,8000,https://cf-cii.everytime.kr/ec21ee1d3a9eb46f2ff489313e1a6ea12f112b0584bec13e113580ca1062d1f0/1723627771337_0.jpg
42887,9788955016635,재무관리의 이해(2판)(양장본 HardCover),송교직,신영사,30000,3000,https://cf-cii.everytime.kr/e16b6978767c42b2b1d7925846e9ad8fb3f72271ac19df851772bba958affe01/1632752605022_0.jpg
42887,9791132101758,재무관리,스테판 A. 로스,지필미디어,39000,5000,https://cf-cii.everytime.kr/3813f5953e24ec2d5a8d893a1ae59df145c4eceb0670092f0a72b2d715fbb856/1712037134274_0.jpg
42887,9781260091908,Fundamentals of Corporate Finance,Ross,McGraw-Hill,50000,7000,https://cf-cii.everytime.kr/fb400912c8bb79e403125d17ca91328b8fceb291e3cc1da269dc49ec0b5a9d62/1630298950644_0.jpg
42887,9788955015812,재무관리의 이해(양장본 HardCover),송교직,신영사,29000,3000,https://cf-cii.everytime.kr/2784601e30082298e5fc45a6804e05ac57bc5614ad9ba809fcac1736ac2a9d75/1615024881570_0.jpg
42887,9788955014747,현대재무관리(양장본 HardCover),장영광,신영사,29000,7000,https://cf-cii.everytime.kr/267acaaf0749b57b886d711ee7a3a59ff43273ea6c8d4a593d21c1306d5fdd04/1536501241654_0.jpg
42893,9781119923459,Management Information Systems,"R. Kelly Rainer, Brad Prince, Hugh J. Watson",Wiley,45000,15000,https://cf-cii.everytime.kr/2276f77c57384a78edb5fc2837245b8e2c95d1bcbc89821a78547969d3393d66/1633660294517_0.jpg
42894,9788968668548,경영정보시스템(14판),"Kenneth C. Laudon, Jane P Laudon",시그마프레스,39000,20000,https://cf-cii.everytime.kr/c7cc940e7e639f75b879c355811462755017044d0b373fadf2710898ea567257/1504362405195_0.jpg
42894,9788945010858,경영정보시스템의 이해(10판),"Kenneth C. Laudon, Jane PLaudon",한티미디어,30000,9000,https://cf-cii.everytime.kr/a6b8b26550df4a529b564901210480ef88ff47997f604c1f3c1ed5e329ad7c85/1538288762858_0.jpg
42918,9781119120834,"Contemporary Strategy Analysis Text Edition, 0009/E, 0009/E",Robert M Grant,Wiley,46000,13000,https://cf-cii.everytime.kr/c70800de0141cf88b55bd619810d1e95ad18c00adba852f6d138a41ed31e8a57/1630500451891_0.jpg
42918,6030001671897,Contemporary Strategy Analysis,grant,Wiley,55000,10000,https://cf-cii.everytime.kr/a86f18e26db9b16b713a8e1e32f742353a94725e9e46259c70e2464c1151c502/1551766097882_0.jpg
42918,9780470747100,Contemporary Strategy Analysis 7/E,"Grant, Robert",Wiley,43000,5000,https://cf-cii.everytime.kr/12a9237ec2c00b0f1d35313f31dd16652340d1cce74331eef4633a8e8aafdc08/1519886499915_0.jpg
42918,9788998171094,기계와의 경쟁,"에릭 브린욜프슨, 앤드루 맥아피",틔움출판,12000,6000,https://cf-cii.everytime.kr/f857dfce0ed4a0216def526620f52d13eda0fcf7b1dd3f00f2f6d38596e5f09f/1615362032709_0.jpg
42918,9781119941880,Contemporary Strategy Analysis : Text Edition (Paperback),Grant,Wiley,43000,10000,https://cf-cii.everytime.kr/562a7775848bb389ff1e15b4202603c2dcc9b7ee1fa70d6ad265a59dfff00315/1614774728035_0.jpg
42918,9788934972464,사피엔스,유발 하라리,김영사,26800,9000,https://cf-cii.everytime.kr/b599918c53d6991872eb31d63055e52d85840aab7eaa845362f989a5ceab8050/1644323058775_0.jpg
42965,9789814577519,Data Communications and Networking (Global Edition),Behrouz A. Forouzan,McGraw-Hill,43000,17000,https://cf-cii.everytime.kr/31056611af7f1d6c888856afa628d416ae033b3837d470e220efaa9cc870f5ce/1625299882380_0.jpg
42965,9788960552890,데이터통신과 네트워킹,Behrouz A. Forouzan,McGraw-Hill,39000,15000,https://cf-cii.everytime.kr/c71733e0b90e50be4430c2ae1de394e4ac8b33039b2417ddc626fabcacc31370/1629374133347_0.jpg
42966,9791156644354,데이터베이스 for Beginner,우재남,한빛아카데미,24000,16000,https://cf-cii.everytime.kr/8452beab10e6263d39995381eef4b3a5e29a168fff548418c436f5701abd56e0/1644228509141_0.jpg
42966,9791156644576,데이터베이스 개론과 실습,"박우창, 남송휘, 이현룡",한빛아카데미,27000,10000,https://cf-cii.everytime.kr/8f115e886485c7eaa667c3de87d8763d6b41c687d6b16c835828958dcb0d382e/1573688656285_0.jpg
42966,9791156644316,데이터베이스 개론(2판)(IT CookBook 246),김연희,한빛아카데미,27000,13000,https://cf-cii.everytime.kr/1f7a5f4fdf80e2f1094ad19b2ff8b81d4ddafb14a86a6eebe3ef550aad2582bd/1613443337431_0.jpg
42966,9788998756253,데이터베이스 개론(IT Cookbook 한빛 교재 시리즈 150),김연희,한빛아카데미,25000,12000,https://cf-cii.everytime.kr/f0489b0e6d16699124430fcf99986c4155c8f280471739b879f6359bea0ea18b/1504777032292_0.jpg
42966,9791156641186,데이터베이스 개론과 실습,"박우창, 남송휘, 이현룡",한빛아카데미,27000,15000,https://cf-cii.everytime.kr/beea510767efcf8ea2aafdc0ec75c38d1a8afd2d93f73ec8966b56d200276a6c/1504776050770_0.jpg
42983,9780070379886,Schaum's Outline of Theory and Problems of General Topology,Lipschutz Seymour,McGraw-Hill,25000,8000,https://cf-cii.everytime.kr/ce6166af077da83bc58bed6eec7ff4597333599ee08aed4f793545ef3e2f38b9/1677506265110_0.jpg
42983,9780071763479,Schaum's Outline of General Topology,Lipschutz Seymour,McGraw-Hill,25000,10000,https://cf-cii.everytime.kr/9e2cb5cda9e76802cf0c962377f4c396157c3c6bff1dddd43274d92a711d82ec/1660309261432_0.jpg
42997,9788930606301,플라톤의 프로타고라스 라케스 메논(양장본 HardCover),플라톤,서광사,27000,10000,https://cf-cii.everytime.kr/11adf4ec62c88a4126318e2e66fae8bad05d0bce1c1d2418adb718dbfb9d9ee2/1568131437230_0.jpg
43026,9788994961248,Elementary Differential Geometry. 2/E(개정판)(Paperback),편집부,Elsevier,49000,25000,https://cf-cii.everytime.kr/8137c401019371c29304bb79262ef434475b8b4d7ad0c77ad71895e74f8d3992/1601726033602_0.jpg
43060,9788992603546,맥머리의 유기화학,John E McMurry,사이플러스,52000,25000,https://cf-cii.everytime.kr/3c54065bb4afcb71edb947e2e5978dde0257995f59975459b0dbfe9a638f13ca/1661602696711_0.jpg
43063,9781292020754,Inorganic Chemistry,"Gary L. Miessler, Paul J. Fischer, Donald A. Tarr",Pearson,85000,15000,https://cf-cii.everytime.kr/91fdb607f52be530464d3e76480dc9368461b6d0598b28544af4d2d1c8f80fdd/1593875691697_0.jpg
43063,9780321891020,Inorganic Chemistry,Gary L. Miessler,Pearson Higher Education,53000,10000,https://cf-cii.everytime.kr/212b36c6808678063449912134fcc16f3cb42a8e7244460d0c8c57b28ec0efed/0.jpg
43063,9788973388851,무기화학,"Gary L Miessler, Paul J Fischer, Donald A Tarr",자유아카데미,38000,13000,https://cf-cii.everytime.kr/cd1dfb6dfb2b770c4c8f271313ea90aa72d7d99f14ba20e8f269525bd6b5770a/1693212217393_0.jpg
43086,9780123743800,"Plant Systematics, Second Edition",Michael G. Simpson,Academic,45000,35000,https://cf-cii.everytime.kr/9172a56f440e12c700e25e95993720a71538bdc7db1d25cd9eea14f889b23f62/1613977742334_0.jpg
43086,9788958811879,식물계통학(2판),Michael G. Simpson,월드사이언스,38000,16000,https://cf-cii.everytime.kr/522be7e08dfc9eb144e4b1eb4dc3cc0c7a5f80baaab559389f43acc065f5263a/1599022715371_0.jpg
43089,9780538734271,Essentials of Ecology,"Miller, G.",Brooks/Cole,40000,23000,https://cf-cii.everytime.kr/3c4295768e18e9fc7a85acb99ddde60bd0064db8e2507145c88630315329186b/1535089515490_0.jpg
43089,9788998886349,생태학,Peter Stiling,교보문고,38000,10000,https://cf-cii.everytime.kr/b72668e5e9f8e633282d9c8d6cf8a55555c8163f25224e3d16ae1dcb34ffb33f/1609156901015_0.jpg
43089,9781259252310,Ecology,Peter Stiling,McGraw-Hill Education,43000,22000,https://cf-cii.everytime.kr/2ce0c49265d7d5c7b39329e996d66c4a824b3269cd9d4d6b5c39f2a0e9112997/1771468360425_0.jpg
43095,9780805346350,"Molecular Biology of the Gene, 5/e",Baker Tania A (Edt),Addison-Wesley,170330,15000,https://cf-cii.everytime.kr/9e3414dbed81958314bda5a0b9eb031db6507539c91f3a075e52906a918432ee/1585914610194_0.jpg
43412,9781119454168,Introduction to Solid State Physics(Global Edition),Kittel Charles,Wiley,48000,10000,https://cf-cii.everytime.kr/791534a7ac64d139ae771b8f41f5a0a528f402d86ad1179d790625f4bb81e06b/1639746943022_0.jpg
43437,9788993543711,열역학,"Richard E. Sonntag, Borgnakke",텍스트북스,38000,17000,https://cf-cii.everytime.kr/9a4fa7a0c12e66f9e2e17c4d2d3432b6c7eba4c2b91e55e6606b0c33b6f8afed/1741330590791_0.jpg
43437,9781119382843,fundmentals of thermodynamics,sonntag/Borgnakke,.,43000,28000,https://cf-cii.everytime.kr/e5ff02035eaf57fbe7441759c7139dd17911b547540927462a84f1bd2643eb16/1764562902694_0.jpg
43437,9788993543520,열역학,"Borgnakke, Richard E. Sonntag",텍스트북스,38000,8000,https://cf-cii.everytime.kr/381efadd36157f2622c1aa6b70c9a2568db467608e8ae08a2cd328195070ed17/1677498021059_0.jpg
43437,9781118321775,Fundamentals of thermodynamics,Borgnakke,Wiley,42000,10000,https://cf-cii.everytime.kr/0e0741efbe904298febc89670d8f3644ea0f077bcdc568b9b4f515d22e15cede/1670909798587_0.jpg
43437,9788993543087,열역학(개정7판)(7판),"CLAUS BORGNAKKE, RICHARD E SONNTAG",텍스트북스,35000,15000,https://cf-cii.everytime.kr/f2169763f9370a2fcfede450d4fe880faf7f50d958412c8562d8eb3e8ba59a11/1505793167936_0.jpg
43445,9788993543827,열전달,"프랭크 P. 인크로페라, David P. DeWitt, Thedore L. Bergman, Adrienne S. Lavine",텍스트북스,45000,15000,https://cf-cii.everytime.kr/64b3524d2fef5d4e53fe562984f7b22e35b8c1f4f55a4cc4ab921b259ceee03c/1761612001737_0.jpg
43445,9781119382911,Incropera's Principles of Heat and Mass Transfer,"프랭크 P. 인크로페라, David P. DeWitt, Theodore L. Bergman, Adrienne S. Lavine",Wiley,45000,20000,https://cf-cii.everytime.kr/4f8006715f8832887603c11c11d03644394bcdc14b2f2be94d2f01999e741ea5/1692852741328_0.jpg
43445,9780470646151,Principles of Heat and Mass Transfer,Incropera,Wiley,43000,15000,https://cf-cii.everytime.kr/971c130a1f49720349aa94b6da029426d32b2bf5d8d39adf044a44f55604b01c/1544448408813_0.jpg
43445,9788998886714,열전달,"Incropera, Dewitt, Bergman, Lavine",교보문고,40000,10000,https://cf-cii.everytime.kr/6966b27a296515b430fc5cb9ff10f0963e936932e9130e58456bb97d02fa750c/1699835602440_0.jpg
43466,9791157451609,기본에 충실한 인벤터(2016),"신순욱, 고성우",세진북스,25000,15000,https://cf-cii.everytime.kr/ed0e8822ea38c5fd3ff80389c8f84773ae936723edd6088463f1b522c0db365f/1565949881196_0.jpg
43510,9788942592647,철근콘크리트 구조,이정윤,동화기술,35000,15000,https://cf-cii.everytime.kr/246acbe1b6276e05ce0eb8a7a6e6396428bb1c16ea0dd982b0478f2c6341ee7f/1694947060114_0.jpg
43510,9788942591510,구조해석,Aslam Kassimali,동화기술,35000,18000,https://cf-cii.everytime.kr/12dd0e174299b96670d0e45c7927c2fba0a19015afea4f1f310fef30cea64067/1694256459349_0.jpg
43510,9788942517589,철근콘크리트구조(2012 설계기준)(2판)(양장본 HardCover),이정윤,동화기술,30000,10000,https://cf-cii.everytime.kr/10e059fde980f804b1c471773495b4f87e5b1e72196938e9ee844e161044622a/1645413243754_0.jpg
43584,9788971630730,인간공학,Sanders McCormick,대영사,32000,13000,https://cf-cii.everytime.kr/457a7a95f803bba360349ffd1a3748e155fd530a913243174fb68315ce451471/1629733212616_0.jpg
43617,2002163002431,일반측량학(정정),안철호 외,문운당,20000,10000,https://cf-cii.everytime.kr/fdd01883ae3fd2c39f9bbe4a41627cbd327169d0fbd6f8c2dca500f97243b9a8/1734516147167_0.jpg
43617,9788973931897,일반측량학(정정),안철호 외,문운당,23000,10000,https://cf-cii.everytime.kr/4bf2bb09588462a915b76ee46b363926fe737da1d7422d57317743f356fa9a62/1593332382073_0.jpg
43617,9788955683882,측량정보공학(개정판 3판),조규전,양서각,25000,10000,https://cf-cii.everytime.kr/1e0afd4508ec314474c41262174d2b512402d13b98f8304212ef78975eb7a411/1520347073982_0.jpg
43652,9788968175213,언어 이론과 그 응용,김진우,한국문화사,25000,2000,https://cf-cii.everytime.kr/194111921ad9a39460fd5807ecaa123685ad9b4a20a1395b9c490f20ac0ec592/1725279823638_0.jpg
43652,9788979866865,스피치와 토론(글쓰기와 커뮤니케이션 03),"이상철, 백미숙, 정현숙",성균관대학교대동문화연구원,15000,1000,https://cf-cii.everytime.kr/18b562f611a1cd4347e0baa4c3aa35394747dd75170e0bb668eca3d21976073c1489246237235/0.jpg
43652,9791155500590,소통의 기초 스피치와 토론,스피치와 토론 교과교재 출간위원회,성균관대학교출판부,20000,4000,https://cf-cii.everytime.kr/273b083ca73b6b438245587b2a69a43c3d56deb09e1674dde8540b1ac364b040/1709540091004_0.jpg
43653,9791155501740,창의적 사고 소통의 글쓰기,"김경훤, 김미란, 김성수",성균관대학교출판부,20000,9000,https://cf-cii.everytime.kr/28f6c3d044998d041e445edfc001d20423e9efe20bc7c6cad9e660ad7eb897c7/1778505543192_0.jpg
43653,9791155500590,소통의 기초 스피치와 토론,스피치와 토론 교과교재 출간위원회,성균관대학교출판부,20000,6000,https://cf-cii.everytime.kr/768cbf4fcee0ab72369ea25a2bb8b44481ab8bc93073dc65c02a073207ef3baf/1778505356918_0.jpg
43657,9791155500385,스피치와 토론(개정판),"이상철, 백미숙, 정현숙",성균관대학교출판부,18000,5000,https://cf-cii.everytime.kr/ca18d07a935163dc19a8e4c3bb52b249f7a6ae1c8bdad794bdb16a73919b103c/1568552647125_0.jpg
43657,9788979866865,스피치와 토론(글쓰기와 커뮤니케이션 03),"이상철, 백미숙, 정현숙",성균관대학교대동문화연구원,15000,5000,https://cf-cii.everytime.kr/31edb6e6bf1386a4927f10e1bd30aee5210da6cca80e26d38fe8f9b71a73010e/1568817780389_0.jpg
43657,9791155500590,소통의 기초 스피치와 토론,스피치와 토론 교과교재 출간위원회,성균관대학교출판부,20000,6000,https://cf-cii.everytime.kr/768cbf4fcee0ab72369ea25a2bb8b44481ab8bc93073dc65c02a073207ef3baf/1778505356918_0.jpg
43659,9791171175864,행복의 기원,서은국,21세기북스,22000,10000,https://cf-cii.everytime.kr/f876e103d536e94f46b7e28d1512efde0603059a17492af383f33d286ca767a3/1772198705501_0.jpg
43659,9788950995553,행복의 기원,서은국,21세기북스,18000,8000,https://cf-cii.everytime.kr/181361a90ec67d824f81b254f56c8c8d9e7cc5813e1358b440616b8cbfa772bb/1734617459610_0.jpg
43659,9791155504628,학술적 글쓰기,"원만희, 박정하, 김종규, 이기백, 김치헌, 김상현",성균관대학교출판부,25000,15000,https://cf-cii.everytime.kr/8e515a7a7bbce838fee84334aa7a46b476fd36a15c7ee49940e75ba71e8fe3d0/1640670223069_0.jpg
43659,9788979869453,학술적 글쓰기,"원만희, 박정하, 박상태, 한기호, 김상현",성균관대학교출판부,13000,7000,https://cf-cii.everytime.kr/c820f703f40ae0ea4fcd3c2a321b0692bae458946a2ca2952c5f5c7c2c18f14f/1566396590499_0.jpg
43659,9788937833663,돈으로 살 수 없는 것들,마이클 샌델,와이즈베리,18000,3000,https://cf-cii.everytime.kr/7e322da00428ba78e31afcd4a11913b8ed8297bf600103ecfe09c18178c8af6b/1677460743428_0.jpg
43659,9791155500606,비판적 사고 학술적 글쓰기,"원만희, 박정하, 박상태, 한기호, 김상현, 이창후",성균관대학교출판부,20000,3000,https://cf-cii.everytime.kr/90f36604407c7c52b7a6ac7a168b6aa4bf1cb7cb46773bf2c98ff44c8a570aa7/1693236428999_0.jpg
43661,9791155504628,학술적 글쓰기,"원만희, 박정하, 김종규, 이기백, 김치헌, 김상현",성균관대학교출판부,25000,5000,https://cf-cii.everytime.kr/67b8211a19cf76cee0873d3fdd6ffd6922373e7f4928189dedf5aa0fc4029a99/1641133751536_0.jpg
43661,9791187142447,자유론(무삭제 완역본),존 스튜어트 밀,현대지성,8800,4000,https://cf-cii.everytime.kr/5d04f611f9b3d91fe1af2067baca0302b74662f6b562a798da299947f4b20691/1677821996941_0.jpg
43661,9791159312236,자유론(리커버),존 스튜어트 밀,책세상,9900,4000,https://cf-cii.everytime.kr/c7cfa587b408c0837e877030e7414099aa33932b2c5432a5864a32db7097ea6d/1663355234939_0.jpg
43661,9788950955779,행복의 기원,서은국,21세기북스,15000,5000,https://cf-cii.everytime.kr/e4b1caa15c3f5696bf55b73d6e635c39c1478d030589bac719fc0498ba049fc1/1739042186632_0.jpg
43661,9788979869453,학술적 글쓰기,"원만희, 박정하, 박상태, 한기호, 김상현",성균관대학교출판부,13000,3000,https://cf-cii.everytime.kr/d32c13c61535108da710f7d661222533b460e42b49ec4646a7435c55d711d6391488885098764/0.jpg
43661,9788934939603,정의란 무엇인가,마이클 샌델,김영사,15000,7000,https://cf-cii.everytime.kr/b337b5954a3197cdb5a45b19f98d55011b8ec25efa4fd38fd9f5cc8aadcdb516/1574759166234_0.jpg
43661,9788937834790,정의란 무엇인가,마이클 샌델,와이즈베리,18000,5000,https://cf-cii.everytime.kr/8f796bd2c484baf56703bd0d47b25c1b1f7ce6d63bd106a2b2c178bf160d5cc6/1601658602690_0.jpg
43661,9788901152219,죽음이란 무엇인가,셸리 케이건,웅진,11760,6000,https://cf-cii.everytime.kr/2f723f0da48025dee9a3fa393c6a0e6728ab7068ef8acba806bb02d69c219e03/1620890602773_0.jpg
43661,9780374532505,Justice,마이클 샌델,Farrar Straus Giroux,23300,10000,https://cf-cii.everytime.kr/cd726217cdc28f94c2944ac6ad6cfaa2c6f1e499fc5aa6793bf5e2ef4ffe7e0a/1520435212002_0.jpg
43661,9791155500606,비판적 사고 학술적 글쓰기,"원만희, 박정하, 박상태, 한기호, 김상현, 이창후",성균관대학교출판부,20000,2000,https://cf-cii.everytime.kr/9808139608c6de7f529264db8a20d1ac3ce31863741cebbeda1c5097a1be2c65/1648534015593_0.jpg
43661,9788972915812,역사란 무엇인가,에드워드 카,까치,12000,5000,https://cf-cii.everytime.kr/dde94cee931fa6c2b7cd6c799f1cf0b1ce12e1e14c3ff8e89f5389458616d767/1581605613822_0.jpg
43662,9791155504628,학술적 글쓰기,"원만희, 박정하, 김종규, 이기백, 김치헌, 김상현",성균관대학교출판부,25000,5000,https://cf-cii.everytime.kr/67b8211a19cf76cee0873d3fdd6ffd6922373e7f4928189dedf5aa0fc4029a99/1641133751536_0.jpg
43662,9791155502389,"우리들의 세상, 논어로 보다","고재석, 권경자, 김동민, 이천승, 정병섭",성균관대학교출판부,12000,1000,https://cf-cii.everytime.kr/1db6d6f5023e7f95570200ac4d2ef251e0f8dbbb9b195b4da9302ecb7500b592/1725264174201_0.jpg
43662,9791155500606,비판적 사고 학술적 글쓰기,"원만희, 박정하, 박상태, 한기호, 김상현, 이창후",성균관대학교출판부,20000,2000,https://cf-cii.everytime.kr/9808139608c6de7f529264db8a20d1ac3ce31863741cebbeda1c5097a1be2c65/1648534015593_0.jpg
43666,9791155504628,학술적 글쓰기,"원만희, 박정하, 김종규, 이기백, 김치헌, 김상현",성균관대학교출판부,25000,15000,https://cf-cii.everytime.kr/8e515a7a7bbce838fee84334aa7a46b476fd36a15c7ee49940e75ba71e8fe3d0/1640670223069_0.jpg
43666,9791155500606,비판적 사고 학술적 글쓰기,"원만희, 박정하, 박상태, 한기호, 김상현, 이창후",성균관대학교출판부,20000,3000,https://cf-cii.everytime.kr/90f36604407c7c52b7a6ac7a168b6aa4bf1cb7cb46773bf2c98ff44c8a570aa7/1693236428999_0.jpg
43667,9788979868715,비판적 사고,"이좌용, 홍지호",성균관대학교출판부,16000,5000,https://cf-cii.everytime.kr/bcca728d49c5f20aed9abc5394f2ff8e657ff94b9004fd2b807dfaccdbb230ab/1598765197473_0.jpg
43667,9791155500996,비판적 사고,"이좌용, 홍지호",성균관대학교출판부,16000,4000,https://cf-cii.everytime.kr/26dd7aa6245d193bf471288415703f259eb70cb6147599f1a07d5a559fab7cfe/1584009537285_0.jpg
43667,9791155500606,비판적 사고 학술적 글쓰기,"원만희, 박정하, 박상태, 한기호, 김상현, 이창후",성균관대학교출판부,20000,2000,https://cf-cii.everytime.kr/9808139608c6de7f529264db8a20d1ac3ce31863741cebbeda1c5097a1be2c65/1648534015593_0.jpg
43685,9791155504017,The Write Way,성균관대학교 학부대학,성균관대학교출판부,17000,7000,https://cf-cii.everytime.kr/d109208b686704e5dd9ee34d02975e2968b55aaa5e644ca4769e53b6289db53f/1772633359504_0.jpg
43685,9791155502396,Poised to Present,성균어학원,성균관대학교출판부,15000,5000,https://cf-cii.everytime.kr/19c8e3bb35f1dc053733cdcb35c5dfcd4484dfd751c0d3693ad0d08293941d76/1613366636970_0.jpg
43685,9791155502129,Write On,성균어학원,성균관대학교출판부,15000,1,https://cf-cii.everytime.kr/af1fc89b4d64e7ff898d9c346d1aee9bea1b7f5a14a6df8cf10b4fbded608cd2/1583933773067_0.jpg
43694,9791155504017,The Write Way,성균관대학교 학부대학,성균관대학교출판부,17000,3000,https://cf-cii.everytime.kr/1f682082d34b016cea014f80d12b0d9c5b7868a38701147765dfa5cec048c10c/1660724466488_0.jpg
43694,9791155502396,Poised to Present,성균어학원,성균관대학교출판부,15000,1000,https://cf-cii.everytime.kr/d5f0ab4ec77c85d68a8653a538260a65981bdf930935bf811e60a8a545c24569/1770721244787_0.jpg
43694,9791155502129,Write On,성균어학원,성균관대학교출판부,15000,2000,https://cf-cii.everytime.kr/819e6444c4f089bc8f49710f2fe250b26098f9914f5191f6aad7fc636028c220/1584346876054_0.jpg
43694,9788979869033,Write On,편집부,성균관대학교출판부,13000,2000,https://cf-cii.everytime.kr/cbc47f6983accb0259258e9cf317b1f719febff4fe99aa87dcca7fd6ff089449/1598259904941_0.jpg
43695,9791155504017,The Write Way,성균관대학교 학부대학,성균관대학교출판부,17000,7000,https://cf-cii.everytime.kr/d109208b686704e5dd9ee34d02975e2968b55aaa5e644ca4769e53b6289db53f/1772633359504_0.jpg
43695,9791155502396,Poised to Present,성균어학원,성균관대학교출판부,15000,5000,https://cf-cii.everytime.kr/19c8e3bb35f1dc053733cdcb35c5dfcd4484dfd751c0d3693ad0d08293941d76/1613366636970_0.jpg
43695,9791155502129,Write On,성균어학원,성균관대학교출판부,15000,1,https://cf-cii.everytime.kr/af1fc89b4d64e7ff898d9c346d1aee9bea1b7f5a14a6df8cf10b4fbded608cd2/1583933773067_0.jpg
43695,9788979868524,Poised to Present,성균어학원,성균관대학교출판부,13000,3000,https://cf-cii.everytime.kr/33da777f59fa0dff597a98cd006cdef60dc54ada5c04f3026ba114fc81007222/1582862542935_0.jpg
43697,9791155504017,The Write Way,성균관대학교 학부대학,성균관대학교출판부,17000,7000,https://cf-cii.everytime.kr/d109208b686704e5dd9ee34d02975e2968b55aaa5e644ca4769e53b6289db53f/1772633359504_0.jpg
43697,9791155502129,Write On,성균어학원,성균관대학교출판부,15000,1,https://cf-cii.everytime.kr/af1fc89b4d64e7ff898d9c346d1aee9bea1b7f5a14a6df8cf10b4fbded608cd2/1583933773067_0.jpg
43697,9788965420408,해커스 토익 실전 1000제 리딩.1(문제집)(구토익)(개정판),해커스 어학연구소,해커스어학연구소,11900,5000,https://cf-cii.everytime.kr/0eac22a5a21a7111c7550cab3628f0bfd0e0e331e0b723c7b8c13ea3ff3bf829/1576763932197_0.jpg
43698,9791155506240,Absolutely Write(Revised Edition),성균관대학교 학부대학,성균관대학교출판부,15000,5000,https://cf-cii.everytime.kr/2da77af3172179a63d332bd95237270607083f9d36f2e48831884a7701f3ddba/1772027163319_0.jpg
43698,9791155504024,Absolutely Write,성균관대학교 학부대학,성균관대학교출판부,15000,8000,https://cf-cii.everytime.kr/1c78886f582450dd2d6a550fbe284417569c1e07f9f16feda99facbcc16b316f/1614757260146_0.jpg
43698,9791155504017,The Write Way,성균관대학교 학부대학,성균관대학교출판부,17000,3000,https://cf-cii.everytime.kr/1f682082d34b016cea014f80d12b0d9c5b7868a38701147765dfa5cec048c10c/1660724466488_0.jpg
43698,9791155502396,Poised to Present,성균어학원,성균관대학교출판부,15000,1000,https://cf-cii.everytime.kr/d5f0ab4ec77c85d68a8653a538260a65981bdf930935bf811e60a8a545c24569/1770721244787_0.jpg
43698,9791155502129,Write On,성균어학원,성균관대학교출판부,15000,2000,https://cf-cii.everytime.kr/819e6444c4f089bc8f49710f2fe250b26098f9914f5191f6aad7fc636028c220/1584346876054_0.jpg
43698,9788965421030,해커스 보카(Hackers Vocabulary),David Cho,해커스어학연구소,16900,7000,https://cf-cii.everytime.kr/408d0fc751fb72f05cbf4d620d39f0f9ac09b84ca60e7545841ecebff3674fcc/1722146910267_0.jpg
43698,9788979868524,Poised to Present,성균어학원,성균관대학교출판부,13000,2000,https://cf-cii.everytime.kr/478a6847213dcb06645449c418e9f6f26d5f9494fa41a738dedd5dc8899a5a6d/1645342350474_0.jpg
43713,9788952107718,차이를 넘어 공존으로(기초교육교재 시리즈 7),서울대학교 서어서문학과,서울대학교출판부,16000,5000,https://cf-cii.everytime.kr/3a99574831f7d967e6040095651cb791129d7236893b4600bfd7915c0289f20d/1538289368508_0.jpg
43713,9788937424564,라틴 아메리카를 찾아서,"곽재성, 우석균",민음사,12000,5000,https://cf-cii.everytime.kr/baa461e7025d98df6f85197c8ca4d33f19495dae8ece8a4f1c8970d0daa788b3/1535333291776_0.jpg
43713,9788952116123,차이를 넘어 공존으로,서울대학교 서어서문학과,서울대학교출판문화원,20000,6000,https://cf-cii.everytime.kr/e7d29883834acd01c9bb5e5efebe79e64c886cf8b3ae054b0ea4664074ea8ebc/1520254186255_0.jpg
43720,9788957272114,현대중국사회: 역사와 사회변동,"유홍준, 김지훈",그린,16000,10000,https://cf-cii.everytime.kr/cb3c4606b84b010d6e972ae5c40ad8694b1901fb0f756e83ed5de5dfd6e4c6cc/1735021066104_0.jpg
43732,9783193010827,SCHRITTE INTERNATIONAL 1 ALUM EJER CD,Paperback,Hueber,22950,5000,https://cf-cii.everytime.kr/253702621e6001030988483f339d4a3c30eb18c7a16bd594210812e0ecc9fcea/1661341233486_0.jpg
43743,9791159170416,Let's go japanese 세트,성균관대학교 교재편찬위원회,제이앤씨,24000,2000,https://cf-cii.everytime.kr/a693da9fa7724e1e74edb0fc07d8eab2ccb027d8ff9e873628c04f3a5cbede02/1602333870609_0.jpg
43743,9788994646077,Step by Step 일본어,성균관대학교 일본학연계전공 교재편찬위,재팬리서치21,13000,5000,https://cf-cii.everytime.kr/52922e8819433794ba5d51567c1f3214267409332457bbb4137fb52eac3724b81488694404316/0.jpg
43756,9788979869774,기초 프랑스어,성균관대학교 프랑스어문학과,성균관대학교출판부,15000,3000,https://cf-cii.everytime.kr/e654f7269c6adfcf21aaae5a42ca7aa2f5924a4f2cf7500aae972f383989af00/1606310888700_0.jpg
43760,9782278093137,Bonjour Et Bienvenue ! Livre + CD 안녕하세요 프랑스어 입문,Xxx,Didier,27000,10000,https://cf-cii.everytime.kr/6d563525e2de3541a2a57a8e84ea67823a8f206e1d2f75a7664eb396cacfd57b/1678021645420_0.jpg
43804,9788962184105,Calculus :early transcendentls (stewart성균관대),stewart,경문사(박문규),49000,12000,https://cf-cii.everytime.kr/35c33e510545d2da21b8e4218e3a2fef183056d1a33a30a148613c39fa5c9339/1691558917159_0.jpg
43804,9781305272378,Calculus: Early Transcendentals,제임스 스튜어트,Cengage Learning,47000,20000,https://cf-cii.everytime.kr/1a23a510f2469f3737a7e48e201488559fac8950ce75a713ec0283fba34663e4/1649960880119_0.jpg
43804,9780495560654,Calculus : Concepts and Contexts,James Stewart,Brooks Cole,41000,5000,https://cf-cii.everytime.kr/91daf2bb66651d604a39c5ed0a152b4ffd1aab51fa0a5a8271ad00d477284f9f/1598281574696_0.jpg
43830,9788977151277,청소년을 위한 서양음악사(2판),이동활,두리미디어,15000,7000,https://cf-cii.everytime.kr/3fd2545e264df3f8863f833569f36ef9e621ba84a18fb719abed50b126eecb8b/1568065421293_0.jpg
43950,9788999716362,교육심리학,"신명희, 강소연, 김은경, 김정민, 노원경, 서은희",학지사,22000,10000,https://cf-cii.everytime.kr/5d88090c686e89af8f4fca390563c71ecc2121dfb5949284eae88e468fbdb534/1618208843103_0.jpg
43950,9788925409306,교육심리학,"신종호, 김민성, 최지영, 허유성, 이지은",교육과학사,28000,7000,https://cf-cii.everytime.kr/01c769bfd8701f43c5838a2d89d2658d10f86622ede161c42cff3eb42fe39272/1642338452791_0.jpg
43950,9788999701580,교육심리학,"신명희, 강소연, 김은경, 김정민, 노원경, 서은희",학지사,20000,4000,https://cf-cii.everytime.kr/a53b9139a71cdb876ecb6351f3a7609262b1e18a41184d659e8ae98f89224e0a/1709537972545_0.jpg
44013,9791155500590,소통의 기초 스피치와 토론,스피치와 토론 교과교재 출간위원회,성균관대학교출판부,20000,6000,https://cf-cii.everytime.kr/768cbf4fcee0ab72369ea25a2bb8b44481ab8bc93073dc65c02a073207ef3baf/1778505356918_0.jpg
44015,9791155501740,창의적 사고 소통의 글쓰기,"김경훤, 김미란, 김성수",성균관대학교출판부,20000,9000,https://cf-cii.everytime.kr/28f6c3d044998d041e445edfc001d20423e9efe20bc7c6cad9e660ad7eb897c7/1778505543192_0.jpg
44015,9791155500590,소통의 기초 스피치와 토론,스피치와 토론 교과교재 출간위원회,성균관대학교출판부,20000,6000,https://cf-cii.everytime.kr/768cbf4fcee0ab72369ea25a2bb8b44481ab8bc93073dc65c02a073207ef3baf/1778505356918_0.jpg
44016,9788979866865,스피치와 토론(글쓰기와 커뮤니케이션 03),"이상철, 백미숙, 정현숙",성균관대학교대동문화연구원,15000,5000,https://cf-cii.everytime.kr/31edb6e6bf1386a4927f10e1bd30aee5210da6cca80e26d38fe8f9b71a73010e/1568817780389_0.jpg
44016,9791155500590,소통의 기초 스피치와 토론,스피치와 토론 교과교재 출간위원회,성균관대학교출판부,20000,6000,https://cf-cii.everytime.kr/768cbf4fcee0ab72369ea25a2bb8b44481ab8bc93073dc65c02a073207ef3baf/1778505356918_0.jpg
44018,9791155504628,학술적 글쓰기,"원만희, 박정하, 김종규, 이기백, 김치헌, 김상현",성균관대학교출판부,25000,5000,https://cf-cii.everytime.kr/67b8211a19cf76cee0873d3fdd6ffd6922373e7f4928189dedf5aa0fc4029a99/1641133751536_0.jpg
44018,9788957336663,향연,플라톤,아카넷,15000,8000,https://cf-cii.everytime.kr/7b71cecf92d311892902643fa9dbddceb5b6ee3ecfc78b6791c74684f3da7a50/1742102922499_0.jpg
44018,9791159312236,자유론(리커버),존 스튜어트 밀,책세상,9900,4000,https://cf-cii.everytime.kr/c7cfa587b408c0837e877030e7414099aa33932b2c5432a5864a32db7097ea6d/1663355234939_0.jpg
44018,9788930606233,국가 정체,플라톤,서광사,35000,17000,https://cf-cii.everytime.kr/c929163f8221b7156b899dd057bebef038f96cfb914e2d749758dcb4f9d85773/1655022097952_0.jpg
44018,9791155501283,사회과학입문,"성균관대학교 사회과학대학, 홍경준",성균관대학교출판부,15000,2000,https://cf-cii.everytime.kr/bc20b8b5c67862d41f0b64e44457efb57ce91e98d078008dd4b0e4918900e95e/1709491125890_0.jpg
44018,9791155500606,비판적 사고 학술적 글쓰기,"원만희, 박정하, 박상태, 한기호, 김상현, 이창후",성균관대학교출판부,20000,2000,https://cf-cii.everytime.kr/9808139608c6de7f529264db8a20d1ac3ce31863741cebbeda1c5097a1be2c65/1648534015593_0.jpg
44018,9788972915812,역사란 무엇인가,에드워드 카,까치,12000,5000,https://cf-cii.everytime.kr/dde94cee931fa6c2b7cd6c799f1cf0b1ce12e1e14c3ff8e89f5389458616d767/1581605613822_0.jpg
44019,9791155504628,학술적 글쓰기,"원만희, 박정하, 김종규, 이기백, 김치헌, 김상현",성균관대학교출판부,25000,15000,https://cf-cii.everytime.kr/8e515a7a7bbce838fee84334aa7a46b476fd36a15c7ee49940e75ba71e8fe3d0/1640670223069_0.jpg
44019,9788979869453,학술적 글쓰기,"원만희, 박정하, 박상태, 한기호, 김상현",성균관대학교출판부,13000,7000,https://cf-cii.everytime.kr/c820f703f40ae0ea4fcd3c2a321b0692bae458946a2ca2952c5f5c7c2c18f14f/1566396590499_0.jpg
44019,9791155500606,비판적 사고 학술적 글쓰기,"원만희, 박정하, 박상태, 한기호, 김상현, 이창후",성균관대학교출판부,20000,3000,https://cf-cii.everytime.kr/90f36604407c7c52b7a6ac7a168b6aa4bf1cb7cb46773bf2c98ff44c8a570aa7/1693236428999_0.jpg
44021,9791155504628,학술적 글쓰기,"원만희, 박정하, 김종규, 이기백, 김치헌, 김상현",성균관대학교출판부,25000,15000,https://cf-cii.everytime.kr/8e515a7a7bbce838fee84334aa7a46b476fd36a15c7ee49940e75ba71e8fe3d0/1640670223069_0.jpg
44021,9788979867176,학술적 글쓰기(글쓰기와 커뮤니케이션 02),"손동현, 원만희, 박정하, 배식한, 박상태",성균관대학교출판부,13000,5000,https://cf-cii.everytime.kr/c7915e544d46db8d23577ea0eb34017b6d93e61b66f01973e26a2dcd9813a792/1535900449150_0.jpg
44021,9788979869453,학술적 글쓰기,"원만희, 박정하, 박상태, 한기호, 김상현",성균관대학교출판부,13000,7000,https://cf-cii.everytime.kr/c820f703f40ae0ea4fcd3c2a321b0692bae458946a2ca2952c5f5c7c2c18f14f/1566396590499_0.jpg
44021,9791155500606,비판적 사고 학술적 글쓰기,"원만희, 박정하, 박상태, 한기호, 김상현, 이창후",성균관대학교출판부,20000,3000,https://cf-cii.everytime.kr/90f36604407c7c52b7a6ac7a168b6aa4bf1cb7cb46773bf2c98ff44c8a570aa7/1693236428999_0.jpg
44025,9788993354058,박영택 창의발상론,박영택,KMAC,36000,7000,https://cf-cii.everytime.kr/c554f8845329bc12901eec72dce1dfae008098a2bae48eb6b7ba0acac0c2a031/1614142874472_0.jpg
44025,9788992264976,박영택 창의발상론(양장본 HardCover),박영택,한국표준협회미디어,27000,3000,https://cf-cii.everytime.kr/962af4b4a2ca0e92dd68f9a109cc0e6d7a749d9ecaa83019603f23d5f48bb14c/1707760167686_0.jpg
44025,9791155501740,창의적 사고 소통의 글쓰기,"김경훤, 김미란, 김성수",성균관대학교출판부,20000,9000,https://cf-cii.everytime.kr/28f6c3d044998d041e445edfc001d20423e9efe20bc7c6cad9e660ad7eb897c7/1778505543192_0.jpg
44025,9788979869835,창의적 사고 소통의 글쓰기,"김경훤, 김미란, 김성수",성균관대학교출판부,20000,5000,https://cf-cii.everytime.kr/15221d853655f575e9bfe7c2000a9bcbbc58f6cdaf634eeda9f223c4e014fd551498133855278/0.jpg
44046,9791155506240,Absolutely Write(Revised Edition),성균관대학교 학부대학,성균관대학교출판부,15000,5000,https://cf-cii.everytime.kr/9004f7129aa2b4cb64f2a484c7fc28c4bcb0c0ba9e2602291f810840e018e461/1775524785004_0.jpg
44046,9791155504024,Absolutely Write,성균관대학교 학부대학,성균관대학교출판부,15000,3000,https://cf-cii.everytime.kr/5a821c35482360b23a91d12b670d867e3a882d7a5404e6200abcef35f1e83bf6/1693802339695_0.jpg
44046,9791155502129,Write On,성균어학원,성균관대학교출판부,15000,1,https://cf-cii.everytime.kr/af1fc89b4d64e7ff898d9c346d1aee9bea1b7f5a14a6df8cf10b4fbded608cd2/1583933773067_0.jpg
44052,9791155506240,Absolutely Write(Revised Edition),성균관대학교 학부대학,성균관대학교출판부,15000,5000,https://cf-cii.everytime.kr/9004f7129aa2b4cb64f2a484c7fc28c4bcb0c0ba9e2602291f810840e018e461/1775524785004_0.jpg
44052,9791155504024,Absolutely Write,성균관대학교 학부대학,성균관대학교출판부,15000,3000,https://cf-cii.everytime.kr/5a821c35482360b23a91d12b670d867e3a882d7a5404e6200abcef35f1e83bf6/1693802339695_0.jpg
44052,9791155502396,Poised to Present,성균어학원,성균관대학교출판부,15000,5000,https://cf-cii.everytime.kr/19c8e3bb35f1dc053733cdcb35c5dfcd4484dfd751c0d3693ad0d08293941d76/1613366636970_0.jpg
44052,9791155502129,Write On,성균어학원,성균관대학교출판부,15000,1,https://cf-cii.everytime.kr/af1fc89b4d64e7ff898d9c346d1aee9bea1b7f5a14a6df8cf10b4fbded608cd2/1583933773067_0.jpg
44052,9788979869033,Write On,편집부,성균관대학교출판부,13000,4000,https://cf-cii.everytime.kr/2e559c4c80032337e504072e2dc98d6d225af4fa2208fe6c287e4ec358b157ab1488430106374/0.jpg
44058,9791155506240,Absolutely Write(Revised Edition),성균관대학교 학부대학,성균관대학교출판부,15000,5000,https://cf-cii.everytime.kr/9004f7129aa2b4cb64f2a484c7fc28c4bcb0c0ba9e2602291f810840e018e461/1775524785004_0.jpg
44058,9791155504024,Absolutely Write,성균관대학교 학부대학,성균관대학교출판부,15000,3000,https://cf-cii.everytime.kr/5a821c35482360b23a91d12b670d867e3a882d7a5404e6200abcef35f1e83bf6/1693802339695_0.jpg
44058,9791155502129,Write On,성균어학원,성균관대학교출판부,15000,1,https://cf-cii.everytime.kr/af1fc89b4d64e7ff898d9c346d1aee9bea1b7f5a14a6df8cf10b4fbded608cd2/1583933773067_0.jpg
44105,9788962184105,Calculus :early transcendentls (stewart성균관대),stewart,경문사(박문규),49000,12000,https://cf-cii.everytime.kr/35c33e510545d2da21b8e4218e3a2fef183056d1a33a30a148613c39fa5c9339/1691558917159_0.jpg
44105,9788961059961,미분적분학,제임스 스튜어트,경문사(박문규),45000,15000,https://cf-cii.everytime.kr/620d4d4b3719e6c1f96231a5c34443b175db559edac90b0abbfd053f400d55f8/1608556333193_0.jpg
44105,9781305272378,Calculus: Early Transcendentals,제임스 스튜어트,Cengage Learning,47000,20000,https://cf-cii.everytime.kr/1a23a510f2469f3737a7e48e201488559fac8950ce75a713ec0283fba34663e4/1649960880119_0.jpg
44105,9780495560654,Calculus : Concepts and Contexts,James Stewart,Brooks Cole,41000,5000,https://cf-cii.everytime.kr/91daf2bb66651d604a39c5ed0a152b4ffd1aab51fa0a5a8271ad00d477284f9f/1598281574696_0.jpg
44106,9780357113462,Calculus (Metric Edition),"제임스 스튜어트, Saleem Watson, Daniel K. Clegg",Cengage,51000,10000,https://cf-cii.everytime.kr/a45c9867ff7a35833ca45fcec66ee8e2b7d3bdd7d5c42db8eca47b3ae0541599/1644069278249_0.jpg
44106,9788962184105,Calculus :early transcendentls (stewart성균관대),stewart,경문사(박문규),49000,12000,https://cf-cii.everytime.kr/35c33e510545d2da21b8e4218e3a2fef183056d1a33a30a148613c39fa5c9339/1691558917159_0.jpg
44106,9780495560654,Calculus : Concepts and Contexts,James Stewart,Brooks Cole,41000,5000,https://cf-cii.everytime.kr/91daf2bb66651d604a39c5ed0a152b4ffd1aab51fa0a5a8271ad00d477284f9f/1598281574696_0.jpg
44110,9781292229478,"Campbell Biology: Concepts & Connections, Global Edition",없음,없음,164400,10000,https://cf-cii.everytime.kr/120a9180e99145b146d55bdc8881b269c40eb992a26fd6ae88c94b33853fd477/1641194738624_0.jpg
44110,9788961542814,생명과학(개념과 현상의 이해),"Taylor, simon, dicky, hogan, reexe",라이프사이언스,35000,10000,https://cf-cii.everytime.kr/722de9a9d5a05cc549cb84d9f92d7f6145331ad927ac8d984ad6170129bdb3b9/1757382214968_0.jpg
44110,9780321761583,Campbell Biology: Concepts and connections,Jane B. Reece,Pearson Education Asia,47000,5000,https://cf-cii.everytime.kr/21947db02ed18179d20efe9b236acf68bf53e65652fe61118c9e90608477792c/1662949157381_0.jpg
44110,9780132912440,Campbell Biology: Concepts and Connections (+Access Code),"Jane B. Reece, Martha R. Taylor, Eric J. Simon, Jean L. Dickey",Prentice-Hall,20000,15000,https://cf-cii.everytime.kr/2b48c0c6ec41186b251ac44d2e389ca08c321d45d05d116fc4d6de4f824fd17a/1519914087695_0.jpg
44110,9788945049124,생명과학(7판)(개념과현상의이해)(전2권),"Reece, Taylor, Simon, Dickey",PEARSON EDUCATION KOREA,35000,15000,https://cf-cii.everytime.kr/d67ea56552b507d7ad2a61bd18d3dc071bfacdf5c0fd1cd3e01a32f3c0d6d131/1585326740218_0.jpg
44113,9781292229478,"Campbell Biology: Concepts & Connections, Global Edition",없음,없음,164400,10000,https://cf-cii.everytime.kr/120a9180e99145b146d55bdc8881b269c40eb992a26fd6ae88c94b33853fd477/1641194738624_0.jpg
44113,9780321526502,Biology : Concepts and Connections,Jane B. Reece,Pearson Education Corporate,48000,10000,https://cf-cii.everytime.kr/5ad5ed8c1b21772cb8a1fe08c9f7ced2bb62c25aeb7ab408b0476e48884cf462/1536387625029_0.jpg
44113,9780321761583,Campbell Biology: Concepts and connections,Jane B. Reece,Pearson Education Asia,47000,5000,https://cf-cii.everytime.kr/21947db02ed18179d20efe9b236acf68bf53e65652fe61118c9e90608477792c/1662949157381_0.jpg
44113,9788992709651,생명과학(캠벨)(9판),"Jane B. Reece, Lisa A. Urry, Michael L. Cain, Steven A. Wasserman",바이오사이언스,60000,12000,https://cf-cii.everytime.kr/97d50d14cb95795de2176b26d1f8c5e8be6d89372ff42e414430fe55b897b662/1576335858869_0.jpg
44113,9788945049124,생명과학(7판)(개념과현상의이해)(전2권),"Reece, Taylor, Simon, Dickey",PEARSON EDUCATION KOREA,35000,15000,https://cf-cii.everytime.kr/d67ea56552b507d7ad2a61bd18d3dc071bfacdf5c0fd1cd3e01a32f3c0d6d131/1585326740218_0.jpg
44124,9789813135239,Linear Algebra and Its Applications,David C. Lay,Pearson Education,49000,9900,https://cf-cii.everytime.kr/92d56c61d05279f42a1c91f97508bfe8d728db7ce212e9af7d3002ee3c4184be/1771138989907_0.jpg
44124,9791195444991,선형대수학,"David C. Lay, Steven R. Lay, Judi J. McDonald",프로텍미디어,35000,10000,https://cf-cii.everytime.kr/8f5bb58767e7155a316aee035b31a1b5f14b475de6bc388f869f6037502a9cdd/1687781150647_0.jpg
44124,9788961052009,미적분학,강윤수,경문사,30000,10000,https://cf-cii.everytime.kr/4c45527ee935a5ac68c09835a16386445441ba9f1b87e2bc7433a1d4ea7ac95f/1613306326279_0.jpg
44124,9780471163626,Contemporary Linear Algebra,Howard Anton,Wiley,60000,15000,https://cf-cii.everytime.kr/0202c27a61ff65da61db646a4bb7a8eb00e1f9c49a2cfb1b58b0da1ba84529c2/1672301015231_0.jpg
44124,9781118677452,Elementary Linear Algebra With Supplemental Applications,없음,없음,144420,15000,https://cf-cii.everytime.kr/4864338b684c9d05783957ee13657254fc0886dd4897707bdf3ea81ce54223d0/1616250609864_0.jpg
44124,9788971292655,선형대수,"Howard Anton, Chris Rorres",범한서적,32000,15000,https://cf-cii.everytime.kr/3672539848a42ead7598e23110c55b46d645c3e2f7bbbed833e9404971a58466/1661275021367_0.jpg
44124,9781292092232,Linear Algebra and its Applications,David C. Lay,Pearson,56000,18000,https://cf-cii.everytime.kr/c10614243358b29aab9d2b3d470f56d8c3b3db4915abf424461c8e85a20b2433/1639463017473_0.jpg
44127,9791190017107,이산수학,Richard Johnsonbaugh,경문사(박문규),35000,15000,https://cf-cii.everytime.kr/6de2b61820f552ec8277f25e997c74274705677e7b39f8baaea652a82438a413/1661705994264_0.jpg
44127,9781292233703,"Discrete Mathematics, Global Edition",Johnsonbaugh Richard,Pearson Education,59000,19000,https://cf-cii.everytime.kr/3c7b52aade655449e10eecbfba4fcd70c041451033a24da0e1adef81a0f34074/1660373162892_0.jpg
44127,9780495831747,Discrete Mathematics,Ferland,Brooks Cole,35000,10000,https://cf-cii.everytime.kr/f58295808a6d026f534ebe5c577181947070c96690955dc968fb62d6a7ad7617/1545826065853_0.jpg
44127,9788945045041,이산수학,RICHARD JOHNSONBAUGH,한티미디어,32000,13000,https://cf-cii.everytime.kr/9337a034e16fc033ddff8312d7ff02e1d6ab9d5aef41518ab428edb86fdbfd80/1740746720849_0.jpg
44127,9780131354302,Discrete Mathematics 7/E,Johnsonbaugh,Pearson Education Ltd,45000,15000,https://cf-cii.everytime.kr/1bfdc3615f04833344c3503261b03e801cf0d3585afa52f18a7e771f18c0ad2d/1690176770776_0.jpg
44127,9788964212479,이산수학,Richard Johnsonbaugh,한티미디어,32000,10000,https://cf-cii.everytime.kr/3c1c4c2ef3f25844fc989911d3d02ff961d934855866fd1898331b2b7dfba66a/1708403101102_0.jpg
44127,9781292092232,Linear Algebra and its Applications,David C. Lay,Pearson,56000,18000,https://cf-cii.everytime.kr/c10614243358b29aab9d2b3d470f56d8c3b3db4915abf424461c8e85a20b2433/1639463017473_0.jpg
44127,9781292022611,Discrete Mathematics,Richard Johnsonbaugh,.,47000,10000,https://cf-cii.everytime.kr/063cd0c766c5a88cbfe7f703f0be5baef9021f9a1345f98377baf66a7ba34eda/1640247622601_0.jpg
44130,9781305086333,Physics for Scientists and Engineers with Modern Physics,"Serway Raymond A, Jewett John W",Cengage Learning,0,5000,https://cf-cii.everytime.kr/df6b7983fca0d04423e13c9f5b97d23a2dab4fdf4026dc8bcf6869aadef85244/1610547209676_0.jpg
44130,9791159711862,대학물리학 세트,"Raymond A. Serway, John W Jewett",북스힐,48000,8000,https://cf-cii.everytime.kr/b55c0c107ece3e7bb55b0e16ed9f2de6112a958fd49bbbf720c7b8f7239ad7fe/1645106561766_0.jpg
44130,9791159710575,대학물리학,"Raymond A. Serway, John W. Jewett Jr.",북스힐,45000,5000,https://cf-cii.everytime.kr/9bd245185b4940c608cae95af509f27ec65ccff792e15e99b5573e7a1e341690/1639584982321_0.jpg
44130,9781439048757,Physics for Scientists and engineers with Modern Physics,John Jewett,Cengage Learning,48000,5000,https://cf-cii.everytime.kr/3ea8f477a734800289258a276fb57fb090ebb5a0ed6dbfde007d5551b07b547b/1614918512308_0.jpg
44130,9781133110002,Principles of Physics,Raymond A. Serway,Brooks Cole Pub Co,50000,10000,https://cf-cii.everytime.kr/5de8e039c6346e1e9f84de5fd30eda5e5d39bafab85a5b3714dbdc2ff586f15d/1752400145865_0.jpg
44130,9781133953999,Physics for Scientists and Engineers with Modern Physics,Raymond A. Serway,BROOKS/COLE,52000,5000,https://cf-cii.everytime.kr/8c8e7ed6cb778322f638b978aae8c50a4a5d2271b6be69188fbfcbacd037a99f/1639307975564_0.jpg
44130,9788971292679,일반물리학 제1권,"Jearl Walker, 데이비드 할리데이, Robert Resnick",범한서적,28000,15000,https://cf-cii.everytime.kr/5191e6f9922f788d99b93bf0af7c1271177a8c1f773a00ef755bd03616ffa621/1584337780528_0.jpg
44130,9788955268379,대학물리학(8판)(전2권),"John W Jewett Jr, Raymond A. Serway",북스힐,38000,10000,https://cf-cii.everytime.kr/145630b4fca467d9f9d1faa266c1a0b49aa30c0da4d264b310c6720a51d221cc/1598833725942_0.jpg
44130,9788955268805,대학물리학,Ramond A Serway,북스힐,39000,3000,https://cf-cii.everytime.kr/de2f4ae16634ff2eaa351ac8634816f3110de72fe2d20d84bae2c132dad9c758/1652675801373_0.jpg
44132,9791159710575,대학물리학,"Raymond A. Serway, John W. Jewett Jr.",북스힐,45000,5000,https://cf-cii.everytime.kr/9bd245185b4940c608cae95af509f27ec65ccff792e15e99b5573e7a1e341690/1639584982321_0.jpg
44132,9781133110002,Principles of Physics,Raymond A. Serway,Brooks Cole Pub Co,50000,10000,https://cf-cii.everytime.kr/5de8e039c6346e1e9f84de5fd30eda5e5d39bafab85a5b3714dbdc2ff586f15d/1752400145865_0.jpg
44132,9781133953999,Physics for Scientists and Engineers with Modern Physics,Raymond A. Serway,BROOKS/COLE,52000,5000,https://cf-cii.everytime.kr/8c8e7ed6cb778322f638b978aae8c50a4a5d2271b6be69188fbfcbacd037a99f/1639307975564_0.jpg
44132,9788971292679,일반물리학 제1권,"Jearl Walker, 데이비드 할리데이, Robert Resnick",범한서적,28000,15000,https://cf-cii.everytime.kr/5191e6f9922f788d99b93bf0af7c1271177a8c1f773a00ef755bd03616ffa621/1584337780528_0.jpg
44132,9788955268805,대학물리학,Ramond A Serway,북스힐,39000,3000,https://cf-cii.everytime.kr/de2f4ae16634ff2eaa351ac8634816f3110de72fe2d20d84bae2c132dad9c758/1652675801373_0.jpg
44140,9788955268805,대학물리학,Ramond A Serway,북스힐,39000,3000,https://cf-cii.everytime.kr/de2f4ae16634ff2eaa351ac8634816f3110de72fe2d20d84bae2c132dad9c758/1652675801373_0.jpg
44144,9791159710575,대학물리학,"Raymond A. Serway, John W. Jewett Jr.",북스힐,45000,5000,https://cf-cii.everytime.kr/9bd245185b4940c608cae95af509f27ec65ccff792e15e99b5573e7a1e341690/1639584982321_0.jpg
44144,9781133110002,Principles of Physics,Raymond A. Serway,Brooks Cole Pub Co,50000,10000,https://cf-cii.everytime.kr/5de8e039c6346e1e9f84de5fd30eda5e5d39bafab85a5b3714dbdc2ff586f15d/1752400145865_0.jpg
44144,9781133953999,Physics for Scientists and Engineers with Modern Physics,Raymond A. Serway,BROOKS/COLE,52000,5000,https://cf-cii.everytime.kr/8c8e7ed6cb778322f638b978aae8c50a4a5d2271b6be69188fbfcbacd037a99f/1639307975564_0.jpg
44147,9788955268225,일반물리학실험(개정판),박찬응,북스힐,16000,5000,https://cf-cii.everytime.kr/b8e6958bbd4a7bea27bf7f3bb86814f1a4635e6e2255950e0d71ff30c643fba7/1773919832482_0.jpg
44152,2090000016222,일반물리학실험,성대물리학과,북스힐,12000,4000,https://cf-cii.everytime.kr/f6bb5ac1981b080b5e694892bdb5289c70b1d5ae7108c6cd7d41d014b3257e42/1693390603526_0.jpg
44166,9791188731107,기본 일반화학,"Raymond Chang, Jason Overby",사이플러스,45000,15000,https://cf-cii.everytime.kr/42a93d8148092c4018dfbf81c2bb9281c70276af77e3d08eb39d79728d9de6ad/1677046268264_0.jpg
44166,9781260085310,Chemistry,"Raymond Chang, 제이슨 오버비",McGraw Hill Education,55000,9000,https://cf-cii.everytime.kr/5e0f62aa072ef25eac834fb3f399e172d1b643412dce54e90b9524905f104bf1/1755260771650_0.jpg
44166,9791188731008,일반화학(레이먼드 창의)(12판),"Raymond Chang, Kenneth A Goldsby",사이플러스,53000,20000,https://cf-cii.everytime.kr/5277ee9607d792779481d35150e6becdf7361ba04ec848f47b47a55471296d88/1677492834781_0.jpg
44166,9788962184327,줌달의 일반화학(9판),스티븐 S. 줌달,사이플러스,53000,6000,https://cf-cii.everytime.kr/c624e8a339607ee34487b1c4b1e295bd3e5edf373412992e30eeba9dc49703f3/1654788928463_0.jpg
44167,9781265577568,Chemistry,제이슨 오버비,McGraw-Hill,65000,10000,https://cf-cii.everytime.kr/8342aeb40507f250d9e794ea5d0696e595e31e7527a9d211188c2c46137954cc/1772507978238_0.jpg
44167,9791188731107,기본 일반화학,"Raymond Chang, Jason Overby",사이플러스,45000,15000,https://cf-cii.everytime.kr/42a93d8148092c4018dfbf81c2bb9281c70276af77e3d08eb39d79728d9de6ad/1677046268264_0.jpg
44167,9788992603737,일반화학,스티븐 S. 줌달,사이플러스,53000,5000,https://cf-cii.everytime.kr/5c0d8f7f4592d7d245b6a6c3c75aca031b653679a5811facdb23306663db8bf2/1545455169680_0.jpg
44170,9791188731114,일반화학,Raymond Chang,사이플러스,53000,10000,https://cf-cii.everytime.kr/dd493b71d985606b6940220f5a974b2d8342643bc492f9553ea1394e85a991de/1774167290716_0.jpg
44170,9791158082499,핵심일반화학,"McMurry, Fay, Robinson",자유아카데미,39000,7000,https://cf-cii.everytime.kr/1e357bb5fcb9010459e6fb688532a1aaad2d419634df799894c0004260aac30d/1773124151920_0.jpg
44170,9781260085310,Chemistry,"Raymond Chang, 제이슨 오버비",McGraw Hill Education,55000,9000,https://cf-cii.everytime.kr/5e0f62aa072ef25eac834fb3f399e172d1b643412dce54e90b9524905f104bf1/1755260771650_0.jpg
44170,9780321761583,Campbell Biology: Concepts and connections,Jane B. Reece,Pearson Education Asia,47000,5000,https://cf-cii.everytime.kr/21947db02ed18179d20efe9b236acf68bf53e65652fe61118c9e90608477792c/1662949157381_0.jpg
44170,9781133612056,Chemistry,스티븐 S. 줌달,Cengage Learning,55000,8000,https://cf-cii.everytime.kr/8732dc9158963b0c3a9c7134ea1ad593f4064e4ebc50010ad4296dd019811c73/1677770902058_0.jpg
44170,9788992603737,일반화학,스티븐 S. 줌달,사이플러스,53000,5000,https://cf-cii.everytime.kr/5c0d8f7f4592d7d245b6a6c3c75aca031b653679a5811facdb23306663db8bf2/1545455169680_0.jpg
44192,9788908042025,게르만 신화와 전설,라이너 테츠너,범우사,20000,5000,https://cf-cii.everytime.kr/b77e03cad6061b028d2bdfc052133757e34175cad752c3070e20d84271785794/1660475249632_0.jpg
44212,9788972915065,암: 만병의 황제의 역사,싯다르타 무케르지,까치,25000,21000,https://cf-cii.everytime.kr/b53c17ec656f4226242fa75e4f6ecbbf8c0a6e78987a9f05dd42986758456b2e/1660234887877_0.jpg
44293,9788945001566,Elements of X Ray Diffraction(3판)(Paperback),"BD Cullity, SR Stock",PEARSON EDUCATION KOREA,39000,15000,https://cf-cii.everytime.kr/e89d379b43b41c57bf089f74180ecd7c7fc740457e14b4d7bb27527b40184776/1614737023407_0.jpg
44293,9788963643076,재료결정학,이정용,교문사(청문각),25700,12000,https://cf-cii.everytime.kr/e6154e5e46357fd648acdae260cd609c9521935846fadcfbacdccc13d5b92e6c/1613980753230_0.jpg
44293,9788963642239,X-ray 결정학,허무영,교문사(청문각),23000,7000,https://cf-cii.everytime.kr/5a52e5a52b98bc9fb98a72e388e1ddfd5ddce12d2e5781667efe87e6be6d0697/1704180824675_0.jpg
44405,9780813802923,Clarifying Communication Theories: A Hands-On Approach,없음,Iowa State Press,55660,5000,https://cf-cii.everytime.kr/e4ac200bb6b2cd34c37408cc4c969a2f0dd79caa2cd076c74521371bbf5ed154/1507258533113_0.jpg
44405,9791158520854,미디어 이론. 2,"브렛 밀스, 데이비드 M 발로우",글로벌콘텐츠,28000,15000,https://cf-cii.everytime.kr/89398edf99c25cb2486c7e787e37d5ca9ee9aedbf15c33ef25ab9f79602d0ea1/1614590982213_0.jpg
44405,9791158520847,미디어 이론. 1,"브렛 밀스, 데이비드 M 발로우",글로벌콘텐츠,24000,15000,https://cf-cii.everytime.kr/ce145437b5b374ef96ec40670c839725339a169f45250b34d393e3b90f9771ea/1555512174859_0.jpg
44426,9791162263037,미시경제학,"오스탠 굴스비, 스티븐 레빗, 채드 사이버슨",시그마프레스,42000,20000,https://cf-cii.everytime.kr/ce2741220635889bda42599f559c6bfc360746c97d9aa023515cce82bab2a9d5/1725492667774_0.jpg
44426,9791130306513,미시경제학(예제와 함께하는),임봉욱,박영사,39000,29000,https://cf-cii.everytime.kr/dd900eba2e226619aa9abb295bae4867226045c8dbaf5c26d813ca930c1b881c/1610863443651_0.jpg
44426,9791185994598,미시경제학,이준구,문우사,37000,20000,https://cf-cii.everytime.kr/e73a1b7f0476bbc072a8c95c0830a5b32a88ef48b6e22fedd446f9c386858495/1608616216057_0.jpg
44426,9788968210716,객관식 경제학(거시편)(3판),"장선구, 정영숙, 이재민",비앤엠북스,35000,18000,https://cf-cii.everytime.kr/8cd78d4499c5a0206168d2de6e5d68ed041c6d342eae70d697efa77906ff092b/1613574621791_0.jpg
44426,9788962184204,맨큐의 경제학 연습문제풀이,그레고리 맨큐,센게이지러닝코리아,13000,9000,https://cf-cii.everytime.kr/da54f9fa7043363ae5d8171b791255215cffee1669540c1d44c2540089828ab9/1613745973106_0.jpg
44426,9788968210761,객관식 경제학 미시편(3판),장선구,비앤엠북스,35000,7000,https://cf-cii.everytime.kr/dee42d073f717d1a2e89b05f7ba017abff17a9a58df1586c9843b8f9688c97b9/1608615831690_0.jpg
44426,9788962184181,맨큐의 경제학,그레고리 맨큐,한티에듀,42000,30000,https://cf-cii.everytime.kr/9e9957f2d9e11e49f500d95c6abbb2c6f92ac118c7305f2d977892733cce370a/1612005724414_0.jpg
44426,9788968210662,정석 미시경제론,"박환재, 장선구, 이진형",비앤엠북스,35000,17000,https://cf-cii.everytime.kr/96b8ed40d0042c28a502baf156c462e1d4a761c53960e29c171f8e980ea78ae3/1709709521724_0.jpg
44426,9791130301600,미시경제학(예제와 함께하는)(2판),임봉욱,박영사,36000,10000,https://cf-cii.everytime.kr/c06987da1017e8bd06eb170da192fe07021bef7181baaf4b6bca053e2a78ba53/1582369906576_0.jpg
44426,9791130300153,미시경제학 연습문제 해답집,"김영산, 왕규호",박영사,10000,6000,https://cf-cii.everytime.kr/f7f157bf1499699b071b36000df62e2151a9a2ba83389893e3059c1480db9bdf/1586083406293_0.jpg
44426,9788997428847,미시경제학연습,임봉욱,율곡출판사,35000,25000,https://cf-cii.everytime.kr/fa4a188fc8d44a2c13adda5cd16d2b858661d0b2718826da7d4f3e1de4f5a589/1613745724904_0.jpg
44426,9788964543641,미시경제학(2판)(양장본 HardCover),"김영산, 왕규호",박영사,35000,17000,https://cf-cii.everytime.kr/f7f157bf1499699b071b36000df62e2151a9a2ba83389893e3059c1480db9bdf/1586083354536_0.jpg
44426,9788997428656,현대 경제학,"최병권, 장선구",율곡출판사,38000,13000,https://cf-cii.everytime.kr/12dc0c06679667d8f24523f5381aaac76d7547653334a3c2e48e9106ffab66a4/1613308071015_0.jpg
44426,9791195103423,미시경제학,이준구,문우사,35000,25000,https://cf-cii.everytime.kr/145bc3c01f78d5d9eaf649e70d481ca469c615e1fef6ec52ea81647cde1caac4/1504496523966_0.jpg
44426,9791195103430,미시경제학: 수학노트와 연습문제 해답(6판),이준구,문우사,12000,9000,https://cf-cii.everytime.kr/81170ca9ebc71d4857eee9cf60c4408b740bc06c706a4037dadc98ecb372f346/1504496707525_0.jpg
44532,9780273779414,Strategic Brand Management,Kevin Keller,Pearson FT Prentice Hall Highe,43000,15000,https://cf-cii.everytime.kr/45b7201d2310d853d1c27428fa9ce7d7f31d412748c2f08e94f9e16457845b1b/1545308937373_0.jpg
44532,9788997304387,마케팅(4판)(양장본 HardCover),"이학식, 임지훈",집현재,32000,15000,https://cf-cii.everytime.kr/6736cf125b8217e325ec80732f63998d7d39715343b7beb92ad54856cf4dcd98/1594482880528_0.jpg
44539,9781260083392,Investments,ZVI Bodie,McGraw Hill Education,35000,10000,https://cf-cii.everytime.kr/73666a028f6239ab482a78a2f190299fba53d02f4c9e2e2d7da15813fb6ab1c9/1680664308977_0.jpg
44539,9781260091908,Fundamentals of Corporate Finance,Ross,McGraw-Hill,50000,7000,https://cf-cii.everytime.kr/fb400912c8bb79e403125d17ca91328b8fceb291e3cc1da269dc49ec0b5a9d62/1630298950644_0.jpg
44539,9780071262286,Investment (Asia Global Edition),ZVI Bodie,McGraw-Hill,43000,10000,https://cf-cii.everytime.kr/b6d72657e4ad7683779a8e97f677ff3df07942653356620b231042c6080191a1/1559652916111_0.jpg
44541,9788955016857,엑셀과 R Commander를 활용한 통계,김태웅,신영사,27000,15000,https://cf-cii.everytime.kr/64a36004229ca64711f446bda3fadbb03b02e5a1fdea5b7504e2e976565d3f7c/1600093410490_0.jpg
44541,9791130300245,통계학 탐구,김성주,박영사,26000,10000,https://cf-cii.everytime.kr/0fa032a8e83748ceed2273b0029d9f64accdcb6eb2cf17488a6658c7b188dd04/1536128553177_0.jpg
44541,9781292069029,Basic Business Statistics,Berenson,Pearson,48000,19900,https://cf-cii.everytime.kr/9f97e1f351803a2a7f9b9de9211921b5339c35a8e44068b8ef98acf4a3cab951/1584032320317_0.jpg
44541,9789814595049,"Fundamentals of Corporate Finance, Aisan Global 2 Edition","스테판 A. 로스, Randolph W. Westerfield, Bradford D. Jordan, Joseph Lim, Ruth Tan",McGraw-Hill,44000,15000,https://cf-cii.everytime.kr/6069b77854b4c4c7335c7316bc0329275c159713221efd473b2f7b304c4f7a9e/1533466149146_0.jpg
44545,9788955017366,Excel 2019를 활용한 데이터 분석,김종욱,신영사,37000,10000,https://cf-cii.everytime.kr/21c6f38bed37ffc6d602364a00acbf6d238e44f24c034bab6f94fe5f63fabee9/1706887665527_0.jpg
44545,9788955014679,경영의사결정,김종욱,신영사,35000,4500,https://cf-cii.everytime.kr/931478f3f04b230de727148208c128a62577c07c9c4b4ced6029e0ba44697fce/1709484166541_0.jpg
44570,9788946806368,조직설계의 기초(3판)(양장본 HardCover),"현선해, 최세경, 서문교",무역경영사,22000,15000,https://cf-cii.everytime.kr/3591beb84feb3d5dde307ebc690bc60ac31f9008898fcbc8f6ae56a40dd5f7cd/1610428593917_0.jpg
44712,9781605353807,Neuroscience,"Dale Purves, George J Augustine, David Fitzpatrick, William C Hall, Anthony-Samuel LaMantia, Richard D Mooney",Oxford University Press,80000,55000,https://cf-cii.everytime.kr/8ca7b290313c7ce9f59c61f80597b9fa14073536fc1aff6db0802c1b788121d4/1646037525550_0.jpg
44712,9788958812340,신경과학,"Purves Dale, Augustine George J., David Fitzpatrick, William C. Hall, Anthony-Samuel Lamantia, Leonard E White",월드사이언스,52000,25000,https://cf-cii.everytime.kr/869714a3c3419257dd06da90f70024bfb2c42b838389958a92264da58fad393e/1584370717515_0.jpg
44954,9788961542296,면역학,Peter Parham,라이프사이언스,42000,25000,https://cf-cii.everytime.kr/fcf28f9a2a4358102862d233f06c0e91a67ebcc95fd5aecfe019751b8e21ecdb/1692698538349_0.jpg
44954,9780815341468,THE IMMUNE SYSTEM(제3판),없음,GARLAND SCIENCE,50000,5000,https://cf-cii.everytime.kr/61376b7437b099606e7f75c36fd75b7bd588cae7db043b60b98ad53db2fbc0e7/1576957619978_0.jpg
44954,9788961541053,면역학(3판),PETER PARHAM,라이프사이언스,38000,20000,https://cf-cii.everytime.kr/1e8e4a002e96dc650d3d7ece3666607d591fffe18e91c1382e7cf056236b0680/1629373183764_0.jpg
44977,9781259253553,Principles of Electronic Materials and Devices,없음,없음,144520,38000,https://cf-cii.everytime.kr/84d2c40638b0015083d7d8c5d54dd129c66dc01f6f6d7bd10b4b2fc17d806fbe/1693882795542_0.jpg
44977,9791132101642,전자재료물성 및 소자공학,S. O. Kasap,McGraw-Hill,39000,7000,https://cf-cii.everytime.kr/ffc9145f91e025a9206ba6a7839ce553deac1950210016c130a2ee8fcf4c2cdd/1708488822754_0.jpg
44977,9780071244589,Principles of Electronic Materials and Devices,Kasap,McGraw-Hill,47000,18000,https://cf-cii.everytime.kr/34c77e74c5f49fe016a59c5f96cbcf0889c4893bded70e8a8a1ea725f327b7f5/1551667210905_0.jpg
44977,9788960552708,전자재료물성 및 소자공학(3판)(CD1장포함)(양장본 HardCover),S O Kasap,도서출판 홍릉(홍릉과학출판사),34000,20000,https://cf-cii.everytime.kr/d69b3eec0007a1deb390aa6eacdbf0ca1d93c3486c487ec1928f99ce3d818c0b/1703227265347_0.jpg
44996,9788935214136,혁신에 대한 모든 것,매트 리들리,청림출판,20000,13000,https://cf-cii.everytime.kr/859f2f9bf2547da8e2cbcfb731fe47689ce40f436f6fedefb0f34b12184d0d99/1772622242837_0.jpg
44996,9791132112754,기술경영과 혁신전략,Melissa A. Schilling,한경사,33000,25000,https://cf-cii.everytime.kr/2ade99d053a5161be34eef90ad31dc451674dd4a722afcaaf588479791fcbba2/1708555831749_0.jpg
44996,9791132102281,기술경영과 혁신전략,Melissa ASchilling,McGraw-Hill,30000,10000,https://cf-cii.everytime.kr/168f46144c0be5eab9bd31ad2cd44585da0b058b90d645b8b39f8d36f62424cd/1776335478290_0.jpg
44996,9791132101086,기술경영과 혁신전략(5판)(양장본 HardCover),Melissa A Schilling,McGraw-Hill Education,30000,15000,https://cf-cii.everytime.kr/d69b3fb92692054903e36702879e83b090459556dd294ca054ed6aa6da0cf71d/1697958537033_0.jpg
44996,9788960551701,기술경영과 혁신전략(3판),Schilling,McGraw-Hill,27000,4000,https://cf-cii.everytime.kr/aabc5ce236b56fade286a493fa48cc962a546902cb201325f7f070d97b32c70e/1597972545970_0.jpg
44996,9788960558342,기술경영과 혁신전략,Schilling,McGraw-Hill,29000,12000,https://cf-cii.everytime.kr/0ea87645a7f97d27f5b26281a04b3bcba75ce936933c07758df0902031b58828/1567875653907_0.jpg
45014,9791156004271,디스플레이 공학개론,"이준신, 김도영, 모연곤, 배병성, 송장근, 이성은",도서출판 홍릉(홍릉과학출판사),32000,15000,https://cf-cii.everytime.kr/1fb42ab2883181621f0c81a1936df7d783c6179f30c5cca67b8ef8bfb1395e4c/1612845829618_0.jpg
45220,9788983967770,Contemporary British Plays,"Joe Orton, Edward Bond, David Hare, David Greig",신아사,16000,10000,https://cf-cii.everytime.kr/a42c0c3ee2927bef9453d0c650cf9f60cb0818957c5f874f727a9d617cdfecd7/1536225465354_0.jpg
45293,9788936322878,환경공학 및 과학,"수잔 마스틴, 매켄지 데이비스",교문사(청문각),43000,20000,https://cf-cii.everytime.kr/28a2978919e89620f5e373fe4654ff5777ea3ea60c20a31fe447be8b27cc01e3/1775562753621_0.jpg
45293,9788942592814,환경공학개론,"박기영, 박용은, 박재우, 송지현, 이관용, 이종근",동화기술,30000,15000,https://cf-cii.everytime.kr/e847c6bec0d7f5f34b32414c2234d0df941e53b16b98e20a3dea3bac2659e92a/1692800022700_0.jpg
45293,9780495295853,Introduction To Environmental Engineering,Vesilind P Aarne/ Morgan Susan M/ Heine Laure,Cengage Learning,45000,15000,https://cf-cii.everytime.kr/e301da51715de039e10724662c79d19eee4ee48fb416afc5b49221a56cf7f914/1663656425285_0.jpg
45314,9780071311212,Fluid Mechanics,Frank M. White,McGraw-Hill,42000,10000,https://cf-cii.everytime.kr/50c23433af033b6da92201bf812e9b1edbeeb243de4909f6ec9a658baa5fe7f4/1654915403245_0.jpg
45314,9791132101017,White의 유체역학,Frank M. White,경문사(박문규),37000,16000,https://cf-cii.everytime.kr/2874c0c5b24b3fca5f53308a2e4f4a471232173bf75795ea4d18a45b64bbe1e7/1726067148706_0.jpg
45314,9789814720175,Fluid Mechanics (SI),Frank White,McGraw-Hill,45000,25000,https://cf-cii.everytime.kr/2a11968c446f937222908600c2f515c8a2a4c1ab06d0ff4ff89392e3539e4941/1694946574070_0.jpg
45314,9788960552609,유체역학,Frank M. White,McGraw-Hill,37000,8000,https://cf-cii.everytime.kr/d526819c7be23279ad623856ef8b440d379bbd1ec207aa55f5f570040fe5d8b6/1710408508544_0.jpg
45454,9791155504017,The Write Way,성균관대학교 학부대학,성균관대학교출판부,17000,7000,https://cf-cii.everytime.kr/d109208b686704e5dd9ee34d02975e2968b55aaa5e644ca4769e53b6289db53f/1772633359504_0.jpg
45454,9791155502396,Poised to Present,성균어학원,성균관대학교출판부,15000,5000,https://cf-cii.everytime.kr/19c8e3bb35f1dc053733cdcb35c5dfcd4484dfd751c0d3693ad0d08293941d76/1613366636970_0.jpg
45454,9788979868524,Poised to Present,성균어학원,성균관대학교출판부,13000,3000,https://cf-cii.everytime.kr/33da777f59fa0dff597a98cd006cdef60dc54ada5c04f3026ba114fc81007222/1582862542935_0.jpg
45500,9788945049186,심리학개론,"스티븐 M. 코슬린, Robin S. Rosenberg, 이순묵, 도경수, 서용원, 최훈석",PEARSON EDUCATION KOREA,32000,15000,https://cf-cii.everytime.kr/2631e6c9f3258fcfa019b96330e52bd59c8d09c498f3701c718c8f0412959f3f/1567422367751_0.jpg
45537,9788957272114,현대중국사회: 역사와 사회변동,"유홍준, 김지훈",그린,16000,10000,https://cf-cii.everytime.kr/cb3c4606b84b010d6e972ae5c40ad8694b1901fb0f756e83ed5de5dfd6e4c6cc/1735021066104_0.jpg
45615,9791155502396,Poised to Present,성균어학원,성균관대학교출판부,15000,5000,https://cf-cii.everytime.kr/19c8e3bb35f1dc053733cdcb35c5dfcd4484dfd751c0d3693ad0d08293941d76/1613366636970_0.jpg
45615,9788979868524,Poised to Present,성균어학원,성균관대학교출판부,13000,3000,https://cf-cii.everytime.kr/33da777f59fa0dff597a98cd006cdef60dc54ada5c04f3026ba114fc81007222/1582862542935_0.jpg
45803,9780393673913,Psychology in Your Life,Grson Gazzaniga,W. W. Norton & Company,43000,18000,https://cf-cii.everytime.kr/c4dde6d00d2fe347736112ff1c96f503d4f17dcaf3e27bb858ff25c4a0c063bf/1772810586297_0.jpg
45803,9780393265156,Psychology in Your Life,"Grison, Heatherton, Gazzaniga",Norton,25000,5000,https://cf-cii.everytime.kr/968e4ad6ad966337458406a2cde04e9363180aa74a06f4b5ffc74aa7a67dd6c7/1648281481925_0.jpg
45803,9788968666186,마이어스의 심리학개론(11판),"David G. Myers, 네이선 드월",시그마프레스,28000,15000,https://cf-cii.everytime.kr/0c6ffbc6a7edcb64279e7c9de5a9a9c5314bfccc3ead7a0d353e4fbb2fc5229b/1609726988934_0.jpg
45803,9788945049186,심리학개론,"스티븐 M. 코슬린, Robin S. Rosenberg, 이순묵, 도경수, 서용원, 최훈석",PEARSON EDUCATION KOREA,32000,15000,https://cf-cii.everytime.kr/2631e6c9f3258fcfa019b96330e52bd59c8d09c498f3701c718c8f0412959f3f/1567422367751_0.jpg
46009,9791191489439,의약화학,의약화학 편집위원회,신일서적,75000,30000,https://cf-cii.everytime.kr/db793b80ae155683d84b19b8ff38beaffe5f5a3bbdcea19f9539305340ae3557/1709008848354_0.jpg
46059,9788925412658,정보교육을 위한 교재의 이해와 활용(3판),"김미량, 허희옥, 김민경, 이옥화, 조미헌",교육과학사,21000,15000,https://cf-cii.everytime.kr/372140cd7cb34dc346da5c2a3a3404aca94d7c42fdeb2a99f1e71fdd53d1c150/1646964556096_0.jpg
46063,9789813135239,Linear Algebra and Its Applications,David C. Lay,Pearson Education,49000,9900,https://cf-cii.everytime.kr/92d56c61d05279f42a1c91f97508bfe8d728db7ce212e9af7d3002ee3c4184be/1771138989907_0.jpg
46063,9781428824119,"for Linear Algebra with Applications by Steven J. Leon, ISBN: 9780131857858",Textbook Revie Cram101 Textbook Reviews,Academic Internet Publishers,40500,18000,https://cf-cii.everytime.kr/eaf549ee5135c2f017114bad6d2c27d6939633d6d400b27e0162c8dd783507b9/1520390412922_0.jpg
46063,9780132003063,Linear Algebra with Applications,Leon,Pearson Education Korea,10000,7000,https://cf-cii.everytime.kr/14dcc3c3625beb6befd12a92cc286c037a388b60a212cf7a9624e2f4d7109a5f/1742963710593_0.jpg
46556,9788996094067,윤성우의 열혈 자료구조,윤성우,오렌지미디어,27000,8000,https://cf-cii.everytime.kr/c66d0870adcf648f5f2a40e38a5d36e18d9ed298dc103f1847cd5854d07a04fd/1535341252972_0.jpg
46655,9780195102680,Microeconomic Theory,"Mas-Colell Andreu, Whinston Michael D, Green Jerry R",Oxford USA,110640,50000,https://cf-cii.everytime.kr/ca12a4242c99207558a11a7343c68f1b12018a0c3cbb95ce096944eebfef458f/1630322049365_0.jpg
46655,9781111525514,Microeconomic Theory,Nicholson Walter,South Western,38000,3000,https://cf-cii.everytime.kr/60ef447467944f71b82ec1492ce240764359e9a64f7840ff609b607c2ed37be7/1752998219801_0.jpg
46655,9791195103423,미시경제학,이준구,문우사,35000,5000,https://cf-cii.everytime.kr/43b1b6d9f5c97661486cd7796c072010c9e7b37903c0004b9a4927a6dd871073/1622717920672_0.jpg
46699,9781305505797,Microeconomic Theory,"Nicholson Walter, Snyder Christopher M.",South-Western Pub,38000,27000,https://cf-cii.everytime.kr/3113ac6dd95e384c7819aaf9840dc0ea09bd2235ab011009b435cbdd94d5a498/1623045331500_0.jpg
46699,9781111525514,Microeconomic Theory,Nicholson Walter,South Western,38000,3000,https://cf-cii.everytime.kr/60ef447467944f71b82ec1492ce240764359e9a64f7840ff609b607c2ed37be7/1752998219801_0.jpg
46699,9780393920772,Intermediate Microeconomics,Varian Hal R.,Norton & Company,47000,15000,https://cf-cii.everytime.kr/6246e9e2468c512b87b1f6e9ec03f13fbb61c4715dc59993677f71dd79b10881/1678849605680_0.jpg
46699,9788918101286,미시경제학,이준구,법문사,34000,10000,https://cf-cii.everytime.kr/e8f76caf2914a28c3c3e9ea46006e5b40d8f9a0d4f5e2b5918cf907e10d9c876/1734532498982_0.jpg
46699,9791195103423,미시경제학,이준구,문우사,35000,5000,https://cf-cii.everytime.kr/43b1b6d9f5c97661486cd7796c072010c9e7b37903c0004b9a4927a6dd871073/1622717920672_0.jpg
46699,9780071238236,Fundamental Methods of Mathematical Economics,알파 치앙,McGraw-Hill,41000,5000,https://cf-cii.everytime.kr/fd9f65b78f5d7a0cb42ec0ef653c0f1d680e5cec81f8ceccb264f50c943b4e2f/1576891428571_0.jpg
46719,9791155501184,한문의 세계,이명학,성균관대학교출판부,15000,10000,https://cf-cii.everytime.kr/f26e456ae863d9852126c15eeaadacce440cb4f8cd58cbcf68b774e2b9615b8e/1567918318465_0.jpg
46727,9791155504628,학술적 글쓰기,"원만희, 박정하, 김종규, 이기백, 김치헌, 김상현",성균관대학교출판부,25000,15000,https://cf-cii.everytime.kr/8e515a7a7bbce838fee84334aa7a46b476fd36a15c7ee49940e75ba71e8fe3d0/1640670223069_0.jpg
46727,9788979867176,학술적 글쓰기(글쓰기와 커뮤니케이션 02),"손동현, 원만희, 박정하, 배식한, 박상태",성균관대학교출판부,13000,5000,https://cf-cii.everytime.kr/c7915e544d46db8d23577ea0eb34017b6d93e61b66f01973e26a2dcd9813a792/1535900449150_0.jpg
46727,9788979869484,SWP 연습,"원만희, 박정하, 박상태, 한기호, 김상현",성균관대학교출판부,10000,4000,https://cf-cii.everytime.kr/3ecf4da150ee9e0d965c6111d5b33f339ddfe387b57f1498e687d0d1a8426f5b/1552148427052_0.jpg
46727,9788979869453,학술적 글쓰기,"원만희, 박정하, 박상태, 한기호, 김상현",성균관대학교출판부,13000,7000,https://cf-cii.everytime.kr/c820f703f40ae0ea4fcd3c2a321b0692bae458946a2ca2952c5f5c7c2c18f14f/1566396590499_0.jpg
46727,9791155500606,비판적 사고 학술적 글쓰기,"원만희, 박정하, 박상태, 한기호, 김상현, 이창후",성균관대학교출판부,20000,3000,https://cf-cii.everytime.kr/90f36604407c7c52b7a6ac7a168b6aa4bf1cb7cb46773bf2c98ff44c8a570aa7/1693236428999_0.jpg
46794,9791155504628,학술적 글쓰기,"원만희, 박정하, 김종규, 이기백, 김치헌, 김상현",성균관대학교출판부,25000,15000,https://cf-cii.everytime.kr/8e515a7a7bbce838fee84334aa7a46b476fd36a15c7ee49940e75ba71e8fe3d0/1640670223069_0.jpg
46794,9791155501740,창의적 사고 소통의 글쓰기,"김경훤, 김미란, 김성수",성균관대학교출판부,20000,9000,https://cf-cii.everytime.kr/28f6c3d044998d041e445edfc001d20423e9efe20bc7c6cad9e660ad7eb897c7/1778505543192_0.jpg
46794,9791155500606,비판적 사고 학술적 글쓰기,"원만희, 박정하, 박상태, 한기호, 김상현, 이창후",성균관대학교출판부,20000,3000,https://cf-cii.everytime.kr/90f36604407c7c52b7a6ac7a168b6aa4bf1cb7cb46773bf2c98ff44c8a570aa7/1693236428999_0.jpg
483775,9781259922046,"Financial Institutions Management: A Risk Management Approach,","Anthony Saunders, Marcia Millon Cornett",McGraw Hill Education,44000,14000,https://cf-cii.everytime.kr/4110a1aef54e5add03d5b9ac900d2e8abe03f2f7efce542051dbd0f2a40cedd1/1677151054294_0.jpg
483775,9789814577434,Financial Markets and Institutions,Anthony Saunders,McGraw Hill,42000,12000,https://cf-cii.everytime.kr/ac4516b4df7a8722b7ec53536c8a9b9ff207b14972525c6e84704105f69f375c/1614645755991_0.jpg
483775,9780071289559,Financial Institutions Management,Saunders,McGraw-Hill,42000,18000,https://cf-cii.everytime.kr/ff5033ae16ba639127c291689694c36db739ab420c7ea3ff6dda0c87138bba3b/1622863553917_0.jpg
483775,9781259010859,Financial Institutions Management: A Risk Management Approac,편집부,McGraw-Hill,43000,15000,https://cf-cii.everytime.kr/c6453c0206041ea031ba5f896fef0ce2a3c41b5ccb39b653f71d69d904e1140a/1520423456393_0.jpg
483775,9789814595049,"Fundamentals of Corporate Finance, Aisan Global 2 Edition","스테판 A. 로스, Randolph W. Westerfield, Bradford D. Jordan, Joseph Lim, Ruth Tan",McGraw-Hill,44000,10000,https://cf-cii.everytime.kr/b09f69f9c5a6749994992ebc028644bbb39c58cc3fdaf2f2eb55adbc2bb6f06c/1641194225603_0.jpg
483784,9781119923459,Management Information Systems,"R. Kelly Rainer, Brad Prince, Hugh J. Watson",Wiley,45000,15000,https://cf-cii.everytime.kr/2276f77c57384a78edb5fc2837245b8e2c95d1bcbc89821a78547969d3393d66/1633660294517_0.jpg
483842,9781071614174,An Introduction to Statistical Learning,"James Gareth, Witten Daniela, 트레버 해스티",Springer,109000,10000,https://cf-cii.everytime.kr/10c077e0e2e4e78006d63f814353c3e1ac92ade4d282e3a03f872baf87f1bfb2/1645514524707_0.jpg
483842,9791188621422,심층 학습,"이안 굿펠로, 요슈아 벤지오, 에런 쿠빌",제이펍,42000,25000,https://cf-cii.everytime.kr/82e42d5d011da07e7c7b74d35a39ee0959ec4c6c91427bff0d6e55acafb435f6/1548985676728_0.jpg
483842,9791188621255,패턴 인식과 머신 러닝,크리스토퍼 비숍,제이펍,46000,30000,https://cf-cii.everytime.kr/355270d766dba95e72daaafaac3b58b46a0cfc2d326fff4727a2e4f6c9e6bf59/1547215101494_0.jpg
484283,9781118011522,Investment Valuation,Damodaran Aswath,Wiley,58000,25000,https://cf-cii.everytime.kr/c8550839e8b44ad27e811fb01d2ddc34679e255675c8936e8ba83d1c8434686e/1516426946445_0.jpg
484283,9789814595049,"Fundamentals of Corporate Finance, Aisan Global 2 Edition","스테판 A. 로스, Randolph W. Westerfield, Bradford D. Jordan, Joseph Lim, Ruth Tan",McGraw-Hill,44000,15000,https://cf-cii.everytime.kr/6069b77854b4c4c7335c7316bc0329275c159713221efd473b2f7b304c4f7a9e/1533466149146_0.jpg
484384,9789813350274,국제경제학: 이론과 정책,"폴 크루그먼, Maurice Obstfeld, Marc J. Melitz",한빛아카데미,45000,15000,https://cf-cii.everytime.kr/b8769773789c2c0e8ce48b72bd481388cb38674dd5d317ce5be0cf15d50f09d4/1770271668035_0.jpg
484384,9788966134953,무역영어 1급 기본이론+문제(2019)(와우패스)(개정판),백소라,와우패스,30000,10000,https://cf-cii.everytime.kr/47987513e89bd785c257704ecec53a5e52531ca2633cc1e23dc6356688e7facf/1566114117438_0.jpg
484384,9781259252846,International Economics,Thomas A Pugel,McGraw Hill,40000,10000,https://cf-cii.everytime.kr/eeb87125c3a650e71d017b4823e13e384fda2073be9ad6f4051f15077bd57a3e/1548519448012_0.jpg
484384,9781292214870,International Economics,Krugman,Pearson / Prentice Hall,46000,15000,https://cf-cii.everytime.kr/df1c92d2eba6dd9bc02dd1a607c3c7353155572a37b92f45adcc32050977ebae/1630383991041_0.jpg
484384,9780273754091,International Economics : Theory and Policy,폴 크루그먼,Pearson Education Asia,35000,10000,https://cf-cii.everytime.kr/9f7f7094da07efaa165a10e6fc9fdf41f0057c7dcec5bf8a8a6f58d23fbfbbb9/1611991605090_0.jpg
484384,9788971104088,국제경제론(7판)(양장본 HardCover),"김인준, 이영섭",다산출판사,36000,15000,https://cf-cii.everytime.kr/f0ac4bd980628b8ce6d1a2f2b4ffa9cc785f25d2afb78e6ffbd1eee1175c27b0/1605016347052_0.jpg
484384,9780273765738,The Economics of Money Banking and Financial Markets (Paperback),Mishkin,Pearson Educacion,30000,11000,https://cf-cii.everytime.kr/da4797b9e6a1d1f12529df1926ed5d3ff45d42b426f7b10c4a0c9d0e0b13077b/1620889005911_0.jpg
484384,9788968665561,국제경제학,"폴 크루그먼, Maurice Obstfeld, Marc J. Melitz",시그마프레스,39000,13000,https://cf-cii.everytime.kr/be50344825c8726cd349dedf79cc89853419989ff6c6fe45e4d994255edff714/1686495404147_0.jpg
484384,9781292019550,International Economics theory and policy(GE),krugman,Pearson Higher Education,35000,9000,https://cf-cii.everytime.kr/e0f3b98ed598a8e7d4e0bf61f27177e75241c7e69039f8ca9c3af0c5ea8f7556/1725198003876_0.jpg
484752,9788993543827,열전달,"프랭크 P. 인크로페라, David P. DeWitt, Thedore L. Bergman, Adrienne S. Lavine",텍스트북스,45000,15000,https://cf-cii.everytime.kr/64b3524d2fef5d4e53fe562984f7b22e35b8c1f4f55a4cc4ab921b259ceee03c/1761612001737_0.jpg
484752,9781119382911,Incropera's Principles of Heat and Mass Transfer,"프랭크 P. 인크로페라, David P. DeWitt, Theodore L. Bergman, Adrienne S. Lavine",Wiley,45000,20000,https://cf-cii.everytime.kr/4f8006715f8832887603c11c11d03644394bcdc14b2f2be94d2f01999e741ea5/1692852741328_0.jpg
484752,9780471111764,An Introduction to Mass and Heat Transfer,Middleman Stanley,John Wiley & Sons Inc,65000,5000,https://cf-cii.everytime.kr/a7832c4038cb153f8e91a338779054b87ba763f5d5a9624f54bf9b955c2cefe7/1568283935898_0.jpg
484752,9780470646151,Principles of Heat and Mass Transfer,Incropera,Wiley,43000,15000,https://cf-cii.everytime.kr/971c130a1f49720349aa94b6da029426d32b2bf5d8d39adf044a44f55604b01c/1544448408813_0.jpg
485115,9789813137530,Fluid Mechanics for Chemical Engineers,Wilkes Mott,Pearson,49000,30000,https://cf-cii.everytime.kr/e52a47eef6926f5362d61fd0c81e397891f3c2ee132dbcc71e0322666c936f0e/1741710322957_0.jpg
485115,9780134712826,Fluid Mechanics for Chemical Engineers,Prentice Hall,Prentice Hall,49000,30000,https://cf-cii.everytime.kr/15bcb6d3b3e5e50ed99270427567998db73543d6f46d90b8e7cdcf188467ac32/1709693329098_0.jpg
485115,9791188731152,화학공학 유체역학,James O Wilkes,사이플러스,38000,9500,https://cf-cii.everytime.kr/ff165dc2957dc367559f4c2de4a9e0863e2921c7aba0fb501e3f0b631e62288d/1694540526211_0.jpg
485115,9788993543674,유체역학,"Robert W. Fox, Alan T. McDonald, Philip J Pritchard, John W. Mitchell",텍스트북스,37000,15000,https://cf-cii.everytime.kr/ea6c8d0f1b021769b405e0a82bb166e96d029a5f25c6a4658167dea7e3c4d3dc/1599703101076_0.jpg
485115,9788989215325,화학공학유체역학,James O Wilkes,한산,35000,3000,https://cf-cii.everytime.kr/6004cc56b3301a7942ae28a5e51ebdd2f1c7e12de780459c6d9bf7d199b51959/1662032440682_0.jpg
487531,9791130348674,행정법,김민호,박영사,55000,20000,https://cf-cii.everytime.kr/57a6aeacbbfcd37087b8ec685f2c2e33ac9f1570d2caa4b3f8346a749e335fa9/1772638022015_0.jpg
487531,9791130334943,행정법,김민호,박영사,49000,15000,https://cf-cii.everytime.kr/b0bf3e460a2cf459bba8d3db9943fad7a0e10a76407de86e4968f3c09cdc9867/1693713187703_0.jpg
487531,9791186456767,행정법의 이해,강현호,동방문화사,45000,10000,https://cf-cii.everytime.kr/a1c011324fccd89418eb9959348349cdd1f92d9b3aa5e827c774355e64503b05/1710482983656_0.jpg
487531,9788997451036,국가경영행정법(상)(양장본 HardCover),강현호,디비북스,42000,10000,https://cf-cii.everytime.kr/ed92931e0960558a0f1c7e56496a6c4e162cd0ef8bb08ec345c6c050840b4b82/1564220123836_0.jpg
488935,9791156007937,운영체제,"Remzi H. Arpaci Dusseau, Andrea C. Arpaci Dusseau",도서출판 홍릉(홍릉과학출판사),39000,10000,https://cf-cii.everytime.kr/054897394b59fa5bac48bf90e9a915944359f92d324ca78bf03b89a614b9c190/1709215698615_0.jpg
488935,9781118093757,Operating System Concepts,"Abraham Silberschatz, PETER BAER GALVIN, GREG GAGNE",Wiley,43000,25000,https://cf-cii.everytime.kr/9e49aaa4070c8f305429a15343378636d5d65881f19b4e16355936b74bfe5bcc/1598853987636_0.jpg
488949,9791190017015,마이크로파 공학,David M. Pozar,한티에듀,37000,25000,https://cf-cii.everytime.kr/90779c1c0974749882c2635a81ebef9d95024bac983414a55c80f0ec6b5f041e/1692413378886_0.jpg
488949,9788971291795,마이크로파공학(개정3판)(개정판 3판),DAVID M POZAR,범한서적,30000,20000,https://cf-cii.everytime.kr/5197646db66c4bdb8c25c6b46448528b41e2b1bfb4f147f8b1912d652a27839e/1584513105856_0.jpg
488969,9788964214374,마이크로전자회로,"Adel S. Sedra, Kenneth C. Smith, Tony Chan Carusone, Vincent Caudet",한티에듀,45000,10000,https://cf-cii.everytime.kr/5756cb514a97382d2bf791a7a59ce900a6bd3441bbbd0035786662a5f60002ec/1709529604187_0.jpg
488969,9788964212707,마이크로전자회로,"Adel S. Sedra, Kenneth C. Smith",한티미디어,43000,19000,https://cf-cii.everytime.kr/520d8be3cb538b8963ab5fd9d463c224ceff42e25d9ea6503ff202c0c060040a/1663784448526_0.jpg
488969,9780199738519,Microelectronic Circuits,"Adel S. Sedra, Kenneth C. Smith",Oxford USA,47000,10000,https://cf-cii.everytime.kr/164a175c57cdccdb2bed8e5cfae17aea58547652d00fe386ec9420ac80a59aa6/1676013786244_0.jpg
488969,9788964210819,마이크로전자회로(6판)(CD1장포함),"Sedra, Smith",한티미디어,42000,30000,https://cf-cii.everytime.kr/b931178251edc133242d42d268e4f52b54dcf182c851467f92ab004814e9abe8/1520813077395_0.jpg
489006,9781259253201,Cmos Digital Integrated Circuits,Sung-Mo Kang,McGraw-Hill,39000,10000,https://cf-cii.everytime.kr/b46bfa7ee7649975b91d96ad3909c948aed08fd9c3b242f10b1395c718e6269c/1608789832802_0.jpg
490405,9791155506240,Absolutely Write(Revised Edition),성균관대학교 학부대학,성균관대학교출판부,15000,5000,https://cf-cii.everytime.kr/9004f7129aa2b4cb64f2a484c7fc28c4bcb0c0ba9e2602291f810840e018e461/1775524785004_0.jpg
490405,9791155504024,Absolutely Write,성균관대학교 학부대학,성균관대학교출판부,15000,3000,https://cf-cii.everytime.kr/5a821c35482360b23a91d12b670d867e3a882d7a5404e6200abcef35f1e83bf6/1693802339695_0.jpg
490405,9791155504017,The Write Way,성균관대학교 학부대학,성균관대학교출판부,17000,7000,https://cf-cii.everytime.kr/d109208b686704e5dd9ee34d02975e2968b55aaa5e644ca4769e53b6289db53f/1772633359504_0.jpg
490405,9791155502129,Write On,성균어학원,성균관대학교출판부,15000,1,https://cf-cii.everytime.kr/af1fc89b4d64e7ff898d9c346d1aee9bea1b7f5a14a6df8cf10b4fbded608cd2/1583933773067_0.jpg
490405,9788979869033,Write On,편집부,성균관대학교출판부,13000,4000,https://cf-cii.everytime.kr/2e559c4c80032337e504072e2dc98d6d225af4fa2208fe6c287e4ec358b157ab1488430106374/0.jpg
490996,9788962184105,Calculus :early transcendentls (stewart성균관대),stewart,경문사(박문규),49000,12000,https://cf-cii.everytime.kr/35c33e510545d2da21b8e4218e3a2fef183056d1a33a30a148613c39fa5c9339/1691558917159_0.jpg
490996,9781305272378,Calculus: Early Transcendentals,제임스 스튜어트,Cengage Learning,47000,20000,https://cf-cii.everytime.kr/1a23a510f2469f3737a7e48e201488559fac8950ce75a713ec0283fba34663e4/1649960880119_0.jpg
490996,9781305266728,Calculus International Metric Version,없음,없음,169970,5000,https://cf-cii.everytime.kr/aa76b5f2179678669cb2be02b3d8ff3e1b9fb55085d843d0d34900037c9e0359/1596543746532_0.jpg
490996,9780495560654,Calculus : Concepts and Contexts,James Stewart,Brooks Cole,41000,5000,https://cf-cii.everytime.kr/91daf2bb66651d604a39c5ed0a152b4ffd1aab51fa0a5a8271ad00d477284f9f/1598281574696_0.jpg
490997,9788962184105,Calculus :early transcendentls (stewart성균관대),stewart,경문사(박문규),49000,12000,https://cf-cii.everytime.kr/35c33e510545d2da21b8e4218e3a2fef183056d1a33a30a148613c39fa5c9339/1691558917159_0.jpg
491020,9781292229478,"Campbell Biology: Concepts & Connections, Global Edition",없음,없음,164400,25000,https://cf-cii.everytime.kr/cd49c4d152aff9cb3cf2d246fa0e3dd7fcebd6269adb2d67cfa6e2d3c491d48d/1599404807628_0.jpg
491020,9788961542814,생명과학(개념과 현상의 이해),"Taylor, simon, dicky, hogan, reexe",라이프사이언스,35000,15000,https://cf-cii.everytime.kr/8409b768031d951a0e382380990d815b7b0a3417118f49b0c27683e786bc25ec/1714785880292_0.jpg
491020,9780321761583,Campbell Biology: Concepts and connections,Jane B. Reece,Pearson Education Asia,47000,10000,https://cf-cii.everytime.kr/9060093f81f6f0de7ac1fa2ee398045d80859765110e8e277f4c56c9b00ba4aa/1578558876603_0.jpg
491048,9781265577568,Chemistry,제이슨 오버비,McGraw-Hill,65000,10000,https://cf-cii.everytime.kr/8342aeb40507f250d9e794ea5d0696e595e31e7527a9d211188c2c46137954cc/1772507978238_0.jpg
491048,9781260085310,Chemistry,"Raymond Chang, 제이슨 오버비",McGraw Hill Education,55000,9000,https://cf-cii.everytime.kr/5e0f62aa072ef25eac834fb3f399e172d1b643412dce54e90b9524905f104bf1/1755260771650_0.jpg
491048,9788962184327,줌달의 일반화학(9판),스티븐 S. 줌달,사이플러스,53000,6000,https://cf-cii.everytime.kr/c624e8a339607ee34487b1c4b1e295bd3e5edf373412992e30eeba9dc49703f3/1654788928463_0.jpg
491048,9788992603737,일반화학,스티븐 S. 줌달,사이플러스,53000,5000,https://cf-cii.everytime.kr/5c0d8f7f4592d7d245b6a6c3c75aca031b653679a5811facdb23306663db8bf2/1545455169680_0.jpg
491498,9791163286165,사회과교육론,모경환,동문사,26000,15000,https://cf-cii.everytime.kr/1cbdbe47c5b558b053918b358ea0c7f656d88b56443eab310be9a83460e67c98/1771394238039_0.jpg
491498,9791163282747,사회과교육,"모경환, 차경수",동문사,25000,12000,https://cf-cii.everytime.kr/26e85ebfbd97ecfdb2b1fc16ecc198675c1003b360390693951de4b5e0651490/1742443391756_0.jpg
491498,9788925412276,사회과교육의 이해,박상준,교육과학사,19000,9000,https://cf-cii.everytime.kr/b872f849a09a859109cabccaabcadb018638852f8498c61b248fe7658b0bec9a/1674482228240_0.jpg
50804,9781133943587,Society Ethics and Technology 5/E: International Edition (Paperback),Winston,Wadsworth,29000,10000,https://cf-cii.everytime.kr/c6f77fd447fc05bb67a8ac130f21739a0b4fd760708ac5fd7b230a5d81b84a44/1597622331464_0.jpg
77401,9791160079524,법은 얼마나 정의로운가,폴커 키츠,한스미디어,18000,15000,https://cf-cii.everytime.kr/a39e02082d02475aba569387f05469a43122cf57937413231541ac585dabfda8/1709700534958_0.jpg
77401,9788963249933,학술적 글쓰기,전대석,북코리아,25000,12000,https://cf-cii.everytime.kr/500f19715c9f68b812795cd0759994164611919742d59c2383a128ccc7fd0e6a/1774170391199_0.jpg
77401,9788963248219,대학 글쓰기,전대석,북코리아,20000,10000,https://cf-cii.everytime.kr/6b3cdee90687d239ef1cb91f05e4def39b6b63d1631fc315ec2f39f3fe198148/1675356853405_0.jpg
77401,9791164136452,공정하다는 착각,마이클 샌델,와이즈베리,18000,10000,https://cf-cii.everytime.kr/ccd87d67592f0100e6c39297fee0645308417748890244f760e1e55c3615a5b2/1770312583305_0.jpg
77401,9791155504628,학술적 글쓰기,"원만희, 박정하, 김종규, 이기백, 김치헌, 김상현",성균관대학교출판부,25000,5000,https://cf-cii.everytime.kr/67b8211a19cf76cee0873d3fdd6ffd6922373e7f4928189dedf5aa0fc4029a99/1641133751536_0.jpg
77401,9788963247144,비판적 사고에 근거한 대학 글쓰기,전대석,북코리아,17000,5000,https://cf-cii.everytime.kr/fc2d828fb873a9672dc962fce9ad4aa2319c98ecf7ba71b931d1821a963bf985/1645005295410_0.jpg
77401,9788984075504,로봇의 부상,마틴 포드,세종서적,20000,13000,https://cf-cii.everytime.kr/9f572d17a1f1081e8d9ae82a66c5c0bea16ec451758f090e02b47a91fda9f3fc/1609662228678_0.jpg
77401,9791160070903,법은 얼마나 정의로운가,폴커 키츠,한스미디어,14800,9000,https://cf-cii.everytime.kr/5126c119934c4948d89bf46071bddeacbab8a963b4e530d9fba4e2104865133f/1693404709176_0.jpg
77401,9788935208647,생각하지 않는 사람들,니콜라스 카,청림출판,15000,9000,https://cf-cii.everytime.kr/7e3af94ad824fd021b42b877d6bdf64c087caf1f9e2e0031f18671f344d6bc0b/1584221211506_0.jpg
77401,9788963275314,프랑켄슈타인의 글쓰기,김성수,글누림,14000,4000,https://cf-cii.everytime.kr/2a98796bdcdfb97d711838e85e0dc4afb2e69253702372b295a75bc247ff31da/1756719958426_0.jpg
77401,9788971998557,역사의 역사,유시민,돌베개,16000,10000,https://cf-cii.everytime.kr/e73dd529879da5c67525bf01759da2537198bdc8b21428f134264a08aecb3f46/1584468730851_0.jpg
77401,9788963245195,의료윤리와 비판적 글쓰기,전대석,북코리아,29000,15000,https://cf-cii.everytime.kr/7e1f68ff75722974c1d5efa21454a79a79bb8ecb69dac2b31d7479aaeaaa7be1/1679727921246_0.jpg
77401,9788950948436,빅 데이터가 만드는 세상,"빅토르 마이어 쇤버거, 케네스 쿠키어",21세기북스,23000,10000,https://cf-cii.everytime.kr/6d74685321cc78087eb8512ff53023dac4371d98bbed63f5c64eef912ca5cea8/1508669543630_0.jpg
77401,9788970137834,시민혁명(비타 악티바 21),박윤덕,책세상,8500,5000,https://cf-cii.everytime.kr/e7e65dc860af519d5955785e2cbee03986a0d6e462298578e67b6fcc36651894/1597657528377_0.jpg
77401,9788952766984,국가는 왜 실패하는가,"대런 애쓰모글루, 제임스 A. 로빈슨",시공사,28000,14000,https://cf-cii.everytime.kr/590accf375a22d9907632b2ad257f18d2cd38c4c6421a61841d1e4efef293d28/1770005189818_0.jpg
77401,9788927803904,행복의 경제학,헬레나 노르베리 호지,중앙북스,15000,7000,https://cf-cii.everytime.kr/b2f25305a319f1ac63bf7245dfcb0d554d0cc886d5667f74b44f3d8a0da75ea6/1679727446736_0.jpg
77401,9788958200710,세상을 바꾼 법정,"마이클 리프, 미첼 콜드웰",궁리,25000,5000,https://cf-cii.everytime.kr/9fd6cfee4d7f5edb58d863f80765d7e2e49e830bfeb1906bc818615de29242a3/1693231908113_0.jpg
77401,9788979869484,SWP 연습,"원만희, 박정하, 박상태, 한기호, 김상현",성균관대학교출판부,10000,5000,https://cf-cii.everytime.kr/8a7e1e8bfb6fd7cb5217931f5e2f7d279c8274fe93461e2a273918ee2c0c1fdc1488522171635/0.jpg
77401,9788986698299,엔트로피,제레미 리프킨,세종연구원,16000,10000,https://cf-cii.everytime.kr/3fa7d71403000b2d9fb9ddcdacc87097ed0a9679374f7e69c250a0a8c5d91d8d/1520427326462_0.jpg
77401,9788937484667,3차 산업혁명,제레미 리프킨,민음사,20000,5000,https://cf-cii.everytime.kr/db7e2399a830013ec895dc01700a62bc85b7340be486483440442750411d1e26/1519964522778_0.jpg
77401,9788937834790,정의란 무엇인가,마이클 샌델,와이즈베리,18000,5000,https://cf-cii.everytime.kr/8f796bd2c484baf56703bd0d47b25c1b1f7ce6d63bd106a2b2c178bf160d5cc6/1601658602690_0.jpg
77401,9791155500606,비판적 사고 학술적 글쓰기,"원만희, 박정하, 박상태, 한기호, 김상현, 이창후",성균관대학교출판부,20000,2000,https://cf-cii.everytime.kr/9808139608c6de7f529264db8a20d1ac3ce31863741cebbeda1c5097a1be2c65/1648534015593_0.jpg
77401,9788972915812,역사란 무엇인가,에드워드 카,까치,12000,5000,https://cf-cii.everytime.kr/dde94cee931fa6c2b7cd6c799f1cf0b1ce12e1e14c3ff8e89f5389458616d767/1581605613822_0.jpg
77445,9791187486169,유기화학,Janice Gorzynski Smith,카오스북,50000,8000,https://cf-cii.everytime.kr/c5a9d8e6555cf15df195caf9482226233c59098eb55d9eab4bb501572842dc11/1687679025150_0.jpg
77445,9788962184297,유기화학,John E. McMurry,사이플러스,58000,5000,https://cf-cii.everytime.kr/360a8bc8a03b518326ac77e857a51a5ac7981ff6c57532f8ae6bd6f00bfdf343/1773124524313_0.jpg
77445,9789814581882,Organic Chemistry,Janice Gorzynski Smith,McGraw-Hill,52000,10000,https://cf-cii.everytime.kr/4059514802c93390dcbddf9b678a3b1f88b4189256f7c0c0ae7a31afda76606f/1634206093555_0.jpg
77445,9788998338732,유기화학,Janice Gorzynski Smith,카오스북,50000,25000,https://cf-cii.everytime.kr/02ffcd23f9f8c486212423fc6b28faca17cd119b65d9a2b3a0c9428059580ec1/1634206245780_0.jpg
77445,9788992603546,맥머리의 유기화학,John E McMurry,사이플러스,52000,25000,https://cf-cii.everytime.kr/3c54065bb4afcb71edb947e2e5978dde0257995f59975459b0dbfe9a638f13ca/1661602696711_0.jpg
77445,9781111426248,Organic Chemistry,"David J. Hart, Leslie Craine, Harold Hart",BROOKS/COLE,45000,12000,https://cf-cii.everytime.kr/9f1bb1dc5f0a02e0b36893d4daa65eeac400219ef8d6ae4a63fdd45bb66349ca/1545826537851_0.jpg
77446,9788962184297,유기화학,John E. McMurry,사이플러스,58000,5000,https://cf-cii.everytime.kr/360a8bc8a03b518326ac77e857a51a5ac7981ff6c57532f8ae6bd6f00bfdf343/1773124524313_0.jpg
77448,9791132102267,Concepts of Modern Physics,Beiser,McGraw-Hill,43000,15000,https://cf-cii.everytime.kr/e5e836dd7d46c6ab47f5282d8457ad4655ade25d777da8929879f04ca13e3385/1732025970232_0.jpg
77448,9791132102250,현대물리학,"Beiser, Kok Wai Cheah",맥그로힐에듀케이션코리아,36000,28000,https://cf-cii.everytime.kr/bc9c344e4fea78569b39f666b7364267bc3710e0f97d45196dd01d727990d92d/1639377049899_0.jpg
77448,9789814595261,Concepts of Modern Physics (Asia Adaptation),Beiser,McGraw-Hill,42000,20000,https://cf-cii.everytime.kr/66b0e124cdfe2d35fc2d8400c4fa2f956b0e7fc5763372b22fb0c043baf387c0/1567273245471_0.jpg
77448,9791132100737,현대물리학,"Beiser, Kok Wai Cheah",McGraw-Hill,36000,20000,https://cf-cii.everytime.kr/57f50cced36aa39e255302cadfc748a22b11ee420283c5df4fc24f6cca6ca5c7/1756377061571_0.jpg
77448,9788960552432,반도체 물성과 소자,Donald A Neamen,McGraw-Hill,35000,22000,https://cf-cii.everytime.kr/b5860feb15440d407cd040a630cc99c2273c6705a3d7d7b9519c5f0c961fafb7/1775524510956_0.jpg
77452,9788964212707,마이크로전자회로,"Adel S. Sedra, Kenneth C. Smith",한티미디어,43000,19000,https://cf-cii.everytime.kr/520d8be3cb538b8963ab5fd9d463c224ceff42e25d9ea6503ff202c0c060040a/1663784448526_0.jpg
77452,9788964210819,마이크로전자회로(6판)(CD1장포함),"Sedra, Smith",한티미디어,42000,30000,https://cf-cii.everytime.kr/b931178251edc133242d42d268e4f52b54dcf182c851467f92ab004814e9abe8/1520813077395_0.jpg
77565,9791185994710,경제학원론 연습문제와 해답,"이준구, 이창용",문우사,13000,6000,https://cf-cii.everytime.kr/53df98f4b677462c64a8104ca42aa35e3119d1af291b2907f30e2533bf6735df/1630498630127_0.jpg
77565,9791185994703,경제학원론,"이준구, 이창용",문우사,39000,10000,https://cf-cii.everytime.kr/7bdc3617d57d8b4a3e4bbe3bf88be2fe6140dcf148f00469e12e25fe2922eb7e/1760251776564_0.jpg
77565,9791185994611,미시경제학:수학노트와 연습문제 해답,이준구,문우사,12000,3000,https://cf-cii.everytime.kr/bd15d31b27ca51e6857267f32f6760160a51ad07ae0256122c2b1296747d1ef0/1725197932238_0.jpg
77565,9791185994598,미시경제학,이준구,문우사,37000,13000,https://cf-cii.everytime.kr/59e2eb046d14736d9f49fbeee5150580a2ecb8cfef4c59429eb61b854269ab91/1706184627385_0.jpg
77565,9788918103389,경제학원론(연습문제와 해답)(4판),이준구,법문사,12000,3000,https://cf-cii.everytime.kr/dea1d1e99538f7af7516c8f3c9d030224f1605a54e2b15203bb72b4f69fcebba/1522000828721_0.jpg
77565,9791185994055,경제학원론:연습문제와 해답(5판),"이준구, 이창용",문우사,13000,5000,https://cf-cii.everytime.kr/e1e04b4514acbe20fab68229580b554b61d7145a471eb5d07ed84ee2a78efeb6/1656517196618_0.jpg
77565,9791195103423,미시경제학,이준구,문우사,35000,5000,https://cf-cii.everytime.kr/43b1b6d9f5c97661486cd7796c072010c9e7b37903c0004b9a4927a6dd871073/1622717920672_0.jpg
77565,9791195103416,경제학원론,"이준구, 이창용",문우사,25000,12000,https://cf-cii.everytime.kr/a3969e62122f4a427d480f035be7823b9d55a26576eb936438642e066f501577/1536036989009_0.jpg
77565,9791195103430,미시경제학: 수학노트와 연습문제 해답(6판),이준구,문우사,12000,5000,https://cf-cii.everytime.kr/5b400cca9a75771bb4bb937d60a8efff1a0faaacc305d391f3cc190658780d6e/1605236980133_0.jpg
77565,9791185994048,경제학원론(5판)(양장본 HardCover),"이준구, 이창용",문우사,35000,5000,https://cf-cii.everytime.kr/0075c9947cb08711e91bcf273c80cc2399561066c78a12d81290115253c187d0/1670328115199_0.jpg
77571,9788962185782,맨큐의 경제학 연습문제풀이,그레고리 맨큐,경문사(박문규),18000,14000,https://cf-cii.everytime.kr/e0da1ac7e3bd471607bc96d2e6e2caf7d7ad95e7e8207c0a0a22535d4ac02502/1774330740433_0.jpg
77571,9788962185133,맨큐의 경제학 연습문제풀이,그레고리 맨큐,한티에듀,16000,7000,https://cf-cii.everytime.kr/11582dfde8f9e254d0fd969386195a67f15a66a2acb3e304488759cee44195b3/1771678389040_0.jpg
77571,9788962185027,맨큐의 경제학,그레고리 맨큐,한티에듀,45000,8000,https://cf-cii.everytime.kr/114906d54719566be1b3f560431a4bd19c315143e7911b53f255a43c419fea93/1770271199433_0.jpg
77571,9788962184204,맨큐의 경제학 연습문제풀이,그레고리 맨큐,센게이지러닝코리아,13000,3000,https://cf-cii.everytime.kr/5b5a82079f2df587f0ef294f7f3c666b63a7e46d3de818c1aff7ef1676aa44b0/1726837135712_0.jpg
77571,9788962184181,맨큐의 경제학,그레고리 맨큐,한티에듀,42000,7000,https://cf-cii.everytime.kr/1176cdad286167a24e9a01bb13c3990488e3770f457370f58aa2efb3bdf8f5e6/1739042053023_0.jpg
77571,9788968667466,경제학원론,"대런 애쓰모글루, Laibson David, 존 리스트",시그마프레스,36000,10000,https://cf-cii.everytime.kr/17fa2a28458171bbaf1fe98dd9738ba570b56e9a3c0d900668b054ffbe18fa0c/1697997007213_0.jpg
77571,9788962183696,맨큐의 경제학 연습문제풀이,그레고리 맨큐,한티미디어,12000,5000,https://cf-cii.everytime.kr/209aa5cdfd80b5a1475b56e7d3206df09afc9d6feffe3f044d3255b1830c3570/1608780617205_0.jpg
77571,9788993995015,맨큐의 경제학(5판),Mankiw,Cengage Learning,35000,10000,https://cf-cii.everytime.kr/1f68befa6784cd2a9d8e29802f0725a6df88be4afe93415750b24438847a41b5/1536297004270_0.jpg
77571,9788962181647,맨큐의 경제학 연습문제 풀이집(6판),그레고리 맨큐,Cengage Learning,8700,3000,https://cf-cii.everytime.kr/ef6ad2a7cffb20d6f50406a302cd379c33d8c14c993eb5cad4e1897232919034/1563163733699_0.jpg
77571,9788962181623,맨큐의 경제학,그레고리 맨큐,Cengage Learning,34000,5000,https://cf-cii.everytime.kr/e00b27ffff5b971ba5001aa5d194b8f8a78fbddcba40c33e1cc01fe8b192fbc7/1563163574555_0.jpg
77571,9788962183672,맨큐의 경제학,그레고리 맨큐,Cengage Learning,39000,4000,https://cf-cii.everytime.kr/14481e2024492add4a3e1f6e4736c35ff34bd2234ec79f07ef68b9eaf019c740/1696596780186_0.jpg
77582,9788955018776,IFRS 회계원리 해답,"최관, 백원선, 최영수",신영사,14000,8000,https://cf-cii.everytime.kr/11370475cc5a04da522a913e043b8e01ad3b42d60c145be37718e0805d4a86ea/1767241244964_0.jpg
77582,9788955018752,IFRS 회계원리,"최관, 백원선, 최영수",신영사,43000,30000,https://cf-cii.everytime.kr/e927aefc90a8c1a62fe9659c7da104e1dd23283238f89330acc0d04293ab2857/1767241086975_0.jpg
77582,9788955018196,IFRS 회계원리 해답,"최관, 백원선, 최영수",신영사,13000,3000,https://cf-cii.everytime.kr/9f2730f1c6c178509b8984d094785170d742854e14c4b8cdad1cb3b11708c872/1772989894856_0.jpg
77582,9788955018172,IFRS 회계원리,"최관, 백원선, 최영수",신영사,42000,5000,https://cf-cii.everytime.kr/5edb5ae204c341189f268cae03d4a3f858378251f370ce90c5d8609daa9dc1d1/1772989738309_0.jpg
77582,9788955017854,IFRS 회계원리 해답,"이효익, 최관, 백원선, 최영수",신영사,12000,4000,https://cf-cii.everytime.kr/f0dd358aae0d8d88b8425ffac54a38191f2cd92167512a8aa25863ea99082d94/1693602488015_0.jpg
77582,9788955017847,IFRS 회계원리,"이효익, 최관, 백원선, 최영수",신영사,39000,3000,https://cf-cii.everytime.kr/038a0a47e503d960e0be966a5f0197cd49a9c4d548e99ec107bbfa536308a149/1765442576799_0.jpg
77582,9788955017601,IFRS 회계원리 해답,이효익,신영사,12000,5000,https://cf-cii.everytime.kr/346017248ffc43072ef6a9322da8747d0fb309f74b204c6c3ec04989ce7464c1/1676824645974_0.jpg
77582,9788955017595,IFRS 회계원리,"이효익, 최관, 백원선, 최영수",신영사,37000,5000,https://cf-cii.everytime.kr/b3c1bac4e68c03c54b941807b54197f08d0149d7921e98b374059666dda182ed/1734831538661_0.jpg
77582,9781119504306,Financial Accounting,"Paul D. Kimmel, Donald E. Kieso, Jerry J. Weygandt",Wiley,45000,500,https://cf-cii.everytime.kr/72b70238683ea2bcc707bf248c897f689a3e2d4ac975142057b7f82bdcf481de/1633415388220_0.jpg
77582,9780030319686,"Financial Accounting, 3/E.","Porter, Gary A.",Harcourt-Brace,38000,33000,https://cf-cii.everytime.kr/09f17773e2c920a0c6d622535d5ce47df29a33b221790c57cf727e944718359a/1535004082078_0.jpg
77582,9780471415787,"Financial Accounting, 3/e","Kimmel, Paul D., Ph.D./ Weygandt, Jerry J., Ph.D./",Wiley,181820,30000,https://cf-cii.everytime.kr/0f346fb345841eeeb0b6a5eefad962f32a50bbe5d7d7b2d9fd539d31c2f698ec/1521527024201_0.jpg
77582,9788955016413,IFRS 회계원리 해답(8판),"이효익, 최관, 백원선, 최영수",신영사,8000,3000,https://cf-cii.everytime.kr/297db0196d554b21d7f7e48a90eaf7640b9d8019b6394346944c74ef976a5f12/1565948213719_0.jpg
77582,9788955016390,IFRS 회계원리(8판)(양장본 HardCover),"이효익, 최익, 백원선, 최영수",신영사,35000,3000,https://cf-cii.everytime.kr/c322810339c90402033219a9f48cb86064600b0910e0c803359265b60c520b3b/1600066918747_0.jpg
77582,9788955014433,IFRS 회계원리 해답(5판),"이효익, 최관, 백원선",신영사,8000,3000,https://cf-cii.everytime.kr/69e0689bb96a5dfeffa97dae5142864c13872877fd52ef651887840fee901276/1504534182655_0.jpg
77582,9788955014419,IFRS 회계원리(5판)(양장본 HardCover),"이효익, 최관, 백원선",신영사,35000,8000,https://cf-cii.everytime.kr/46ab74a2eeab4688a22d2c8ff2ee4b0284ceaf98a9d408d92678117c6b80b8e4/1736690141047_0.jpg
77582,9788955015492,IFRS 회계원리(7판)(양장본 HardCover),"이효익, 최관, 백원선",신영사,35000,10000,https://cf-cii.everytime.kr/5e3a60c6a65ecf0c00fb97a8a86da8b7e7aa24b9d93e26e6522e64f1f8c4690b/1588774939646_0.jpg
77582,9781118978085,Financial Accounting,"Jerry J. Weygandt, Paul D. Kimmel, Donald E. Kieso",Wiley,57000,5000,https://cf-cii.everytime.kr/5615273e3690608a4ad840d79c8d3fba944effbd15aaca309d8930fc33b83b4e/1613720320538_0.jpg
77582,9781118285909,"Financial Accounting, IFRS Edition",Jerry J. Weygandt,Wiley,49000,10000,https://cf-cii.everytime.kr/ffa6e0382a9718f58ce759f56094643cfde947ddd7217f4da1ce064179b6e991/1550869477801_0.jpg
77679,9791158081553,"물리화학: 양자, 물질, 변화","피터 앳킨스, Jullo de Paula, Ronald Frirfman",자유아카데미,48000,35000,https://cf-cii.everytime.kr/6a788e644ad1e0f25e70fbe85bb0db2e498c13b966f0f19249b46f13c3e18399/1769595298217_0.jpg
77679,9780199609819,Physical Chemistry,피터 앳킨스,OXFORD,155570,7000,https://cf-cii.everytime.kr/3e317529af55a8bb67baf7a27c7f06d9f104244fa8a71a66d3a12597c0706dbd/1550914848439_0.jpg
77679,9791159090042,물리화학,"피터 앳킨스, Julio de paula",교보문고,45000,15000,https://cf-cii.everytime.kr/2f94a504ecf9ea1cb4889549a5c921b9642a9e980300b91d0e1bad23f2495a00/1660666737802_0.jpg
77679,9781429239899,Quantitative Chemical Analysis,없음,없음,162031,30000,https://cf-cii.everytime.kr/685ad6e06cd4fab44f52ae957b85ec6a37c2019c4a92c4f7265c887f391d0ef7/1584664208091_0.jpg
77684,9791159430077,생화학(8판),"Jeremy M Berg, John L Tymoczko, Gregory J Gatto Jr, Lubert Stryer",범문에듀케이션,59000,10000,https://cf-cii.everytime.kr/ecbf0375674a537a0c5c9f4ae445d41505cc5a8ee5c601382e01048a6f7d5a75/1677063380338_0.jpg
77684,9788997140282,생화학,"Jeremy M. Berg, John L. Tymoczko, Lubert Stryer",범문에듀케이션,48000,15000,https://cf-cii.everytime.kr/4718947ac9e325a2a72e0cafac604b00b1932af324d2f393b7f593930877d73f/1529413341817_0.jpg
77804,9791188847099,제제학,약제학분과회,신일서적,45000,20000,https://cf-cii.everytime.kr/85ddd11d09138c4caf7793550956b4d89be2b5cdf13b5de23e5dd7007841fc78/1738362737699_0.jpg
77837,9789813157873,"THERMODYNAMICS: AN ENGINEERING APPROACH, SI",없음,없음,159270,20000,https://cf-cii.everytime.kr/e73d4fc0752f645a3e7ef66e5e5b9af698a5fc4d2dda6c77c5058a1d4441ae22/1725492735679_0.jpg
77837,9788993543711,열역학,"Richard E. Sonntag, Borgnakke",텍스트북스,38000,17000,https://cf-cii.everytime.kr/9a4fa7a0c12e66f9e2e17c4d2d3432b6c7eba4c2b91e55e6606b0c33b6f8afed/1741330590791_0.jpg
77837,9781119382843,fundmentals of thermodynamics,sonntag/Borgnakke,.,43000,28000,https://cf-cii.everytime.kr/e5ff02035eaf57fbe7441759c7139dd17911b547540927462a84f1bd2643eb16/1764562902694_0.jpg
77837,9791132101130,기본 열역학,Yunus A. Cengel,McGraw-Hill,33000,15000,https://cf-cii.everytime.kr/bfa4e21478842980caffc619095da3efaa9c278dc0d076fcfef7233831a6c042/1622895812421_0.jpg
77837,9780470171578,"Fundamentals Of Thermodynamics, Si Version",Borgnakke,Wiley,42000,12000,https://cf-cii.everytime.kr/df86566ac21c01ac2c7c75ebcb5fb54708b0a2cc425d1dd4b15d882c879cd4e8/1608880945216_0.jpg
77837,9788993543520,열역학,"Borgnakke, Richard E. Sonntag",텍스트북스,38000,8000,https://cf-cii.everytime.kr/381efadd36157f2622c1aa6b70c9a2568db467608e8ae08a2cd328195070ed17/1677498021059_0.jpg
77837,9781118321775,Fundamentals of thermodynamics,Borgnakke,Wiley,42000,10000,https://cf-cii.everytime.kr/0e0741efbe904298febc89670d8f3644ea0f077bcdc568b9b4f515d22e15cede/1670909798587_0.jpg
77837,9788964211373,공업열역학,"Michael J. Moran, Shapiro, Daisie D. Boettner, Margaret B. Bailey",한티미디어,37000,15000,https://cf-cii.everytime.kr/3db44d07e8ac15c7b378bda427e1592ec7349b76445a6cc6016ff5abfd8867eb/1535087533395_0.jpg
77840,9789814720175,Fluid Mechanics (SI),Frank White,McGraw-Hill,45000,25000,https://cf-cii.everytime.kr/2a11968c446f937222908600c2f515c8a2a4c1ab06d0ff4ff89392e3539e4941/1694946574070_0.jpg
77884,9791132102281,기술경영과 혁신전략,Melissa ASchilling,McGraw-Hill,30000,10000,https://cf-cii.everytime.kr/168f46144c0be5eab9bd31ad2cd44585da0b058b90d645b8b39f8d36f62424cd/1776335478290_0.jpg
77884,9788998886882,세계미래보고서 2045,"박영숙, 제롬 글렌, 테드 고든",교보문고,15000,5000,https://cf-cii.everytime.kr/3748cc8ce0661125d5423979864927f6b83d545c3cfad795b50129cf04650658/1548593369698_0.jpg
77897,9781292403281,Management Information Systems,"Kenneth Laudon, Jane P. Laudon",Pearson Education Limited,59000,20000,https://cf-cii.everytime.kr/810cd8dfc79d281410707e1076b34e288125d18060906d345f2b5e4307d305ab/1688057549458_0.jpg
77897,9781119923459,Management Information Systems,"R. Kelly Rainer, Brad Prince, Hugh J. Watson",Wiley,45000,15000,https://cf-cii.everytime.kr/2276f77c57384a78edb5fc2837245b8e2c95d1bcbc89821a78547969d3393d66/1633660294517_0.jpg
77897,9781118895382,Management Information Systems,"Kelly Rainer, Brad Prince, Hugh Watson",Wiley,42000,10000,https://cf-cii.everytime.kr/67b668d33f6c200a82f7a7f90bae66140c2d1ab6411af30636b88ddb8d8ab36b/1622276478261_0.jpg
77897,9788968667459,경영정보시스템(미래 비즈니스를 위한)(3판),"Kelly Rainer, Brad Prince, Hugh Watson",시그마프레스,33000,15000,https://cf-cii.everytime.kr/6a72a59634e2442c636a874f76098a15e819bbdf2f5789bbfbcf7424c51643da/1599360612451_0.jpg
77897,9781118443590,Management Information Systems,R Kelly Rainer,Wiley,42000,7000,https://cf-cii.everytime.kr/d36592c146064cd9c3a70533a0fe8450931ebf3b79164cf940310af5167ef1d6/1520393455679_0.jpg
77897,9788968661334,경영정보시스템(미래 비즈니스를 위한)(2판),"R Kelly Rainer, Brad Prince, Hugh Watson",시그마프레스,33000,5000,https://cf-cii.everytime.kr/1d49f773f3f331243dcb45e098a4eec77421ac968e93cca07dc5cd665685de9c/1515155579428_0.jpg
77947,9791190017022,신호와 시스템,"Simon Haykin, Barry Van Veen",한티에듀,39000,13000,https://cf-cii.everytime.kr/ccfee5b66798579d22329a65808e9568e4379263f748841b0d460c578348100e/1709214895017_0.jpg
77947,9788945006769,Signal Processing First,"James H McClellan, Ronald WSchafer, Mark A Yoder",Pearson,35000,10000,https://cf-cii.everytime.kr/98c2c7c2f7942a39c66a07181d7ee8d3bb9e08236bc4383e0d8448bbfe28b1b5/1632316549813_0.jpg
77947,9788971291658,신호와 시스템,SIMON HAYKIN,범한서적,30000,8000,https://cf-cii.everytime.kr/7791e729c505d5d317cc66b00c75f6f9970442aebbf2a5a4231bad945e6bdcc7/1519176261309_0.jpg
77947,9780471378518,Signals and Systems,"Simon Haykin, Barry Van Veen",Wiley,69000,15000,https://cf-cii.everytime.kr/5992712bd5efaea1d50b8c108134ee92577786c4519d4ea34410d0d88ea86604/1755389288559_0.jpg
77948,9791190017022,신호와 시스템,"Simon Haykin, Barry Van Veen",한티에듀,39000,13000,https://cf-cii.everytime.kr/ccfee5b66798579d22329a65808e9568e4379263f748841b0d460c578348100e/1709214895017_0.jpg
77948,9788971291658,신호와 시스템,SIMON HAYKIN,범한서적,30000,8000,https://cf-cii.everytime.kr/7791e729c505d5d317cc66b00c75f6f9970442aebbf2a5a4231bad945e6bdcc7/1519176261309_0.jpg
77952,9781133628484,"Fundamentals of Logic Design, 7/E(Paperback)",Larry Kinney,Cengage Learning,43000,13000,https://cf-cii.everytime.kr/580a7a6bf6cf16b6480598c18bb0532c195c504204a11a8c306bc8aea38c89ab/1726066626736_0.jpg
77952,9788962183948,논리설계기초,"Charles H. Roth, Larry L. Kinney",Cengage Learning,38000,20000,https://cf-cii.everytime.kr/94d10716b47d4dbed37b0c3bc21bb027e9fd2be4720f9a1e8752d29b2339a419/1690544257252_0.jpg
77957,9791156923787,전력전자공학,"노의철, 정규범, 최남섭",문운당,38000,11000,https://cf-cii.everytime.kr/2dda82d45d3aeef7e44bb2c48fe69e95cb31b03956ca97ea715e9d61e1f810b2/1709214502305_0.jpg
77957,9788962183900,전력계통 해석 및 설계,"glover, Thomas J Overbye, Mulukla SSarma",북스힐,37000,10000,https://cf-cii.everytime.kr/4a6bf26ef1700b01c36ba4b8de2a3b461ed54c38868f28f56b5a84daab3520f7/1768714246622_0.jpg
77957,9791156641988,전력전자공학,"원충연, 김영렬, 이택기, 정용채, 이병국",한빛아카데미,26000,15000,https://cf-cii.everytime.kr/cc75121fc3c149a9b81945f0b70f182b496176c0cd57e5c7c80c3d6a7a37c489/1590064516190_0.jpg
77957,9788973936908,전력전자공학,노의철,문운당,32000,10000,https://cf-cii.everytime.kr/66e43c5068db6fdfe004223ca9b80999d1a04e52d35907efff80ba1fcc04be49/1708405892507_0.jpg
77983,9789813136892,회로이론,"James W. Nilsson, Susan A. Riedel",Pearson,42000,17000,https://cf-cii.everytime.kr/17a585e7b4cae256d4d8c020bbc97df6efd549d677690ba4848548eb45b8b6a9/1686314104641_0.jpg
77983,9788964212455,회로이론,"James W. Nilsson, Susan A. Riedel",한티미디어,39000,10000,https://cf-cii.everytime.kr/696f35b6ded26ce37eb4b8bc5279bd8200acc318015b8ac7f2e8b237858b819c/1725439746870_0.jpg
77983,9780137050512,Electric Circuits,James W. Nilsson,"Pearson Education, Limited",45000,10000,https://cf-cii.everytime.kr/77a45aa7b45212a17c215f810eb674191943accf1e6dac6877eff07fb37e95d8/1662095483538_0.jpg
77983,9788945001535,회로이론,"James W Nilsson, Susan A Riedel",Pearson,37000,10000,https://cf-cii.everytime.kr/8fb025221e2613749e0805d28eab0cfe15fa052292b922b8b33989a24db6f282/1577363667018_0.jpg
77983,9781292060545,Electric Circuits,"James W. Nilsson, Susan Rjedel",Pearson Higher Education,47000,8000,https://cf-cii.everytime.kr/e3d7efd675c6616b6624c7963f225b1b297c5440fde235ae43bc0fde43c6dad6/1768714423036_0.jpg
78004,9788983964793,대학 프랑스어 문법,노윤채,신아사,16000,10000,https://cf-cii.everytime.kr/4f606da5585fe77769e61bb840f46cfc3474f1fa8386b757cc45f50f14dd945a1490155822798/0.jpg
78054,9788959955077,신공략 중국어: 초급편(CD포함)(개정판)(CD1장포함),"마전비, 소영하, 적염",다락원,12500,4500,https://cf-cii.everytime.kr/d9b77fc616f08ff60fcbfe20e364cddb94ffd0e16c306f6b19e936af054b0538/1567509806749_0.jpg
78054,9788959955015,신공략 중국어: 기초편,"마전비, 소영하, 적염",다락원,12500,4000,https://cf-cii.everytime.kr/aae2f0bae22064a3a24cec311a1956672731a5a32d179242bfe7d3fd46918ba6/1567509525687_0.jpg
78059,9782278110834,Bonjour et bienvenue A1.1 - pour coreanophones - Livre-cahier...,Didier,Didier,28000,8000,https://cf-cii.everytime.kr/c35d1a4f2c2c2b188f599f320243d9d45358e084d59f264981f4256232ecd3c2/1772629459334_0.jpg
78059,9782278093137,Bonjour Et Bienvenue ! Livre + CD 안녕하세요 프랑스어 입문,Xxx,Didier,27000,3300,https://cf-cii.everytime.kr/b8227f9bdb9b48ee5b3f4287cd9418afb59393de067880cd4e03af315fcb1034/1629938477931_0.jpg
78059,9788979869774,기초 프랑스어,성균관대학교 프랑스어문학과,성균관대학교출판부,15000,5000,https://cf-cii.everytime.kr/7df8cb34d1d79e5b0d0a21db2f0377c370b23263aaa1f8f732ffc3a57ffb5c25/1645437298687_0.jpg
78143,9791159710438,스튜어트 미분적분학(8판),James Stewart,북스힐,42000,10000,https://cf-cii.everytime.kr/53c79170ec332951646fe1d6b2d87898a207d70c1020f3227c45c2ba92914cf7/1740311667352_0.jpg
78143,9788962184105,Calculus :early transcendentls (stewart성균관대),stewart,경문사(박문규),49000,12000,https://cf-cii.everytime.kr/35c33e510545d2da21b8e4218e3a2fef183056d1a33a30a148613c39fa5c9339/1691558917159_0.jpg
78143,9781305266728,Calculus International Metric Version,없음,없음,169970,5000,https://cf-cii.everytime.kr/aa76b5f2179678669cb2be02b3d8ff3e1b9fb55085d843d0d34900037c9e0359/1596543746532_0.jpg
78143,9788961053822,대학미적분학(3판),JAMES STEWART,경문사,39000,4000,https://cf-cii.everytime.kr/1dcc6c57343dd7c2f8563fa27a5dfebb05dfe85e5388dd5503afc50b92f9bbc1/1652675142005_0.jpg
78143,9780495560654,Calculus : Concepts and Contexts,James Stewart,Brooks Cole,41000,5000,https://cf-cii.everytime.kr/91daf2bb66651d604a39c5ed0a152b4ffd1aab51fa0a5a8271ad00d477284f9f/1598281574696_0.jpg
78161,9781133110002,Principles of Physics,Raymond A. Serway,Brooks Cole Pub Co,50000,10000,https://cf-cii.everytime.kr/5de8e039c6346e1e9f84de5fd30eda5e5d39bafab85a5b3714dbdc2ff586f15d/1752400145865_0.jpg
78161,9788955268805,대학물리학,Ramond A Serway,북스힐,39000,3000,https://cf-cii.everytime.kr/de2f4ae16634ff2eaa351ac8634816f3110de72fe2d20d84bae2c132dad9c758/1652675801373_0.jpg
78165,2090000016222,일반물리학실험,성대물리학과,북스힐,12000,4000,https://cf-cii.everytime.kr/f6bb5ac1981b080b5e694892bdb5289c70b1d5ae7108c6cd7d41d014b3257e42/1693390603526_0.jpg
78168,9781265577568,Chemistry,제이슨 오버비,McGraw-Hill,65000,10000,https://cf-cii.everytime.kr/8342aeb40507f250d9e794ea5d0696e595e31e7527a9d211188c2c46137954cc/1772507978238_0.jpg
78168,9791188731107,기본 일반화학,"Raymond Chang, Jason Overby",사이플러스,45000,15000,https://cf-cii.everytime.kr/42a93d8148092c4018dfbf81c2bb9281c70276af77e3d08eb39d79728d9de6ad/1677046268264_0.jpg
78168,9781260085310,Chemistry,"Raymond Chang, 제이슨 오버비",McGraw Hill Education,55000,9000,https://cf-cii.everytime.kr/5e0f62aa072ef25eac834fb3f399e172d1b643412dce54e90b9524905f104bf1/1755260771650_0.jpg
78168,9788962184327,줌달의 일반화학(9판),스티븐 S. 줌달,사이플러스,53000,6000,https://cf-cii.everytime.kr/c624e8a339607ee34487b1c4b1e295bd3e5edf373412992e30eeba9dc49703f3/1654788928463_0.jpg
78168,9781133612056,Chemistry,스티븐 S. 줌달,Cengage Learning,55000,8000,https://cf-cii.everytime.kr/8732dc9158963b0c3a9c7134ea1ad593f4064e4ebc50010ad4296dd019811c73/1677770902058_0.jpg
78169,9781265577568,Chemistry,제이슨 오버비,McGraw-Hill,65000,10000,https://cf-cii.everytime.kr/8342aeb40507f250d9e794ea5d0696e595e31e7527a9d211188c2c46137954cc/1772507978238_0.jpg
78169,9791188731107,기본 일반화학,"Raymond Chang, Jason Overby",사이플러스,45000,15000,https://cf-cii.everytime.kr/42a93d8148092c4018dfbf81c2bb9281c70276af77e3d08eb39d79728d9de6ad/1677046268264_0.jpg
78169,9781260085310,Chemistry,"Raymond Chang, 제이슨 오버비",McGraw Hill Education,55000,9000,https://cf-cii.everytime.kr/5e0f62aa072ef25eac834fb3f399e172d1b643412dce54e90b9524905f104bf1/1755260771650_0.jpg
78169,9788962184105,Calculus :early transcendentls (stewart성균관대),stewart,경문사(박문규),49000,12000,https://cf-cii.everytime.kr/35c33e510545d2da21b8e4218e3a2fef183056d1a33a30a148613c39fa5c9339/1691558917159_0.jpg
78169,9781133612056,Chemistry,스티븐 S. 줌달,Cengage Learning,55000,8000,https://cf-cii.everytime.kr/8732dc9158963b0c3a9c7134ea1ad593f4064e4ebc50010ad4296dd019811c73/1677770902058_0.jpg
78233,9788971292495,나노재료,"김기범, 김현미, 정운룡, 최헌진, 홍성현",범한서적,25000,10000,https://cf-cii.everytime.kr/060a58916d1fbaecc33eed632fe7b964f748868912145a9007e5e773882c90b1/1741095903104_0.jpg
78247,9788968667817,거시경제학 해법(9판),그레고리 맨큐,시그마프레스,10000,4000,https://cf-cii.everytime.kr/ff75102f21e4e465bab0b51f8e361d3004f3f1f6d90218af8fe61f0a2ceb69d6/1566104732396_0.jpg
78247,9788968667640,거시경제학(9판)(양장본 HardCover),그레고리 맨큐,시그마프레스,39000,10000,https://cf-cii.everytime.kr/43fecda8a0b497eec0175e111a67885436ed5dc786da59153dbf6b4dd0f9299e/1702041040024_0.jpg
78247,9788968661112,거시경제학(8판)(양장본 HardCover),그레고리 맨큐,시그마프레스,25000,12000,https://cf-cii.everytime.kr/e0db7c5685bf7fe8f73ec7007a137f9476226c13b18c7b4c7683705a6c95641a/1548873457926_0.jpg
78254,9791197293566,혼자서 익히는 통계분석,"김효창, 김경숙, 김선화, 이인숙",메디컬사이언스,26000,13000,https://cf-cii.everytime.kr/cc3ecdf6e7a2361909e1b899b9eb1d06ee79ca4754a6f0b513d69d40458ae061/1755835415213_0.jpg
78282,9781292024998,Introduction to Mathematical Statistics,Robert V. Hogg,Pearson,53000,25000,https://cf-cii.everytime.kr/410816eb26f67a9a0c2e0d42cfc0942f2264de4bed6248e3d1f2e176af685983/1535993952486_0.jpg
78362,9781605358635,The Cell,제프리 M. 쿠퍼,OXFORD,68000,27000,https://cf-cii.everytime.kr/7e26b393c45569a959427593b1cba31191562413b45721c6a729aad2e5be1334/1771770358235_0.jpg
78362,9781605352909,The Cell (양장본 HardCover),"제프리 M. 쿠퍼, Robert E Hausman",Sinauer Associates,80000,30000,https://cf-cii.everytime.kr/b8178bafffcc799bd21aaf91cdb45f6b4b276d4ec57938f96ef78aa0a10e4d21/1629481252740_0.jpg
78463,9781260083255,Applied Numerical Methods with MATLAB for Engineers and Scientists,Steven C. Chapra,Mcgraw Hill,30000,20000,https://cf-cii.everytime.kr/1d3c137ca95e72189ffb669282f564e34765265775c0baa8e5f9ae8a62e9b8d4/1602075347725_0.jpg
78463,9780071086189,Applied Numerical Methods With MATLAB for Engineers and Scientists,Steven C. Chapra,McGraw-Hill,37000,20000,https://cf-cii.everytime.kr/5e3cbd895ae2beb3a7661b0e9bca6e3e9ce3722183f243a50e905777bd6220bf/1708238252701_0.jpg
78463,9788960552654,응용수치해석,Steven C. Chapra,한티미디어,30000,12000,https://cf-cii.everytime.kr/809f57afca872cbd018fdc42500ec235b689e56627d3fde5023501dd8b4e3859/1661376672943_0.jpg
78568,9781260597684,Introduction to Chemical Engineering Thermodynamics,조 마우크 스미스,McGraw-Hill,49000,25000,https://cf-cii.everytime.kr/58162cecd2ea1048f45a058ebc4beecd1b29df731ba79806d49cbe1183e7aa13/1741163742335_0.jpg
78568,9791132110927,화학공학 열역학(9판),"조 마우크 스미스, H. C. Van Ness, M. M. Abbott, M. T. Swihart",한티에듀,37000,13000,https://cf-cii.everytime.kr/b48a6c290f9efff38d1d03a0b4a5b038b27d3dc99d389fcbc3b992db57b0d927/1776335121880_0.jpg
78568,9781259921896,Introduction to Chemical Engineering Thermodynamics,"J. M. smith, H. C. Van Ness, M. M. Abbott, M. T. Swihart",McGraw Hill Education,32000,14000,https://cf-cii.everytime.kr/b199b394a1595e3e845fe8a9588f5ce16e0b7f88718aed612604815a4f091b5c/1741095696313_0.jpg
78568,9791132101628,화학공학 열역학,"조 마우크 스미스, H. C. Van Ness, M. M. Abbott, M. T. Swihart",McGraw Hill Education,37000,15000,https://cf-cii.everytime.kr/6acfbe0925d22eccbce803b30578535a6f61ec7143b4736f771e3bff2c226179/1771830826874_0.jpg
78568,9780071247085,Introduction to Chemical Engineering Thermodynamics,"Smith M. J., Ness Hendrick Van, Abbott Michael",McGraw-Hill,39000,10000,https://cf-cii.everytime.kr/89873129e8820301f38ee8840312300fa777bcc80d7004392c3bb45fa4b29f54/1764825183319_0.jpg
78568,9788988825808,화학공학 열역학,JMSMITH,한티미디어,32000,10000,https://cf-cii.everytime.kr/92b7052a416cf2583328da53d3407cd1cad5a2c4eda5e00d64025febf843f209/1694540436466_0.jpg
78575,9788970853024,분리공정원리,Seader,교보문고,32000,20000,https://cf-cii.everytime.kr/4023a7a314fba03f4e9bf765629453b7ebed1791a2281719cae38944cbfda0b4/1772949134620_0.jpg
78575,9781119702610,Separation Process Principles,"J. D. Seader, Ernest J. Henley, D. Keith Roper",Wiley Publishing,48000,6000,https://cf-cii.everytime.kr/56b232abb493c2c65bb80b817cf8ab8643097c041ac6ca2b53f2453be3a7ee62/1773202342353_0.jpg
78575,9780470481837,Separation Process Principles,Seader J D/Henley Ernest J/Roper D Keith,John Wiley & Sons Inc,48000,15000,https://cf-cii.everytime.kr/342816694977bde60372b3b8c255fda979d9c89f17de4feeecc13ed572329e5f/1661257852106_0.jpg
786591,9791155505847,성균 논어,"이천승, 고재석",성균관대학교출판부,15000,5000,https://cf-cii.everytime.kr/e114a8424bad4ab22bccd60ffdaa3b6c205fd335a12b5446feb8148b34bc4353/1773360300084_0.jpg
786591,9791155504611,"우리들의 세상, 논어로 보다","이천승, 강보승, 고재석, 권경자, 김동민, 정병섭",성균관대학교출판부,13500,5000,https://cf-cii.everytime.kr/e7a03c2878ade717eba8f1d95acbdb2e4d08fb6e4b1b438834660c82d18d2058/1677164593235_0.jpg
786591,9791155502389,"우리들의 세상, 논어로 보다","고재석, 권경자, 김동민, 이천승, 정병섭",성균관대학교출판부,12000,3000,https://cf-cii.everytime.kr/d9a6da2d1bfe64b24bb0e2cde283cce0adbb2bf2e193c18ef973269d7fb2b68b/1677416857073_0.jpg
786716,9791155502396,Poised to Present,성균어학원,성균관대학교출판부,15000,5000,https://cf-cii.everytime.kr/19c8e3bb35f1dc053733cdcb35c5dfcd4484dfd751c0d3693ad0d08293941d76/1613366636970_0.jpg
786716,9788979868524,Poised to Present,성균어학원,성균관대학교출판부,13000,3000,https://cf-cii.everytime.kr/33da777f59fa0dff597a98cd006cdef60dc54ada5c04f3026ba114fc81007222/1582862542935_0.jpg
78715,9788962184105,Calculus :early transcendentls (stewart성균관대),stewart,경문사(박문규),49000,12000,https://cf-cii.everytime.kr/35c33e510545d2da21b8e4218e3a2fef183056d1a33a30a148613c39fa5c9339/1691558917159_0.jpg
787491,9788981729103,수학교육학 신서,"강옥기, 강윤수, 고상숙, 고호경, 권나영",교우사,45000,18000,https://cf-cii.everytime.kr/8b8575c518312c42ecd7d002e1644371af5fc4e06f26efa078938046c02b57c1/1586174327507_0.jpg
787491,9788981685270,수학교육학신론(2016)(개정증보판),"황혜정, 나귀수, 최승현, 박경미, 임재훈, 서동엽",문음사,27000,15000,https://cf-cii.everytime.kr/ebff313166adbafd99d03c512de1b545aa892f170e30944e39879525f6a174e3/1586174549062_0.jpg
787499,9781259921896,Introduction to Chemical Engineering Thermodynamics,"J. M. smith, H. C. Van Ness, M. M. Abbott, M. T. Swihart",McGraw Hill Education,32000,14000,https://cf-cii.everytime.kr/b199b394a1595e3e845fe8a9588f5ce16e0b7f88718aed612604815a4f091b5c/1741095696313_0.jpg
787499,9791132101628,화학공학 열역학,"조 마우크 스미스, H. C. Van Ness, M. M. Abbott, M. T. Swihart",McGraw Hill Education,37000,15000,https://cf-cii.everytime.kr/6acfbe0925d22eccbce803b30578535a6f61ec7143b4736f771e3bff2c226179/1771830826874_0.jpg
787499,9781111580711,Fundamentals of Chemical Engineering Thermodynamics(Si Edition),Kevin D Dahm,Cengage Learning,37000,25000,https://cf-cii.everytime.kr/917bc700cbec787e85aa744f6667f5ed01ee0bc322a685397d5a207f7d30680c/1709693464508_0.jpg
787499,9780071247085,Introduction to Chemical Engineering Thermodynamics,"Smith M. J., Ness Hendrick Van, Abbott Michael",McGraw-Hill,39000,10000,https://cf-cii.everytime.kr/89873129e8820301f38ee8840312300fa777bcc80d7004392c3bb45fa4b29f54/1764825183319_0.jpg
787499,9788942590162,화학공학열역학,"김광주, 이동현, 윤정우, 홍인권, 박병흥",동화기술,35000,7000,https://cf-cii.everytime.kr/e6018bdbc11a9803f0445dd65236b5208936b32e0e1c92f99fbf83cf7a40e93c/1773201905530_0.jpg
787565,9781133587675,Consumer Behavior,"Frank R Kardes, Maria L Cronley, Thomas W Cline",Cengage Learning,48000,20000,https://cf-cii.everytime.kr/43a75391d5cd7999819d59c0dce81448f739b2aae37a5468c4f4465aa9eb4356/1576718145323_0.jpg
787745,9781337629157,Essentials of Materials Science and Engineering,"Donald R. Askeland, Wendelin J. Wright",Cengage Learning,70000,20000,https://cf-cii.everytime.kr/ccf716fc6763df3de309df66a04fde47f9d0bd4469ef58d66e07cb7b05cea71e/1697298667280_0.jpg
787745,9780495438502,Essentials of Materials Science and Engineering,Askeland Donald R/Fulay Pradeep P/Bhattacharya,Cengage Learning,37000,20000,https://cf-cii.everytime.kr/71db7237cc13efe6b16bd0946804bf79385c934e7255adaa207b6045eb0fdfce/1550127746493_0.jpg
787745,9781111576868,"Essentials of Materials Science and Engineering, SI Edition",Donald Askeland,Cengage Learning,42000,25000,https://cf-cii.everytime.kr/3096d4a6d958f94ceafc2c8a56be3a056d145147a4987f5ab430ee30c699aba4/1584101371859_0.jpg
787745,9788964211779,재료공학,"Donald R. Askeland, Wendelin J. Wright",한티미디어,33000,7000,https://cf-cii.everytime.kr/305dddde283fa54d0cb666af96cea0c7a50bf9444831966ea255b8a167da0685/1600251363751_0.jpg
788521,9791155501641,글쓰기의 절차와 과정,"김경훤, 오광근, 유하라, 김희경, 현원숙, 홍은실",성균관대학교출판부,15000,2000,https://cf-cii.everytime.kr/da4a96568936730e1765a9226812f11cee32147f53a7f25b78de8f077429cd4d/1576566409939_0.jpg
78856,9791156003304,분자생물학 유전체 기능의 원리,"Craig, Cohen-Fix, Green, Greider, Storz, Wolberger",도서출판 홍릉(홍릉과학출판사),47000,10000,https://cf-cii.everytime.kr/00af5af445948ed9d8778ee6b21c2b73fa36e4ec2e5146d6af5335d94ae49a9f/1678198031549_0.jpg
78856,9780199562060,Molecular Biology: Principles of Genome Function (Paperback),Craig Nancy,Oxford USA,30000,20000,https://cf-cii.everytime.kr/c2a3a539351337022e75cb70c57f6cd91c95d84f0565c719344b8e424c1c0ae3/1670518517190_0.jpg
78856,9780199658572,Molecular Biology,Craig Nancy L.,OXFORD UNIVERSITY PRESS ACADEM,25000,19000,https://cf-cii.everytime.kr/1fce9c534e8c146a7b57bb0e0b023765c0ce3899e134b6fac65b3cee28a124a8/1739245369273_0.jpg
78856,9788958812401,분자 세포 생물학,"Harvey Lodish, Arnold Berk, Chris A. Kaiser, Monty Krieger, Hidde Ploegh, Angelika Amon",월드사이언스,55000,35000,https://cf-cii.everytime.kr/02bd4df026c0bfc170f0a05de9fa432eb347a559e5bcbda926e4d26b3d2b5c3f/1585620728073_0.jpg
80418,9780470905845,Regression Analysis by Example,"Samprit Chatterjee, Ali S Hadi",Wiley,69000,18000,https://cf-cii.everytime.kr/f27044ae56bc587f4934818b9f2287a88e06a213d40158d817f59948e4ebbae5/1582689596196_0.jpg
83750,9789813350199,선형대수학,"David C. Lay, Steven R. Lay, Judi J. McDonald",PEARSON EDUCATION KOREA,38000,15000,https://cf-cii.everytime.kr/81153d22f07e7071680b9e1a53be7469ed38739ef1979ff54d461f5b5ad17efb/1729591013820_0.jpg
83750,9789813135239,Linear Algebra and Its Applications,David C. Lay,Pearson Education,49000,9900,https://cf-cii.everytime.kr/92d56c61d05279f42a1c91f97508bfe8d728db7ce212e9af7d3002ee3c4184be/1771138989907_0.jpg
83750,9791195444991,선형대수학,"David C. Lay, Steven R. Lay, Judi J. McDonald",프로텍미디어,35000,10000,https://cf-cii.everytime.kr/8f5bb58767e7155a316aee035b31a1b5f14b475de6bc388f869f6037502a9cdd/1687781150647_0.jpg
96507,9791132110927,화학공학 열역학(9판),"조 마우크 스미스, H. C. Van Ness, M. M. Abbott, M. T. Swihart",한티에듀,37000,13000,https://cf-cii.everytime.kr/b48a6c290f9efff38d1d03a0b4a5b038b27d3dc99d389fcbc3b992db57b0d927/1776335121880_0.jpg
96507,9781259921896,Introduction to Chemical Engineering Thermodynamics,"J. M. smith, H. C. Van Ness, M. M. Abbott, M. T. Swihart",McGraw Hill Education,32000,14000,https://cf-cii.everytime.kr/b199b394a1595e3e845fe8a9588f5ce16e0b7f88718aed612604815a4f091b5c/1741095696313_0.jpg
96507,9791132101628,화학공학 열역학,"조 마우크 스미스, H. C. Van Ness, M. M. Abbott, M. T. Swihart",McGraw Hill Education,37000,15000,https://cf-cii.everytime.kr/6acfbe0925d22eccbce803b30578535a6f61ec7143b4736f771e3bff2c226179/1771830826874_0.jpg
96507,9780133134353,Fundamentals of Chemical Engineering Thermodynamics,Matsoukas,Pearson Education,36000,20000,https://cf-cii.everytime.kr/7c40478296055ac765179b4e272a7a7423652609345d859f011694480f9fe04b/1541998041698_0.jpg
96507,9788988825808,화학공학 열역학,JMSMITH,한티미디어,32000,10000,https://cf-cii.everytime.kr/92b7052a416cf2583328da53d3407cd1cad5a2c4eda5e00d64025febf843f209/1694540436466_0.jpg
96507,9788942590162,화학공학열역학,"김광주, 이동현, 윤정우, 홍인권, 박병흥",동화기술,35000,7000,https://cf-cii.everytime.kr/e6018bdbc11a9803f0445dd65236b5208936b32e0e1c92f99fbf83cf7a40e93c/1773201905530_0.jpg
97467,9788964214374,마이크로전자회로,"Adel S. Sedra, Kenneth C. Smith, Tony Chan Carusone, Vincent Caudet",한티에듀,45000,10000,https://cf-cii.everytime.kr/5756cb514a97382d2bf791a7a59ce900a6bd3441bbbd0035786662a5f60002ec/1709529604187_0.jpg
97467,9788964212707,마이크로전자회로,"Adel S. Sedra, Kenneth C. Smith",한티미디어,43000,19000,https://cf-cii.everytime.kr/520d8be3cb538b8963ab5fd9d463c224ceff42e25d9ea6503ff202c0c060040a/1663784448526_0.jpg
97467,9780199339143,Microelectronic Circuits,Sedra,Oxford University Press,50000,20000,https://cf-cii.everytime.kr/c66d77d6e87cbd33a0524fbd0fc923731fd282448c5b0f2594e0751298d57ff1/1768714037046_0.jpg
97467,9788964210819,마이크로전자회로(6판)(CD1장포함),"Sedra, Smith",한티미디어,42000,30000,https://cf-cii.everytime.kr/b931178251edc133242d42d268e4f52b54dcf182c851467f92ab004814e9abe8/1520813077395_0.jpg
98093,9791155504017,The Write Way,성균관대학교 학부대학,성균관대학교출판부,17000,7000,https://cf-cii.everytime.kr/d109208b686704e5dd9ee34d02975e2968b55aaa5e644ca4769e53b6289db53f/1772633359504_0.jpg
98093,9791155502396,Poised to Present,성균어학원,성균관대학교출판부,15000,5000,https://cf-cii.everytime.kr/19c8e3bb35f1dc053733cdcb35c5dfcd4484dfd751c0d3693ad0d08293941d76/1613366636970_0.jpg
98093,9788979868524,Poised to Present,성균어학원,성균관대학교출판부,13000,3000,https://cf-cii.everytime.kr/33da777f59fa0dff597a98cd006cdef60dc54ada5c04f3026ba114fc81007222/1582862542935_0.jpg
989902,9791155504611,"우리들의 세상, 논어로 보다","이천승, 강보승, 고재석, 권경자, 김동민, 정병섭",성균관대학교출판부,13500,5000,https://cf-cii.everytime.kr/e7a03c2878ade717eba8f1d95acbdb2e4d08fb6e4b1b438834660c82d18d2058/1677164593235_0.jpg
989902,9791155502389,"우리들의 세상, 논어로 보다","고재석, 권경자, 김동민, 이천승, 정병섭",성균관대학교출판부,12000,3000,https://cf-cii.everytime.kr/d9a6da2d1bfe64b24bb0e2cde283cce0adbb2bf2e193c18ef973269d7fb2b68b/1677416857073_0.jpg
989902,9791155500408,우리들의 세상 논어로 보다,인성교육교재편찬위원회,사람의무늬,18000,7000,https://cf-cii.everytime.kr/374cb7349939e633dd90b04480605a7a4972445d59b2bf26a14177cd63aca6521503663011470/0.jpg
990132,9791155500590,소통의 기초 스피치와 토론,스피치와 토론 교과교재 출간위원회,성균관대학교출판부,20000,6000,https://cf-cii.everytime.kr/768cbf4fcee0ab72369ea25a2bb8b44481ab8bc93073dc65c02a073207ef3baf/1778505356918_0.jpg
990210,9791159050428,문학미디어론(양장본 HardCover),임형택,소명출판,35000,8000,https://cf-cii.everytime.kr/26fada71f265d44823f74806344544871d64500d021e46597a09f74006f187a5/1613659296764_0.jpg
990374,9791197967603,교양노동법,한국노동법학회,문우사,23000,10000,https://cf-cii.everytime.kr/3f496736caa247842f70a11694bd4e8db30c652aa7b997151e7ab1f8cd3a841d/1677472333104_0.jpg
990374,9791185994543,교양노동법(2판),한국노동법학회,문우사,20000,7000,https://cf-cii.everytime.kr/841933686d806b2a1ffea82a32a634599be28dd68f5583f147a1264f7128bf44/1687845964168_0.jpg
990374,9791185994215,교양노동법,한국노동법학회,문우사,20000,10000,https://cf-cii.everytime.kr/c066601790dc08059e86083c17059f72183f4074a69d7d74dc5e4cad404b8ebb/1693501931175_0.jpg
990400,9788945010544,교육심리학(8판),"PAUL EGGEN, DON KAUCHAK",학지사,26000,9000,https://cf-cii.everytime.kr/7f8c52730e9f386503d9532fcae84bc5c420d8acb22fd2c140c1ef42e6162ab2/1677077640778_0.jpg
990513,9791155505847,성균 논어,"이천승, 고재석",성균관대학교출판부,15000,5000,https://cf-cii.everytime.kr/e114a8424bad4ab22bccd60ffdaa3b6c205fd335a12b5446feb8148b34bc4353/1773360300084_0.jpg
990513,9791155504611,"우리들의 세상, 논어로 보다","이천승, 강보승, 고재석, 권경자, 김동민, 정병섭",성균관대학교출판부,13500,5000,https://cf-cii.everytime.kr/e7a03c2878ade717eba8f1d95acbdb2e4d08fb6e4b1b438834660c82d18d2058/1677164593235_0.jpg
990513,9788998614539,논어(양장본 HardCover),공자,메멘토,19800,5000,https://cf-cii.everytime.kr/7ba339457501192b601a74aea5170206a12b0356364c556f590fc19367821756/1580532948701_0.jpg
990513,9791155502389,"우리들의 세상, 논어로 보다","고재석, 권경자, 김동민, 이천승, 정병섭",성균관대학교출판부,12000,3000,https://cf-cii.everytime.kr/d9a6da2d1bfe64b24bb0e2cde283cce0adbb2bf2e193c18ef973269d7fb2b68b/1677416857073_0.jpg
990513,9791155500408,우리들의 세상 논어로 보다,인성교육교재편찬위원회,사람의무늬,18000,7000,https://cf-cii.everytime.kr/374cb7349939e633dd90b04480605a7a4972445d59b2bf26a14177cd63aca6521503663011470/0.jpg
990519,9791155505847,성균 논어,"이천승, 고재석",성균관대학교출판부,15000,5000,https://cf-cii.everytime.kr/e114a8424bad4ab22bccd60ffdaa3b6c205fd335a12b5446feb8148b34bc4353/1773360300084_0.jpg
990519,9791155504611,"우리들의 세상, 논어로 보다","이천승, 강보승, 고재석, 권경자, 김동민, 정병섭",성균관대학교출판부,13500,5000,https://cf-cii.everytime.kr/e7a03c2878ade717eba8f1d95acbdb2e4d08fb6e4b1b438834660c82d18d2058/1677164593235_0.jpg
990519,9791155502389,"우리들의 세상, 논어로 보다","고재석, 권경자, 김동민, 이천승, 정병섭",성균관대학교출판부,12000,3000,https://cf-cii.everytime.kr/d9a6da2d1bfe64b24bb0e2cde283cce0adbb2bf2e193c18ef973269d7fb2b68b/1677416857073_0.jpg
990519,9791155500651,"리더십, 성균에 길이 있다",성균리더십출간위원회,사람의무늬,12000,1000,https://cf-cii.everytime.kr/5df68233a8f72d5df48561d44b099af15a585feea6a8a3870b84ca3564e6ce26/1707752896999_0.jpg
990519,9791155500408,우리들의 세상 논어로 보다,인성교육교재편찬위원회,사람의무늬,18000,7000,https://cf-cii.everytime.kr/374cb7349939e633dd90b04480605a7a4972445d59b2bf26a14177cd63aca6521503663011470/0.jpg
990610,9791155506240,Absolutely Write(Revised Edition),성균관대학교 학부대학,성균관대학교출판부,15000,5000,https://cf-cii.everytime.kr/9004f7129aa2b4cb64f2a484c7fc28c4bcb0c0ba9e2602291f810840e018e461/1775524785004_0.jpg
990610,9791155504024,Absolutely Write,성균관대학교 학부대학,성균관대학교출판부,15000,3000,https://cf-cii.everytime.kr/5a821c35482360b23a91d12b670d867e3a882d7a5404e6200abcef35f1e83bf6/1693802339695_0.jpg
990610,9791155504017,The Write Way,성균관대학교 학부대학,성균관대학교출판부,17000,7000,https://cf-cii.everytime.kr/d109208b686704e5dd9ee34d02975e2968b55aaa5e644ca4769e53b6289db53f/1772633359504_0.jpg
990610,9791155502396,Poised to Present,성균어학원,성균관대학교출판부,15000,5000,https://cf-cii.everytime.kr/19c8e3bb35f1dc053733cdcb35c5dfcd4484dfd751c0d3693ad0d08293941d76/1613366636970_0.jpg
990610,9791155502129,Write On,성균어학원,성균관대학교출판부,15000,1,https://cf-cii.everytime.kr/af1fc89b4d64e7ff898d9c346d1aee9bea1b7f5a14a6df8cf10b4fbded608cd2/1583933773067_0.jpg
990610,9788979869033,Write On,편집부,성균관대학교출판부,13000,4000,https://cf-cii.everytime.kr/2e559c4c80032337e504072e2dc98d6d225af4fa2208fe6c287e4ec358b157ab1488430106374/0.jpg
990704,9791155501641,글쓰기의 절차와 과정,"김경훤, 오광근, 유하라, 김희경, 현원숙, 홍은실",성균관대학교출판부,15000,2000,https://cf-cii.everytime.kr/da4a96568936730e1765a9226812f11cee32147f53a7f25b78de8f077429cd4d/1576566409939_0.jpg
990730,9788972829690,대학미적분학(3판)(CD1장포함),JAMES STEWART,경문사,35000,5000,https://cf-cii.everytime.kr/b027d729b5173e304ab5ac2e4776a2ef41ef4c963a31b98bff321fe13895bfcf/1622777680728_0.jpg
990730,9791159710438,스튜어트 미분적분학(8판),James Stewart,북스힐,42000,10000,https://cf-cii.everytime.kr/53c79170ec332951646fe1d6b2d87898a207d70c1020f3227c45c2ba92914cf7/1740311667352_0.jpg
990730,9788962184105,Calculus :early transcendentls (stewart성균관대),stewart,경문사(박문규),49000,12000,https://cf-cii.everytime.kr/35c33e510545d2da21b8e4218e3a2fef183056d1a33a30a148613c39fa5c9339/1691558917159_0.jpg
990730,9788961056175,대학미분적분학,제임스 스튜어트,경문사(박문규),39000,8000,https://cf-cii.everytime.kr/a15ebbebf5b704492b006e88c9b21103683413218c9a3aee7545450c14948395/1614923390420_0.jpg
990730,9788961053822,대학미적분학(3판),JAMES STEWART,경문사,39000,4000,https://cf-cii.everytime.kr/1dcc6c57343dd7c2f8563fa27a5dfebb05dfe85e5388dd5503afc50b92f9bbc1/1652675142005_0.jpg
990730,9788961057134,미분적분학(7판),James Stewart,경문사(박문규),42000,15000,https://cf-cii.everytime.kr/c8b98f2e3b18280aaf7c1720f0da0802e6d796385c1ae05dd25b2d9798d2ad68/1613105238153_0.jpg
990730,9780495560654,Calculus : Concepts and Contexts,James Stewart,Brooks Cole,41000,5000,https://cf-cii.everytime.kr/91daf2bb66651d604a39c5ed0a152b4ffd1aab51fa0a5a8271ad00d477284f9f/1598281574696_0.jpg
990772,9791159710575,대학물리학,"Raymond A. Serway, John W. Jewett Jr.",북스힐,45000,5000,https://cf-cii.everytime.kr/9bd245185b4940c608cae95af509f27ec65ccff792e15e99b5573e7a1e341690/1639584982321_0.jpg
990772,9781439048757,Physics for Scientists and engineers with Modern Physics,John Jewett,Cengage Learning,48000,5000,https://cf-cii.everytime.kr/3ea8f477a734800289258a276fb57fb090ebb5a0ed6dbfde007d5551b07b547b/1614918512308_0.jpg
990875,9788996103882,혼자 연구하는 C C++ 1,김상형,와우북스,29000,15000,https://cf-cii.everytime.kr/81f60f980cab990f7417a2e21193c6f86214ea47f899368005141400a8498622/1569128980107_0.jpg
990875,9788972831600,A BOOK ON C,KELLEY 외,도서출판 홍릉(홍릉과학출판사),39000,9000,https://cf-cii.everytime.kr/0e2e29e5c16ca09d1f0fda9fa178618e4a18da58e577dacc842dff155a73be8d/1585792870939_0.jpg
990875,9780201183993,A Book on C,Kelley Al/ Pohl Ira,Addison-Wesley,45000,18000,https://cf-cii.everytime.kr/e85b26fff7687e2b7ea0989149af5405859fd21385902fb308ab6c0c3aca3ff8/1741264252407_0.jpg
990875,9788996094050,윤성우의 열혈 C 프로그래밍,윤성우,오렌지미디어,25000,4990,https://cf-cii.everytime.kr/ef784cc778fb02d1982300a424e94da44539b3a263f720ae1dc2be0c9e58e66c/1738834027487_0.jpg
990887,9791162241882,혼자 공부하는 파이썬,윤인성,한빛미디어,18000,10000,https://cf-cii.everytime.kr/71086dc9b934a503a6a57568c14f997b98f8e957c6e5962c7f5f012b660681dd/1614040304216_0.jpg
990887,9788960779082,파이썬 프로그래밍 개론,데이비드 슈나이더,에이콘출판,35000,15000,https://cf-cii.everytime.kr/4e79402cd46b3963a84e3a9281726b3f59753c3ce51b84d7764a4058d8694381/1773589105072_0.jpg
990887,9788957613559,MATLAB 기초와응용,"Brian H Hahn, Daniel T. Valentine",아진,25000,15000,https://cf-cii.everytime.kr/14d5d97cf91c2d309c32a33fba4a21ec9aeea79f2c9ea8ccb4f847f636f4f1c71499938961926/0.jpg
990887,9788997390915,Do it! 점프 투 파이썬,박응용,이지스퍼블리싱,18800,15000,https://cf-cii.everytime.kr/6948d8bcb5933f1fb56f4276d85cc89b4dfb44ee2e8043fda22d6b1ea59ff352/1622038282242_0.jpg
990887,9781292103433,An Introduction to Programming Using Python,David I. Schneider,Pearson,55000,10000,https://cf-cii.everytime.kr/06657d7e0f891c8f884f6fdbecb41ff9cad1de0712a0946c36202f25f320896b/1693218719629_0.jpg
990986,9788987350509,동양철학의 유혹,신정근,이학사,19000,10000,https://cf-cii.everytime.kr/34edb473acc6065b778b02c03cb59eabecd45b55c674753343405484381ce057/1601104300109_0.jpg
990989,9780393689600,Psychology in Your Life,"Gazzaniga Michael, Grison Sarah",W. W. Norton & Company,43000,7000,https://cf-cii.everytime.kr/1ec24e2b2c477c1a8f101b99e71d1097b58218b61a753873a0bf87d52e49ca56/1772455595405_0.jpg
990989,9780393673913,Psychology in Your Life,Grson Gazzaniga,W. W. Norton & Company,43000,10000,https://cf-cii.everytime.kr/10ea1b0ea145e34ae0bb146cd88c9c80bc4312676b90ec21cf2878b9940a94d5/1661511036016_0.jpg
990989,9780393600674,Psychology in Your Life,Grison Sarah,W. W. Norton & Company,146530,10000,https://cf-cii.everytime.kr/2d193f4d202666b932ed862fb6d02be63477d4df2b4aeae2a92e0f1d5e8947cd/1567075115888_0.jpg
990989,9780558882846,Introducing Psychology,"Kosslyn, Stephen M.",Pearson Learning Solutions,189730,1000,https://cf-cii.everytime.kr/f259726906d63ff06ba5ed4b552b80b29d4835aef0ad30c508559deb0af7da87/1520248082952_0.jpg
990989,9780393265156,Psychology in Your Life,"Grison, Heatherton, Gazzaniga",Norton,25000,3000,https://cf-cii.everytime.kr/4c2d9c28a8240fa1563f61a4593e790d0d4f31c7b3096ff0b4a340ed60b90da3/1592583471604_0.jpg
990989,9781292042527,Introducing Psychology : Brain Person Group (Paperback),MKosslyn Stephen,Pearson,36000,5000,https://cf-cii.everytime.kr/0aca393f18370ef23d2dbb6d84fee88a747ada679c1760692f4e311358e3c822/1686730587092_0.jpg
990989,9788945049186,심리학개론,"스티븐 M. 코슬린, Robin S. Rosenberg, 이순묵, 도경수, 서용원, 최훈석",PEARSON EDUCATION KOREA,32000,1000,https://cf-cii.everytime.kr/edbd2a31b32b3da9872e731f2090f57fd93611fbcd0889f81e7e6b173b924129/1552495852475_0.jpg
990994,9788937462177,오이디푸스 왕,소포클레스,민음사,11000,4000,https://cf-cii.everytime.kr/e15b727e84a24bf78c6b2a5065bbac406b8d35e15b36956e09d7404828894deb/1743316759536_0.jpg
991003,9788968241147,생명과학 강의노트(생명과학 교양서),이우성,바이오사이언스출판,32000,12000,https://cf-cii.everytime.kr/080fc334a08d12b1b1046f27acd4a1e2aa8afcb3b9debf6a07da77eab22d3c2c/1772968178098_0.jpg
991003,9788979868562,생명과학 강의노트(개정판),이우성,성균관대학교출판부,30000,16000,https://cf-cii.everytime.kr/38cd7f5e5f296010f2d2a8fb377edcb3da47475457f5a481320980333804956c/1535973097900_0.jpg
991003,9788961542814,생명과학(개념과 현상의 이해),"Taylor, simon, dicky, hogan, reexe",라이프사이언스,35000,15000,https://cf-cii.everytime.kr/8409b768031d951a0e382380990d815b7b0a3417118f49b0c27683e786bc25ec/1714785880292_0.jpg
991003,9788968240256,생명과학 강의노트(3판),이우성,바이오사이언스,32000,5000,https://cf-cii.everytime.kr/5d1ea9cc8973f8fc38d3612023392dc584eeca6b1bbd209d70b37d94664e05df/1725236100764_0.jpg
991003,9788945049124,생명과학(7판)(개념과현상의이해)(전2권),"Reece, Taylor, Simon, Dickey",PEARSON EDUCATION KOREA,35000,10000,https://cf-cii.everytime.kr/34fafd6a753e73d50a2cb6089d4dd9969dab71ff65577c4de0b48c61b436cad9/1627377853548_0.jpg
991009,9788957272343,새내기 멘토링,"유홍준, 신진규, 정순현, 박은영, 최선희, 김선호",그린,13000,5000,https://cf-cii.everytime.kr/f2bc7edc723f7646327434e4e91dfae814ce196e23b8d47e8cd583f85beef157/1772868903544_0.jpg
991031,9791130307534,현대마케팅론,"유필화, 김용준, 한상만",박영사,34000,20000,https://cf-cii.everytime.kr/1cdd27b7aa27cf28d4a2bb6ccb93885d4ca64aa56fd8d061a2c34a7f7af2468d/1614046176486_0.jpg
991031,9788991830622,마케팅 관리(세계 일류들의)(양장본 HardCover),"김정구, 오준환, 이우헌",율곡출판사,33000,7000,https://cf-cii.everytime.kr/aff748f9fc58106a9452f95856391e23a44b1009a14a022c240a16c71c1d3dd8/1706256942651_0.jpg
991031,9788958533665,전략적 브랜드관리: 이론과 응용,"안광호, 한상만, 전성률",학현사,32000,10000,https://cf-cii.everytime.kr/a2205098a5d7553f686281d2048ff95b28741d5a0011b30a719504f3eb5a609b/1535862352531_0.jpg
991522,9791188731428,머피의 화학공정계산,Regina Murphy,사이플러스,43000,20000,https://cf-cii.everytime.kr/ada606f32ad038759b4f33e4b092db50d865570e0f9542a0ca5e8bf29bc300e2/1741507217118_0.jpg
991522,9781265242992,"ISE Introduction to Chemical Processes: Principles, Analysis, Synthesis",Regina Murphy,McGraw-Hill Education,55000,25000,https://cf-cii.everytime.kr/d142f41faaad6fc244549384d4a1ae4e4e0c680c430553b818df82ee9e4b7ad6/1741163637028_0.jpg
991522,9788960552678,화학공정계산(개정판)(양장본 HardCover),Regina MMurphy,사이플러스,35000,16000,https://cf-cii.everytime.kr/c19246aa4b2af22152aff53ac6db383146a6e7065c32f74098e4a872bae80bae/1630233426323_0.jpg
991522,9791132100775,화학공정계산,Regina MMurphy,사이플러스,38000,10000,https://cf-cii.everytime.kr/4ece93fb6f0d701c72094b5f8426fe919d12228b7a24795d1eef28a7b171b2cf/1764825449182_0.jpg
991522,9781118092392,Elementary Principles of Chemical Processes,Richard M. Felder,Wiley,57000,20000,https://cf-cii.everytime.kr/c4eabf3d6fa723739bc4290b790a391b20c37914a5a568b29950b55d2672db45/1725492916174_0.jpg
991522,9780071254298,Introduction to Chemical Processes,Murphy,McGraw-Hill,43000,10000,https://cf-cii.everytime.kr/bfef7658cc8f9d87c92a956a31da03e6a01b843a27084150223fc332ef860d73/1694838857748_0.jpg
991522,9788970882895,화학공정계산 (CD-ROM 1장 포함),RMFelder 외,교문사(청문각),35000,17000,https://cf-cii.everytime.kr/29d2884ac22f12c59f1dc7a53a97522126faf2c0302da87e248b2145781c426e/1661102883133_0.jpg
991523,9788960552678,화학공정계산(개정판)(양장본 HardCover),Regina MMurphy,사이플러스,35000,16000,https://cf-cii.everytime.kr/c19246aa4b2af22152aff53ac6db383146a6e7065c32f74098e4a872bae80bae/1630233426323_0.jpg
991523,9788964212851,화학공정계산,"Richard M. Felder, Rousseau Ronald W., Bullard Lisa G.",한티에듀,43000,20000,https://cf-cii.everytime.kr/0d496f4d277f7a0f0853649153fba23abfac37fb4530ff7f2103570c076e34ce/1742795216740_0.jpg
991523,9781118092392,Elementary Principles of Chemical Processes,Richard M. Felder,Wiley,57000,20000,https://cf-cii.everytime.kr/c4eabf3d6fa723739bc4290b790a391b20c37914a5a568b29950b55d2672db45/1725492916174_0.jpg
991523,9780471375876,Elementary Principles of Chemical Processes,Richard M. Felder,Wiley,52000,10000,https://cf-cii.everytime.kr/b7d7b8afeced8e26690c4da9317e4bfcbbf6ff4b7fbe0ef83a31e2654e2a570b/1734527929610_0.jpg
991523,9788970882895,화학공정계산 (CD-ROM 1장 포함),RMFelder 외,교문사(청문각),35000,17000,https://cf-cii.everytime.kr/29d2884ac22f12c59f1dc7a53a97522126faf2c0302da87e248b2145781c426e/1661102883133_0.jpg
991525,9791132100850,공학도를 위한 수치해석,"Steven C. Chapra, Raymond P. Canale",McGraw-Hill,35000,15000,https://cf-cii.everytime.kr/ff46282ed757cdfcd2c3b6501dc00006ad40310e62a3d5d9a507f771a3c781cf/1662031959396_0.jpg
991525,9780071267595,Numerical Methods for Engineers,Chapra,McGraw-Hill,43000,23000,https://cf-cii.everytime.kr/f879b0bebb7cffb50bd216687d219d8edae37be45b84385ece25aecb1ef997b1/1569848767188_0.jpg
991525,9789814670876,Numerical Methods for Engineers,"Chapra, Canale",McGraw-Hill,43000,20000,https://cf-cii.everytime.kr/446a222654726387626f788fb2f2390b65b5efacf68a5527983c9afba435f110/1560793744179_0.jpg
991525,9788960552050,공학도를 위한 수치해석(6판),"Chapra, CANALE",McGraw-Hill,32000,13000,https://cf-cii.everytime.kr/edae4201d2af4d6b29c89817b53ed0120c643448166c4ec7c582b06b0d2c6c74/1612003319923_0.jpg
991528,9791158082963,고마운 고분자 이야기,"박오옥, 김범준",자유아카데미,30000,10000,https://cf-cii.everytime.kr/b2d371a78387601e8f8a14bc6e4821183270d0014af68a2e5e19c94f9542d6de/1742788091431_0.jpg
991528,9780471274001,Principles of Polymerization (Revised),Odian George,Wiley-Interscience,87000,40000,https://cf-cii.everytime.kr/1c69a5a053d554509e2e704f796f2b3f25a2f56cb3b7c586363c8871b7485133/1661257413090_0.jpg
991528,9788938630254,고분자화학(제3판),GEORGE ODIAN,사이텍미디어,39000,24000,https://cf-cii.everytime.kr/d330a016f0786b18a503dde467e75c2e2c36b237717bcf027e2bd02a330f1176/1520514961416_0.jpg
991606,9780130578099,Engineering Mechanics : Dynamics,Hibbeler Russell C,Prentice-Hall,36000,24000,https://cf-cii.everytime.kr/2e08769ff1df9a84d865d08dc14719ac7a66a45d844def3139eb536391e6ee4e/1644422005159_0.jpg
991606,9781292088723,Engingeering Mechanics: Dynamics,Russell C. Hibbeler,Pearson Education,48000,6000,https://cf-cii.everytime.kr/a986b5122cfca35f2c218093d27aa73388d96701e7731df45929b8e1684011f3/1654789335007_0.jpg
991606,9781292089232,Engingeering Mechanics: Statics,Russell C. Hibbeler,"Pearson Education, Limited",47000,15000,https://cf-cii.everytime.kr/0757c7e588ba4aab5c3cc15b1521a6fbac1f2246706906cdefb86e4564188438/1583124300425_0.jpg
991606,9780470237892,Dynamics,Benson H Tongue,Wiley,48000,1000,https://cf-cii.everytime.kr/a9d6de8a2a821089fd339e1dcf65d1205f578ceab213cddce6c9a8b6b2db47e0/1733320387786_0.jpg
991606,9780470553046,Dynamics: Engineering Mechanics,Benson H Tongue,Wiley,48000,22000,https://cf-cii.everytime.kr/dc4a37f63915bd693e873f8503bbf0df97deb8c215ba197cb3e4cdd3d1a46673/1614048319880_0.jpg
991606,9789810692612,Mechanics for Engineers Dynamics Si Edition 13e,Russell C Hibbeler,Pearson Prentice Hall,105490,7000,https://cf-cii.everytime.kr/a3323ae453ba06cdfcd123bac8e9927efad7282d33a25344c2a32b0b2b7591cf/1670910183508_0.jpg
991606,9791195444915,동역학,"R. C. Hibbeler, Kai Beng Yap",프로텍미디어,36000,15000,https://cf-cii.everytime.kr/9a80013819dcf9a3acaf0952d232947cee7d0bba83716b5e64b440a3fbff7304/1756703982820_0.jpg
991606,9788994464626,동역학,Tongue,교보문고,36000,8000,https://cf-cii.everytime.kr/305dddde283fa54d0cb666af96cea0c7a50bf9444831966ea255b8a167da0685/1600251235240_0.jpg
992477,9788998308162,현대대수학,John B. Fraleigh,성진미디어,28000,10000,https://cf-cii.everytime.kr/77b3c2cfb6320a4eafafe586b9becf6b5912d3e3a4cd11098bb18d8b9eb2e30d/1678625758636_0.jpg
992477,9781292024967,First Course in Abstract Algebra (Paperback),John Fraleigh,Pearson Penguin Longman,60000,15000,https://cf-cii.everytime.kr/337952e6277836c219388d92317852c6f47649b0e32c5becd49c40a34e60fe04/1631171428896_0.jpg
992509,9791155501610,교양한문,성균관대학교 교양한문 편찬위원,성균관대학교출판부,13000,10000,https://cf-cii.everytime.kr/19f8bd4462f2237ab013cf2790c292a7d8032bd97d9b417bb1d655414a823e38/1691775287760_0.jpg
992649,9788968665295,성격심리학,"다니엘 서보니, Lawrence A. Pervin",시그마프레스,28000,10000,https://cf-cii.everytime.kr/3af669531c4630d83533114c6ca2b301c3859dde77fb3df728c9edef03ceec481488767105548/0.jpg
993114,9788993543810,양자역학,"David j. Griffiths, Darrell F Schroeter",텍스트북스,32000,6000,https://cf-cii.everytime.kr/b32940f34b6fb860a0c55eedea9ed8459b720dc253cdde6e91131188c12f66c4/1668440989570_0.jpg
993442,9791185504544,전자기학,Matthew N O Sadiku,진샘미디어,37000,18000,https://cf-cii.everytime.kr/3e1d0ebca2d7ecee41b9319e7ebeaf5000d4b6bf214d0baffd3b7188fa2ac2cc/1735535409750_0.jpg
993442,9780199321407,Elements of Electromagnetics,Sadiku Matthew N. O.,Oxford (USA),46000,20000,https://cf-cii.everytime.kr/526ec28672e933da507942c76871a4ce316fc5cb9306bd71ebf495618ba791ab/1677826580386_0.jpg
993824,9788959796779,An Omni Channel Approach 유통의 이해,류성민,지브레인(Gbrain),28000,7000,https://cf-cii.everytime.kr/29be51e71cc35596f450732ffe1920ade825fc72f75c5c1609e04f04f903863b/1771587205685_0.jpg
993824,9788959794911,유통의 이해(3판),류성민,작은책방,23000,8000,https://cf-cii.everytime.kr/45d462561d9df353157f67d06436791b654d6d6fff3aa8fec8f1102098c62aaa/1624592108438_0.jpg
993824,9788998886738,유통의 이해(2판),류성민,교보문고,22000,3000,https://cf-cii.everytime.kr/09d92efb1d4541de1af9a10e2908bc673fad748497a593d89ef90307972e1c271490013545528/0.jpg
993842,9781266085963,Investments,"Zvi Bodie, ALEX Kane, Alan Marcus",McGraw-Hill Education,65000,30000,https://cf-cii.everytime.kr/fe5d18cf6ce8a8c86076ede914f15f5803ad70173791572c2ae083fbdf7fab87/1753855673950_0.jpg
993842,9791132100744,투자론,"ZVI Bodie, Alex Kane, Alan J Marcus",McGraw-Hill,43000,20000,https://cf-cii.everytime.kr/a6bb491420bd3895806246b84ca84dc7eab602a82147901315ca6034fe447c6d/1665047896725_0.jpg
993842,9780071262286,Investment (Asia Global Edition),ZVI Bodie,McGraw-Hill,43000,10000,https://cf-cii.everytime.kr/b6d72657e4ad7683779a8e97f677ff3df07942653356620b231042c6080191a1/1559652916111_0.jpg
993846,9781118097939,Design and Analysis of Experiments (Paperback),Montgomery,Wiley,40000,25000,https://cf-cii.everytime.kr/b73905693ce3df45d1dcf9328a33a1c281fab6eb82baa4421905cb7129ba4258/1633661307896_0.jpg
994369,9791155505274,형법각론,김성돈,성균관대학교출판부,45000,5000,https://cf-cii.everytime.kr/8966069e97490ab1845143834bba0f47009606d41a08592c8e1a84e03d402e63/1771068857359_0.jpg
994369,9791155505267,형법총론,김성돈,성균관대학교출판부,45000,15000,https://cf-cii.everytime.kr/0833c3e9a55f86bf2181f8fd88625dbd12f4d37d28da53fd7aa6195d812211f9/1764146844542_0.jpg
994369,9791155504666,형법각론,김성돈,성균관대학교출판부,36000,25000,https://cf-cii.everytime.kr/edf96a7885296a3886592d7a5369c9141665c7d833937336e6310ff9052609da/1661509825792_0.jpg
994369,9791155504642,형법총론(7판)(양장본 HardCover),김성돈,SKKUP,36000,18000,https://cf-cii.everytime.kr/f32d79e5c4cb77096c239199c491036c9ffcd8be9da8732e821f4109530816f1/1646394484891_0.jpg
994369,9791155504055,형법총론(6판)(양장본 HardCover),김성돈,SKKUP,36000,10000,https://cf-cii.everytime.kr/f64f75ff7b408d388f747e1a76c5f4223a12c3c2b66f7064b543cd9d2dabc461/1726837705858_0.jpg
994369,9791155504062,형법각론,김성돈,성균관대학교출판부,36000,20000,https://cf-cii.everytime.kr/c1da0340e1bc384e7cd8a921bbe99d9dfca830591a343c32776d7f0c47f9a7b8/1608790290774_0.jpg
994369,9791155502181,형법총론(5판)(양장본 HardCover),김성돈,SKKUP,36000,10000,https://cf-cii.everytime.kr/909f60496fc29699a7c0df744b95ea78cc07fe30fe00f8fffdcc19b07231bcb2/1659621276038_0.jpg
