lecture_id,exam_nth,exam_response_count,question_type,question_type_count,question_type_ratio
103298,중간,4,객관식,3,0.75
103298,중간,4,주관식,4,1.0
103298,중간,4,T/F형,0,0.0
103298,중간,4,약술형,1,0.25
103298,중간,4,논술형,1,0.25
103298,중간,4,구술,0,0.0
103298,중간,4,기타,0,0.0
103298,기말,1,객관식,1,1.0
103298,기말,1,주관식,1,1.0
103298,기말,1,T/F형,0,0.0
103298,기말,1,약술형,0,0.0
103298,기말,1,논술형,0,0.0
103298,기말,1,구술,0,0.0
103298,기말,1,기타,0,0.0
103300,중간,8,객관식,0,0.0
103300,중간,8,주관식,2,0.25
103300,중간,8,T/F형,0,0.0
103300,중간,8,약술형,0,0.0
103300,중간,8,논술형,5,0.625
103300,중간,8,구술,0,0.0
103300,중간,8,기타,1,0.125
103300,기말,3,객관식,1,0.333333
103300,기말,3,주관식,2,0.666667
103300,기말,3,T/F형,0,0.0
103300,기말,3,약술형,0,0.0
103300,기말,3,논술형,1,0.333333
103300,기말,3,구술,0,0.0
103300,기말,3,기타,0,0.0
103304,중간,5,객관식,1,0.2
103304,중간,5,주관식,3,0.6
103304,중간,5,T/F형,4,0.8
103304,중간,5,약술형,4,0.8
103304,중간,5,논술형,1,0.2
103304,중간,5,구술,1,0.2
103304,중간,5,기타,0,0.0
103304,기말,1,객관식,0,0.0
103304,기말,1,주관식,1,1.0
103304,기말,1,T/F형,1,1.0
103304,기말,1,약술형,1,1.0
103304,기말,1,논술형,0,0.0
103304,기말,1,구술,0,0.0
103304,기말,1,기타,0,0.0
103316,중간,6,객관식,1,0.166667
103316,중간,6,주관식,4,0.666667
103316,중간,6,T/F형,0,0.0
103316,중간,6,약술형,0,0.0
103316,중간,6,논술형,2,0.333333
103316,중간,6,구술,0,0.0
103316,중간,6,기타,0,0.0
103316,기말,3,객관식,0,0.0
103316,기말,3,주관식,2,0.666667
103316,기말,3,T/F형,0,0.0
103316,기말,3,약술형,1,0.333333
103316,기말,3,논술형,1,0.333333
103316,기말,3,구술,0,0.0
103316,기말,3,기타,0,0.0
103317,중간,2,객관식,1,0.5
103317,중간,2,주관식,0,0.0
103317,중간,2,T/F형,0,0.0
103317,중간,2,약술형,0,0.0
103317,중간,2,논술형,1,0.5
103317,중간,2,구술,0,0.0
103317,중간,2,기타,0,0.0
103317,기말,2,객관식,0,0.0
103317,기말,2,주관식,1,0.5
103317,기말,2,T/F형,0,0.0
103317,기말,2,약술형,0,0.0
103317,기말,2,논술형,1,0.5
103317,기말,2,구술,0,0.0
103317,기말,2,기타,0,0.0
103381,중간,5,객관식,3,0.6
103381,중간,5,주관식,5,1.0
103381,중간,5,T/F형,1,0.2
103381,중간,5,약술형,0,0.0
103381,중간,5,논술형,0,0.0
103381,중간,5,구술,0,0.0
103381,중간,5,기타,0,0.0
103381,기말,1,객관식,1,1.0
103381,기말,1,주관식,1,1.0
103381,기말,1,T/F형,1,1.0
103381,기말,1,약술형,1,1.0
103381,기말,1,논술형,1,1.0
103381,기말,1,구술,0,0.0
103381,기말,1,기타,0,0.0
103393,중간,7,객관식,0,0.0
103393,중간,7,주관식,6,0.857143
103393,중간,7,T/F형,7,1.0
103393,중간,7,약술형,1,0.142857
103393,중간,7,논술형,1,0.142857
103393,중간,7,구술,0,0.0
103393,중간,7,기타,0,0.0
103393,기말,3,객관식,0,0.0
103393,기말,3,주관식,0,0.0
103393,기말,3,T/F형,2,0.666667
103393,기말,3,약술형,1,0.333333
103393,기말,3,논술형,1,0.333333
103393,기말,3,구술,0,0.0
103393,기말,3,기타,0,0.0
103393,1차,2,객관식,0,0.0
103393,1차,2,주관식,2,1.0
103393,1차,2,T/F형,1,0.5
103393,1차,2,약술형,0,0.0
103393,1차,2,논술형,0,0.0
103393,1차,2,구술,0,0.0
103393,1차,2,기타,0,0.0
103412,중간,39,객관식,1,0.025641
103412,중간,39,주관식,12,0.307692
103412,중간,39,T/F형,0,0.0
103412,중간,39,약술형,2,0.051282
103412,중간,39,논술형,28,0.717949
103412,중간,39,구술,0,0.0
103412,중간,39,기타,0,0.0
103412,기말,15,객관식,0,0.0
103412,기말,15,주관식,4,0.266667
103412,기말,15,T/F형,0,0.0
103412,기말,15,약술형,1,0.066667
103412,기말,15,논술형,12,0.8
103412,기말,15,구술,0,0.0
103412,기말,15,기타,0,0.0
103412,기타,1,객관식,0,0.0
103412,기타,1,주관식,0,0.0
103412,기타,1,T/F형,0,0.0
103412,기타,1,약술형,0,0.0
103412,기타,1,논술형,1,1.0
103412,기타,1,구술,0,0.0
103412,기타,1,기타,0,0.0
103508,중간,1,객관식,0,0.0
103508,중간,1,주관식,0,0.0
103508,중간,1,T/F형,0,0.0
103508,중간,1,약술형,0,0.0
103508,중간,1,논술형,0,0.0
103508,중간,1,구술,1,1.0
103508,중간,1,기타,0,0.0
103508,기말,3,객관식,0,0.0
103508,기말,3,주관식,0,0.0
103508,기말,3,T/F형,0,0.0
103508,기말,3,약술형,0,0.0
103508,기말,3,논술형,3,1.0
103508,기말,3,구술,0,0.0
103508,기말,3,기타,0,0.0
103522,중간,1,객관식,0,0.0
103522,중간,1,주관식,1,1.0
103522,중간,1,T/F형,0,0.0
103522,중간,1,약술형,0,0.0
103522,중간,1,논술형,0,0.0
103522,중간,1,구술,0,0.0
103522,중간,1,기타,0,0.0
103522,기말,5,객관식,2,0.4
103522,기말,5,주관식,5,1.0
103522,기말,5,T/F형,4,0.8
103522,기말,5,약술형,5,1.0
103522,기말,5,논술형,4,0.8
103522,기말,5,구술,0,0.0
103522,기말,5,기타,0,0.0
103534,중간,10,객관식,2,0.2
103534,중간,10,주관식,4,0.4
103534,중간,10,T/F형,0,0.0
103534,중간,10,약술형,5,0.5
103534,중간,10,논술형,7,0.7
103534,중간,10,구술,0,0.0
103534,중간,10,기타,0,0.0
103534,기말,5,객관식,1,0.2
103534,기말,5,주관식,5,1.0
103534,기말,5,T/F형,1,0.2
103534,기말,5,약술형,2,0.4
103534,기말,5,논술형,2,0.4
103534,기말,5,구술,0,0.0
103534,기말,5,기타,0,0.0
103544,중간,3,객관식,1,0.333333
103544,중간,3,주관식,3,1.0
103544,중간,3,T/F형,2,0.666667
103544,중간,3,약술형,1,0.333333
103544,중간,3,논술형,1,0.333333
103544,중간,3,구술,0,0.0
103544,중간,3,기타,0,0.0
103544,기말,4,객관식,3,0.75
103544,기말,4,주관식,4,1.0
103544,기말,4,T/F형,4,1.0
103544,기말,4,약술형,2,0.5
103544,기말,4,논술형,1,0.25
103544,기말,4,구술,0,0.0
103544,기말,4,기타,0,0.0
103642,중간,18,객관식,0,0.0
103642,중간,18,주관식,14,0.777778
103642,중간,18,T/F형,0,0.0
103642,중간,18,약술형,0,0.0
103642,중간,18,논술형,7,0.388889
103642,중간,18,구술,0,0.0
103642,중간,18,기타,1,0.055556
103642,기말,8,객관식,0,0.0
103642,기말,8,주관식,5,0.625
103642,기말,8,T/F형,0,0.0
103642,기말,8,약술형,1,0.125
103642,기말,8,논술형,3,0.375
103642,기말,8,구술,0,0.0
103642,기말,8,기타,1,0.125
103642,2차,2,객관식,0,0.0
103642,2차,2,주관식,1,0.5
103642,2차,2,T/F형,0,0.0
103642,2차,2,약술형,0,0.0
103642,2차,2,논술형,1,0.5
103642,2차,2,구술,0,0.0
103642,2차,2,기타,0,0.0
103676,중간,4,객관식,0,0.0
103676,중간,4,주관식,4,1.0
103676,중간,4,T/F형,0,0.0
103676,중간,4,약술형,2,0.5
103676,중간,4,논술형,0,0.0
103676,중간,4,구술,0,0.0
103676,중간,4,기타,0,0.0
103676,기말,1,객관식,0,0.0
103676,기말,1,주관식,1,1.0
103676,기말,1,T/F형,0,0.0
103676,기말,1,약술형,1,1.0
103676,기말,1,논술형,0,0.0
103676,기말,1,구술,0,0.0
103676,기말,1,기타,0,0.0
103684,중간,5,객관식,1,0.2
103684,중간,5,주관식,3,0.6
103684,중간,5,T/F형,1,0.2
103684,중간,5,약술형,2,0.4
103684,중간,5,논술형,0,0.0
103684,중간,5,구술,0,0.0
103684,중간,5,기타,0,0.0
103684,기말,4,객관식,0,0.0
103684,기말,4,주관식,4,1.0
103684,기말,4,T/F형,0,0.0
103684,기말,4,약술형,1,0.25
103684,기말,4,논술형,2,0.5
103684,기말,4,구술,0,0.0
103684,기말,4,기타,0,0.0
103689,중간,29,객관식,28,0.965517
103689,중간,29,주관식,19,0.655172
103689,중간,29,T/F형,0,0.0
103689,중간,29,약술형,7,0.241379
103689,중간,29,논술형,0,0.0
103689,중간,29,구술,0,0.0
103689,중간,29,기타,2,0.068966
103689,기타,1,객관식,0,0.0
103689,기타,1,주관식,0,0.0
103689,기타,1,T/F형,0,0.0
103689,기타,1,약술형,0,0.0
103689,기타,1,논술형,0,0.0
103689,기타,1,구술,0,0.0
103689,기타,1,기타,1,1.0
103691,중간,33,객관식,28,0.848485
103691,중간,33,주관식,31,0.939394
103691,중간,33,T/F형,1,0.030303
103691,중간,33,약술형,9,0.272727
103691,중간,33,논술형,8,0.242424
103691,중간,33,구술,0,0.0
103691,중간,33,기타,0,0.0
103691,기말,6,객관식,2,0.333333
103691,기말,6,주관식,6,1.0
103691,기말,6,T/F형,1,0.166667
103691,기말,6,약술형,0,0.0
103691,기말,6,논술형,1,0.166667
103691,기말,6,구술,0,0.0
103691,기말,6,기타,0,0.0
103692,중간,16,객관식,6,0.375
103692,중간,16,주관식,16,1.0
103692,중간,16,T/F형,1,0.0625
103692,중간,16,약술형,0,0.0
103692,중간,16,논술형,0,0.0
103692,중간,16,구술,0,0.0
103692,중간,16,기타,0,0.0
103693,중간,31,객관식,24,0.774194
103693,중간,31,주관식,23,0.741935
103693,중간,31,T/F형,11,0.354839
103693,중간,31,약술형,5,0.16129
103693,중간,31,논술형,0,0.0
103693,중간,31,구술,0,0.0
103693,중간,31,기타,1,0.032258
103693,기말,2,객관식,1,0.5
103693,기말,2,주관식,1,0.5
103693,기말,2,T/F형,0,0.0
103693,기말,2,약술형,1,0.5
103693,기말,2,논술형,0,0.0
103693,기말,2,구술,0,0.0
103693,기말,2,기타,0,0.0
103693,기타,1,객관식,0,0.0
103693,기타,1,주관식,0,0.0
103693,기타,1,T/F형,0,0.0
103693,기타,1,약술형,0,0.0
103693,기타,1,논술형,0,0.0
103693,기타,1,구술,0,0.0
103693,기타,1,기타,0,0.0
103694,중간,20,객관식,16,0.8
103694,중간,20,주관식,15,0.75
103694,중간,20,T/F형,7,0.35
103694,중간,20,약술형,3,0.15
103694,중간,20,논술형,2,0.1
103694,중간,20,구술,0,0.0
103694,중간,20,기타,1,0.05
103727,중간,2,객관식,0,0.0
103727,중간,2,주관식,0,0.0
103727,중간,2,T/F형,0,0.0
103727,중간,2,약술형,0,0.0
103727,중간,2,논술형,1,0.5
103727,중간,2,구술,0,0.0
103727,중간,2,기타,0,0.0
103727,기말,11,객관식,10,0.909091
103727,기말,11,주관식,9,0.818182
103727,기말,11,T/F형,1,0.090909
103727,기말,11,약술형,7,0.636364
103727,기말,11,논술형,5,0.454545
103727,기말,11,구술,1,0.090909
103727,기말,11,기타,0,0.0
103732,중간,1,객관식,0,0.0
103732,중간,1,주관식,0,0.0
103732,중간,1,T/F형,0,0.0
103732,중간,1,약술형,0,0.0
103732,중간,1,논술형,1,1.0
103732,중간,1,구술,0,0.0
103732,중간,1,기타,0,0.0
103732,기말,26,객관식,0,0.0
103732,기말,26,주관식,5,0.192308
103732,기말,26,T/F형,0,0.0
103732,기말,26,약술형,4,0.153846
103732,기말,26,논술형,23,0.884615
103732,기말,26,구술,0,0.0
103732,기말,26,기타,0,0.0
103732,기타,1,객관식,0,0.0
103732,기타,1,주관식,0,0.0
103732,기타,1,T/F형,0,0.0
103732,기타,1,약술형,0,0.0
103732,기타,1,논술형,0,0.0
103732,기타,1,구술,0,0.0
103732,기타,1,기타,1,1.0
103749,기말,1,객관식,0,0.0
103749,기말,1,주관식,0,0.0
103749,기말,1,T/F형,0,0.0
103749,기말,1,약술형,0,0.0
103749,기말,1,논술형,0,0.0
103749,기말,1,구술,0,0.0
103749,기말,1,기타,1,1.0
103771,중간,1,객관식,0,0.0
103771,중간,1,주관식,0,0.0
103771,중간,1,T/F형,0,0.0
103771,중간,1,약술형,0,0.0
103771,중간,1,논술형,1,1.0
103771,중간,1,구술,0,0.0
103771,중간,1,기타,0,0.0
103771,기말,2,객관식,0,0.0
103771,기말,2,주관식,1,0.5
103771,기말,2,T/F형,0,0.0
103771,기말,2,약술형,0,0.0
103771,기말,2,논술형,0,0.0
103771,기말,2,구술,0,0.0
103771,기말,2,기타,1,0.5
103771,1차,1,객관식,0,0.0
103771,1차,1,주관식,0,0.0
103771,1차,1,T/F형,0,0.0
103771,1차,1,약술형,0,0.0
103771,1차,1,논술형,0,0.0
103771,1차,1,구술,0,0.0
103771,1차,1,기타,0,0.0
103771,4차,1,객관식,0,0.0
103771,4차,1,주관식,0,0.0
103771,4차,1,T/F형,0,0.0
103771,4차,1,약술형,0,0.0
103771,4차,1,논술형,1,1.0
103771,4차,1,구술,0,0.0
103771,4차,1,기타,0,0.0
103771,기타,4,객관식,0,0.0
103771,기타,4,주관식,0,0.0
103771,기타,4,T/F형,0,0.0
103771,기타,4,약술형,0,0.0
103771,기타,4,논술형,1,0.25
103771,기타,4,구술,0,0.0
103771,기타,4,기타,2,0.5
103774,중간,5,객관식,0,0.0
103774,중간,5,주관식,0,0.0
103774,중간,5,T/F형,0,0.0
103774,중간,5,약술형,0,0.0
103774,중간,5,논술형,2,0.4
103774,중간,5,구술,0,0.0
103774,중간,5,기타,3,0.6
103774,기말,3,객관식,0,0.0
103774,기말,3,주관식,0,0.0
103774,기말,3,T/F형,0,0.0
103774,기말,3,약술형,0,0.0
103774,기말,3,논술형,0,0.0
103774,기말,3,구술,0,0.0
103774,기말,3,기타,3,1.0
103778,중간,32,객관식,3,0.09375
103778,중간,32,주관식,28,0.875
103778,중간,32,T/F형,1,0.03125
103778,중간,32,약술형,13,0.40625
103778,중간,32,논술형,8,0.25
103778,중간,32,구술,2,0.0625
103778,중간,32,기타,1,0.03125
103778,기말,4,객관식,0,0.0
103778,기말,4,주관식,2,0.5
103778,기말,4,T/F형,0,0.0
103778,기말,4,약술형,2,0.5
103778,기말,4,논술형,4,1.0
103778,기말,4,구술,0,0.0
103778,기말,4,기타,0,0.0
103778,기타,1,객관식,0,0.0
103778,기타,1,주관식,1,1.0
103778,기타,1,T/F형,0,0.0
103778,기타,1,약술형,0,0.0
103778,기타,1,논술형,1,1.0
103778,기타,1,구술,0,0.0
103778,기타,1,기타,0,0.0
103780,중간,44,객관식,9,0.204545
103780,중간,44,주관식,38,0.863636
103780,중간,44,T/F형,2,0.045455
103780,중간,44,약술형,3,0.068182
103780,중간,44,논술형,3,0.068182
103780,중간,44,구술,0,0.0
103780,중간,44,기타,5,0.113636
103780,기말,3,객관식,1,0.333333
103780,기말,3,주관식,3,1.0
103780,기말,3,T/F형,0,0.0
103780,기말,3,약술형,0,0.0
103780,기말,3,논술형,0,0.0
103780,기말,3,구술,0,0.0
103780,기말,3,기타,0,0.0
103780,1차,1,객관식,0,0.0
103780,1차,1,주관식,1,1.0
103780,1차,1,T/F형,0,0.0
103780,1차,1,약술형,0,0.0
103780,1차,1,논술형,0,0.0
103780,1차,1,구술,0,0.0
103780,1차,1,기타,0,0.0
103780,기타,1,객관식,0,0.0
103780,기타,1,주관식,0,0.0
103780,기타,1,T/F형,1,1.0
103780,기타,1,약술형,1,1.0
103780,기타,1,논술형,1,1.0
103780,기타,1,구술,0,0.0
103780,기타,1,기타,0,0.0
103782,중간,34,객관식,16,0.470588
103782,중간,34,주관식,32,0.941176
103782,중간,34,T/F형,0,0.0
103782,중간,34,약술형,5,0.147059
103782,중간,34,논술형,7,0.205882
103782,중간,34,구술,0,0.0
103782,중간,34,기타,0,0.0
103782,기말,1,객관식,1,1.0
103782,기말,1,주관식,1,1.0
103782,기말,1,T/F형,0,0.0
103782,기말,1,약술형,0,0.0
103782,기말,1,논술형,1,1.0
103782,기말,1,구술,0,0.0
103782,기말,1,기타,0,0.0
103796,중간,9,객관식,0,0.0
103796,중간,9,주관식,8,0.888889
103796,중간,9,T/F형,0,0.0
103796,중간,9,약술형,0,0.0
103796,중간,9,논술형,2,0.222222
103796,중간,9,구술,0,0.0
103796,중간,9,기타,0,0.0
103796,기말,5,객관식,0,0.0
103796,기말,5,주관식,3,0.6
103796,기말,5,T/F형,0,0.0
103796,기말,5,약술형,0,0.0
103796,기말,5,논술형,3,0.6
103796,기말,5,구술,0,0.0
103796,기말,5,기타,0,0.0
103803,중간,3,객관식,0,0.0
103803,중간,3,주관식,3,1.0
103803,중간,3,T/F형,0,0.0
103803,중간,3,약술형,0,0.0
103803,중간,3,논술형,1,0.333333
103803,중간,3,구술,0,0.0
103803,중간,3,기타,0,0.0
103803,기말,4,객관식,0,0.0
103803,기말,4,주관식,4,1.0
103803,기말,4,T/F형,0,0.0
103803,기말,4,약술형,1,0.25
103803,기말,4,논술형,1,0.25
103803,기말,4,구술,0,0.0
103803,기말,4,기타,0,0.0
103816,중간,29,객관식,25,0.862069
103816,중간,29,주관식,25,0.862069
103816,중간,29,T/F형,25,0.862069
103816,중간,29,약술형,3,0.103448
103816,중간,29,논술형,8,0.275862
103816,중간,29,구술,1,0.034483
103816,중간,29,기타,0,0.0
103816,기말,10,객관식,10,1.0
103816,기말,10,주관식,6,0.6
103816,기말,10,T/F형,10,1.0
103816,기말,10,약술형,2,0.2
103816,기말,10,논술형,1,0.1
103816,기말,10,구술,0,0.0
103816,기말,10,기타,0,0.0
103818,중간,7,객관식,7,1.0
103818,중간,7,주관식,6,0.857143
103818,중간,7,T/F형,6,0.857143
103818,중간,7,약술형,2,0.285714
103818,중간,7,논술형,0,0.0
103818,중간,7,구술,0,0.0
103818,중간,7,기타,0,0.0
103818,기말,8,객관식,8,1.0
103818,기말,8,주관식,0,0.0
103818,기말,8,T/F형,0,0.0
103818,기말,8,약술형,0,0.0
103818,기말,8,논술형,0,0.0
103818,기말,8,구술,0,0.0
103818,기말,8,기타,0,0.0
103818,기타,1,객관식,0,0.0
103818,기타,1,주관식,1,1.0
103818,기타,1,T/F형,1,1.0
103818,기타,1,약술형,0,0.0
103818,기타,1,논술형,0,0.0
103818,기타,1,구술,0,0.0
103818,기타,1,기타,0,0.0
103918,중간,3,객관식,0,0.0
103918,중간,3,주관식,3,1.0
103918,중간,3,T/F형,0,0.0
103918,중간,3,약술형,0,0.0
103918,중간,3,논술형,0,0.0
103918,중간,3,구술,0,0.0
103918,중간,3,기타,0,0.0
103918,기말,3,객관식,0,0.0
103918,기말,3,주관식,1,0.333333
103918,기말,3,T/F형,0,0.0
103918,기말,3,약술형,0,0.0
103918,기말,3,논술형,2,0.666667
103918,기말,3,구술,0,0.0
103918,기말,3,기타,0,0.0
103918,1차,2,객관식,0,0.0
103918,1차,2,주관식,2,1.0
103918,1차,2,T/F형,0,0.0
103918,1차,2,약술형,0,0.0
103918,1차,2,논술형,0,0.0
103918,1차,2,구술,0,0.0
103918,1차,2,기타,0,0.0
103918,2차,1,객관식,0,0.0
103918,2차,1,주관식,1,1.0
103918,2차,1,T/F형,0,0.0
103918,2차,1,약술형,0,0.0
103918,2차,1,논술형,0,0.0
103918,2차,1,구술,0,0.0
103918,2차,1,기타,0,0.0
104072,기타,1,객관식,0,0.0
104072,기타,1,주관식,1,1.0
104072,기타,1,T/F형,0,0.0
104072,기타,1,약술형,0,0.0
104072,기타,1,논술형,0,0.0
104072,기타,1,구술,0,0.0
104072,기타,1,기타,0,0.0
104116,중간,1,객관식,0,0.0
104116,중간,1,주관식,0,0.0
104116,중간,1,T/F형,0,0.0
104116,중간,1,약술형,0,0.0
104116,중간,1,논술형,0,0.0
104116,중간,1,구술,0,0.0
104116,중간,1,기타,1,1.0
104183,기말,1,객관식,1,1.0
104183,기말,1,주관식,0,0.0
104183,기말,1,T/F형,1,1.0
104183,기말,1,약술형,1,1.0
104183,기말,1,논술형,0,0.0
104183,기말,1,구술,0,0.0
104183,기말,1,기타,0,0.0
104219,기말,4,객관식,3,0.75
104219,기말,4,주관식,1,0.25
104219,기말,4,T/F형,0,0.0
104219,기말,4,약술형,1,0.25
104219,기말,4,논술형,3,0.75
104219,기말,4,구술,0,0.0
104219,기말,4,기타,0,0.0
104224,중간,9,객관식,9,1.0
104224,중간,9,주관식,1,0.111111
104224,중간,9,T/F형,1,0.111111
104224,중간,9,약술형,0,0.0
104224,중간,9,논술형,0,0.0
104224,중간,9,구술,0,0.0
104224,중간,9,기타,0,0.0
104224,기말,4,객관식,3,0.75
104224,기말,4,주관식,0,0.0
104224,기말,4,T/F형,2,0.5
104224,기말,4,약술형,0,0.0
104224,기말,4,논술형,0,0.0
104224,기말,4,구술,0,0.0
104224,기말,4,기타,1,0.25
104224,1차,8,객관식,7,0.875
104224,1차,8,주관식,0,0.0
104224,1차,8,T/F형,3,0.375
104224,1차,8,약술형,0,0.0
104224,1차,8,논술형,0,0.0
104224,1차,8,구술,0,0.0
104224,1차,8,기타,0,0.0
104224,2차,1,객관식,1,1.0
104224,2차,1,주관식,0,0.0
104224,2차,1,T/F형,1,1.0
104224,2차,1,약술형,0,0.0
104224,2차,1,논술형,0,0.0
104224,2차,1,구술,0,0.0
104224,2차,1,기타,0,0.0
104224,3차,1,객관식,1,1.0
104224,3차,1,주관식,0,0.0
104224,3차,1,T/F형,0,0.0
104224,3차,1,약술형,0,0.0
104224,3차,1,논술형,0,0.0
104224,3차,1,구술,0,0.0
104224,3차,1,기타,0,0.0
104224,기타,3,객관식,2,0.666667
104224,기타,3,주관식,0,0.0
104224,기타,3,T/F형,0,0.0
104224,기타,3,약술형,0,0.0
104224,기타,3,논술형,0,0.0
104224,기타,3,구술,0,0.0
104224,기타,3,기타,1,0.333333
104818,중간,5,객관식,1,0.2
104818,중간,5,주관식,2,0.4
104818,중간,5,T/F형,0,0.0
104818,중간,5,약술형,1,0.2
104818,중간,5,논술형,2,0.4
104818,중간,5,구술,0,0.0
104818,중간,5,기타,0,0.0
104818,기말,5,객관식,0,0.0
104818,기말,5,주관식,3,0.6
104818,기말,5,T/F형,0,0.0
104818,기말,5,약술형,2,0.4
104818,기말,5,논술형,2,0.4
104818,기말,5,구술,0,0.0
104818,기말,5,기타,0,0.0
104819,중간,1,객관식,1,1.0
104819,중간,1,주관식,1,1.0
104819,중간,1,T/F형,0,0.0
104819,중간,1,약술형,0,0.0
104819,중간,1,논술형,0,0.0
104819,중간,1,구술,0,0.0
104819,중간,1,기타,0,0.0
104819,기말,17,객관식,11,0.647059
104819,기말,17,주관식,11,0.647059
104819,기말,17,T/F형,0,0.0
104819,기말,17,약술형,6,0.352941
104819,기말,17,논술형,0,0.0
104819,기말,17,구술,0,0.0
104819,기말,17,기타,2,0.117647
105714,중간,5,객관식,0,0.0
105714,중간,5,주관식,0,0.0
105714,중간,5,T/F형,0,0.0
105714,중간,5,약술형,0,0.0
105714,중간,5,논술형,1,0.2
105714,중간,5,구술,0,0.0
105714,중간,5,기타,4,0.8
105714,기말,11,객관식,9,0.818182
105714,기말,11,주관식,6,0.545455
105714,기말,11,T/F형,0,0.0
105714,기말,11,약술형,3,0.272727
105714,기말,11,논술형,3,0.272727
105714,기말,11,구술,0,0.0
105714,기말,11,기타,0,0.0
105736,중간,5,객관식,1,0.2
105736,중간,5,주관식,4,0.8
105736,중간,5,T/F형,2,0.4
105736,중간,5,약술형,0,0.0
105736,중간,5,논술형,1,0.2
105736,중간,5,구술,0,0.0
105736,중간,5,기타,0,0.0
105736,기말,4,객관식,1,0.25
105736,기말,4,주관식,4,1.0
105736,기말,4,T/F형,3,0.75
105736,기말,4,약술형,1,0.25
105736,기말,4,논술형,0,0.0
105736,기말,4,구술,0,0.0
105736,기말,4,기타,0,0.0
105776,중간,2,객관식,1,0.5
105776,중간,2,주관식,1,0.5
105776,중간,2,T/F형,0,0.0
105776,중간,2,약술형,0,0.0
105776,중간,2,논술형,0,0.0
105776,중간,2,구술,0,0.0
105776,중간,2,기타,0,0.0
105776,기말,6,객관식,3,0.5
105776,기말,6,주관식,4,0.666667
105776,기말,6,T/F형,0,0.0
105776,기말,6,약술형,0,0.0
105776,기말,6,논술형,2,0.333333
105776,기말,6,구술,1,0.166667
105776,기말,6,기타,0,0.0
105785,중간,4,객관식,4,1.0
105785,중간,4,주관식,0,0.0
105785,중간,4,T/F형,1,0.25
105785,중간,4,약술형,0,0.0
105785,중간,4,논술형,0,0.0
105785,중간,4,구술,0,0.0
105785,중간,4,기타,0,0.0
105785,기말,7,객관식,7,1.0
105785,기말,7,주관식,1,0.142857
105785,기말,7,T/F형,0,0.0
105785,기말,7,약술형,0,0.0
105785,기말,7,논술형,0,0.0
105785,기말,7,구술,0,0.0
105785,기말,7,기타,0,0.0
105785,2차,1,객관식,1,1.0
105785,2차,1,주관식,0,0.0
105785,2차,1,T/F형,0,0.0
105785,2차,1,약술형,0,0.0
105785,2차,1,논술형,0,0.0
105785,2차,1,구술,0,0.0
105785,2차,1,기타,0,0.0
105968,중간,3,객관식,0,0.0
105968,중간,3,주관식,1,0.333333
105968,중간,3,T/F형,0,0.0
105968,중간,3,약술형,0,0.0
105968,중간,3,논술형,2,0.666667
105968,중간,3,구술,0,0.0
105968,중간,3,기타,0,0.0
105968,기타,2,객관식,0,0.0
105968,기타,2,주관식,2,1.0
105968,기타,2,T/F형,0,0.0
105968,기타,2,약술형,0,0.0
105968,기타,2,논술형,0,0.0
105968,기타,2,구술,0,0.0
105968,기타,2,기타,0,0.0
106018,중간,2,객관식,0,0.0
106018,중간,2,주관식,1,0.5
106018,중간,2,T/F형,0,0.0
106018,중간,2,약술형,0,0.0
106018,중간,2,논술형,0,0.0
106018,중간,2,구술,0,0.0
106018,중간,2,기타,0,0.0
106019,중간,15,객관식,6,0.4
106019,중간,15,주관식,10,0.666667
106019,중간,15,T/F형,1,0.066667
106019,중간,15,약술형,3,0.2
106019,중간,15,논술형,7,0.466667
106019,중간,15,구술,0,0.0
106019,중간,15,기타,0,0.0
106019,기말,2,객관식,0,0.0
106019,기말,2,주관식,1,0.5
106019,기말,2,T/F형,0,0.0
106019,기말,2,약술형,0,0.0
106019,기말,2,논술형,1,0.5
106019,기말,2,구술,0,0.0
106019,기말,2,기타,0,0.0
106019,1차,7,객관식,1,0.142857
106019,1차,7,주관식,5,0.714286
106019,1차,7,T/F형,0,0.0
106019,1차,7,약술형,0,0.0
106019,1차,7,논술형,2,0.285714
106019,1차,7,구술,0,0.0
106019,1차,7,기타,0,0.0
106019,2차,3,객관식,0,0.0
106019,2차,3,주관식,3,1.0
106019,2차,3,T/F형,0,0.0
106019,2차,3,약술형,0,0.0
106019,2차,3,논술형,0,0.0
106019,2차,3,구술,0,0.0
106019,2차,3,기타,0,0.0
106019,3차,1,객관식,0,0.0
106019,3차,1,주관식,1,1.0
106019,3차,1,T/F형,0,0.0
106019,3차,1,약술형,0,0.0
106019,3차,1,논술형,0,0.0
106019,3차,1,구술,0,0.0
106019,3차,1,기타,0,0.0
106019,4차,1,객관식,0,0.0
106019,4차,1,주관식,0,0.0
106019,4차,1,T/F형,0,0.0
106019,4차,1,약술형,0,0.0
106019,4차,1,논술형,0,0.0
106019,4차,1,구술,0,0.0
106019,4차,1,기타,1,1.0
106019,기타,2,객관식,0,0.0
106019,기타,2,주관식,1,0.5
106019,기타,2,T/F형,0,0.0
106019,기타,2,약술형,0,0.0
106019,기타,2,논술형,2,1.0
106019,기타,2,구술,0,0.0
106019,기타,2,기타,0,0.0
106024,중간,152,객관식,91,0.598684
106024,중간,152,주관식,24,0.157895
106024,중간,152,T/F형,0,0.0
106024,중간,152,약술형,4,0.026316
106024,중간,152,논술형,41,0.269737
106024,중간,152,구술,0,0.0
106024,중간,152,기타,0,0.0
106024,기말,60,객관식,39,0.65
106024,기말,60,주관식,11,0.183333
106024,기말,60,T/F형,0,0.0
106024,기말,60,약술형,2,0.033333
106024,기말,60,논술형,12,0.2
106024,기말,60,구술,0,0.0
106024,기말,60,기타,0,0.0
106024,1차,3,객관식,3,1.0
106024,1차,3,주관식,3,1.0
106024,1차,3,T/F형,2,0.666667
106024,1차,3,약술형,0,0.0
106024,1차,3,논술형,0,0.0
106024,1차,3,구술,0,0.0
106024,1차,3,기타,0,0.0
107359,중간,2,객관식,1,0.5
107359,중간,2,주관식,0,0.0
107359,중간,2,T/F형,0,0.0
107359,중간,2,약술형,0,0.0
107359,중간,2,논술형,2,1.0
107359,중간,2,구술,0,0.0
107359,중간,2,기타,0,0.0
107359,기말,15,객관식,1,0.066667
107359,기말,15,주관식,5,0.333333
107359,기말,15,T/F형,0,0.0
107359,기말,15,약술형,1,0.066667
107359,기말,15,논술형,11,0.733333
107359,기말,15,구술,0,0.0
107359,기말,15,기타,0,0.0
108403,중간,25,객관식,5,0.2
108403,중간,25,주관식,21,0.84
108403,중간,25,T/F형,0,0.0
108403,중간,25,약술형,0,0.0
108403,중간,25,논술형,3,0.12
108403,중간,25,구술,0,0.0
108403,중간,25,기타,2,0.08
108403,기말,3,객관식,0,0.0
108403,기말,3,주관식,2,0.666667
108403,기말,3,T/F형,0,0.0
108403,기말,3,약술형,0,0.0
108403,기말,3,논술형,0,0.0
108403,기말,3,구술,0,0.0
108403,기말,3,기타,1,0.333333
108868,중간,25,객관식,21,0.84
108868,중간,25,주관식,17,0.68
108868,중간,25,T/F형,15,0.6
108868,중간,25,약술형,4,0.16
108868,중간,25,논술형,2,0.08
108868,중간,25,구술,0,0.0
108868,중간,25,기타,0,0.0
108868,기말,7,객관식,7,1.0
108868,기말,7,주관식,6,0.857143
108868,기말,7,T/F형,5,0.714286
108868,기말,7,약술형,1,0.142857
108868,기말,7,논술형,0,0.0
108868,기말,7,구술,0,0.0
108868,기말,7,기타,0,0.0
108868,1차,1,객관식,1,1.0
108868,1차,1,주관식,1,1.0
108868,1차,1,T/F형,1,1.0
108868,1차,1,약술형,0,0.0
108868,1차,1,논술형,0,0.0
108868,1차,1,구술,0,0.0
108868,1차,1,기타,0,0.0
108868,기타,2,객관식,2,1.0
108868,기타,2,주관식,1,0.5
108868,기타,2,T/F형,1,0.5
108868,기타,2,약술형,1,0.5
108868,기타,2,논술형,0,0.0
108868,기타,2,구술,0,0.0
108868,기타,2,기타,0,0.0
108987,중간,4,객관식,2,0.5
108987,중간,4,주관식,4,1.0
108987,중간,4,T/F형,0,0.0
108987,중간,4,약술형,1,0.25
108987,중간,4,논술형,2,0.5
108987,중간,4,구술,0,0.0
108987,중간,4,기타,0,0.0
108987,기말,1,객관식,0,0.0
108987,기말,1,주관식,1,1.0
108987,기말,1,T/F형,0,0.0
108987,기말,1,약술형,1,1.0
108987,기말,1,논술형,0,0.0
108987,기말,1,구술,0,0.0
108987,기말,1,기타,0,0.0
108991,중간,5,객관식,2,0.4
108991,중간,5,주관식,4,0.8
108991,중간,5,T/F형,4,0.8
108991,중간,5,약술형,1,0.2
108991,중간,5,논술형,2,0.4
108991,중간,5,구술,0,0.0
108991,중간,5,기타,0,0.0
108991,기말,5,객관식,0,0.0
108991,기말,5,주관식,2,0.4
108991,기말,5,T/F형,4,0.8
108991,기말,5,약술형,1,0.2
108991,기말,5,논술형,1,0.2
108991,기말,5,구술,0,0.0
108991,기말,5,기타,0,0.0
109019,중간,2,객관식,0,0.0
109019,중간,2,주관식,0,0.0
109019,중간,2,T/F형,0,0.0
109019,중간,2,약술형,0,0.0
109019,중간,2,논술형,1,0.5
109019,중간,2,구술,0,0.0
109019,중간,2,기타,1,0.5
109019,기말,3,객관식,2,0.666667
109019,기말,3,주관식,2,0.666667
109019,기말,3,T/F형,0,0.0
109019,기말,3,약술형,0,0.0
109019,기말,3,논술형,1,0.333333
109019,기말,3,구술,0,0.0
109019,기말,3,기타,0,0.0
109019,1차,3,객관식,1,0.333333
109019,1차,3,주관식,0,0.0
109019,1차,3,T/F형,0,0.0
109019,1차,3,약술형,0,0.0
109019,1차,3,논술형,0,0.0
109019,1차,3,구술,0,0.0
109019,1차,3,기타,1,0.333333
109019,2차,1,객관식,1,1.0
109019,2차,1,주관식,1,1.0
109019,2차,1,T/F형,0,0.0
109019,2차,1,약술형,0,0.0
109019,2차,1,논술형,0,0.0
109019,2차,1,구술,0,0.0
109019,2차,1,기타,0,0.0
109019,기타,11,객관식,4,0.363636
109019,기타,11,주관식,3,0.272727
109019,기타,11,T/F형,0,0.0
109019,기타,11,약술형,1,0.090909
109019,기타,11,논술형,3,0.272727
109019,기타,11,구술,0,0.0
109019,기타,11,기타,4,0.363636
109140,중간,7,객관식,0,0.0
109140,중간,7,주관식,4,0.571429
109140,중간,7,T/F형,0,0.0
109140,중간,7,약술형,1,0.142857
109140,중간,7,논술형,4,0.571429
109140,중간,7,구술,0,0.0
109140,중간,7,기타,0,0.0
109140,기말,2,객관식,0,0.0
109140,기말,2,주관식,1,0.5
109140,기말,2,T/F형,0,0.0
109140,기말,2,약술형,0,0.0
109140,기말,2,논술형,1,0.5
109140,기말,2,구술,0,0.0
109140,기말,2,기타,0,0.0
109161,기말,1,객관식,0,0.0
109161,기말,1,주관식,0,0.0
109161,기말,1,T/F형,0,0.0
109161,기말,1,약술형,0,0.0
109161,기말,1,논술형,0,0.0
109161,기말,1,구술,0,0.0
109161,기말,1,기타,1,1.0
109162,중간,19,객관식,16,0.842105
109162,중간,19,주관식,4,0.210526
109162,중간,19,T/F형,3,0.157895
109162,중간,19,약술형,0,0.0
109162,중간,19,논술형,2,0.105263
109162,중간,19,구술,0,0.0
109162,중간,19,기타,1,0.052632
109162,기말,4,객관식,4,1.0
109162,기말,4,주관식,0,0.0
109162,기말,4,T/F형,0,0.0
109162,기말,4,약술형,0,0.0
109162,기말,4,논술형,0,0.0
109162,기말,4,구술,0,0.0
109162,기말,4,기타,0,0.0
109162,1차,6,객관식,1,0.166667
109162,1차,6,주관식,1,0.166667
109162,1차,6,T/F형,0,0.0
109162,1차,6,약술형,1,0.166667
109162,1차,6,논술형,3,0.5
109162,1차,6,구술,0,0.0
109162,1차,6,기타,0,0.0
109162,2차,2,객관식,1,0.5
109162,2차,2,주관식,1,0.5
109162,2차,2,T/F형,0,0.0
109162,2차,2,약술형,0,0.0
109162,2차,2,논술형,0,0.0
109162,2차,2,구술,0,0.0
109162,2차,2,기타,0,0.0
109162,4차,1,객관식,1,1.0
109162,4차,1,주관식,0,0.0
109162,4차,1,T/F형,0,0.0
109162,4차,1,약술형,0,0.0
109162,4차,1,논술형,0,0.0
109162,4차,1,구술,0,0.0
109162,4차,1,기타,0,0.0
109429,중간,20,객관식,15,0.75
109429,중간,20,주관식,15,0.75
109429,중간,20,T/F형,8,0.4
109429,중간,20,약술형,1,0.05
109429,중간,20,논술형,3,0.15
109429,중간,20,구술,0,0.0
109429,중간,20,기타,0,0.0
109429,기말,1,객관식,0,0.0
109429,기말,1,주관식,0,0.0
109429,기말,1,T/F형,0,0.0
109429,기말,1,약술형,0,0.0
109429,기말,1,논술형,1,1.0
109429,기말,1,구술,0,0.0
109429,기말,1,기타,0,0.0
109429,기타,1,객관식,0,0.0
109429,기타,1,주관식,1,1.0
109429,기타,1,T/F형,0,0.0
109429,기타,1,약술형,0,0.0
109429,기타,1,논술형,0,0.0
109429,기타,1,구술,0,0.0
109429,기타,1,기타,0,0.0
114011,중간,2,객관식,2,1.0
114011,중간,2,주관식,2,1.0
114011,중간,2,T/F형,0,0.0
114011,중간,2,약술형,2,1.0
114011,중간,2,논술형,1,0.5
114011,중간,2,구술,0,0.0
114011,중간,2,기타,0,0.0
114011,기말,2,객관식,2,1.0
114011,기말,2,주관식,2,1.0
114011,기말,2,T/F형,0,0.0
114011,기말,2,약술형,0,0.0
114011,기말,2,논술형,2,1.0
114011,기말,2,구술,0,0.0
114011,기말,2,기타,0,0.0
120416,중간,1,객관식,0,0.0
120416,중간,1,주관식,0,0.0
120416,중간,1,T/F형,0,0.0
120416,중간,1,약술형,0,0.0
120416,중간,1,논술형,1,1.0
120416,중간,1,구술,0,0.0
120416,중간,1,기타,0,0.0
120416,기말,1,객관식,0,0.0
120416,기말,1,주관식,0,0.0
120416,기말,1,T/F형,0,0.0
120416,기말,1,약술형,0,0.0
120416,기말,1,논술형,0,0.0
120416,기말,1,구술,0,0.0
120416,기말,1,기타,0,0.0
120496,중간,13,객관식,10,0.769231
120496,중간,13,주관식,7,0.538462
120496,중간,13,T/F형,0,0.0
120496,중간,13,약술형,1,0.076923
120496,중간,13,논술형,0,0.0
120496,중간,13,구술,0,0.0
120496,중간,13,기타,1,0.076923
120496,기말,2,객관식,2,1.0
120496,기말,2,주관식,0,0.0
120496,기말,2,T/F형,0,0.0
120496,기말,2,약술형,0,0.0
120496,기말,2,논술형,0,0.0
120496,기말,2,구술,0,0.0
120496,기말,2,기타,0,0.0
120496,기타,1,객관식,1,1.0
120496,기타,1,주관식,1,1.0
120496,기타,1,T/F형,0,0.0
120496,기타,1,약술형,0,0.0
120496,기타,1,논술형,1,1.0
120496,기타,1,구술,0,0.0
120496,기타,1,기타,0,0.0
120533,중간,2,객관식,1,0.5
120533,중간,2,주관식,0,0.0
120533,중간,2,T/F형,0,0.0
120533,중간,2,약술형,0,0.0
120533,중간,2,논술형,1,0.5
120533,중간,2,구술,0,0.0
120533,중간,2,기타,0,0.0
120533,기말,8,객관식,8,1.0
120533,기말,8,주관식,0,0.0
120533,기말,8,T/F형,0,0.0
120533,기말,8,약술형,0,0.0
120533,기말,8,논술형,0,0.0
120533,기말,8,구술,0,0.0
120533,기말,8,기타,0,0.0
120624,중간,5,객관식,5,1.0
120624,중간,5,주관식,3,0.6
120624,중간,5,T/F형,3,0.6
120624,중간,5,약술형,1,0.2
120624,중간,5,논술형,0,0.0
120624,중간,5,구술,0,0.0
120624,중간,5,기타,0,0.0
120624,기말,1,객관식,0,0.0
120624,기말,1,주관식,1,1.0
120624,기말,1,T/F형,0,0.0
120624,기말,1,약술형,0,0.0
120624,기말,1,논술형,0,0.0
120624,기말,1,구술,0,0.0
120624,기말,1,기타,0,0.0
120624,1차,1,객관식,0,0.0
120624,1차,1,주관식,0,0.0
120624,1차,1,T/F형,0,0.0
120624,1차,1,약술형,0,0.0
120624,1차,1,논술형,0,0.0
120624,1차,1,구술,0,0.0
120624,1차,1,기타,1,1.0
120624,3차,1,객관식,0,0.0
120624,3차,1,주관식,0,0.0
120624,3차,1,T/F형,0,0.0
120624,3차,1,약술형,0,0.0
120624,3차,1,논술형,0,0.0
120624,3차,1,구술,0,0.0
120624,3차,1,기타,0,0.0
120802,중간,24,객관식,2,0.083333
120802,중간,24,주관식,13,0.541667
120802,중간,24,T/F형,0,0.0
120802,중간,24,약술형,6,0.25
120802,중간,24,논술형,6,0.25
120802,중간,24,구술,0,0.0
120802,중간,24,기타,1,0.041667
120802,기말,3,객관식,0,0.0
120802,기말,3,주관식,1,0.333333
120802,기말,3,T/F형,0,0.0
120802,기말,3,약술형,0,0.0
120802,기말,3,논술형,1,0.333333
120802,기말,3,구술,0,0.0
120802,기말,3,기타,0,0.0
120802,기타,1,객관식,0,0.0
120802,기타,1,주관식,1,1.0
120802,기타,1,T/F형,0,0.0
120802,기타,1,약술형,0,0.0
120802,기타,1,논술형,1,1.0
120802,기타,1,구술,0,0.0
120802,기타,1,기타,0,0.0
120809,중간,7,객관식,2,0.285714
120809,중간,7,주관식,6,0.857143
120809,중간,7,T/F형,0,0.0
120809,중간,7,약술형,0,0.0
120809,중간,7,논술형,0,0.0
120809,중간,7,구술,0,0.0
120809,중간,7,기타,0,0.0
120809,기말,7,객관식,3,0.428571
120809,기말,7,주관식,4,0.571429
120809,기말,7,T/F형,0,0.0
120809,기말,7,약술형,0,0.0
120809,기말,7,논술형,0,0.0
120809,기말,7,구술,0,0.0
120809,기말,7,기타,0,0.0
120833,중간,16,객관식,0,0.0
120833,중간,16,주관식,6,0.375
120833,중간,16,T/F형,0,0.0
120833,중간,16,약술형,5,0.3125
120833,중간,16,논술형,7,0.4375
120833,중간,16,구술,1,0.0625
120833,중간,16,기타,1,0.0625
120833,기말,6,객관식,0,0.0
120833,기말,6,주관식,3,0.5
120833,기말,6,T/F형,0,0.0
120833,기말,6,약술형,1,0.166667
120833,기말,6,논술형,4,0.666667
120833,기말,6,구술,0,0.0
120833,기말,6,기타,0,0.0
120851,중간,33,객관식,14,0.424242
120851,중간,33,주관식,13,0.393939
120851,중간,33,T/F형,0,0.0
120851,중간,33,약술형,11,0.333333
120851,중간,33,논술형,16,0.484848
120851,중간,33,구술,1,0.030303
120851,중간,33,기타,0,0.0
120851,기말,66,객관식,11,0.166667
120851,기말,66,주관식,30,0.454545
120851,기말,66,T/F형,0,0.0
120851,기말,66,약술형,18,0.272727
120851,기말,66,논술형,34,0.515152
120851,기말,66,구술,0,0.0
120851,기말,66,기타,0,0.0
120875,중간,1,객관식,0,0.0
120875,중간,1,주관식,0,0.0
120875,중간,1,T/F형,0,0.0
120875,중간,1,약술형,0,0.0
120875,중간,1,논술형,0,0.0
120875,중간,1,구술,0,0.0
120875,중간,1,기타,1,1.0
120875,1차,1,객관식,0,0.0
120875,1차,1,주관식,0,0.0
120875,1차,1,T/F형,0,0.0
120875,1차,1,약술형,0,0.0
120875,1차,1,논술형,0,0.0
120875,1차,1,구술,1,1.0
120875,1차,1,기타,0,0.0
120875,기타,6,객관식,0,0.0
120875,기타,6,주관식,0,0.0
120875,기타,6,T/F형,0,0.0
120875,기타,6,약술형,0,0.0
120875,기타,6,논술형,0,0.0
120875,기타,6,구술,0,0.0
120875,기타,6,기타,6,1.0
120888,중간,2,객관식,0,0.0
120888,중간,2,주관식,0,0.0
120888,중간,2,T/F형,0,0.0
120888,중간,2,약술형,0,0.0
120888,중간,2,논술형,2,1.0
120888,중간,2,구술,0,0.0
120888,중간,2,기타,0,0.0
120901,중간,44,객관식,0,0.0
120901,중간,44,주관식,13,0.295455
120901,중간,44,T/F형,0,0.0
120901,중간,44,약술형,1,0.022727
120901,중간,44,논술형,33,0.75
120901,중간,44,구술,0,0.0
120901,중간,44,기타,0,0.0
120901,기말,31,객관식,0,0.0
120901,기말,31,주관식,4,0.129032
120901,기말,31,T/F형,0,0.0
120901,기말,31,약술형,2,0.064516
120901,기말,31,논술형,27,0.870968
120901,기말,31,구술,0,0.0
120901,기말,31,기타,0,0.0
120954,중간,5,객관식,0,0.0
120954,중간,5,주관식,0,0.0
120954,중간,5,T/F형,0,0.0
120954,중간,5,약술형,1,0.2
120954,중간,5,논술형,3,0.6
120954,중간,5,구술,0,0.0
120954,중간,5,기타,0,0.0
120954,기말,26,객관식,0,0.0
120954,기말,26,주관식,8,0.307692
120954,기말,26,T/F형,0,0.0
120954,기말,26,약술형,5,0.192308
120954,기말,26,논술형,19,0.730769
120954,기말,26,구술,0,0.0
120954,기말,26,기타,0,0.0
120955,중간,17,객관식,1,0.058824
120955,중간,17,주관식,5,0.294118
120955,중간,17,T/F형,0,0.0
120955,중간,17,약술형,2,0.117647
120955,중간,17,논술형,11,0.647059
120955,중간,17,구술,0,0.0
120955,중간,17,기타,3,0.176471
120955,기말,156,객관식,57,0.365385
120955,기말,156,주관식,62,0.397436
120955,기말,156,T/F형,0,0.0
120955,기말,156,약술형,70,0.448718
120955,기말,156,논술형,113,0.724359
120955,기말,156,구술,2,0.012821
120955,기말,156,기타,2,0.012821
120955,1차,1,객관식,1,1.0
120955,1차,1,주관식,0,0.0
120955,1차,1,T/F형,0,0.0
120955,1차,1,약술형,0,0.0
120955,1차,1,논술형,0,0.0
120955,1차,1,구술,0,0.0
120955,1차,1,기타,0,0.0
120955,2차,1,객관식,1,1.0
120955,2차,1,주관식,0,0.0
120955,2차,1,T/F형,0,0.0
120955,2차,1,약술형,0,0.0
120955,2차,1,논술형,0,0.0
120955,2차,1,구술,0,0.0
120955,2차,1,기타,0,0.0
120992,중간,9,객관식,1,0.111111
120992,중간,9,주관식,4,0.444444
120992,중간,9,T/F형,0,0.0
120992,중간,9,약술형,0,0.0
120992,중간,9,논술형,4,0.444444
120992,중간,9,구술,0,0.0
120992,중간,9,기타,1,0.111111
120992,기말,18,객관식,0,0.0
120992,기말,18,주관식,2,0.111111
120992,기말,18,T/F형,0,0.0
120992,기말,18,약술형,1,0.055556
120992,기말,18,논술형,12,0.666667
120992,기말,18,구술,0,0.0
120992,기말,18,기타,2,0.111111
120992,기타,1,객관식,0,0.0
120992,기타,1,주관식,0,0.0
120992,기타,1,T/F형,0,0.0
120992,기타,1,약술형,0,0.0
120992,기타,1,논술형,1,1.0
120992,기타,1,구술,0,0.0
120992,기타,1,기타,0,0.0
1325151,중간,2,객관식,2,1.0
1325151,중간,2,주관식,1,0.5
1325151,중간,2,T/F형,1,0.5
1325151,중간,2,약술형,1,0.5
1325151,중간,2,논술형,1,0.5
1325151,중간,2,구술,0,0.0
1325151,중간,2,기타,0,0.0
1325151,기말,16,객관식,14,0.875
1325151,기말,16,주관식,13,0.8125
1325151,기말,16,T/F형,6,0.375
1325151,기말,16,약술형,7,0.4375
1325151,기말,16,논술형,1,0.0625
1325151,기말,16,구술,0,0.0
1325151,기말,16,기타,0,0.0
1325340,중간,3,객관식,1,0.333333
1325340,중간,3,주관식,0,0.0
1325340,중간,3,T/F형,1,0.333333
1325340,중간,3,약술형,0,0.0
1325340,중간,3,논술형,0,0.0
1325340,중간,3,구술,0,0.0
1325340,중간,3,기타,0,0.0
1325340,기말,2,객관식,2,1.0
1325340,기말,2,주관식,1,0.5
1325340,기말,2,T/F형,0,0.0
1325340,기말,2,약술형,0,0.0
1325340,기말,2,논술형,0,0.0
1325340,기말,2,구술,0,0.0
1325340,기말,2,기타,0,0.0
1325475,중간,3,객관식,1,0.333333
1325475,중간,3,주관식,2,0.666667
1325475,중간,3,T/F형,0,0.0
1325475,중간,3,약술형,0,0.0
1325475,중간,3,논술형,1,0.333333
1325475,중간,3,구술,0,0.0
1325475,중간,3,기타,0,0.0
1325475,기말,5,객관식,4,0.8
1325475,기말,5,주관식,4,0.8
1325475,기말,5,T/F형,1,0.2
1325475,기말,5,약술형,0,0.0
1325475,기말,5,논술형,2,0.4
1325475,기말,5,구술,0,0.0
1325475,기말,5,기타,0,0.0
1325707,중간,1,객관식,0,0.0
1325707,중간,1,주관식,1,1.0
1325707,중간,1,T/F형,1,1.0
1325707,중간,1,약술형,1,1.0
1325707,중간,1,논술형,0,0.0
1325707,중간,1,구술,0,0.0
1325707,중간,1,기타,0,0.0
1325784,중간,6,객관식,3,0.5
1325784,중간,6,주관식,6,1.0
1325784,중간,6,T/F형,1,0.166667
1325784,중간,6,약술형,0,0.0
1325784,중간,6,논술형,0,0.0
1325784,중간,6,구술,0,0.0
1325784,중간,6,기타,0,0.0
1325784,기말,1,객관식,0,0.0
1325784,기말,1,주관식,1,1.0
1325784,기말,1,T/F형,0,0.0
1325784,기말,1,약술형,0,0.0
1325784,기말,1,논술형,0,0.0
1325784,기말,1,구술,0,0.0
1325784,기말,1,기타,0,0.0
1326526,중간,36,객관식,35,0.972222
1326526,중간,36,주관식,33,0.916667
1326526,중간,36,T/F형,0,0.0
1326526,중간,36,약술형,7,0.194444
1326526,중간,36,논술형,8,0.222222
1326526,중간,36,구술,0,0.0
1326526,중간,36,기타,2,0.055556
1326526,기말,12,객관식,10,0.833333
1326526,기말,12,주관식,8,0.666667
1326526,기말,12,T/F형,1,0.083333
1326526,기말,12,약술형,3,0.25
1326526,기말,12,논술형,2,0.166667
1326526,기말,12,구술,0,0.0
1326526,기말,12,기타,0,0.0
1326526,기타,1,객관식,1,1.0
1326526,기타,1,주관식,1,1.0
1326526,기타,1,T/F형,0,0.0
1326526,기타,1,약술형,0,0.0
1326526,기타,1,논술형,0,0.0
1326526,기타,1,구술,0,0.0
1326526,기타,1,기타,0,0.0
1326635,중간,24,객관식,5,0.208333
1326635,중간,24,주관식,20,0.833333
1326635,중간,24,T/F형,3,0.125
1326635,중간,24,약술형,5,0.208333
1326635,중간,24,논술형,1,0.041667
1326635,중간,24,구술,1,0.041667
1326635,중간,24,기타,3,0.125
1326635,1차,1,객관식,0,0.0
1326635,1차,1,주관식,1,1.0
1326635,1차,1,T/F형,0,0.0
1326635,1차,1,약술형,0,0.0
1326635,1차,1,논술형,0,0.0
1326635,1차,1,구술,0,0.0
1326635,1차,1,기타,0,0.0
1326635,기타,1,객관식,0,0.0
1326635,기타,1,주관식,0,0.0
1326635,기타,1,T/F형,0,0.0
1326635,기타,1,약술형,0,0.0
1326635,기타,1,논술형,0,0.0
1326635,기타,1,구술,0,0.0
1326635,기타,1,기타,1,1.0
1326732,중간,72,객관식,66,0.916667
1326732,중간,72,주관식,46,0.638889
1326732,중간,72,T/F형,42,0.583333
1326732,중간,72,약술형,6,0.083333
1326732,중간,72,논술형,6,0.083333
1326732,중간,72,구술,0,0.0
1326732,중간,72,기타,2,0.027778
1326732,기말,27,객관식,24,0.888889
1326732,기말,27,주관식,19,0.703704
1326732,기말,27,T/F형,10,0.37037
1326732,기말,27,약술형,5,0.185185
1326732,기말,27,논술형,5,0.185185
1326732,기말,27,구술,0,0.0
1326732,기말,27,기타,0,0.0
1327401,기말,1,객관식,1,1.0
1327401,기말,1,주관식,1,1.0
1327401,기말,1,T/F형,1,1.0
1327401,기말,1,약술형,1,1.0
1327401,기말,1,논술형,1,1.0
1327401,기말,1,구술,0,0.0
1327401,기말,1,기타,0,0.0
1327584,중간,9,객관식,0,0.0
1327584,중간,9,주관식,7,0.777778
1327584,중간,9,T/F형,0,0.0
1327584,중간,9,약술형,2,0.222222
1327584,중간,9,논술형,2,0.222222
1327584,중간,9,구술,0,0.0
1327584,중간,9,기타,0,0.0
1327584,기말,2,객관식,0,0.0
1327584,기말,2,주관식,1,0.5
1327584,기말,2,T/F형,0,0.0
1327584,기말,2,약술형,0,0.0
1327584,기말,2,논술형,0,0.0
1327584,기말,2,구술,0,0.0
1327584,기말,2,기타,0,0.0
1328963,중간,1,객관식,1,1.0
1328963,중간,1,주관식,1,1.0
1328963,중간,1,T/F형,1,1.0
1328963,중간,1,약술형,0,0.0
1328963,중간,1,논술형,1,1.0
1328963,중간,1,구술,0,0.0
1328963,중간,1,기타,0,0.0
1328963,기말,3,객관식,0,0.0
1328963,기말,3,주관식,2,0.666667
1328963,기말,3,T/F형,0,0.0
1328963,기말,3,약술형,0,0.0
1328963,기말,3,논술형,1,0.333333
1328963,기말,3,구술,0,0.0
1328963,기말,3,기타,0,0.0
1328964,중간,5,객관식,1,0.2
1328964,중간,5,주관식,2,0.4
1328964,중간,5,T/F형,0,0.0
1328964,중간,5,약술형,2,0.4
1328964,중간,5,논술형,2,0.4
1328964,중간,5,구술,0,0.0
1328964,중간,5,기타,0,0.0
1328964,기말,20,객관식,5,0.25
1328964,기말,20,주관식,13,0.65
1328964,기말,20,T/F형,0,0.0
1328964,기말,20,약술형,5,0.25
1328964,기말,20,논술형,9,0.45
1328964,기말,20,구술,0,0.0
1328964,기말,20,기타,0,0.0
1329640,중간,1,객관식,0,0.0
1329640,중간,1,주관식,1,1.0
1329640,중간,1,T/F형,0,0.0
1329640,중간,1,약술형,1,1.0
1329640,중간,1,논술형,0,0.0
1329640,중간,1,구술,0,0.0
1329640,중간,1,기타,0,0.0
1329640,기말,1,객관식,0,0.0
1329640,기말,1,주관식,1,1.0
1329640,기말,1,T/F형,0,0.0
1329640,기말,1,약술형,0,0.0
1329640,기말,1,논술형,0,0.0
1329640,기말,1,구술,0,0.0
1329640,기말,1,기타,0,0.0
1329646,중간,1,객관식,1,1.0
1329646,중간,1,주관식,1,1.0
1329646,중간,1,T/F형,1,1.0
1329646,중간,1,약술형,1,1.0
1329646,중간,1,논술형,0,0.0
1329646,중간,1,구술,0,0.0
1329646,중간,1,기타,0,0.0
1329646,기타,1,객관식,1,1.0
1329646,기타,1,주관식,1,1.0
1329646,기타,1,T/F형,1,1.0
1329646,기타,1,약술형,0,0.0
1329646,기타,1,논술형,0,0.0
1329646,기타,1,구술,0,0.0
1329646,기타,1,기타,0,0.0
1329670,중간,1,객관식,0,0.0
1329670,중간,1,주관식,1,1.0
1329670,중간,1,T/F형,0,0.0
1329670,중간,1,약술형,0,0.0
1329670,중간,1,논술형,0,0.0
1329670,중간,1,구술,0,0.0
1329670,중간,1,기타,0,0.0
1329670,기말,1,객관식,1,1.0
1329670,기말,1,주관식,1,1.0
1329670,기말,1,T/F형,0,0.0
1329670,기말,1,약술형,0,0.0
1329670,기말,1,논술형,0,0.0
1329670,기말,1,구술,0,0.0
1329670,기말,1,기타,0,0.0
1329674,기말,1,객관식,1,1.0
1329674,기말,1,주관식,0,0.0
1329674,기말,1,T/F형,0,0.0
1329674,기말,1,약술형,0,0.0
1329674,기말,1,논술형,0,0.0
1329674,기말,1,구술,0,0.0
1329674,기말,1,기타,0,0.0
1329675,중간,1,객관식,1,1.0
1329675,중간,1,주관식,0,0.0
1329675,중간,1,T/F형,0,0.0
1329675,중간,1,약술형,0,0.0
1329675,중간,1,논술형,0,0.0
1329675,중간,1,구술,0,0.0
1329675,중간,1,기타,0,0.0
1329702,중간,2,객관식,0,0.0
1329702,중간,2,주관식,1,0.5
1329702,중간,2,T/F형,0,0.0
1329702,중간,2,약술형,0,0.0
1329702,중간,2,논술형,2,1.0
1329702,중간,2,구술,0,0.0
1329702,중간,2,기타,0,0.0
1611803,중간,5,객관식,2,0.4
1611803,중간,5,주관식,4,0.8
1611803,중간,5,T/F형,1,0.2
1611803,중간,5,약술형,3,0.6
1611803,중간,5,논술형,2,0.4
1611803,중간,5,구술,0,0.0
1611803,중간,5,기타,0,0.0
1611803,기말,4,객관식,1,0.25
1611803,기말,4,주관식,3,0.75
1611803,기말,4,T/F형,0,0.0
1611803,기말,4,약술형,3,0.75
1611803,기말,4,논술형,1,0.25
1611803,기말,4,구술,0,0.0
1611803,기말,4,기타,0,0.0
1611859,중간,3,객관식,0,0.0
1611859,중간,3,주관식,2,0.666667
1611859,중간,3,T/F형,0,0.0
1611859,중간,3,약술형,2,0.666667
1611859,중간,3,논술형,2,0.666667
1611859,중간,3,구술,0,0.0
1611859,중간,3,기타,0,0.0
1611860,기말,1,객관식,0,0.0
1611860,기말,1,주관식,1,1.0
1611860,기말,1,T/F형,0,0.0
1611860,기말,1,약술형,0,0.0
1611860,기말,1,논술형,0,0.0
1611860,기말,1,구술,0,0.0
1611860,기말,1,기타,0,0.0
1611865,중간,12,객관식,0,0.0
1611865,중간,12,주관식,11,0.916667
1611865,중간,12,T/F형,0,0.0
1611865,중간,12,약술형,8,0.666667
1611865,중간,12,논술형,8,0.666667
1611865,중간,12,구술,0,0.0
1611865,중간,12,기타,0,0.0
1611865,기말,3,객관식,0,0.0
1611865,기말,3,주관식,2,0.666667
1611865,기말,3,T/F형,0,0.0
1611865,기말,3,약술형,1,0.333333
1611865,기말,3,논술형,1,0.333333
1611865,기말,3,구술,0,0.0
1611865,기말,3,기타,0,0.0
1611865,기타,1,객관식,0,0.0
1611865,기타,1,주관식,0,0.0
1611865,기타,1,T/F형,0,0.0
1611865,기타,1,약술형,0,0.0
1611865,기타,1,논술형,0,0.0
1611865,기타,1,구술,0,0.0
1611865,기타,1,기타,1,1.0
1611867,기말,1,객관식,0,0.0
1611867,기말,1,주관식,0,0.0
1611867,기말,1,T/F형,0,0.0
1611867,기말,1,약술형,0,0.0
1611867,기말,1,논술형,0,0.0
1611867,기말,1,구술,0,0.0
1611867,기말,1,기타,1,1.0
1611867,기타,2,객관식,0,0.0
1611867,기타,2,주관식,0,0.0
1611867,기타,2,T/F형,0,0.0
1611867,기타,2,약술형,0,0.0
1611867,기타,2,논술형,0,0.0
1611867,기타,2,구술,0,0.0
1611867,기타,2,기타,2,1.0
1611878,기말,1,객관식,1,1.0
1611878,기말,1,주관식,0,0.0
1611878,기말,1,T/F형,0,0.0
1611878,기말,1,약술형,0,0.0
1611878,기말,1,논술형,0,0.0
1611878,기말,1,구술,0,0.0
1611878,기말,1,기타,0,0.0
1611904,중간,9,객관식,0,0.0
1611904,중간,9,주관식,3,0.333333
1611904,중간,9,T/F형,0,0.0
1611904,중간,9,약술형,0,0.0
1611904,중간,9,논술형,4,0.444444
1611904,중간,9,구술,0,0.0
1611904,중간,9,기타,1,0.111111
1611904,기말,6,객관식,0,0.0
1611904,기말,6,주관식,4,0.666667
1611904,기말,6,T/F형,0,0.0
1611904,기말,6,약술형,0,0.0
1611904,기말,6,논술형,3,0.5
1611904,기말,6,구술,0,0.0
1611904,기말,6,기타,1,0.166667
1611904,기타,1,객관식,0,0.0
1611904,기타,1,주관식,0,0.0
1611904,기타,1,T/F형,0,0.0
1611904,기타,1,약술형,0,0.0
1611904,기타,1,논술형,0,0.0
1611904,기타,1,구술,0,0.0
1611904,기타,1,기타,1,1.0
1611905,중간,31,객관식,1,0.032258
1611905,중간,31,주관식,10,0.322581
1611905,중간,31,T/F형,0,0.0
1611905,중간,31,약술형,6,0.193548
1611905,중간,31,논술형,25,0.806452
1611905,중간,31,구술,0,0.0
1611905,중간,31,기타,0,0.0
1611905,기말,23,객관식,1,0.043478
1611905,기말,23,주관식,8,0.347826
1611905,기말,23,T/F형,0,0.0
1611905,기말,23,약술형,1,0.043478
1611905,기말,23,논술형,16,0.695652
1611905,기말,23,구술,0,0.0
1611905,기말,23,기타,0,0.0
1611923,중간,5,객관식,2,0.4
1611923,중간,5,주관식,4,0.8
1611923,중간,5,T/F형,0,0.0
1611923,중간,5,약술형,1,0.2
1611923,중간,5,논술형,0,0.0
1611923,중간,5,구술,0,0.0
1611923,중간,5,기타,0,0.0
1611923,기말,3,객관식,0,0.0
1611923,기말,3,주관식,3,1.0
1611923,기말,3,T/F형,1,0.333333
1611923,기말,3,약술형,0,0.0
1611923,기말,3,논술형,0,0.0
1611923,기말,3,구술,1,0.333333
1611923,기말,3,기타,0,0.0
1611939,기타,1,객관식,0,0.0
1611939,기타,1,주관식,1,1.0
1611939,기타,1,T/F형,0,0.0
1611939,기타,1,약술형,0,0.0
1611939,기타,1,논술형,0,0.0
1611939,기타,1,구술,0,0.0
1611939,기타,1,기타,0,0.0
1611975,중간,2,객관식,2,1.0
1611975,중간,2,주관식,0,0.0
1611975,중간,2,T/F형,1,0.5
1611975,중간,2,약술형,1,0.5
1611975,중간,2,논술형,1,0.5
1611975,중간,2,구술,0,0.0
1611975,중간,2,기타,0,0.0
1611975,기말,1,객관식,0,0.0
1611975,기말,1,주관식,0,0.0
1611975,기말,1,T/F형,1,1.0
1611975,기말,1,약술형,0,0.0
1611975,기말,1,논술형,0,0.0
1611975,기말,1,구술,0,0.0
1611975,기말,1,기타,0,0.0
1611975,기타,1,객관식,0,0.0
1611975,기타,1,주관식,0,0.0
1611975,기타,1,T/F형,0,0.0
1611975,기타,1,약술형,0,0.0
1611975,기타,1,논술형,0,0.0
1611975,기타,1,구술,0,0.0
1611975,기타,1,기타,1,1.0
1611993,중간,9,객관식,0,0.0
1611993,중간,9,주관식,2,0.222222
1611993,중간,9,T/F형,0,0.0
1611993,중간,9,약술형,0,0.0
1611993,중간,9,논술형,7,0.777778
1611993,중간,9,구술,0,0.0
1611993,중간,9,기타,1,0.111111
1611993,기말,6,객관식,0,0.0
1611993,기말,6,주관식,2,0.333333
1611993,기말,6,T/F형,0,0.0
1611993,기말,6,약술형,0,0.0
1611993,기말,6,논술형,5,0.833333
1611993,기말,6,구술,0,0.0
1611993,기말,6,기타,0,0.0
1612015,기말,1,객관식,0,0.0
1612015,기말,1,주관식,0,0.0
1612015,기말,1,T/F형,0,0.0
1612015,기말,1,약술형,0,0.0
1612015,기말,1,논술형,0,0.0
1612015,기말,1,구술,0,0.0
1612015,기말,1,기타,1,1.0
1612015,기타,1,객관식,0,0.0
1612015,기타,1,주관식,1,1.0
1612015,기타,1,T/F형,0,0.0
1612015,기타,1,약술형,0,0.0
1612015,기타,1,논술형,0,0.0
1612015,기타,1,구술,0,0.0
1612015,기타,1,기타,0,0.0
1612034,중간,7,객관식,2,0.285714
1612034,중간,7,주관식,5,0.714286
1612034,중간,7,T/F형,0,0.0
1612034,중간,7,약술형,4,0.571429
1612034,중간,7,논술형,0,0.0
1612034,중간,7,구술,0,0.0
1612034,중간,7,기타,2,0.285714
1612034,기말,2,객관식,0,0.0
1612034,기말,2,주관식,2,1.0
1612034,기말,2,T/F형,0,0.0
1612034,기말,2,약술형,1,0.5
1612034,기말,2,논술형,0,0.0
1612034,기말,2,구술,0,0.0
1612034,기말,2,기타,0,0.0
1612035,중간,1,객관식,0,0.0
1612035,중간,1,주관식,0,0.0
1612035,중간,1,T/F형,0,0.0
1612035,중간,1,약술형,1,1.0
1612035,중간,1,논술형,1,1.0
1612035,중간,1,구술,0,0.0
1612035,중간,1,기타,0,0.0
1612035,기타,1,객관식,0,0.0
1612035,기타,1,주관식,1,1.0
1612035,기타,1,T/F형,0,0.0
1612035,기타,1,약술형,0,0.0
1612035,기타,1,논술형,0,0.0
1612035,기타,1,구술,0,0.0
1612035,기타,1,기타,0,0.0
1612043,중간,11,객관식,1,0.090909
1612043,중간,11,주관식,4,0.363636
1612043,중간,11,T/F형,0,0.0
1612043,중간,11,약술형,4,0.363636
1612043,중간,11,논술형,3,0.272727
1612043,중간,11,구술,0,0.0
1612043,중간,11,기타,0,0.0
1612043,기말,6,객관식,2,0.333333
1612043,기말,6,주관식,3,0.5
1612043,기말,6,T/F형,0,0.0
1612043,기말,6,약술형,2,0.333333
1612043,기말,6,논술형,3,0.5
1612043,기말,6,구술,0,0.0
1612043,기말,6,기타,0,0.0
1612105,중간,1,객관식,0,0.0
1612105,중간,1,주관식,1,1.0
1612105,중간,1,T/F형,0,0.0
1612105,중간,1,약술형,0,0.0
1612105,중간,1,논술형,0,0.0
1612105,중간,1,구술,0,0.0
1612105,중간,1,기타,0,0.0
1612105,기말,1,객관식,0,0.0
1612105,기말,1,주관식,1,1.0
1612105,기말,1,T/F형,0,0.0
1612105,기말,1,약술형,0,0.0
1612105,기말,1,논술형,0,0.0
1612105,기말,1,구술,0,0.0
1612105,기말,1,기타,0,0.0
1612122,1차,3,객관식,0,0.0
1612122,1차,3,주관식,2,0.666667
1612122,1차,3,T/F형,3,1.0
1612122,1차,3,약술형,1,0.333333
1612122,1차,3,논술형,0,0.0
1612122,1차,3,구술,0,0.0
1612122,1차,3,기타,0,0.0
1612199,중간,1,객관식,0,0.0
1612199,중간,1,주관식,0,0.0
1612199,중간,1,T/F형,0,0.0
1612199,중간,1,약술형,0,0.0
1612199,중간,1,논술형,0,0.0
1612199,중간,1,구술,0,0.0
1612199,중간,1,기타,0,0.0
1612228,중간,15,객관식,2,0.133333
1612228,중간,15,주관식,12,0.8
1612228,중간,15,T/F형,0,0.0
1612228,중간,15,약술형,4,0.266667
1612228,중간,15,논술형,3,0.2
1612228,중간,15,구술,0,0.0
1612228,중간,15,기타,0,0.0
1612228,기말,1,객관식,1,1.0
1612228,기말,1,주관식,0,0.0
1612228,기말,1,T/F형,0,0.0
1612228,기말,1,약술형,1,1.0
1612228,기말,1,논술형,0,0.0
1612228,기말,1,구술,0,0.0
1612228,기말,1,기타,0,0.0
1612232,중간,5,객관식,5,1.0
1612232,중간,5,주관식,5,1.0
1612232,중간,5,T/F형,1,0.2
1612232,중간,5,약술형,1,0.2
1612232,중간,5,논술형,1,0.2
1612232,중간,5,구술,0,0.0
1612232,중간,5,기타,0,0.0
1612232,기말,4,객관식,3,0.75
1612232,기말,4,주관식,4,1.0
1612232,기말,4,T/F형,1,0.25
1612232,기말,4,약술형,0,0.0
1612232,기말,4,논술형,1,0.25
1612232,기말,4,구술,0,0.0
1612232,기말,4,기타,0,0.0
1612233,중간,5,객관식,0,0.0
1612233,중간,5,주관식,3,0.6
1612233,중간,5,T/F형,1,0.2
1612233,중간,5,약술형,0,0.0
1612233,중간,5,논술형,1,0.2
1612233,중간,5,구술,0,0.0
1612233,중간,5,기타,0,0.0
1612233,기말,2,객관식,1,0.5
1612233,기말,2,주관식,2,1.0
1612233,기말,2,T/F형,0,0.0
1612233,기말,2,약술형,1,0.5
1612233,기말,2,논술형,0,0.0
1612233,기말,2,구술,0,0.0
1612233,기말,2,기타,0,0.0
1612243,중간,8,객관식,2,0.25
1612243,중간,8,주관식,7,0.875
1612243,중간,8,T/F형,0,0.0
1612243,중간,8,약술형,2,0.25
1612243,중간,8,논술형,1,0.125
1612243,중간,8,구술,0,0.0
1612243,중간,8,기타,0,0.0
1612243,기말,1,객관식,1,1.0
1612243,기말,1,주관식,0,0.0
1612243,기말,1,T/F형,0,0.0
1612243,기말,1,약술형,0,0.0
1612243,기말,1,논술형,0,0.0
1612243,기말,1,구술,0,0.0
1612243,기말,1,기타,0,0.0
1612245,중간,18,객관식,17,0.944444
1612245,중간,18,주관식,0,0.0
1612245,중간,18,T/F형,0,0.0
1612245,중간,18,약술형,0,0.0
1612245,중간,18,논술형,0,0.0
1612245,중간,18,구술,0,0.0
1612245,중간,18,기타,0,0.0
1612245,기말,6,객관식,6,1.0
1612245,기말,6,주관식,1,0.166667
1612245,기말,6,T/F형,1,0.166667
1612245,기말,6,약술형,0,0.0
1612245,기말,6,논술형,0,0.0
1612245,기말,6,구술,0,0.0
1612245,기말,6,기타,0,0.0
1612254,중간,3,객관식,1,0.333333
1612254,중간,3,주관식,2,0.666667
1612254,중간,3,T/F형,0,0.0
1612254,중간,3,약술형,2,0.666667
1612254,중간,3,논술형,1,0.333333
1612254,중간,3,구술,0,0.0
1612254,중간,3,기타,0,0.0
1612254,기말,1,객관식,0,0.0
1612254,기말,1,주관식,1,1.0
1612254,기말,1,T/F형,0,0.0
1612254,기말,1,약술형,1,1.0
1612254,기말,1,논술형,0,0.0
1612254,기말,1,구술,0,0.0
1612254,기말,1,기타,0,0.0
1612256,중간,6,객관식,1,0.166667
1612256,중간,6,주관식,2,0.333333
1612256,중간,6,T/F형,0,0.0
1612256,중간,6,약술형,1,0.166667
1612256,중간,6,논술형,2,0.333333
1612256,중간,6,구술,0,0.0
1612256,중간,6,기타,4,0.666667
1612256,기말,13,객관식,12,0.923077
1612256,기말,13,주관식,4,0.307692
1612256,기말,13,T/F형,3,0.230769
1612256,기말,13,약술형,1,0.076923
1612256,기말,13,논술형,4,0.307692
1612256,기말,13,구술,0,0.0
1612256,기말,13,기타,0,0.0
1612277,중간,9,객관식,8,0.888889
1612277,중간,9,주관식,4,0.444444
1612277,중간,9,T/F형,4,0.444444
1612277,중간,9,약술형,0,0.0
1612277,중간,9,논술형,0,0.0
1612277,중간,9,구술,0,0.0
1612277,중간,9,기타,0,0.0
1612277,기말,4,객관식,4,1.0
1612277,기말,4,주관식,1,0.25
1612277,기말,4,T/F형,1,0.25
1612277,기말,4,약술형,0,0.0
1612277,기말,4,논술형,0,0.0
1612277,기말,4,구술,0,0.0
1612277,기말,4,기타,0,0.0
1612277,1차,1,객관식,0,0.0
1612277,1차,1,주관식,1,1.0
1612277,1차,1,T/F형,0,0.0
1612277,1차,1,약술형,0,0.0
1612277,1차,1,논술형,0,0.0
1612277,1차,1,구술,0,0.0
1612277,1차,1,기타,0,0.0
1612305,중간,13,객관식,0,0.0
1612305,중간,13,주관식,0,0.0
1612305,중간,13,T/F형,0,0.0
1612305,중간,13,약술형,11,0.846154
1612305,중간,13,논술형,5,0.384615
1612305,중간,13,구술,0,0.0
1612305,중간,13,기타,0,0.0
1612305,기말,14,객관식,0,0.0
1612305,기말,14,주관식,2,0.142857
1612305,기말,14,T/F형,0,0.0
1612305,기말,14,약술형,5,0.357143
1612305,기말,14,논술형,13,0.928571
1612305,기말,14,구술,0,0.0
1612305,기말,14,기타,0,0.0
1612354,기말,1,객관식,0,0.0
1612354,기말,1,주관식,0,0.0
1612354,기말,1,T/F형,0,0.0
1612354,기말,1,약술형,0,0.0
1612354,기말,1,논술형,0,0.0
1612354,기말,1,구술,0,0.0
1612354,기말,1,기타,1,1.0
1612361,중간,1,객관식,0,0.0
1612361,중간,1,주관식,1,1.0
1612361,중간,1,T/F형,0,0.0
1612361,중간,1,약술형,0,0.0
1612361,중간,1,논술형,0,0.0
1612361,중간,1,구술,0,0.0
1612361,중간,1,기타,0,0.0
1612363,중간,17,객관식,1,0.058824
1612363,중간,17,주관식,13,0.764706
1612363,중간,17,T/F형,0,0.0
1612363,중간,17,약술형,6,0.352941
1612363,중간,17,논술형,3,0.176471
1612363,중간,17,구술,1,0.058824
1612363,중간,17,기타,0,0.0
1612363,기말,13,객관식,0,0.0
1612363,기말,13,주관식,10,0.769231
1612363,기말,13,T/F형,0,0.0
1612363,기말,13,약술형,2,0.153846
1612363,기말,13,논술형,3,0.230769
1612363,기말,13,구술,0,0.0
1612363,기말,13,기타,0,0.0
1688560,중간,15,객관식,13,0.866667
1688560,중간,15,주관식,0,0.0
1688560,중간,15,T/F형,13,0.866667
1688560,중간,15,약술형,0,0.0
1688560,중간,15,논술형,0,0.0
1688560,중간,15,구술,0,0.0
1688560,중간,15,기타,0,0.0
1688560,기말,7,객관식,6,0.857143
1688560,기말,7,주관식,0,0.0
1688560,기말,7,T/F형,4,0.571429
1688560,기말,7,약술형,0,0.0
1688560,기말,7,논술형,0,0.0
1688560,기말,7,구술,0,0.0
1688560,기말,7,기타,1,0.142857
1688560,1차,2,객관식,1,0.5
1688560,1차,2,주관식,0,0.0
1688560,1차,2,T/F형,0,0.0
1688560,1차,2,약술형,0,0.0
1688560,1차,2,논술형,0,0.0
1688560,1차,2,구술,1,0.5
1688560,1차,2,기타,0,0.0
1688560,2차,1,객관식,0,0.0
1688560,2차,1,주관식,0,0.0
1688560,2차,1,T/F형,0,0.0
1688560,2차,1,약술형,0,0.0
1688560,2차,1,논술형,0,0.0
1688560,2차,1,구술,1,1.0
1688560,2차,1,기타,0,0.0
1688560,3차,1,객관식,0,0.0
1688560,3차,1,주관식,0,0.0
1688560,3차,1,T/F형,0,0.0
1688560,3차,1,약술형,0,0.0
1688560,3차,1,논술형,0,0.0
1688560,3차,1,구술,1,1.0
1688560,3차,1,기타,0,0.0
1688564,중간,17,객관식,11,0.647059
1688564,중간,17,주관식,7,0.411765
1688564,중간,17,T/F형,0,0.0
1688564,중간,17,약술형,5,0.294118
1688564,중간,17,논술형,11,0.647059
1688564,중간,17,구술,0,0.0
1688564,중간,17,기타,0,0.0
1688564,기말,11,객관식,9,0.818182
1688564,기말,11,주관식,6,0.545455
1688564,기말,11,T/F형,0,0.0
1688564,기말,11,약술형,2,0.181818
1688564,기말,11,논술형,6,0.545455
1688564,기말,11,구술,0,0.0
1688564,기말,11,기타,0,0.0
1688583,중간,10,객관식,0,0.0
1688583,중간,10,주관식,8,0.8
1688583,중간,10,T/F형,0,0.0
1688583,중간,10,약술형,3,0.3
1688583,중간,10,논술형,3,0.3
1688583,중간,10,구술,0,0.0
1688583,중간,10,기타,0,0.0
1688583,기말,3,객관식,0,0.0
1688583,기말,3,주관식,2,0.666667
1688583,기말,3,T/F형,0,0.0
1688583,기말,3,약술형,1,0.333333
1688583,기말,3,논술형,1,0.333333
1688583,기말,3,구술,0,0.0
1688583,기말,3,기타,0,0.0
1688585,중간,5,객관식,0,0.0
1688585,중간,5,주관식,1,0.2
1688585,중간,5,T/F형,0,0.0
1688585,중간,5,약술형,1,0.2
1688585,중간,5,논술형,1,0.2
1688585,중간,5,구술,0,0.0
1688585,중간,5,기타,3,0.6
1688585,기말,4,객관식,0,0.0
1688585,기말,4,주관식,1,0.25
1688585,기말,4,T/F형,0,0.0
1688585,기말,4,약술형,0,0.0
1688585,기말,4,논술형,0,0.0
1688585,기말,4,구술,0,0.0
1688585,기말,4,기타,3,0.75
1688612,중간,1,객관식,0,0.0
1688612,중간,1,주관식,0,0.0
1688612,중간,1,T/F형,0,0.0
1688612,중간,1,약술형,0,0.0
1688612,중간,1,논술형,0,0.0
1688612,중간,1,구술,0,0.0
1688612,중간,1,기타,1,1.0
1688612,기말,7,객관식,0,0.0
1688612,기말,7,주관식,2,0.285714
1688612,기말,7,T/F형,0,0.0
1688612,기말,7,약술형,0,0.0
1688612,기말,7,논술형,6,0.857143
1688612,기말,7,구술,1,0.142857
1688612,기말,7,기타,0,0.0
1688642,기말,3,객관식,0,0.0
1688642,기말,3,주관식,1,0.333333
1688642,기말,3,T/F형,0,0.0
1688642,기말,3,약술형,0,0.0
1688642,기말,3,논술형,2,0.666667
1688642,기말,3,구술,0,0.0
1688642,기말,3,기타,0,0.0
1688730,중간,1,객관식,1,1.0
1688730,중간,1,주관식,0,0.0
1688730,중간,1,T/F형,0,0.0
1688730,중간,1,약술형,0,0.0
1688730,중간,1,논술형,1,1.0
1688730,중간,1,구술,0,0.0
1688730,중간,1,기타,0,0.0
1688730,기말,1,객관식,0,0.0
1688730,기말,1,주관식,0,0.0
1688730,기말,1,T/F형,0,0.0
1688730,기말,1,약술형,0,0.0
1688730,기말,1,논술형,0,0.0
1688730,기말,1,구술,0,0.0
1688730,기말,1,기타,1,1.0
1688763,중간,16,객관식,14,0.875
1688763,중간,16,주관식,15,0.9375
1688763,중간,16,T/F형,7,0.4375
1688763,중간,16,약술형,5,0.3125
1688763,중간,16,논술형,6,0.375
1688763,중간,16,구술,0,0.0
1688763,중간,16,기타,1,0.0625
1688763,기말,1,객관식,1,1.0
1688763,기말,1,주관식,1,1.0
1688763,기말,1,T/F형,0,0.0
1688763,기말,1,약술형,0,0.0
1688763,기말,1,논술형,1,1.0
1688763,기말,1,구술,0,0.0
1688763,기말,1,기타,0,0.0
1688763,1차,2,객관식,1,0.5
1688763,1차,2,주관식,2,1.0
1688763,1차,2,T/F형,0,0.0
1688763,1차,2,약술형,0,0.0
1688763,1차,2,논술형,0,0.0
1688763,1차,2,구술,0,0.0
1688763,1차,2,기타,0,0.0
1688764,중간,2,객관식,0,0.0
1688764,중간,2,주관식,2,1.0
1688764,중간,2,T/F형,0,0.0
1688764,중간,2,약술형,1,0.5
1688764,중간,2,논술형,0,0.0
1688764,중간,2,구술,0,0.0
1688764,중간,2,기타,0,0.0
1688764,기말,4,객관식,0,0.0
1688764,기말,4,주관식,4,1.0
1688764,기말,4,T/F형,0,0.0
1688764,기말,4,약술형,1,0.25
1688764,기말,4,논술형,0,0.0
1688764,기말,4,구술,0,0.0
1688764,기말,4,기타,0,0.0
1688956,중간,1,객관식,0,0.0
1688956,중간,1,주관식,0,0.0
1688956,중간,1,T/F형,0,0.0
1688956,중간,1,약술형,0,0.0
1688956,중간,1,논술형,1,1.0
1688956,중간,1,구술,0,0.0
1688956,중간,1,기타,0,0.0
1688962,중간,1,객관식,0,0.0
1688962,중간,1,주관식,0,0.0
1688962,중간,1,T/F형,0,0.0
1688962,중간,1,약술형,0,0.0
1688962,중간,1,논술형,0,0.0
1688962,중간,1,구술,0,0.0
1688962,중간,1,기타,0,0.0
1688962,기말,1,객관식,0,0.0
1688962,기말,1,주관식,0,0.0
1688962,기말,1,T/F형,0,0.0
1688962,기말,1,약술형,0,0.0
1688962,기말,1,논술형,0,0.0
1688962,기말,1,구술,0,0.0
1688962,기말,1,기타,0,0.0
1688981,중간,5,객관식,0,0.0
1688981,중간,5,주관식,2,0.4
1688981,중간,5,T/F형,0,0.0
1688981,중간,5,약술형,1,0.2
1688981,중간,5,논술형,5,1.0
1688981,중간,5,구술,0,0.0
1688981,중간,5,기타,0,0.0
1771992,중간,21,객관식,19,0.904762
1771992,중간,21,주관식,6,0.285714
1771992,중간,21,T/F형,3,0.142857
1771992,중간,21,약술형,0,0.0
1771992,중간,21,논술형,2,0.095238
1771992,중간,21,구술,0,0.0
1771992,중간,21,기타,0,0.0
1771992,기말,8,객관식,8,1.0
1771992,기말,8,주관식,0,0.0
1771992,기말,8,T/F형,0,0.0
1771992,기말,8,약술형,0,0.0
1771992,기말,8,논술형,0,0.0
1771992,기말,8,구술,0,0.0
1771992,기말,8,기타,0,0.0
1771992,2차,1,객관식,1,1.0
1771992,2차,1,주관식,0,0.0
1771992,2차,1,T/F형,0,0.0
1771992,2차,1,약술형,0,0.0
1771992,2차,1,논술형,0,0.0
1771992,2차,1,구술,0,0.0
1771992,2차,1,기타,0,0.0
1772012,기타,2,객관식,1,0.5
1772012,기타,2,주관식,0,0.0
1772012,기타,2,T/F형,0,0.0
1772012,기타,2,약술형,0,0.0
1772012,기타,2,논술형,0,0.0
1772012,기타,2,구술,0,0.0
1772012,기타,2,기타,1,0.5
1772064,중간,1,객관식,0,0.0
1772064,중간,1,주관식,1,1.0
1772064,중간,1,T/F형,0,0.0
1772064,중간,1,약술형,0,0.0
1772064,중간,1,논술형,0,0.0
1772064,중간,1,구술,0,0.0
1772064,중간,1,기타,0,0.0
1772064,기말,1,객관식,1,1.0
1772064,기말,1,주관식,1,1.0
1772064,기말,1,T/F형,0,0.0
1772064,기말,1,약술형,0,0.0
1772064,기말,1,논술형,0,0.0
1772064,기말,1,구술,0,0.0
1772064,기말,1,기타,0,0.0
1772065,중간,8,객관식,3,0.375
1772065,중간,8,주관식,8,1.0
1772065,중간,8,T/F형,0,0.0
1772065,중간,8,약술형,1,0.125
1772065,중간,8,논술형,1,0.125
1772065,중간,8,구술,0,0.0
1772065,중간,8,기타,1,0.125
1772065,기말,3,객관식,1,0.333333
1772065,기말,3,주관식,3,1.0
1772065,기말,3,T/F형,0,0.0
1772065,기말,3,약술형,0,0.0
1772065,기말,3,논술형,0,0.0
1772065,기말,3,구술,0,0.0
1772065,기말,3,기타,0,0.0
1772065,기타,1,객관식,1,1.0
1772065,기타,1,주관식,0,0.0
1772065,기타,1,T/F형,0,0.0
1772065,기타,1,약술형,0,0.0
1772065,기타,1,논술형,0,0.0
1772065,기타,1,구술,0,0.0
1772065,기타,1,기타,0,0.0
1772081,중간,29,객관식,27,0.931034
1772081,중간,29,주관식,5,0.172414
1772081,중간,29,T/F형,5,0.172414
1772081,중간,29,약술형,1,0.034483
1772081,중간,29,논술형,1,0.034483
1772081,중간,29,구술,0,0.0
1772081,중간,29,기타,0,0.0
1772081,기말,5,객관식,5,1.0
1772081,기말,5,주관식,1,0.2
1772081,기말,5,T/F형,2,0.4
1772081,기말,5,약술형,0,0.0
1772081,기말,5,논술형,0,0.0
1772081,기말,5,구술,0,0.0
1772081,기말,5,기타,0,0.0
1772085,중간,9,객관식,0,0.0
1772085,중간,9,주관식,7,0.777778
1772085,중간,9,T/F형,0,0.0
1772085,중간,9,약술형,2,0.222222
1772085,중간,9,논술형,4,0.444444
1772085,중간,9,구술,0,0.0
1772085,중간,9,기타,0,0.0
1772085,기말,3,객관식,0,0.0
1772085,기말,3,주관식,2,0.666667
1772085,기말,3,T/F형,0,0.0
1772085,기말,3,약술형,0,0.0
1772085,기말,3,논술형,2,0.666667
1772085,기말,3,구술,0,0.0
1772085,기말,3,기타,0,0.0
1772092,중간,27,객관식,26,0.962963
1772092,중간,27,주관식,3,0.111111
1772092,중간,27,T/F형,16,0.592593
1772092,중간,27,약술형,4,0.148148
1772092,중간,27,논술형,1,0.037037
1772092,중간,27,구술,0,0.0
1772092,중간,27,기타,0,0.0
1772092,기말,9,객관식,9,1.0
1772092,기말,9,주관식,1,0.111111
1772092,기말,9,T/F형,4,0.444444
1772092,기말,9,약술형,0,0.0
1772092,기말,9,논술형,0,0.0
1772092,기말,9,구술,0,0.0
1772092,기말,9,기타,0,0.0
1772092,2차,1,객관식,1,1.0
1772092,2차,1,주관식,1,1.0
1772092,2차,1,T/F형,0,0.0
1772092,2차,1,약술형,0,0.0
1772092,2차,1,논술형,0,0.0
1772092,2차,1,구술,0,0.0
1772092,2차,1,기타,0,0.0
1772105,중간,26,객관식,2,0.076923
1772105,중간,26,주관식,15,0.576923
1772105,중간,26,T/F형,5,0.192308
1772105,중간,26,약술형,4,0.153846
1772105,중간,26,논술형,8,0.307692
1772105,중간,26,구술,0,0.0
1772105,중간,26,기타,1,0.038462
1772105,기말,11,객관식,1,0.090909
1772105,기말,11,주관식,10,0.909091
1772105,기말,11,T/F형,1,0.090909
1772105,기말,11,약술형,0,0.0
1772105,기말,11,논술형,7,0.636364
1772105,기말,11,구술,0,0.0
1772105,기말,11,기타,0,0.0
1772106,중간,3,객관식,0,0.0
1772106,중간,3,주관식,3,1.0
1772106,중간,3,T/F형,0,0.0
1772106,중간,3,약술형,1,0.333333
1772106,중간,3,논술형,1,0.333333
1772106,중간,3,구술,0,0.0
1772106,중간,3,기타,0,0.0
1772106,기말,1,객관식,0,0.0
1772106,기말,1,주관식,1,1.0
1772106,기말,1,T/F형,0,0.0
1772106,기말,1,약술형,0,0.0
1772106,기말,1,논술형,0,0.0
1772106,기말,1,구술,0,0.0
1772106,기말,1,기타,0,0.0
1772113,중간,7,객관식,1,0.142857
1772113,중간,7,주관식,5,0.714286
1772113,중간,7,T/F형,4,0.571429
1772113,중간,7,약술형,1,0.142857
1772113,중간,7,논술형,1,0.142857
1772113,중간,7,구술,0,0.0
1772113,중간,7,기타,0,0.0
1772113,기말,3,객관식,0,0.0
1772113,기말,3,주관식,3,1.0
1772113,기말,3,T/F형,3,1.0
1772113,기말,3,약술형,0,0.0
1772113,기말,3,논술형,0,0.0
1772113,기말,3,구술,0,0.0
1772113,기말,3,기타,0,0.0
1772119,기타,1,객관식,0,0.0
1772119,기타,1,주관식,0,0.0
1772119,기타,1,T/F형,1,1.0
1772119,기타,1,약술형,0,0.0
1772119,기타,1,논술형,0,0.0
1772119,기타,1,구술,0,0.0
1772119,기타,1,기타,0,0.0
1772126,중간,10,객관식,7,0.7
1772126,중간,10,주관식,2,0.2
1772126,중간,10,T/F형,0,0.0
1772126,중간,10,약술형,1,0.1
1772126,중간,10,논술형,3,0.3
1772126,중간,10,구술,0,0.0
1772126,중간,10,기타,0,0.0
1772126,기말,3,객관식,2,0.666667
1772126,기말,3,주관식,0,0.0
1772126,기말,3,T/F형,0,0.0
1772126,기말,3,약술형,0,0.0
1772126,기말,3,논술형,0,0.0
1772126,기말,3,구술,0,0.0
1772126,기말,3,기타,0,0.0
1772126,기타,1,객관식,0,0.0
1772126,기타,1,주관식,0,0.0
1772126,기타,1,T/F형,0,0.0
1772126,기타,1,약술형,0,0.0
1772126,기타,1,논술형,0,0.0
1772126,기타,1,구술,0,0.0
1772126,기타,1,기타,1,1.0
1772127,중간,4,객관식,0,0.0
1772127,중간,4,주관식,0,0.0
1772127,중간,4,T/F형,0,0.0
1772127,중간,4,약술형,0,0.0
1772127,중간,4,논술형,3,0.75
1772127,중간,4,구술,0,0.0
1772127,중간,4,기타,1,0.25
1772127,기말,2,객관식,0,0.0
1772127,기말,2,주관식,0,0.0
1772127,기말,2,T/F형,0,0.0
1772127,기말,2,약술형,0,0.0
1772127,기말,2,논술형,2,1.0
1772127,기말,2,구술,0,0.0
1772127,기말,2,기타,0,0.0
1772127,기타,2,객관식,0,0.0
1772127,기타,2,주관식,0,0.0
1772127,기타,2,T/F형,0,0.0
1772127,기타,2,약술형,0,0.0
1772127,기타,2,논술형,1,0.5
1772127,기타,2,구술,0,0.0
1772127,기타,2,기타,1,0.5
1772133,중간,2,객관식,2,1.0
1772133,중간,2,주관식,2,1.0
1772133,중간,2,T/F형,0,0.0
1772133,중간,2,약술형,0,0.0
1772133,중간,2,논술형,0,0.0
1772133,중간,2,구술,0,0.0
1772133,중간,2,기타,0,0.0
1772133,기말,8,객관식,8,1.0
1772133,기말,8,주관식,1,0.125
1772133,기말,8,T/F형,0,0.0
1772133,기말,8,약술형,0,0.0
1772133,기말,8,논술형,0,0.0
1772133,기말,8,구술,0,0.0
1772133,기말,8,기타,0,0.0
1772158,중간,4,객관식,1,0.25
1772158,중간,4,주관식,1,0.25
1772158,중간,4,T/F형,0,0.0
1772158,중간,4,약술형,1,0.25
1772158,중간,4,논술형,3,0.75
1772158,중간,4,구술,0,0.0
1772158,중간,4,기타,0,0.0
1772158,기말,1,객관식,0,0.0
1772158,기말,1,주관식,0,0.0
1772158,기말,1,T/F형,0,0.0
1772158,기말,1,약술형,0,0.0
1772158,기말,1,논술형,1,1.0
1772158,기말,1,구술,0,0.0
1772158,기말,1,기타,0,0.0
1772158,2차,1,객관식,0,0.0
1772158,2차,1,주관식,0,0.0
1772158,2차,1,T/F형,0,0.0
1772158,2차,1,약술형,0,0.0
1772158,2차,1,논술형,1,1.0
1772158,2차,1,구술,0,0.0
1772158,2차,1,기타,0,0.0
1772158,3차,1,객관식,0,0.0
1772158,3차,1,주관식,0,0.0
1772158,3차,1,T/F형,0,0.0
1772158,3차,1,약술형,0,0.0
1772158,3차,1,논술형,1,1.0
1772158,3차,1,구술,0,0.0
1772158,3차,1,기타,0,0.0
1772158,기타,7,객관식,0,0.0
1772158,기타,7,주관식,0,0.0
1772158,기타,7,T/F형,0,0.0
1772158,기타,7,약술형,1,0.142857
1772158,기타,7,논술형,4,0.571429
1772158,기타,7,구술,1,0.142857
1772158,기타,7,기타,4,0.571429
1772165,중간,5,객관식,0,0.0
1772165,중간,5,주관식,1,0.2
1772165,중간,5,T/F형,0,0.0
1772165,중간,5,약술형,0,0.0
1772165,중간,5,논술형,4,0.8
1772165,중간,5,구술,0,0.0
1772165,중간,5,기타,0,0.0
1772165,기말,2,객관식,0,0.0
1772165,기말,2,주관식,0,0.0
1772165,기말,2,T/F형,0,0.0
1772165,기말,2,약술형,0,0.0
1772165,기말,2,논술형,2,1.0
1772165,기말,2,구술,0,0.0
1772165,기말,2,기타,0,0.0
1772176,기말,1,객관식,0,0.0
1772176,기말,1,주관식,0,0.0
1772176,기말,1,T/F형,0,0.0
1772176,기말,1,약술형,0,0.0
1772176,기말,1,논술형,1,1.0
1772176,기말,1,구술,0,0.0
1772176,기말,1,기타,0,0.0
1772187,기타,2,객관식,1,0.5
1772187,기타,2,주관식,0,0.0
1772187,기타,2,T/F형,0,0.0
1772187,기타,2,약술형,0,0.0
1772187,기타,2,논술형,0,0.0
1772187,기타,2,구술,0,0.0
1772187,기타,2,기타,1,0.5
1772201,중간,1,객관식,0,0.0
1772201,중간,1,주관식,1,1.0
1772201,중간,1,T/F형,0,0.0
1772201,중간,1,약술형,0,0.0
1772201,중간,1,논술형,0,0.0
1772201,중간,1,구술,0,0.0
1772201,중간,1,기타,0,0.0
1772201,기말,1,객관식,0,0.0
1772201,기말,1,주관식,1,1.0
1772201,기말,1,T/F형,0,0.0
1772201,기말,1,약술형,0,0.0
1772201,기말,1,논술형,1,1.0
1772201,기말,1,구술,0,0.0
1772201,기말,1,기타,0,0.0
1772223,중간,35,객관식,0,0.0
1772223,중간,35,주관식,4,0.114286
1772223,중간,35,T/F형,0,0.0
1772223,중간,35,약술형,4,0.114286
1772223,중간,35,논술형,28,0.8
1772223,중간,35,구술,0,0.0
1772223,중간,35,기타,0,0.0
1772223,기말,10,객관식,0,0.0
1772223,기말,10,주관식,2,0.2
1772223,기말,10,T/F형,0,0.0
1772223,기말,10,약술형,2,0.2
1772223,기말,10,논술형,8,0.8
1772223,기말,10,구술,0,0.0
1772223,기말,10,기타,0,0.0
1772233,중간,1,객관식,0,0.0
1772233,중간,1,주관식,1,1.0
1772233,중간,1,T/F형,0,0.0
1772233,중간,1,약술형,0,0.0
1772233,중간,1,논술형,0,0.0
1772233,중간,1,구술,0,0.0
1772233,중간,1,기타,0,0.0
1772236,중간,3,객관식,1,0.333333
1772236,중간,3,주관식,2,0.666667
1772236,중간,3,T/F형,1,0.333333
1772236,중간,3,약술형,0,0.0
1772236,중간,3,논술형,0,0.0
1772236,중간,3,구술,2,0.666667
1772236,중간,3,기타,0,0.0
1772257,기타,1,객관식,0,0.0
1772257,기타,1,주관식,0,0.0
1772257,기타,1,T/F형,0,0.0
1772257,기타,1,약술형,0,0.0
1772257,기타,1,논술형,0,0.0
1772257,기타,1,구술,0,0.0
1772257,기타,1,기타,1,1.0
1772294,중간,3,객관식,3,1.0
1772294,중간,3,주관식,2,0.666667
1772294,중간,3,T/F형,0,0.0
1772294,중간,3,약술형,1,0.333333
1772294,중간,3,논술형,0,0.0
1772294,중간,3,구술,0,0.0
1772294,중간,3,기타,0,0.0
1772294,기말,3,객관식,1,0.333333
1772294,기말,3,주관식,3,1.0
1772294,기말,3,T/F형,0,0.0
1772294,기말,3,약술형,0,0.0
1772294,기말,3,논술형,0,0.0
1772294,기말,3,구술,0,0.0
1772294,기말,3,기타,0,0.0
1772312,중간,2,객관식,0,0.0
1772312,중간,2,주관식,1,0.5
1772312,중간,2,T/F형,0,0.0
1772312,중간,2,약술형,0,0.0
1772312,중간,2,논술형,1,0.5
1772312,중간,2,구술,0,0.0
1772312,중간,2,기타,0,0.0
1772312,기말,3,객관식,0,0.0
1772312,기말,3,주관식,3,1.0
1772312,기말,3,T/F형,0,0.0
1772312,기말,3,약술형,0,0.0
1772312,기말,3,논술형,0,0.0
1772312,기말,3,구술,0,0.0
1772312,기말,3,기타,0,0.0
1772325,중간,6,객관식,4,0.666667
1772325,중간,6,주관식,4,0.666667
1772325,중간,6,T/F형,2,0.333333
1772325,중간,6,약술형,3,0.5
1772325,중간,6,논술형,2,0.333333
1772325,중간,6,구술,0,0.0
1772325,중간,6,기타,0,0.0
1772325,기말,1,객관식,0,0.0
1772325,기말,1,주관식,1,1.0
1772325,기말,1,T/F형,0,0.0
1772325,기말,1,약술형,1,1.0
1772325,기말,1,논술형,0,0.0
1772325,기말,1,구술,0,0.0
1772325,기말,1,기타,0,0.0
1772333,중간,14,객관식,3,0.214286
1772333,중간,14,주관식,11,0.785714
1772333,중간,14,T/F형,0,0.0
1772333,중간,14,약술형,5,0.357143
1772333,중간,14,논술형,0,0.0
1772333,중간,14,구술,0,0.0
1772333,중간,14,기타,1,0.071429
1772333,기말,7,객관식,1,0.142857
1772333,기말,7,주관식,7,1.0
1772333,기말,7,T/F형,0,0.0
1772333,기말,7,약술형,1,0.142857
1772333,기말,7,논술형,0,0.0
1772333,기말,7,구술,0,0.0
1772333,기말,7,기타,0,0.0
1772407,기말,2,객관식,0,0.0
1772407,기말,2,주관식,0,0.0
1772407,기말,2,T/F형,0,0.0
1772407,기말,2,약술형,0,0.0
1772407,기말,2,논술형,0,0.0
1772407,기말,2,구술,0,0.0
1772407,기말,2,기타,2,1.0
1772407,기타,1,객관식,0,0.0
1772407,기타,1,주관식,0,0.0
1772407,기타,1,T/F형,0,0.0
1772407,기타,1,약술형,0,0.0
1772407,기타,1,논술형,0,0.0
1772407,기타,1,구술,0,0.0
1772407,기타,1,기타,1,1.0
1772439,중간,2,객관식,0,0.0
1772439,중간,2,주관식,2,1.0
1772439,중간,2,T/F형,0,0.0
1772439,중간,2,약술형,0,0.0
1772439,중간,2,논술형,1,0.5
1772439,중간,2,구술,0,0.0
1772439,중간,2,기타,0,0.0
1772445,중간,6,객관식,6,1.0
1772445,중간,6,주관식,3,0.5
1772445,중간,6,T/F형,0,0.0
1772445,중간,6,약술형,2,0.333333
1772445,중간,6,논술형,0,0.0
1772445,중간,6,구술,0,0.0
1772445,중간,6,기타,0,0.0
1772445,기말,1,객관식,1,1.0
1772445,기말,1,주관식,1,1.0
1772445,기말,1,T/F형,0,0.0
1772445,기말,1,약술형,0,0.0
1772445,기말,1,논술형,0,0.0
1772445,기말,1,구술,0,0.0
1772445,기말,1,기타,0,0.0
1772460,중간,1,객관식,1,1.0
1772460,중간,1,주관식,1,1.0
1772460,중간,1,T/F형,0,0.0
1772460,중간,1,약술형,0,0.0
1772460,중간,1,논술형,0,0.0
1772460,중간,1,구술,0,0.0
1772460,중간,1,기타,0,0.0
1772460,기말,3,객관식,0,0.0
1772460,기말,3,주관식,0,0.0
1772460,기말,3,T/F형,0,0.0
1772460,기말,3,약술형,2,0.666667
1772460,기말,3,논술형,0,0.0
1772460,기말,3,구술,0,0.0
1772460,기말,3,기타,1,0.333333
1772494,중간,1,객관식,1,1.0
1772494,중간,1,주관식,0,0.0
1772494,중간,1,T/F형,0,0.0
1772494,중간,1,약술형,0,0.0
1772494,중간,1,논술형,0,0.0
1772494,중간,1,구술,0,0.0
1772494,중간,1,기타,1,1.0
1772494,기말,1,객관식,0,0.0
1772494,기말,1,주관식,0,0.0
1772494,기말,1,T/F형,0,0.0
1772494,기말,1,약술형,0,0.0
1772494,기말,1,논술형,1,1.0
1772494,기말,1,구술,0,0.0
1772494,기말,1,기타,0,0.0
1772500,중간,6,객관식,0,0.0
1772500,중간,6,주관식,4,0.666667
1772500,중간,6,T/F형,0,0.0
1772500,중간,6,약술형,1,0.166667
1772500,중간,6,논술형,2,0.333333
1772500,중간,6,구술,0,0.0
1772500,중간,6,기타,0,0.0
1772500,기말,1,객관식,0,0.0
1772500,기말,1,주관식,1,1.0
1772500,기말,1,T/F형,0,0.0
1772500,기말,1,약술형,0,0.0
1772500,기말,1,논술형,0,0.0
1772500,기말,1,구술,0,0.0
1772500,기말,1,기타,0,0.0
1856186,중간,5,객관식,3,0.6
1856186,중간,5,주관식,3,0.6
1856186,중간,5,T/F형,0,0.0
1856186,중간,5,약술형,2,0.4
1856186,중간,5,논술형,2,0.4
1856186,중간,5,구술,0,0.0
1856186,중간,5,기타,1,0.2
1856186,기말,6,객관식,2,0.333333
1856186,기말,6,주관식,3,0.5
1856186,기말,6,T/F형,0,0.0
1856186,기말,6,약술형,0,0.0
1856186,기말,6,논술형,3,0.5
1856186,기말,6,구술,0,0.0
1856186,기말,6,기타,0,0.0
1856229,중간,2,객관식,1,0.5
1856229,중간,2,주관식,1,0.5
1856229,중간,2,T/F형,1,0.5
1856229,중간,2,약술형,0,0.0
1856229,중간,2,논술형,0,0.0
1856229,중간,2,구술,0,0.0
1856229,중간,2,기타,0,0.0
1856229,기말,1,객관식,0,0.0
1856229,기말,1,주관식,0,0.0
1856229,기말,1,T/F형,0,0.0
1856229,기말,1,약술형,0,0.0
1856229,기말,1,논술형,0,0.0
1856229,기말,1,구술,1,1.0
1856229,기말,1,기타,0,0.0
1856230,중간,1,객관식,1,1.0
1856230,중간,1,주관식,0,0.0
1856230,중간,1,T/F형,0,0.0
1856230,중간,1,약술형,0,0.0
1856230,중간,1,논술형,0,0.0
1856230,중간,1,구술,0,0.0
1856230,중간,1,기타,0,0.0
1856241,기말,4,객관식,3,0.75
1856241,기말,4,주관식,2,0.5
1856241,기말,4,T/F형,0,0.0
1856241,기말,4,약술형,1,0.25
1856241,기말,4,논술형,2,0.5
1856241,기말,4,구술,0,0.0
1856241,기말,4,기타,0,0.0
1856243,중간,8,객관식,1,0.125
1856243,중간,8,주관식,4,0.5
1856243,중간,8,T/F형,0,0.0
1856243,중간,8,약술형,1,0.125
1856243,중간,8,논술형,1,0.125
1856243,중간,8,구술,0,0.0
1856243,중간,8,기타,3,0.375
1856243,기말,3,객관식,0,0.0
1856243,기말,3,주관식,2,0.666667
1856243,기말,3,T/F형,0,0.0
1856243,기말,3,약술형,0,0.0
1856243,기말,3,논술형,2,0.666667
1856243,기말,3,구술,0,0.0
1856243,기말,3,기타,0,0.0
1856244,중간,16,객관식,15,0.9375
1856244,중간,16,주관식,12,0.75
1856244,중간,16,T/F형,11,0.6875
1856244,중간,16,약술형,5,0.3125
1856244,중간,16,논술형,4,0.25
1856244,중간,16,구술,0,0.0
1856244,중간,16,기타,0,0.0
1856244,기말,6,객관식,6,1.0
1856244,기말,6,주관식,6,1.0
1856244,기말,6,T/F형,6,1.0
1856244,기말,6,약술형,1,0.166667
1856244,기말,6,논술형,0,0.0
1856244,기말,6,구술,0,0.0
1856244,기말,6,기타,0,0.0
1856276,중간,3,객관식,0,0.0
1856276,중간,3,주관식,3,1.0
1856276,중간,3,T/F형,0,0.0
1856276,중간,3,약술형,1,0.333333
1856276,중간,3,논술형,0,0.0
1856276,중간,3,구술,0,0.0
1856276,중간,3,기타,0,0.0
1856288,중간,32,객관식,12,0.375
1856288,중간,32,주관식,24,0.75
1856288,중간,32,T/F형,27,0.84375
1856288,중간,32,약술형,8,0.25
1856288,중간,32,논술형,5,0.15625
1856288,중간,32,구술,1,0.03125
1856288,중간,32,기타,1,0.03125
1856288,기말,14,객관식,3,0.214286
1856288,기말,14,주관식,11,0.785714
1856288,기말,14,T/F형,11,0.785714
1856288,기말,14,약술형,1,0.071429
1856288,기말,14,논술형,4,0.285714
1856288,기말,14,구술,1,0.071429
1856288,기말,14,기타,0,0.0
1856288,기타,1,객관식,0,0.0
1856288,기타,1,주관식,0,0.0
1856288,기타,1,T/F형,0,0.0
1856288,기타,1,약술형,1,1.0
1856288,기타,1,논술형,1,1.0
1856288,기타,1,구술,0,0.0
1856288,기타,1,기타,0,0.0
1856407,중간,12,객관식,2,0.166667
1856407,중간,12,주관식,10,0.833333
1856407,중간,12,T/F형,0,0.0
1856407,중간,12,약술형,3,0.25
1856407,중간,12,논술형,4,0.333333
1856407,중간,12,구술,0,0.0
1856407,중간,12,기타,1,0.083333
1856407,기말,9,객관식,0,0.0
1856407,기말,9,주관식,8,0.888889
1856407,기말,9,T/F형,0,0.0
1856407,기말,9,약술형,3,0.333333
1856407,기말,9,논술형,3,0.333333
1856407,기말,9,구술,0,0.0
1856407,기말,9,기타,1,0.111111
1856520,중간,1,객관식,0,0.0
1856520,중간,1,주관식,0,0.0
1856520,중간,1,T/F형,0,0.0
1856520,중간,1,약술형,0,0.0
1856520,중간,1,논술형,0,0.0
1856520,중간,1,구술,0,0.0
1856520,중간,1,기타,1,1.0
1856579,중간,2,객관식,2,1.0
1856579,중간,2,주관식,2,1.0
1856579,중간,2,T/F형,0,0.0
1856579,중간,2,약술형,0,0.0
1856579,중간,2,논술형,0,0.0
1856579,중간,2,구술,0,0.0
1856579,중간,2,기타,0,0.0
1856579,기말,1,객관식,1,1.0
1856579,기말,1,주관식,0,0.0
1856579,기말,1,T/F형,0,0.0
1856579,기말,1,약술형,0,0.0
1856579,기말,1,논술형,0,0.0
1856579,기말,1,구술,0,0.0
1856579,기말,1,기타,0,0.0
1856624,중간,7,객관식,2,0.285714
1856624,중간,7,주관식,5,0.714286
1856624,중간,7,T/F형,0,0.0
1856624,중간,7,약술형,3,0.428571
1856624,중간,7,논술형,1,0.142857
1856624,중간,7,구술,0,0.0
1856624,중간,7,기타,1,0.142857
1856624,기말,5,객관식,1,0.2
1856624,기말,5,주관식,4,0.8
1856624,기말,5,T/F형,0,0.0
1856624,기말,5,약술형,1,0.2
1856624,기말,5,논술형,0,0.0
1856624,기말,5,구술,0,0.0
1856624,기말,5,기타,0,0.0
1856626,중간,1,객관식,0,0.0
1856626,중간,1,주관식,1,1.0
1856626,중간,1,T/F형,0,0.0
1856626,중간,1,약술형,0,0.0
1856626,중간,1,논술형,0,0.0
1856626,중간,1,구술,0,0.0
1856626,중간,1,기타,0,0.0
1856626,기말,3,객관식,3,1.0
1856626,기말,3,주관식,1,0.333333
1856626,기말,3,T/F형,0,0.0
1856626,기말,3,약술형,3,1.0
1856626,기말,3,논술형,0,0.0
1856626,기말,3,구술,0,0.0
1856626,기말,3,기타,0,0.0
1927856,중간,1,객관식,0,0.0
1927856,중간,1,주관식,1,1.0
1927856,중간,1,T/F형,0,0.0
1927856,중간,1,약술형,0,0.0
1927856,중간,1,논술형,1,1.0
1927856,중간,1,구술,0,0.0
1927856,중간,1,기타,0,0.0
1927856,기말,1,객관식,0,0.0
1927856,기말,1,주관식,0,0.0
1927856,기말,1,T/F형,0,0.0
1927856,기말,1,약술형,0,0.0
1927856,기말,1,논술형,0,0.0
1927856,기말,1,구술,0,0.0
1927856,기말,1,기타,1,1.0
1927856,기타,2,객관식,0,0.0
1927856,기타,2,주관식,1,0.5
1927856,기타,2,T/F형,0,0.0
1927856,기타,2,약술형,0,0.0
1927856,기타,2,논술형,0,0.0
1927856,기타,2,구술,0,0.0
1927856,기타,2,기타,1,0.5
1927906,중간,8,객관식,0,0.0
1927906,중간,8,주관식,3,0.375
1927906,중간,8,T/F형,0,0.0
1927906,중간,8,약술형,0,0.0
1927906,중간,8,논술형,6,0.75
1927906,중간,8,구술,0,0.0
1927906,중간,8,기타,0,0.0
1927906,기말,2,객관식,0,0.0
1927906,기말,2,주관식,1,0.5
1927906,기말,2,T/F형,0,0.0
1927906,기말,2,약술형,0,0.0
1927906,기말,2,논술형,1,0.5
1927906,기말,2,구술,0,0.0
1927906,기말,2,기타,0,0.0
1937034,중간,2,객관식,0,0.0
1937034,중간,2,주관식,2,1.0
1937034,중간,2,T/F형,0,0.0
1937034,중간,2,약술형,1,0.5
1937034,중간,2,논술형,1,0.5
1937034,중간,2,구술,0,0.0
1937034,중간,2,기타,0,0.0
1937034,기말,10,객관식,0,0.0
1937034,기말,10,주관식,1,0.1
1937034,기말,10,T/F형,0,0.0
1937034,기말,10,약술형,8,0.8
1937034,기말,10,논술형,3,0.3
1937034,기말,10,구술,0,0.0
1937034,기말,10,기타,0,0.0
1937034,1차,1,객관식,0,0.0
1937034,1차,1,주관식,1,1.0
1937034,1차,1,T/F형,0,0.0
1937034,1차,1,약술형,1,1.0
1937034,1차,1,논술형,1,1.0
1937034,1차,1,구술,0,0.0
1937034,1차,1,기타,0,0.0
1937036,중간,25,객관식,0,0.0
1937036,중간,25,주관식,9,0.36
1937036,중간,25,T/F형,0,0.0
1937036,중간,25,약술형,0,0.0
1937036,중간,25,논술형,16,0.64
1937036,중간,25,구술,1,0.04
1937036,중간,25,기타,0,0.0
1937036,기말,2,객관식,0,0.0
1937036,기말,2,주관식,0,0.0
1937036,기말,2,T/F형,0,0.0
1937036,기말,2,약술형,0,0.0
1937036,기말,2,논술형,1,0.5
1937036,기말,2,구술,0,0.0
1937036,기말,2,기타,0,0.0
1937037,1차,1,객관식,0,0.0
1937037,1차,1,주관식,0,0.0
1937037,1차,1,T/F형,0,0.0
1937037,1차,1,약술형,1,1.0
1937037,1차,1,논술형,0,0.0
1937037,1차,1,구술,0,0.0
1937037,1차,1,기타,0,0.0
1937037,기타,2,객관식,0,0.0
1937037,기타,2,주관식,0,0.0
1937037,기타,2,T/F형,0,0.0
1937037,기타,2,약술형,0,0.0
1937037,기타,2,논술형,0,0.0
1937037,기타,2,구술,0,0.0
1937037,기타,2,기타,2,1.0
1937066,중간,3,객관식,0,0.0
1937066,중간,3,주관식,0,0.0
1937066,중간,3,T/F형,0,0.0
1937066,중간,3,약술형,0,0.0
1937066,중간,3,논술형,3,1.0
1937066,중간,3,구술,0,0.0
1937066,중간,3,기타,0,0.0
1937066,기말,3,객관식,0,0.0
1937066,기말,3,주관식,1,0.333333
1937066,기말,3,T/F형,0,0.0
1937066,기말,3,약술형,0,0.0
1937066,기말,3,논술형,2,0.666667
1937066,기말,3,구술,0,0.0
1937066,기말,3,기타,0,0.0
1937067,기타,1,객관식,0,0.0
1937067,기타,1,주관식,0,0.0
1937067,기타,1,T/F형,0,0.0
1937067,기타,1,약술형,0,0.0
1937067,기타,1,논술형,1,1.0
1937067,기타,1,구술,0,0.0
1937067,기타,1,기타,0,0.0
1937082,중간,26,객관식,4,0.153846
1937082,중간,26,주관식,18,0.692308
1937082,중간,26,T/F형,0,0.0
1937082,중간,26,약술형,8,0.307692
1937082,중간,26,논술형,16,0.615385
1937082,중간,26,구술,0,0.0
1937082,중간,26,기타,1,0.038462
1937082,기말,17,객관식,0,0.0
1937082,기말,17,주관식,13,0.764706
1937082,기말,17,T/F형,0,0.0
1937082,기말,17,약술형,7,0.411765
1937082,기말,17,논술형,13,0.764706
1937082,기말,17,구술,0,0.0
1937082,기말,17,기타,0,0.0
1937082,기타,1,객관식,0,0.0
1937082,기타,1,주관식,0,0.0
1937082,기타,1,T/F형,0,0.0
1937082,기타,1,약술형,0,0.0
1937082,기타,1,논술형,1,1.0
1937082,기타,1,구술,0,0.0
1937082,기타,1,기타,0,0.0
1937089,기말,2,객관식,2,1.0
1937089,기말,2,주관식,1,0.5
1937089,기말,2,T/F형,0,0.0
1937089,기말,2,약술형,1,0.5
1937089,기말,2,논술형,2,1.0
1937089,기말,2,구술,0,0.0
1937089,기말,2,기타,0,0.0
1937117,중간,6,객관식,2,0.333333
1937117,중간,6,주관식,2,0.333333
1937117,중간,6,T/F형,1,0.166667
1937117,중간,6,약술형,0,0.0
1937117,중간,6,논술형,1,0.166667
1937117,중간,6,구술,1,0.166667
1937117,중간,6,기타,4,0.666667
1937117,기말,3,객관식,1,0.333333
1937117,기말,3,주관식,1,0.333333
1937117,기말,3,T/F형,0,0.0
1937117,기말,3,약술형,0,0.0
1937117,기말,3,논술형,0,0.0
1937117,기말,3,구술,0,0.0
1937117,기말,3,기타,1,0.333333
1937117,기타,2,객관식,0,0.0
1937117,기타,2,주관식,0,0.0
1937117,기타,2,T/F형,0,0.0
1937117,기타,2,약술형,0,0.0
1937117,기타,2,논술형,0,0.0
1937117,기타,2,구술,0,0.0
1937117,기타,2,기타,2,1.0
1937125,중간,6,객관식,2,0.333333
1937125,중간,6,주관식,5,0.833333
1937125,중간,6,T/F형,0,0.0
1937125,중간,6,약술형,3,0.5
1937125,중간,6,논술형,3,0.5
1937125,중간,6,구술,0,0.0
1937125,중간,6,기타,0,0.0
1937125,기말,3,객관식,0,0.0
1937125,기말,3,주관식,2,0.666667
1937125,기말,3,T/F형,1,0.333333
1937125,기말,3,약술형,3,1.0
1937125,기말,3,논술형,1,0.333333
1937125,기말,3,구술,0,0.0
1937125,기말,3,기타,0,0.0
1937127,중간,9,객관식,8,0.888889
1937127,중간,9,주관식,5,0.555556
1937127,중간,9,T/F형,1,0.111111
1937127,중간,9,약술형,2,0.222222
1937127,중간,9,논술형,0,0.0
1937127,중간,9,구술,0,0.0
1937127,중간,9,기타,0,0.0
1937127,기말,5,객관식,5,1.0
1937127,기말,5,주관식,4,0.8
1937127,기말,5,T/F형,0,0.0
1937127,기말,5,약술형,0,0.0
1937127,기말,5,논술형,0,0.0
1937127,기말,5,구술,0,0.0
1937127,기말,5,기타,0,0.0
1937127,2차,1,객관식,1,1.0
1937127,2차,1,주관식,0,0.0
1937127,2차,1,T/F형,0,0.0
1937127,2차,1,약술형,0,0.0
1937127,2차,1,논술형,0,0.0
1937127,2차,1,구술,0,0.0
1937127,2차,1,기타,0,0.0
1937129,중간,4,객관식,2,0.5
1937129,중간,4,주관식,2,0.5
1937129,중간,4,T/F형,3,0.75
1937129,중간,4,약술형,2,0.5
1937129,중간,4,논술형,1,0.25
1937129,중간,4,구술,0,0.0
1937129,중간,4,기타,0,0.0
1937129,기말,1,객관식,0,0.0
1937129,기말,1,주관식,1,1.0
1937129,기말,1,T/F형,1,1.0
1937129,기말,1,약술형,0,0.0
1937129,기말,1,논술형,0,0.0
1937129,기말,1,구술,0,0.0
1937129,기말,1,기타,0,0.0
1937143,중간,9,객관식,3,0.333333
1937143,중간,9,주관식,9,1.0
1937143,중간,9,T/F형,0,0.0
1937143,중간,9,약술형,0,0.0
1937143,중간,9,논술형,1,0.111111
1937143,중간,9,구술,0,0.0
1937143,중간,9,기타,0,0.0
1937143,기말,3,객관식,0,0.0
1937143,기말,3,주관식,3,1.0
1937143,기말,3,T/F형,0,0.0
1937143,기말,3,약술형,0,0.0
1937143,기말,3,논술형,0,0.0
1937143,기말,3,구술,0,0.0
1937143,기말,3,기타,0,0.0
1937144,중간,7,객관식,3,0.428571
1937144,중간,7,주관식,7,1.0
1937144,중간,7,T/F형,2,0.285714
1937144,중간,7,약술형,1,0.142857
1937144,중간,7,논술형,2,0.285714
1937144,중간,7,구술,0,0.0
1937144,중간,7,기타,0,0.0
1937144,기말,6,객관식,1,0.166667
1937144,기말,6,주관식,5,0.833333
1937144,기말,6,T/F형,0,0.0
1937144,기말,6,약술형,0,0.0
1937144,기말,6,논술형,0,0.0
1937144,기말,6,구술,0,0.0
1937144,기말,6,기타,0,0.0
1937146,기말,4,객관식,0,0.0
1937146,기말,4,주관식,2,0.5
1937146,기말,4,T/F형,0,0.0
1937146,기말,4,약술형,0,0.0
1937146,기말,4,논술형,3,0.75
1937146,기말,4,구술,0,0.0
1937146,기말,4,기타,0,0.0
1937178,중간,2,객관식,0,0.0
1937178,중간,2,주관식,2,1.0
1937178,중간,2,T/F형,2,1.0
1937178,중간,2,약술형,0,0.0
1937178,중간,2,논술형,0,0.0
1937178,중간,2,구술,0,0.0
1937178,중간,2,기타,0,0.0
1937178,1차,1,객관식,0,0.0
1937178,1차,1,주관식,0,0.0
1937178,1차,1,T/F형,0,0.0
1937178,1차,1,약술형,0,0.0
1937178,1차,1,논술형,0,0.0
1937178,1차,1,구술,0,0.0
1937178,1차,1,기타,0,0.0
1937178,기타,2,객관식,0,0.0
1937178,기타,2,주관식,2,1.0
1937178,기타,2,T/F형,2,1.0
1937178,기타,2,약술형,0,0.0
1937178,기타,2,논술형,0,0.0
1937178,기타,2,구술,0,0.0
1937178,기타,2,기타,0,0.0
1937179,중간,18,객관식,5,0.277778
1937179,중간,18,주관식,18,1.0
1937179,중간,18,T/F형,10,0.555556
1937179,중간,18,약술형,0,0.0
1937179,중간,18,논술형,0,0.0
1937179,중간,18,구술,0,0.0
1937179,중간,18,기타,0,0.0
1937179,기말,8,객관식,2,0.25
1937179,기말,8,주관식,8,1.0
1937179,기말,8,T/F형,0,0.0
1937179,기말,8,약술형,1,0.125
1937179,기말,8,논술형,1,0.125
1937179,기말,8,구술,0,0.0
1937179,기말,8,기타,0,0.0
1937179,1차,1,객관식,0,0.0
1937179,1차,1,주관식,0,0.0
1937179,1차,1,T/F형,0,0.0
1937179,1차,1,약술형,0,0.0
1937179,1차,1,논술형,1,1.0
1937179,1차,1,구술,0,0.0
1937179,1차,1,기타,0,0.0
1937180,중간,5,객관식,0,0.0
1937180,중간,5,주관식,3,0.6
1937180,중간,5,T/F형,0,0.0
1937180,중간,5,약술형,1,0.2
1937180,중간,5,논술형,2,0.4
1937180,중간,5,구술,0,0.0
1937180,중간,5,기타,0,0.0
1937180,기말,4,객관식,1,0.25
1937180,기말,4,주관식,4,1.0
1937180,기말,4,T/F형,0,0.0
1937180,기말,4,약술형,0,0.0
1937180,기말,4,논술형,0,0.0
1937180,기말,4,구술,0,0.0
1937180,기말,4,기타,0,0.0
1937195,중간,1,객관식,0,0.0
1937195,중간,1,주관식,0,0.0
1937195,중간,1,T/F형,0,0.0
1937195,중간,1,약술형,0,0.0
1937195,중간,1,논술형,1,1.0
1937195,중간,1,구술,0,0.0
1937195,중간,1,기타,0,0.0
1937215,중간,15,객관식,1,0.066667
1937215,중간,15,주관식,7,0.466667
1937215,중간,15,T/F형,0,0.0
1937215,중간,15,약술형,9,0.6
1937215,중간,15,논술형,11,0.733333
1937215,중간,15,구술,0,0.0
1937215,중간,15,기타,0,0.0
1937215,기말,10,객관식,0,0.0
1937215,기말,10,주관식,6,0.6
1937215,기말,10,T/F형,0,0.0
1937215,기말,10,약술형,7,0.7
1937215,기말,10,논술형,9,0.9
1937215,기말,10,구술,0,0.0
1937215,기말,10,기타,0,0.0
1937224,중간,1,객관식,0,0.0
1937224,중간,1,주관식,1,1.0
1937224,중간,1,T/F형,0,0.0
1937224,중간,1,약술형,0,0.0
1937224,중간,1,논술형,0,0.0
1937224,중간,1,구술,0,0.0
1937224,중간,1,기타,0,0.0
1937224,기말,1,객관식,0,0.0
1937224,기말,1,주관식,0,0.0
1937224,기말,1,T/F형,0,0.0
1937224,기말,1,약술형,0,0.0
1937224,기말,1,논술형,0,0.0
1937224,기말,1,구술,0,0.0
1937224,기말,1,기타,1,1.0
1937228,중간,1,객관식,0,0.0
1937228,중간,1,주관식,1,1.0
1937228,중간,1,T/F형,0,0.0
1937228,중간,1,약술형,1,1.0
1937228,중간,1,논술형,0,0.0
1937228,중간,1,구술,0,0.0
1937228,중간,1,기타,0,0.0
1937248,중간,1,객관식,0,0.0
1937248,중간,1,주관식,0,0.0
1937248,중간,1,T/F형,0,0.0
1937248,중간,1,약술형,0,0.0
1937248,중간,1,논술형,1,1.0
1937248,중간,1,구술,0,0.0
1937248,중간,1,기타,0,0.0
1937248,기말,1,객관식,0,0.0
1937248,기말,1,주관식,0,0.0
1937248,기말,1,T/F형,0,0.0
1937248,기말,1,약술형,0,0.0
1937248,기말,1,논술형,1,1.0
1937248,기말,1,구술,0,0.0
1937248,기말,1,기타,0,0.0
1937249,중간,17,객관식,16,0.941176
1937249,중간,17,주관식,17,1.0
1937249,중간,17,T/F형,1,0.058824
1937249,중간,17,약술형,13,0.764706
1937249,중간,17,논술형,12,0.705882
1937249,중간,17,구술,0,0.0
1937249,중간,17,기타,0,0.0
1937249,기말,5,객관식,4,0.8
1937249,기말,5,주관식,5,1.0
1937249,기말,5,T/F형,0,0.0
1937249,기말,5,약술형,4,0.8
1937249,기말,5,논술형,4,0.8
1937249,기말,5,구술,0,0.0
1937249,기말,5,기타,0,0.0
1937253,중간,4,객관식,0,0.0
1937253,중간,4,주관식,2,0.5
1937253,중간,4,T/F형,3,0.75
1937253,중간,4,약술형,4,1.0
1937253,중간,4,논술형,4,1.0
1937253,중간,4,구술,0,0.0
1937253,중간,4,기타,0,0.0
1937253,기말,6,객관식,4,0.666667
1937253,기말,6,주관식,6,1.0
1937253,기말,6,T/F형,5,0.833333
1937253,기말,6,약술형,5,0.833333
1937253,기말,6,논술형,6,1.0
1937253,기말,6,구술,0,0.0
1937253,기말,6,기타,0,0.0
1937258,중간,3,객관식,0,0.0
1937258,중간,3,주관식,0,0.0
1937258,중간,3,T/F형,0,0.0
1937258,중간,3,약술형,0,0.0
1937258,중간,3,논술형,0,0.0
1937258,중간,3,구술,0,0.0
1937258,중간,3,기타,3,1.0
1937258,기말,2,객관식,0,0.0
1937258,기말,2,주관식,0,0.0
1937258,기말,2,T/F형,0,0.0
1937258,기말,2,약술형,0,0.0
1937258,기말,2,논술형,1,0.5
1937258,기말,2,구술,0,0.0
1937258,기말,2,기타,1,0.5
1937261,중간,4,객관식,3,0.75
1937261,중간,4,주관식,4,1.0
1937261,중간,4,T/F형,2,0.5
1937261,중간,4,약술형,1,0.25
1937261,중간,4,논술형,1,0.25
1937261,중간,4,구술,1,0.25
1937261,중간,4,기타,1,0.25
1937261,기말,2,객관식,0,0.0
1937261,기말,2,주관식,2,1.0
1937261,기말,2,T/F형,2,1.0
1937261,기말,2,약술형,2,1.0
1937261,기말,2,논술형,0,0.0
1937261,기말,2,구술,0,0.0
1937261,기말,2,기타,0,0.0
1937288,중간,2,객관식,0,0.0
1937288,중간,2,주관식,1,0.5
1937288,중간,2,T/F형,0,0.0
1937288,중간,2,약술형,2,1.0
1937288,중간,2,논술형,1,0.5
1937288,중간,2,구술,0,0.0
1937288,중간,2,기타,0,0.0
1937288,기말,1,객관식,0,0.0
1937288,기말,1,주관식,1,1.0
1937288,기말,1,T/F형,0,0.0
1937288,기말,1,약술형,0,0.0
1937288,기말,1,논술형,1,1.0
1937288,기말,1,구술,0,0.0
1937288,기말,1,기타,0,0.0
1937302,중간,3,객관식,0,0.0
1937302,중간,3,주관식,0,0.0
1937302,중간,3,T/F형,0,0.0
1937302,중간,3,약술형,0,0.0
1937302,중간,3,논술형,3,1.0
1937302,중간,3,구술,0,0.0
1937302,중간,3,기타,0,0.0
1937302,기말,2,객관식,0,0.0
1937302,기말,2,주관식,1,0.5
1937302,기말,2,T/F형,0,0.0
1937302,기말,2,약술형,0,0.0
1937302,기말,2,논술형,1,0.5
1937302,기말,2,구술,0,0.0
1937302,기말,2,기타,0,0.0
1937306,중간,7,객관식,0,0.0
1937306,중간,7,주관식,3,0.428571
1937306,중간,7,T/F형,0,0.0
1937306,중간,7,약술형,2,0.285714
1937306,중간,7,논술형,3,0.428571
1937306,중간,7,구술,0,0.0
1937306,중간,7,기타,0,0.0
1937306,기말,4,객관식,0,0.0
1937306,기말,4,주관식,2,0.5
1937306,기말,4,T/F형,0,0.0
1937306,기말,4,약술형,0,0.0
1937306,기말,4,논술형,1,0.25
1937306,기말,4,구술,0,0.0
1937306,기말,4,기타,0,0.0
1937308,중간,12,객관식,12,1.0
1937308,중간,12,주관식,9,0.75
1937308,중간,12,T/F형,1,0.083333
1937308,중간,12,약술형,2,0.166667
1937308,중간,12,논술형,1,0.083333
1937308,중간,12,구술,0,0.0
1937308,중간,12,기타,0,0.0
1937308,기말,6,객관식,2,0.333333
1937308,기말,6,주관식,5,0.833333
1937308,기말,6,T/F형,0,0.0
1937308,기말,6,약술형,2,0.333333
1937308,기말,6,논술형,1,0.166667
1937308,기말,6,구술,0,0.0
1937308,기말,6,기타,0,0.0
1937322,중간,7,객관식,1,0.142857
1937322,중간,7,주관식,6,0.857143
1937322,중간,7,T/F형,1,0.142857
1937322,중간,7,약술형,2,0.285714
1937322,중간,7,논술형,2,0.285714
1937322,중간,7,구술,0,0.0
1937322,중간,7,기타,0,0.0
1937322,기말,1,객관식,0,0.0
1937322,기말,1,주관식,1,1.0
1937322,기말,1,T/F형,0,0.0
1937322,기말,1,약술형,0,0.0
1937322,기말,1,논술형,0,0.0
1937322,기말,1,구술,0,0.0
1937322,기말,1,기타,0,0.0
1937322,기타,1,객관식,0,0.0
1937322,기타,1,주관식,1,1.0
1937322,기타,1,T/F형,0,0.0
1937322,기타,1,약술형,1,1.0
1937322,기타,1,논술형,1,1.0
1937322,기타,1,구술,0,0.0
1937322,기타,1,기타,0,0.0
1937335,기말,3,객관식,0,0.0
1937335,기말,3,주관식,3,1.0
1937335,기말,3,T/F형,3,1.0
1937335,기말,3,약술형,0,0.0
1937335,기말,3,논술형,1,0.333333
1937335,기말,3,구술,0,0.0
1937335,기말,3,기타,0,0.0
1937387,기말,1,객관식,0,0.0
1937387,기말,1,주관식,0,0.0
1937387,기말,1,T/F형,0,0.0
1937387,기말,1,약술형,1,1.0
1937387,기말,1,논술형,1,1.0
1937387,기말,1,구술,0,0.0
1937387,기말,1,기타,0,0.0
1937399,기말,10,객관식,0,0.0
1937399,기말,10,주관식,7,0.7
1937399,기말,10,T/F형,0,0.0
1937399,기말,10,약술형,4,0.4
1937399,기말,10,논술형,4,0.4
1937399,기말,10,구술,0,0.0
1937399,기말,10,기타,0,0.0
1937403,중간,1,객관식,0,0.0
1937403,중간,1,주관식,0,0.0
1937403,중간,1,T/F형,0,0.0
1937403,중간,1,약술형,1,1.0
1937403,중간,1,논술형,0,0.0
1937403,중간,1,구술,0,0.0
1937403,중간,1,기타,0,0.0
1937403,기말,1,객관식,1,1.0
1937403,기말,1,주관식,0,0.0
1937403,기말,1,T/F형,0,0.0
1937403,기말,1,약술형,1,1.0
1937403,기말,1,논술형,0,0.0
1937403,기말,1,구술,0,0.0
1937403,기말,1,기타,0,0.0
1937430,중간,6,객관식,1,0.166667
1937430,중간,6,주관식,4,0.666667
1937430,중간,6,T/F형,0,0.0
1937430,중간,6,약술형,0,0.0
1937430,중간,6,논술형,2,0.333333
1937430,중간,6,구술,0,0.0
1937430,중간,6,기타,0,0.0
1937430,기말,3,객관식,0,0.0
1937430,기말,3,주관식,3,1.0
1937430,기말,3,T/F형,0,0.0
1937430,기말,3,약술형,1,0.333333
1937430,기말,3,논술형,1,0.333333
1937430,기말,3,구술,0,0.0
1937430,기말,3,기타,0,0.0
1937446,중간,5,객관식,2,0.4
1937446,중간,5,주관식,5,1.0
1937446,중간,5,T/F형,0,0.0
1937446,중간,5,약술형,1,0.2
1937446,중간,5,논술형,1,0.2
1937446,중간,5,구술,0,0.0
1937446,중간,5,기타,0,0.0
1937446,기말,1,객관식,1,1.0
1937446,기말,1,주관식,1,1.0
1937446,기말,1,T/F형,0,0.0
1937446,기말,1,약술형,0,0.0
1937446,기말,1,논술형,0,0.0
1937446,기말,1,구술,0,0.0
1937446,기말,1,기타,0,0.0
1937451,중간,4,객관식,4,1.0
1937451,중간,4,주관식,4,1.0
1937451,중간,4,T/F형,1,0.25
1937451,중간,4,약술형,3,0.75
1937451,중간,4,논술형,1,0.25
1937451,중간,4,구술,0,0.0
1937451,중간,4,기타,0,0.0
1937451,기말,3,객관식,0,0.0
1937451,기말,3,주관식,2,0.666667
1937451,기말,3,T/F형,0,0.0
1937451,기말,3,약술형,2,0.666667
1937451,기말,3,논술형,3,1.0
1937451,기말,3,구술,0,0.0
1937451,기말,3,기타,0,0.0
1937454,중간,3,객관식,2,0.666667
1937454,중간,3,주관식,1,0.333333
1937454,중간,3,T/F형,1,0.333333
1937454,중간,3,약술형,1,0.333333
1937454,중간,3,논술형,3,1.0
1937454,중간,3,구술,1,0.333333
1937454,중간,3,기타,0,0.0
1937454,기말,3,객관식,3,1.0
1937454,기말,3,주관식,1,0.333333
1937454,기말,3,T/F형,3,1.0
1937454,기말,3,약술형,0,0.0
1937454,기말,3,논술형,0,0.0
1937454,기말,3,구술,1,0.333333
1937454,기말,3,기타,0,0.0
1937454,1차,1,객관식,0,0.0
1937454,1차,1,주관식,0,0.0
1937454,1차,1,T/F형,0,0.0
1937454,1차,1,약술형,0,0.0
1937454,1차,1,논술형,0,0.0
1937454,1차,1,구술,0,0.0
1937454,1차,1,기타,1,1.0
1937469,기타,1,객관식,0,0.0
1937469,기타,1,주관식,0,0.0
1937469,기타,1,T/F형,0,0.0
1937469,기타,1,약술형,0,0.0
1937469,기타,1,논술형,0,0.0
1937469,기타,1,구술,0,0.0
1937469,기타,1,기타,1,1.0
1937488,중간,2,객관식,2,1.0
1937488,중간,2,주관식,2,1.0
1937488,중간,2,T/F형,0,0.0
1937488,중간,2,약술형,1,0.5
1937488,중간,2,논술형,0,0.0
1937488,중간,2,구술,0,0.0
1937488,중간,2,기타,0,0.0
1937488,기말,1,객관식,0,0.0
1937488,기말,1,주관식,0,0.0
1937488,기말,1,T/F형,0,0.0
1937488,기말,1,약술형,0,0.0
1937488,기말,1,논술형,0,0.0
1937488,기말,1,구술,0,0.0
1937488,기말,1,기타,0,0.0
1937497,중간,2,객관식,0,0.0
1937497,중간,2,주관식,0,0.0
1937497,중간,2,T/F형,0,0.0
1937497,중간,2,약술형,0,0.0
1937497,중간,2,논술형,1,0.5
1937497,중간,2,구술,0,0.0
1937497,중간,2,기타,1,0.5
1937497,기말,5,객관식,0,0.0
1937497,기말,5,주관식,0,0.0
1937497,기말,5,T/F형,0,0.0
1937497,기말,5,약술형,0,0.0
1937497,기말,5,논술형,0,0.0
1937497,기말,5,구술,1,0.2
1937497,기말,5,기타,5,1.0
1937512,중간,4,객관식,1,0.25
1937512,중간,4,주관식,3,0.75
1937512,중간,4,T/F형,0,0.0
1937512,중간,4,약술형,3,0.75
1937512,중간,4,논술형,0,0.0
1937512,중간,4,구술,0,0.0
1937512,중간,4,기타,0,0.0
1937524,중간,8,객관식,1,0.125
1937524,중간,8,주관식,4,0.5
1937524,중간,8,T/F형,0,0.0
1937524,중간,8,약술형,1,0.125
1937524,중간,8,논술형,5,0.625
1937524,중간,8,구술,1,0.125
1937524,중간,8,기타,0,0.0
1937524,기말,40,객관식,11,0.275
1937524,기말,40,주관식,25,0.625
1937524,기말,40,T/F형,0,0.0
1937524,기말,40,약술형,10,0.25
1937524,기말,40,논술형,15,0.375
1937524,기말,40,구술,0,0.0
1937524,기말,40,기타,0,0.0
1937524,1차,2,객관식,0,0.0
1937524,1차,2,주관식,1,0.5
1937524,1차,2,T/F형,0,0.0
1937524,1차,2,약술형,1,0.5
1937524,1차,2,논술형,0,0.0
1937524,1차,2,구술,0,0.0
1937524,1차,2,기타,0,0.0
1937524,2차,1,객관식,0,0.0
1937524,2차,1,주관식,1,1.0
1937524,2차,1,T/F형,0,0.0
1937524,2차,1,약술형,0,0.0
1937524,2차,1,논술형,1,1.0
1937524,2차,1,구술,0,0.0
1937524,2차,1,기타,0,0.0
1937524,기타,3,객관식,0,0.0
1937524,기타,3,주관식,0,0.0
1937524,기타,3,T/F형,0,0.0
1937524,기타,3,약술형,0,0.0
1937524,기타,3,논술형,1,0.333333
1937524,기타,3,구술,0,0.0
1937524,기타,3,기타,3,1.0
2009658,중간,3,객관식,0,0.0
2009658,중간,3,주관식,0,0.0
2009658,중간,3,T/F형,0,0.0
2009658,중간,3,약술형,0,0.0
2009658,중간,3,논술형,0,0.0
2009658,중간,3,구술,0,0.0
2009658,중간,3,기타,2,0.666667
2009658,기말,1,객관식,0,0.0
2009658,기말,1,주관식,0,0.0
2009658,기말,1,T/F형,0,0.0
2009658,기말,1,약술형,0,0.0
2009658,기말,1,논술형,0,0.0
2009658,기말,1,구술,0,0.0
2009658,기말,1,기타,0,0.0
2009670,중간,2,객관식,1,0.5
2009670,중간,2,주관식,2,1.0
2009670,중간,2,T/F형,1,0.5
2009670,중간,2,약술형,0,0.0
2009670,중간,2,논술형,1,0.5
2009670,중간,2,구술,0,0.0
2009670,중간,2,기타,0,0.0
2009679,중간,26,객관식,11,0.423077
2009679,중간,26,주관식,15,0.576923
2009679,중간,26,T/F형,6,0.230769
2009679,중간,26,약술형,9,0.346154
2009679,중간,26,논술형,8,0.307692
2009679,중간,26,구술,0,0.0
2009679,중간,26,기타,0,0.0
2009679,기말,5,객관식,0,0.0
2009679,기말,5,주관식,4,0.8
2009679,기말,5,T/F형,0,0.0
2009679,기말,5,약술형,2,0.4
2009679,기말,5,논술형,1,0.2
2009679,기말,5,구술,0,0.0
2009679,기말,5,기타,0,0.0
2009720,중간,60,객관식,24,0.4
2009720,중간,60,주관식,35,0.583333
2009720,중간,60,T/F형,1,0.016667
2009720,중간,60,약술형,6,0.1
2009720,중간,60,논술형,4,0.066667
2009720,중간,60,구술,0,0.0
2009720,중간,60,기타,1,0.016667
2009720,기말,22,객관식,6,0.272727
2009720,기말,22,주관식,13,0.590909
2009720,기말,22,T/F형,0,0.0
2009720,기말,22,약술형,3,0.136364
2009720,기말,22,논술형,3,0.136364
2009720,기말,22,구술,0,0.0
2009720,기말,22,기타,0,0.0
2009739,중간,13,객관식,3,0.230769
2009739,중간,13,주관식,11,0.846154
2009739,중간,13,T/F형,13,1.0
2009739,중간,13,약술형,6,0.461538
2009739,중간,13,논술형,0,0.0
2009739,중간,13,구술,0,0.0
2009739,중간,13,기타,0,0.0
2009739,기말,5,객관식,2,0.4
2009739,기말,5,주관식,5,1.0
2009739,기말,5,T/F형,5,1.0
2009739,기말,5,약술형,0,0.0
2009739,기말,5,논술형,2,0.4
2009739,기말,5,구술,0,0.0
2009739,기말,5,기타,0,0.0
2009767,기말,1,객관식,0,0.0
2009767,기말,1,주관식,0,0.0
2009767,기말,1,T/F형,0,0.0
2009767,기말,1,약술형,0,0.0
2009767,기말,1,논술형,0,0.0
2009767,기말,1,구술,0,0.0
2009767,기말,1,기타,1,1.0
2009857,중간,13,객관식,0,0.0
2009857,중간,13,주관식,6,0.461538
2009857,중간,13,T/F형,0,0.0
2009857,중간,13,약술형,7,0.538462
2009857,중간,13,논술형,10,0.769231
2009857,중간,13,구술,0,0.0
2009857,중간,13,기타,0,0.0
2009857,기말,16,객관식,0,0.0
2009857,기말,16,주관식,4,0.25
2009857,기말,16,T/F형,0,0.0
2009857,기말,16,약술형,2,0.125
2009857,기말,16,논술형,14,0.875
2009857,기말,16,구술,0,0.0
2009857,기말,16,기타,0,0.0
2009908,기말,1,객관식,0,0.0
2009908,기말,1,주관식,0,0.0
2009908,기말,1,T/F형,0,0.0
2009908,기말,1,약술형,0,0.0
2009908,기말,1,논술형,0,0.0
2009908,기말,1,구술,0,0.0
2009908,기말,1,기타,1,1.0
2010023,중간,5,객관식,0,0.0
2010023,중간,5,주관식,1,0.2
2010023,중간,5,T/F형,0,0.0
2010023,중간,5,약술형,0,0.0
2010023,중간,5,논술형,1,0.2
2010023,중간,5,구술,1,0.2
2010023,중간,5,기타,2,0.4
2010023,기말,13,객관식,0,0.0
2010023,기말,13,주관식,1,0.076923
2010023,기말,13,T/F형,0,0.0
2010023,기말,13,약술형,0,0.0
2010023,기말,13,논술형,1,0.076923
2010023,기말,13,구술,10,0.769231
2010023,기말,13,기타,2,0.153846
2010023,1차,1,객관식,0,0.0
2010023,1차,1,주관식,0,0.0
2010023,1차,1,T/F형,0,0.0
2010023,1차,1,약술형,0,0.0
2010023,1차,1,논술형,0,0.0
2010023,1차,1,구술,0,0.0
2010023,1차,1,기타,1,1.0
2010024,중간,29,객관식,26,0.896552
2010024,중간,29,주관식,24,0.827586
2010024,중간,29,T/F형,1,0.034483
2010024,중간,29,약술형,9,0.310345
2010024,중간,29,논술형,4,0.137931
2010024,중간,29,구술,0,0.0
2010024,중간,29,기타,0,0.0
2010024,기말,14,객관식,14,1.0
2010024,기말,14,주관식,11,0.785714
2010024,기말,14,T/F형,4,0.285714
2010024,기말,14,약술형,6,0.428571
2010024,기말,14,논술형,2,0.142857
2010024,기말,14,구술,0,0.0
2010024,기말,14,기타,0,0.0
2010024,기타,1,객관식,1,1.0
2010024,기타,1,주관식,1,1.0
2010024,기타,1,T/F형,1,1.0
2010024,기타,1,약술형,1,1.0
2010024,기타,1,논술형,0,0.0
2010024,기타,1,구술,0,0.0
2010024,기타,1,기타,1,1.0
2010032,중간,19,객관식,7,0.368421
2010032,중간,19,주관식,18,0.947368
2010032,중간,19,T/F형,0,0.0
2010032,중간,19,약술형,4,0.210526
2010032,중간,19,논술형,7,0.368421
2010032,중간,19,구술,0,0.0
2010032,중간,19,기타,1,0.052632
2010032,기말,3,객관식,1,0.333333
2010032,기말,3,주관식,2,0.666667
2010032,기말,3,T/F형,0,0.0
2010032,기말,3,약술형,2,0.666667
2010032,기말,3,논술형,1,0.333333
2010032,기말,3,구술,0,0.0
2010032,기말,3,기타,0,0.0
2010037,중간,13,객관식,12,0.923077
2010037,중간,13,주관식,10,0.769231
2010037,중간,13,T/F형,0,0.0
2010037,중간,13,약술형,2,0.153846
2010037,중간,13,논술형,0,0.0
2010037,중간,13,구술,0,0.0
2010037,중간,13,기타,0,0.0
2010037,기말,17,객관식,16,0.941176
2010037,기말,17,주관식,15,0.882353
2010037,기말,17,T/F형,1,0.058824
2010037,기말,17,약술형,3,0.176471
2010037,기말,17,논술형,0,0.0
2010037,기말,17,구술,1,0.058824
2010037,기말,17,기타,0,0.0
2010043,중간,15,객관식,0,0.0
2010043,중간,15,주관식,6,0.4
2010043,중간,15,T/F형,0,0.0
2010043,중간,15,약술형,8,0.533333
2010043,중간,15,논술형,4,0.266667
2010043,중간,15,구술,0,0.0
2010043,중간,15,기타,0,0.0
2010043,기말,19,객관식,1,0.052632
2010043,기말,19,주관식,9,0.473684
2010043,기말,19,T/F형,0,0.0
2010043,기말,19,약술형,6,0.315789
2010043,기말,19,논술형,12,0.631579
2010043,기말,19,구술,0,0.0
2010043,기말,19,기타,0,0.0
2010043,2차,1,객관식,0,0.0
2010043,2차,1,주관식,1,1.0
2010043,2차,1,T/F형,0,0.0
2010043,2차,1,약술형,0,0.0
2010043,2차,1,논술형,1,1.0
2010043,2차,1,구술,0,0.0
2010043,2차,1,기타,0,0.0
2010058,중간,6,객관식,3,0.5
2010058,중간,6,주관식,2,0.333333
2010058,중간,6,T/F형,1,0.166667
2010058,중간,6,약술형,1,0.166667
2010058,중간,6,논술형,2,0.333333
2010058,중간,6,구술,0,0.0
2010058,중간,6,기타,1,0.166667
2010058,기말,2,객관식,0,0.0
2010058,기말,2,주관식,0,0.0
2010058,기말,2,T/F형,0,0.0
2010058,기말,2,약술형,0,0.0
2010058,기말,2,논술형,2,1.0
2010058,기말,2,구술,0,0.0
2010058,기말,2,기타,0,0.0
2010070,중간,5,객관식,4,0.8
2010070,중간,5,주관식,3,0.6
2010070,중간,5,T/F형,0,0.0
2010070,중간,5,약술형,1,0.2
2010070,중간,5,논술형,1,0.2
2010070,중간,5,구술,0,0.0
2010070,중간,5,기타,0,0.0
2010070,기말,1,객관식,1,1.0
2010070,기말,1,주관식,1,1.0
2010070,기말,1,T/F형,0,0.0
2010070,기말,1,약술형,0,0.0
2010070,기말,1,논술형,0,0.0
2010070,기말,1,구술,0,0.0
2010070,기말,1,기타,0,0.0
2010106,중간,35,객관식,4,0.114286
2010106,중간,35,주관식,26,0.742857
2010106,중간,35,T/F형,5,0.142857
2010106,중간,35,약술형,2,0.057143
2010106,중간,35,논술형,9,0.257143
2010106,중간,35,구술,1,0.028571
2010106,중간,35,기타,1,0.028571
2010106,기말,12,객관식,0,0.0
2010106,기말,12,주관식,7,0.583333
2010106,기말,12,T/F형,0,0.0
2010106,기말,12,약술형,2,0.166667
2010106,기말,12,논술형,4,0.333333
2010106,기말,12,구술,0,0.0
2010106,기말,12,기타,0,0.0
2010134,중간,1,객관식,1,1.0
2010134,중간,1,주관식,0,0.0
2010134,중간,1,T/F형,0,0.0
2010134,중간,1,약술형,0,0.0
2010134,중간,1,논술형,0,0.0
2010134,중간,1,구술,0,0.0
2010134,중간,1,기타,0,0.0
2086869,기타,4,객관식,0,0.0
2086869,기타,4,주관식,0,0.0
2086869,기타,4,T/F형,0,0.0
2086869,기타,4,약술형,0,0.0
2086869,기타,4,논술형,1,0.25
2086869,기타,4,구술,0,0.0
2086869,기타,4,기타,4,1.0
2086870,기말,14,객관식,0,0.0
2086870,기말,14,주관식,8,0.571429
2086870,기말,14,T/F형,0,0.0
2086870,기말,14,약술형,3,0.214286
2086870,기말,14,논술형,10,0.714286
2086870,기말,14,구술,0,0.0
2086870,기말,14,기타,0,0.0
2086871,중간,1,객관식,1,1.0
2086871,중간,1,주관식,1,1.0
2086871,중간,1,T/F형,0,0.0
2086871,중간,1,약술형,1,1.0
2086871,중간,1,논술형,0,0.0
2086871,중간,1,구술,0,0.0
2086871,중간,1,기타,0,0.0
2086871,기말,2,객관식,1,0.5
2086871,기말,2,주관식,2,1.0
2086871,기말,2,T/F형,0,0.0
2086871,기말,2,약술형,2,1.0
2086871,기말,2,논술형,0,0.0
2086871,기말,2,구술,0,0.0
2086871,기말,2,기타,0,0.0
2086874,기타,1,객관식,0,0.0
2086874,기타,1,주관식,0,0.0
2086874,기타,1,T/F형,0,0.0
2086874,기타,1,약술형,0,0.0
2086874,기타,1,논술형,0,0.0
2086874,기타,1,구술,1,1.0
2086874,기타,1,기타,0,0.0
2086876,중간,2,객관식,0,0.0
2086876,중간,2,주관식,2,1.0
2086876,중간,2,T/F형,0,0.0
2086876,중간,2,약술형,0,0.0
2086876,중간,2,논술형,1,0.5
2086876,중간,2,구술,0,0.0
2086876,중간,2,기타,0,0.0
2086876,기말,6,객관식,0,0.0
2086876,기말,6,주관식,2,0.333333
2086876,기말,6,T/F형,0,0.0
2086876,기말,6,약술형,0,0.0
2086876,기말,6,논술형,4,0.666667
2086876,기말,6,구술,0,0.0
2086876,기말,6,기타,0,0.0
2086877,중간,11,객관식,0,0.0
2086877,중간,11,주관식,6,0.545455
2086877,중간,11,T/F형,0,0.0
2086877,중간,11,약술형,1,0.090909
2086877,중간,11,논술형,5,0.454545
2086877,중간,11,구술,0,0.0
2086877,중간,11,기타,0,0.0
2086877,기말,8,객관식,0,0.0
2086877,기말,8,주관식,6,0.75
2086877,기말,8,T/F형,0,0.0
2086877,기말,8,약술형,0,0.0
2086877,기말,8,논술형,1,0.125
2086877,기말,8,구술,0,0.0
2086877,기말,8,기타,0,0.0
2086880,기말,7,객관식,1,0.142857
2086880,기말,7,주관식,1,0.142857
2086880,기말,7,T/F형,0,0.0
2086880,기말,7,약술형,0,0.0
2086880,기말,7,논술형,6,0.857143
2086880,기말,7,구술,0,0.0
2086880,기말,7,기타,0,0.0
2086881,중간,31,객관식,0,0.0
2086881,중간,31,주관식,15,0.483871
2086881,중간,31,T/F형,0,0.0
2086881,중간,31,약술형,0,0.0
2086881,중간,31,논술형,20,0.645161
2086881,중간,31,구술,0,0.0
2086881,중간,31,기타,0,0.0
2086881,기말,16,객관식,0,0.0
2086881,기말,16,주관식,5,0.3125
2086881,기말,16,T/F형,0,0.0
2086881,기말,16,약술형,1,0.0625
2086881,기말,16,논술형,12,0.75
2086881,기말,16,구술,0,0.0
2086881,기말,16,기타,0,0.0
2086881,기타,1,객관식,0,0.0
2086881,기타,1,주관식,0,0.0
2086881,기타,1,T/F형,0,0.0
2086881,기타,1,약술형,0,0.0
2086881,기타,1,논술형,1,1.0
2086881,기타,1,구술,0,0.0
2086881,기타,1,기타,0,0.0
2086883,중간,1,객관식,0,0.0
2086883,중간,1,주관식,1,1.0
2086883,중간,1,T/F형,0,0.0
2086883,중간,1,약술형,0,0.0
2086883,중간,1,논술형,0,0.0
2086883,중간,1,구술,0,0.0
2086883,중간,1,기타,0,0.0
2086883,기말,3,객관식,0,0.0
2086883,기말,3,주관식,0,0.0
2086883,기말,3,T/F형,0,0.0
2086883,기말,3,약술형,0,0.0
2086883,기말,3,논술형,1,0.333333
2086883,기말,3,구술,2,0.666667
2086883,기말,3,기타,0,0.0
2086884,중간,4,객관식,0,0.0
2086884,중간,4,주관식,2,0.5
2086884,중간,4,T/F형,0,0.0
2086884,중간,4,약술형,0,0.0
2086884,중간,4,논술형,1,0.25
2086884,중간,4,구술,0,0.0
2086884,중간,4,기타,0,0.0
2086884,기말,2,객관식,0,0.0
2086884,기말,2,주관식,1,0.5
2086884,기말,2,T/F형,0,0.0
2086884,기말,2,약술형,0,0.0
2086884,기말,2,논술형,1,0.5
2086884,기말,2,구술,0,0.0
2086884,기말,2,기타,0,0.0
2086885,중간,1,객관식,1,1.0
2086885,중간,1,주관식,1,1.0
2086885,중간,1,T/F형,0,0.0
2086885,중간,1,약술형,0,0.0
2086885,중간,1,논술형,0,0.0
2086885,중간,1,구술,0,0.0
2086885,중간,1,기타,0,0.0
2086885,기말,17,객관식,0,0.0
2086885,기말,17,주관식,10,0.588235
2086885,기말,17,T/F형,0,0.0
2086885,기말,17,약술형,3,0.176471
2086885,기말,17,논술형,11,0.647059
2086885,기말,17,구술,0,0.0
2086885,기말,17,기타,0,0.0
2086887,중간,2,객관식,0,0.0
2086887,중간,2,주관식,1,0.5
2086887,중간,2,T/F형,0,0.0
2086887,중간,2,약술형,0,0.0
2086887,중간,2,논술형,2,1.0
2086887,중간,2,구술,0,0.0
2086887,중간,2,기타,0,0.0
2086887,기타,2,객관식,0,0.0
2086887,기타,2,주관식,0,0.0
2086887,기타,2,T/F형,0,0.0
2086887,기타,2,약술형,0,0.0
2086887,기타,2,논술형,1,0.5
2086887,기타,2,구술,0,0.0
2086887,기타,2,기타,0,0.0
2086888,중간,3,객관식,0,0.0
2086888,중간,3,주관식,0,0.0
2086888,중간,3,T/F형,0,0.0
2086888,중간,3,약술형,0,0.0
2086888,중간,3,논술형,3,1.0
2086888,중간,3,구술,0,0.0
2086888,중간,3,기타,0,0.0
2086888,기말,6,객관식,0,0.0
2086888,기말,6,주관식,0,0.0
2086888,기말,6,T/F형,0,0.0
2086888,기말,6,약술형,0,0.0
2086888,기말,6,논술형,6,1.0
2086888,기말,6,구술,0,0.0
2086888,기말,6,기타,0,0.0
2086889,기타,1,객관식,0,0.0
2086889,기타,1,주관식,0,0.0
2086889,기타,1,T/F형,0,0.0
2086889,기타,1,약술형,0,0.0
2086889,기타,1,논술형,0,0.0
2086889,기타,1,구술,0,0.0
2086889,기타,1,기타,1,1.0
2086890,기타,1,객관식,0,0.0
2086890,기타,1,주관식,0,0.0
2086890,기타,1,T/F형,0,0.0
2086890,기타,1,약술형,0,0.0
2086890,기타,1,논술형,1,1.0
2086890,기타,1,구술,0,0.0
2086890,기타,1,기타,0,0.0
2086891,중간,19,객관식,0,0.0
2086891,중간,19,주관식,9,0.473684
2086891,중간,19,T/F형,0,0.0
2086891,중간,19,약술형,16,0.842105
2086891,중간,19,논술형,7,0.368421
2086891,중간,19,구술,0,0.0
2086891,중간,19,기타,0,0.0
2086891,기말,9,객관식,1,0.111111
2086891,기말,9,주관식,4,0.444444
2086891,기말,9,T/F형,0,0.0
2086891,기말,9,약술형,6,0.666667
2086891,기말,9,논술형,4,0.444444
2086891,기말,9,구술,0,0.0
2086891,기말,9,기타,0,0.0
2086891,기타,1,객관식,0,0.0
2086891,기타,1,주관식,1,1.0
2086891,기타,1,T/F형,0,0.0
2086891,기타,1,약술형,0,0.0
2086891,기타,1,논술형,1,1.0
2086891,기타,1,구술,0,0.0
2086891,기타,1,기타,0,0.0
2086894,중간,34,객관식,0,0.0
2086894,중간,34,주관식,17,0.5
2086894,중간,34,T/F형,0,0.0
2086894,중간,34,약술형,4,0.117647
2086894,중간,34,논술형,22,0.647059
2086894,중간,34,구술,0,0.0
2086894,중간,34,기타,0,0.0
2086894,기말,14,객관식,0,0.0
2086894,기말,14,주관식,7,0.5
2086894,기말,14,T/F형,0,0.0
2086894,기말,14,약술형,2,0.142857
2086894,기말,14,논술형,12,0.857143
2086894,기말,14,구술,0,0.0
2086894,기말,14,기타,0,0.0
2086894,2차,1,객관식,1,1.0
2086894,2차,1,주관식,0,0.0
2086894,2차,1,T/F형,0,0.0
2086894,2차,1,약술형,0,0.0
2086894,2차,1,논술형,0,0.0
2086894,2차,1,구술,0,0.0
2086894,2차,1,기타,0,0.0
2086895,기말,4,객관식,0,0.0
2086895,기말,4,주관식,2,0.5
2086895,기말,4,T/F형,0,0.0
2086895,기말,4,약술형,0,0.0
2086895,기말,4,논술형,2,0.5
2086895,기말,4,구술,0,0.0
2086895,기말,4,기타,0,0.0
2086895,기타,1,객관식,0,0.0
2086895,기타,1,주관식,1,1.0
2086895,기타,1,T/F형,0,0.0
2086895,기타,1,약술형,1,1.0
2086895,기타,1,논술형,0,0.0
2086895,기타,1,구술,0,0.0
2086895,기타,1,기타,0,0.0
2086896,중간,8,객관식,0,0.0
2086896,중간,8,주관식,1,0.125
2086896,중간,8,T/F형,0,0.0
2086896,중간,8,약술형,0,0.0
2086896,중간,8,논술형,6,0.75
2086896,중간,8,구술,1,0.125
2086896,중간,8,기타,0,0.0
2086896,기말,14,객관식,0,0.0
2086896,기말,14,주관식,5,0.357143
2086896,기말,14,T/F형,0,0.0
2086896,기말,14,약술형,0,0.0
2086896,기말,14,논술형,9,0.642857
2086896,기말,14,구술,0,0.0
2086896,기말,14,기타,0,0.0
2086897,기말,9,객관식,0,0.0
2086897,기말,9,주관식,3,0.333333
2086897,기말,9,T/F형,0,0.0
2086897,기말,9,약술형,0,0.0
2086897,기말,9,논술형,5,0.555556
2086897,기말,9,구술,0,0.0
2086897,기말,9,기타,1,0.111111
2086898,중간,17,객관식,11,0.647059
2086898,중간,17,주관식,15,0.882353
2086898,중간,17,T/F형,0,0.0
2086898,중간,17,약술형,3,0.176471
2086898,중간,17,논술형,1,0.058824
2086898,중간,17,구술,0,0.0
2086898,중간,17,기타,0,0.0
2086898,기말,6,객관식,6,1.0
2086898,기말,6,주관식,5,0.833333
2086898,기말,6,T/F형,0,0.0
2086898,기말,6,약술형,1,0.166667
2086898,기말,6,논술형,0,0.0
2086898,기말,6,구술,0,0.0
2086898,기말,6,기타,0,0.0
2086901,중간,1,객관식,0,0.0
2086901,중간,1,주관식,0,0.0
2086901,중간,1,T/F형,0,0.0
2086901,중간,1,약술형,0,0.0
2086901,중간,1,논술형,1,1.0
2086901,중간,1,구술,0,0.0
2086901,중간,1,기타,0,0.0
2086901,기말,9,객관식,1,0.111111
2086901,기말,9,주관식,1,0.111111
2086901,기말,9,T/F형,0,0.0
2086901,기말,9,약술형,3,0.333333
2086901,기말,9,논술형,8,0.888889
2086901,기말,9,구술,0,0.0
2086901,기말,9,기타,0,0.0
2086902,기말,10,객관식,0,0.0
2086902,기말,10,주관식,5,0.5
2086902,기말,10,T/F형,0,0.0
2086902,기말,10,약술형,0,0.0
2086902,기말,10,논술형,7,0.7
2086902,기말,10,구술,0,0.0
2086902,기말,10,기타,0,0.0
2086904,기말,1,객관식,0,0.0
2086904,기말,1,주관식,0,0.0
2086904,기말,1,T/F형,0,0.0
2086904,기말,1,약술형,0,0.0
2086904,기말,1,논술형,1,1.0
2086904,기말,1,구술,0,0.0
2086904,기말,1,기타,0,0.0
2086904,기타,3,객관식,0,0.0
2086904,기타,3,주관식,0,0.0
2086904,기타,3,T/F형,0,0.0
2086904,기타,3,약술형,0,0.0
2086904,기타,3,논술형,2,0.666667
2086904,기타,3,구술,0,0.0
2086904,기타,3,기타,1,0.333333
2086905,중간,15,객관식,1,0.066667
2086905,중간,15,주관식,10,0.666667
2086905,중간,15,T/F형,0,0.0
2086905,중간,15,약술형,0,0.0
2086905,중간,15,논술형,7,0.466667
2086905,중간,15,구술,0,0.0
2086905,중간,15,기타,0,0.0
2086905,기말,1,객관식,0,0.0
2086905,기말,1,주관식,0,0.0
2086905,기말,1,T/F형,0,0.0
2086905,기말,1,약술형,0,0.0
2086905,기말,1,논술형,1,1.0
2086905,기말,1,구술,0,0.0
2086905,기말,1,기타,0,0.0
2086905,1차,1,객관식,1,1.0
2086905,1차,1,주관식,1,1.0
2086905,1차,1,T/F형,0,0.0
2086905,1차,1,약술형,1,1.0
2086905,1차,1,논술형,0,0.0
2086905,1차,1,구술,0,0.0
2086905,1차,1,기타,0,0.0
2086906,중간,1,객관식,0,0.0
2086906,중간,1,주관식,0,0.0
2086906,중간,1,T/F형,0,0.0
2086906,중간,1,약술형,0,0.0
2086906,중간,1,논술형,0,0.0
2086906,중간,1,구술,0,0.0
2086906,중간,1,기타,1,1.0
2086906,기말,1,객관식,0,0.0
2086906,기말,1,주관식,0,0.0
2086906,기말,1,T/F형,0,0.0
2086906,기말,1,약술형,1,1.0
2086906,기말,1,논술형,0,0.0
2086906,기말,1,구술,0,0.0
2086906,기말,1,기타,0,0.0
2086906,기타,3,객관식,0,0.0
2086906,기타,3,주관식,0,0.0
2086906,기타,3,T/F형,0,0.0
2086906,기타,3,약술형,0,0.0
2086906,기타,3,논술형,3,1.0
2086906,기타,3,구술,0,0.0
2086906,기타,3,기타,0,0.0
2086908,중간,2,객관식,1,0.5
2086908,중간,2,주관식,0,0.0
2086908,중간,2,T/F형,0,0.0
2086908,중간,2,약술형,0,0.0
2086908,중간,2,논술형,1,0.5
2086908,중간,2,구술,0,0.0
2086908,중간,2,기타,0,0.0
2086908,기말,7,객관식,3,0.428571
2086908,기말,7,주관식,3,0.428571
2086908,기말,7,T/F형,0,0.0
2086908,기말,7,약술형,0,0.0
2086908,기말,7,논술형,2,0.285714
2086908,기말,7,구술,0,0.0
2086908,기말,7,기타,0,0.0
2086909,중간,2,객관식,0,0.0
2086909,중간,2,주관식,0,0.0
2086909,중간,2,T/F형,0,0.0
2086909,중간,2,약술형,0,0.0
2086909,중간,2,논술형,1,0.5
2086909,중간,2,구술,1,0.5
2086909,중간,2,기타,0,0.0
2086909,기말,4,객관식,0,0.0
2086909,기말,4,주관식,0,0.0
2086909,기말,4,T/F형,0,0.0
2086909,기말,4,약술형,0,0.0
2086909,기말,4,논술형,3,0.75
2086909,기말,4,구술,0,0.0
2086909,기말,4,기타,1,0.25
2086910,중간,17,객관식,0,0.0
2086910,중간,17,주관식,4,0.235294
2086910,중간,17,T/F형,0,0.0
2086910,중간,17,약술형,0,0.0
2086910,중간,17,논술형,13,0.764706
2086910,중간,17,구술,0,0.0
2086910,중간,17,기타,0,0.0
2086910,기말,5,객관식,0,0.0
2086910,기말,5,주관식,0,0.0
2086910,기말,5,T/F형,0,0.0
2086910,기말,5,약술형,1,0.2
2086910,기말,5,논술형,4,0.8
2086910,기말,5,구술,0,0.0
2086910,기말,5,기타,0,0.0
2086911,중간,9,객관식,0,0.0
2086911,중간,9,주관식,2,0.222222
2086911,중간,9,T/F형,0,0.0
2086911,중간,9,약술형,1,0.111111
2086911,중간,9,논술형,6,0.666667
2086911,중간,9,구술,0,0.0
2086911,중간,9,기타,0,0.0
2086911,기말,8,객관식,0,0.0
2086911,기말,8,주관식,1,0.125
2086911,기말,8,T/F형,0,0.0
2086911,기말,8,약술형,2,0.25
2086911,기말,8,논술형,5,0.625
2086911,기말,8,구술,0,0.0
2086911,기말,8,기타,0,0.0
2086912,중간,6,객관식,0,0.0
2086912,중간,6,주관식,1,0.166667
2086912,중간,6,T/F형,0,0.0
2086912,중간,6,약술형,1,0.166667
2086912,중간,6,논술형,5,0.833333
2086912,중간,6,구술,0,0.0
2086912,중간,6,기타,0,0.0
2086912,기말,2,객관식,0,0.0
2086912,기말,2,주관식,0,0.0
2086912,기말,2,T/F형,0,0.0
2086912,기말,2,약술형,1,0.5
2086912,기말,2,논술형,2,1.0
2086912,기말,2,구술,0,0.0
2086912,기말,2,기타,0,0.0
2086913,중간,1,객관식,0,0.0
2086913,중간,1,주관식,0,0.0
2086913,중간,1,T/F형,0,0.0
2086913,중간,1,약술형,0,0.0
2086913,중간,1,논술형,1,1.0
2086913,중간,1,구술,0,0.0
2086913,중간,1,기타,0,0.0
2086913,기말,7,객관식,1,0.142857
2086913,기말,7,주관식,1,0.142857
2086913,기말,7,T/F형,0,0.0
2086913,기말,7,약술형,0,0.0
2086913,기말,7,논술형,6,0.857143
2086913,기말,7,구술,0,0.0
2086913,기말,7,기타,0,0.0
2086914,중간,11,객관식,0,0.0
2086914,중간,11,주관식,4,0.363636
2086914,중간,11,T/F형,0,0.0
2086914,중간,11,약술형,0,0.0
2086914,중간,11,논술형,7,0.636364
2086914,중간,11,구술,0,0.0
2086914,중간,11,기타,0,0.0
2086914,기말,10,객관식,0,0.0
2086914,기말,10,주관식,2,0.2
2086914,기말,10,T/F형,0,0.0
2086914,기말,10,약술형,0,0.0
2086914,기말,10,논술형,8,0.8
2086914,기말,10,구술,0,0.0
2086914,기말,10,기타,0,0.0
2086916,중간,1,객관식,0,0.0
2086916,중간,1,주관식,0,0.0
2086916,중간,1,T/F형,0,0.0
2086916,중간,1,약술형,0,0.0
2086916,중간,1,논술형,1,1.0
2086916,중간,1,구술,0,0.0
2086916,중간,1,기타,0,0.0
2086916,기말,2,객관식,0,0.0
2086916,기말,2,주관식,1,0.5
2086916,기말,2,T/F형,0,0.0
2086916,기말,2,약술형,1,0.5
2086916,기말,2,논술형,1,0.5
2086916,기말,2,구술,0,0.0
2086916,기말,2,기타,0,0.0
2086916,기타,1,객관식,0,0.0
2086916,기타,1,주관식,0,0.0
2086916,기타,1,T/F형,0,0.0
2086916,기타,1,약술형,0,0.0
2086916,기타,1,논술형,1,1.0
2086916,기타,1,구술,0,0.0
2086916,기타,1,기타,0,0.0
2086919,중간,7,객관식,0,0.0
2086919,중간,7,주관식,1,0.142857
2086919,중간,7,T/F형,0,0.0
2086919,중간,7,약술형,0,0.0
2086919,중간,7,논술형,6,0.857143
2086919,중간,7,구술,0,0.0
2086919,중간,7,기타,1,0.142857
2086919,기말,6,객관식,0,0.0
2086919,기말,6,주관식,3,0.5
2086919,기말,6,T/F형,0,0.0
2086919,기말,6,약술형,0,0.0
2086919,기말,6,논술형,3,0.5
2086919,기말,6,구술,1,0.166667
2086919,기말,6,기타,0,0.0
2086920,중간,1,객관식,0,0.0
2086920,중간,1,주관식,0,0.0
2086920,중간,1,T/F형,0,0.0
2086920,중간,1,약술형,0,0.0
2086920,중간,1,논술형,0,0.0
2086920,중간,1,구술,0,0.0
2086920,중간,1,기타,1,1.0
2086920,기말,3,객관식,0,0.0
2086920,기말,3,주관식,0,0.0
2086920,기말,3,T/F형,0,0.0
2086920,기말,3,약술형,0,0.0
2086920,기말,3,논술형,0,0.0
2086920,기말,3,구술,0,0.0
2086920,기말,3,기타,3,1.0
2086920,기타,7,객관식,0,0.0
2086920,기타,7,주관식,0,0.0
2086920,기타,7,T/F형,0,0.0
2086920,기타,7,약술형,0,0.0
2086920,기타,7,논술형,0,0.0
2086920,기타,7,구술,1,0.142857
2086920,기타,7,기타,4,0.571429
2086922,중간,1,객관식,1,1.0
2086922,중간,1,주관식,1,1.0
2086922,중간,1,T/F형,0,0.0
2086922,중간,1,약술형,0,0.0
2086922,중간,1,논술형,0,0.0
2086922,중간,1,구술,0,0.0
2086922,중간,1,기타,0,0.0
2086922,1차,1,객관식,0,0.0
2086922,1차,1,주관식,1,1.0
2086922,1차,1,T/F형,0,0.0
2086922,1차,1,약술형,0,0.0
2086922,1차,1,논술형,1,1.0
2086922,1차,1,구술,0,0.0
2086922,1차,1,기타,0,0.0
2086922,기타,3,객관식,0,0.0
2086922,기타,3,주관식,0,0.0
2086922,기타,3,T/F형,0,0.0
2086922,기타,3,약술형,1,0.333333
2086922,기타,3,논술형,1,0.333333
2086922,기타,3,구술,0,0.0
2086922,기타,3,기타,0,0.0
2086924,중간,43,객관식,0,0.0
2086924,중간,43,주관식,20,0.465116
2086924,중간,43,T/F형,0,0.0
2086924,중간,43,약술형,2,0.046512
2086924,중간,43,논술형,28,0.651163
2086924,중간,43,구술,0,0.0
2086924,중간,43,기타,0,0.0
2086924,기말,20,객관식,0,0.0
2086924,기말,20,주관식,12,0.6
2086924,기말,20,T/F형,0,0.0
2086924,기말,20,약술형,0,0.0
2086924,기말,20,논술형,9,0.45
2086924,기말,20,구술,0,0.0
2086924,기말,20,기타,0,0.0
2086924,기타,1,객관식,0,0.0
2086924,기타,1,주관식,0,0.0
2086924,기타,1,T/F형,0,0.0
2086924,기타,1,약술형,0,0.0
2086924,기타,1,논술형,1,1.0
2086924,기타,1,구술,0,0.0
2086924,기타,1,기타,0,0.0
2086925,중간,13,객관식,1,0.076923
2086925,중간,13,주관식,12,0.923077
2086925,중간,13,T/F형,0,0.0
2086925,중간,13,약술형,5,0.384615
2086925,중간,13,논술형,9,0.692308
2086925,중간,13,구술,0,0.0
2086925,중간,13,기타,0,0.0
2086925,기말,11,객관식,1,0.090909
2086925,기말,11,주관식,9,0.818182
2086925,기말,11,T/F형,2,0.181818
2086925,기말,11,약술형,7,0.636364
2086925,기말,11,논술형,8,0.727273
2086925,기말,11,구술,0,0.0
2086925,기말,11,기타,0,0.0
2086929,중간,37,객관식,5,0.135135
2086929,중간,37,주관식,33,0.891892
2086929,중간,37,T/F형,0,0.0
2086929,중간,37,약술형,1,0.027027
2086929,중간,37,논술형,1,0.027027
2086929,중간,37,구술,0,0.0
2086929,중간,37,기타,1,0.027027
2086929,기말,23,객관식,6,0.26087
2086929,기말,23,주관식,17,0.73913
2086929,기말,23,T/F형,1,0.043478
2086929,기말,23,약술형,3,0.130435
2086929,기말,23,논술형,1,0.043478
2086929,기말,23,구술,0,0.0
2086929,기말,23,기타,1,0.043478
2086929,1차,1,객관식,1,1.0
2086929,1차,1,주관식,1,1.0
2086929,1차,1,T/F형,1,1.0
2086929,1차,1,약술형,0,0.0
2086929,1차,1,논술형,0,0.0
2086929,1차,1,구술,0,0.0
2086929,1차,1,기타,0,0.0
2086931,중간,2,객관식,0,0.0
2086931,중간,2,주관식,0,0.0
2086931,중간,2,T/F형,0,0.0
2086931,중간,2,약술형,0,0.0
2086931,중간,2,논술형,2,1.0
2086931,중간,2,구술,0,0.0
2086931,중간,2,기타,0,0.0
2086931,기말,1,객관식,0,0.0
2086931,기말,1,주관식,0,0.0
2086931,기말,1,T/F형,0,0.0
2086931,기말,1,약술형,0,0.0
2086931,기말,1,논술형,0,0.0
2086931,기말,1,구술,0,0.0
2086931,기말,1,기타,1,1.0
2086931,기타,1,객관식,0,0.0
2086931,기타,1,주관식,0,0.0
2086931,기타,1,T/F형,0,0.0
2086931,기타,1,약술형,0,0.0
2086931,기타,1,논술형,0,0.0
2086931,기타,1,구술,0,0.0
2086931,기타,1,기타,1,1.0
2086933,중간,29,객관식,24,0.827586
2086933,중간,29,주관식,26,0.896552
2086933,중간,29,T/F형,2,0.068966
2086933,중간,29,약술형,13,0.448276
2086933,중간,29,논술형,9,0.310345
2086933,중간,29,구술,0,0.0
2086933,중간,29,기타,0,0.0
2086933,기말,4,객관식,1,0.25
2086933,기말,4,주관식,2,0.5
2086933,기말,4,T/F형,0,0.0
2086933,기말,4,약술형,1,0.25
2086933,기말,4,논술형,2,0.5
2086933,기말,4,구술,1,0.25
2086933,기말,4,기타,1,0.25
2086933,1차,1,객관식,1,1.0
2086933,1차,1,주관식,1,1.0
2086933,1차,1,T/F형,0,0.0
2086933,1차,1,약술형,0,0.0
2086933,1차,1,논술형,0,0.0
2086933,1차,1,구술,0,0.0
2086933,1차,1,기타,0,0.0
2086933,기타,1,객관식,0,0.0
2086933,기타,1,주관식,0,0.0
2086933,기타,1,T/F형,0,0.0
2086933,기타,1,약술형,0,0.0
2086933,기타,1,논술형,0,0.0
2086933,기타,1,구술,0,0.0
2086933,기타,1,기타,1,1.0
2086935,중간,15,객관식,9,0.6
2086935,중간,15,주관식,9,0.6
2086935,중간,15,T/F형,0,0.0
2086935,중간,15,약술형,0,0.0
2086935,중간,15,논술형,0,0.0
2086935,중간,15,구술,0,0.0
2086935,중간,15,기타,1,0.066667
2086935,기말,1,객관식,0,0.0
2086935,기말,1,주관식,1,1.0
2086935,기말,1,T/F형,0,0.0
2086935,기말,1,약술형,0,0.0
2086935,기말,1,논술형,0,0.0
2086935,기말,1,구술,0,0.0
2086935,기말,1,기타,0,0.0
2086940,기말,1,객관식,0,0.0
2086940,기말,1,주관식,1,1.0
2086940,기말,1,T/F형,0,0.0
2086940,기말,1,약술형,0,0.0
2086940,기말,1,논술형,0,0.0
2086940,기말,1,구술,0,0.0
2086940,기말,1,기타,0,0.0
2086956,중간,1,객관식,0,0.0
2086956,중간,1,주관식,0,0.0
2086956,중간,1,T/F형,0,0.0
2086956,중간,1,약술형,0,0.0
2086956,중간,1,논술형,0,0.0
2086956,중간,1,구술,0,0.0
2086956,중간,1,기타,1,1.0
2086956,기말,19,객관식,0,0.0
2086956,기말,19,주관식,8,0.421053
2086956,기말,19,T/F형,0,0.0
2086956,기말,19,약술형,0,0.0
2086956,기말,19,논술형,16,0.842105
2086956,기말,19,구술,1,0.052632
2086956,기말,19,기타,0,0.0
2086956,기타,1,객관식,0,0.0
2086956,기타,1,주관식,0,0.0
2086956,기타,1,T/F형,0,0.0
2086956,기타,1,약술형,1,1.0
2086956,기타,1,논술형,1,1.0
2086956,기타,1,구술,0,0.0
2086956,기타,1,기타,0,0.0
2086961,중간,26,객관식,0,0.0
2086961,중간,26,주관식,10,0.384615
2086961,중간,26,T/F형,0,0.0
2086961,중간,26,약술형,1,0.038462
2086961,중간,26,논술형,21,0.807692
2086961,중간,26,구술,0,0.0
2086961,중간,26,기타,0,0.0
2086961,기말,11,객관식,0,0.0
2086961,기말,11,주관식,4,0.363636
2086961,기말,11,T/F형,0,0.0
2086961,기말,11,약술형,0,0.0
2086961,기말,11,논술형,10,0.909091
2086961,기말,11,구술,1,0.090909
2086961,기말,11,기타,0,0.0
2086961,기타,3,객관식,0,0.0
2086961,기타,3,주관식,1,0.333333
2086961,기타,3,T/F형,0,0.0
2086961,기타,3,약술형,0,0.0
2086961,기타,3,논술형,1,0.333333
2086961,기타,3,구술,0,0.0
2086961,기타,3,기타,1,0.333333
2086968,중간,2,객관식,2,1.0
2086968,중간,2,주관식,1,0.5
2086968,중간,2,T/F형,0,0.0
2086968,중간,2,약술형,0,0.0
2086968,중간,2,논술형,0,0.0
2086968,중간,2,구술,0,0.0
2086968,중간,2,기타,1,0.5
2086975,기타,1,객관식,0,0.0
2086975,기타,1,주관식,0,0.0
2086975,기타,1,T/F형,0,0.0
2086975,기타,1,약술형,0,0.0
2086975,기타,1,논술형,0,0.0
2086975,기타,1,구술,1,1.0
2086975,기타,1,기타,0,0.0
2086979,중간,4,객관식,2,0.5
2086979,중간,4,주관식,1,0.25
2086979,중간,4,T/F형,1,0.25
2086979,중간,4,약술형,0,0.0
2086979,중간,4,논술형,1,0.25
2086979,중간,4,구술,0,0.0
2086979,중간,4,기타,1,0.25
2086979,기말,3,객관식,2,0.666667
2086979,기말,3,주관식,3,1.0
2086979,기말,3,T/F형,0,0.0
2086979,기말,3,약술형,0,0.0
2086979,기말,3,논술형,1,0.333333
2086979,기말,3,구술,0,0.0
2086979,기말,3,기타,0,0.0
2086981,중간,1,객관식,0,0.0
2086981,중간,1,주관식,0,0.0
2086981,중간,1,T/F형,0,0.0
2086981,중간,1,약술형,0,0.0
2086981,중간,1,논술형,1,1.0
2086981,중간,1,구술,0,0.0
2086981,중간,1,기타,0,0.0
2086981,기말,114,객관식,13,0.114035
2086981,기말,114,주관식,46,0.403509
2086981,기말,114,T/F형,0,0.0
2086981,기말,114,약술형,13,0.114035
2086981,기말,114,논술형,75,0.657895
2086981,기말,114,구술,1,0.008772
2086981,기말,114,기타,0,0.0
2086981,기타,4,객관식,4,1.0
2086981,기타,4,주관식,0,0.0
2086981,기타,4,T/F형,0,0.0
2086981,기타,4,약술형,0,0.0
2086981,기타,4,논술형,1,0.25
2086981,기타,4,구술,0,0.0
2086981,기타,4,기타,0,0.0
2086986,중간,1,객관식,0,0.0
2086986,중간,1,주관식,1,1.0
2086986,중간,1,T/F형,0,0.0
2086986,중간,1,약술형,1,1.0
2086986,중간,1,논술형,1,1.0
2086986,중간,1,구술,0,0.0
2086986,중간,1,기타,0,0.0
2086986,기말,7,객관식,0,0.0
2086986,기말,7,주관식,5,0.714286
2086986,기말,7,T/F형,0,0.0
2086986,기말,7,약술형,2,0.285714
2086986,기말,7,논술형,1,0.142857
2086986,기말,7,구술,0,0.0
2086986,기말,7,기타,0,0.0
2086987,중간,13,객관식,5,0.384615
2086987,중간,13,주관식,8,0.615385
2086987,중간,13,T/F형,12,0.923077
2086987,중간,13,약술형,4,0.307692
2086987,중간,13,논술형,1,0.076923
2086987,중간,13,구술,0,0.0
2086987,중간,13,기타,0,0.0
2086987,기말,4,객관식,3,0.75
2086987,기말,4,주관식,3,0.75
2086987,기말,4,T/F형,1,0.25
2086987,기말,4,약술형,1,0.25
2086987,기말,4,논술형,2,0.5
2086987,기말,4,구술,0,0.0
2086987,기말,4,기타,0,0.0
2086987,1차,6,객관식,5,0.833333
2086987,1차,6,주관식,4,0.666667
2086987,1차,6,T/F형,4,0.666667
2086987,1차,6,약술형,3,0.5
2086987,1차,6,논술형,1,0.166667
2086987,1차,6,구술,0,0.0
2086987,1차,6,기타,0,0.0
2086987,기타,1,객관식,1,1.0
2086987,기타,1,주관식,0,0.0
2086987,기타,1,T/F형,1,1.0
2086987,기타,1,약술형,1,1.0
2086987,기타,1,논술형,0,0.0
2086987,기타,1,구술,0,0.0
2086987,기타,1,기타,0,0.0
2086995,중간,1,객관식,1,1.0
2086995,중간,1,주관식,1,1.0
2086995,중간,1,T/F형,0,0.0
2086995,중간,1,약술형,0,0.0
2086995,중간,1,논술형,0,0.0
2086995,중간,1,구술,0,0.0
2086995,중간,1,기타,0,0.0
2086998,중간,13,객관식,9,0.692308
2086998,중간,13,주관식,10,0.769231
2086998,중간,13,T/F형,6,0.461538
2086998,중간,13,약술형,1,0.076923
2086998,중간,13,논술형,0,0.0
2086998,중간,13,구술,0,0.0
2086998,중간,13,기타,0,0.0
2086998,기말,3,객관식,3,1.0
2086998,기말,3,주관식,2,0.666667
2086998,기말,3,T/F형,0,0.0
2086998,기말,3,약술형,0,0.0
2086998,기말,3,논술형,3,1.0
2086998,기말,3,구술,0,0.0
2086998,기말,3,기타,0,0.0
2086999,중간,26,객관식,25,0.961538
2086999,중간,26,주관식,1,0.038462
2086999,중간,26,T/F형,0,0.0
2086999,중간,26,약술형,0,0.0
2086999,중간,26,논술형,0,0.0
2086999,중간,26,구술,0,0.0
2086999,중간,26,기타,0,0.0
2086999,기말,11,객관식,11,1.0
2086999,기말,11,주관식,0,0.0
2086999,기말,11,T/F형,0,0.0
2086999,기말,11,약술형,0,0.0
2086999,기말,11,논술형,0,0.0
2086999,기말,11,구술,0,0.0
2086999,기말,11,기타,0,0.0
2087005,중간,29,객관식,18,0.62069
2087005,중간,29,주관식,10,0.344828
2087005,중간,29,T/F형,0,0.0
2087005,중간,29,약술형,5,0.172414
2087005,중간,29,논술형,4,0.137931
2087005,중간,29,구술,0,0.0
2087005,중간,29,기타,3,0.103448
2087005,기말,8,객관식,3,0.375
2087005,기말,8,주관식,1,0.125
2087005,기말,8,T/F형,0,0.0
2087005,기말,8,약술형,0,0.0
2087005,기말,8,논술형,3,0.375
2087005,기말,8,구술,0,0.0
2087005,기말,8,기타,1,0.125
2087005,기타,2,객관식,1,0.5
2087005,기타,2,주관식,0,0.0
2087005,기타,2,T/F형,0,0.0
2087005,기타,2,약술형,1,0.5
2087005,기타,2,논술형,0,0.0
2087005,기타,2,구술,0,0.0
2087005,기타,2,기타,0,0.0
2087040,중간,7,객관식,7,1.0
2087040,중간,7,주관식,0,0.0
2087040,중간,7,T/F형,0,0.0
2087040,중간,7,약술형,0,0.0
2087040,중간,7,논술형,0,0.0
2087040,중간,7,구술,0,0.0
2087040,중간,7,기타,0,0.0
2087040,기말,1,객관식,1,1.0
2087040,기말,1,주관식,0,0.0
2087040,기말,1,T/F형,0,0.0
2087040,기말,1,약술형,0,0.0
2087040,기말,1,논술형,0,0.0
2087040,기말,1,구술,0,0.0
2087040,기말,1,기타,0,0.0
2087040,기타,2,객관식,0,0.0
2087040,기타,2,주관식,0,0.0
2087040,기타,2,T/F형,0,0.0
2087040,기타,2,약술형,0,0.0
2087040,기타,2,논술형,1,0.5
2087040,기타,2,구술,0,0.0
2087040,기타,2,기타,0,0.0
2087070,중간,3,객관식,0,0.0
2087070,중간,3,주관식,2,0.666667
2087070,중간,3,T/F형,2,0.666667
2087070,중간,3,약술형,0,0.0
2087070,중간,3,논술형,3,1.0
2087070,중간,3,구술,0,0.0
2087070,중간,3,기타,0,0.0
2087070,기말,3,객관식,0,0.0
2087070,기말,3,주관식,3,1.0
2087070,기말,3,T/F형,0,0.0
2087070,기말,3,약술형,0,0.0
2087070,기말,3,논술형,0,0.0
2087070,기말,3,구술,0,0.0
2087070,기말,3,기타,0,0.0
2087070,기타,1,객관식,0,0.0
2087070,기타,1,주관식,1,1.0
2087070,기타,1,T/F형,0,0.0
2087070,기타,1,약술형,0,0.0
2087070,기타,1,논술형,0,0.0
2087070,기타,1,구술,0,0.0
2087070,기타,1,기타,0,0.0
2087072,중간,2,객관식,0,0.0
2087072,중간,2,주관식,1,0.5
2087072,중간,2,T/F형,2,1.0
2087072,중간,2,약술형,0,0.0
2087072,중간,2,논술형,0,0.0
2087072,중간,2,구술,0,0.0
2087072,중간,2,기타,0,0.0
2087072,기말,2,객관식,0,0.0
2087072,기말,2,주관식,2,1.0
2087072,기말,2,T/F형,1,0.5
2087072,기말,2,약술형,0,0.0
2087072,기말,2,논술형,0,0.0
2087072,기말,2,구술,0,0.0
2087072,기말,2,기타,0,0.0
2087081,중간,14,객관식,1,0.071429
2087081,중간,14,주관식,12,0.857143
2087081,중간,14,T/F형,0,0.0
2087081,중간,14,약술형,5,0.357143
2087081,중간,14,논술형,7,0.5
2087081,중간,14,구술,0,0.0
2087081,중간,14,기타,0,0.0
2087081,기말,7,객관식,0,0.0
2087081,기말,7,주관식,5,0.714286
2087081,기말,7,T/F형,0,0.0
2087081,기말,7,약술형,2,0.285714
2087081,기말,7,논술형,2,0.285714
2087081,기말,7,구술,0,0.0
2087081,기말,7,기타,0,0.0
2087092,중간,15,객관식,2,0.133333
2087092,중간,15,주관식,12,0.8
2087092,중간,15,T/F형,0,0.0
2087092,중간,15,약술형,0,0.0
2087092,중간,15,논술형,4,0.266667
2087092,중간,15,구술,0,0.0
2087092,중간,15,기타,0,0.0
2087092,기말,2,객관식,1,0.5
2087092,기말,2,주관식,1,0.5
2087092,기말,2,T/F형,1,0.5
2087092,기말,2,약술형,0,0.0
2087092,기말,2,논술형,1,0.5
2087092,기말,2,구술,0,0.0
2087092,기말,2,기타,0,0.0
2087092,1차,2,객관식,1,0.5
2087092,1차,2,주관식,2,1.0
2087092,1차,2,T/F형,1,0.5
2087092,1차,2,약술형,0,0.0
2087092,1차,2,논술형,0,0.0
2087092,1차,2,구술,0,0.0
2087092,1차,2,기타,0,0.0
2087095,중간,5,객관식,0,0.0
2087095,중간,5,주관식,1,0.2
2087095,중간,5,T/F형,0,0.0
2087095,중간,5,약술형,0,0.0
2087095,중간,5,논술형,4,0.8
2087095,중간,5,구술,0,0.0
2087095,중간,5,기타,0,0.0
2087095,기말,4,객관식,0,0.0
2087095,기말,4,주관식,1,0.25
2087095,기말,4,T/F형,0,0.0
2087095,기말,4,약술형,0,0.0
2087095,기말,4,논술형,3,0.75
2087095,기말,4,구술,0,0.0
2087095,기말,4,기타,0,0.0
2087097,중간,4,객관식,0,0.0
2087097,중간,4,주관식,4,1.0
2087097,중간,4,T/F형,0,0.0
2087097,중간,4,약술형,3,0.75
2087097,중간,4,논술형,0,0.0
2087097,중간,4,구술,0,0.0
2087097,중간,4,기타,0,0.0
2087097,기말,3,객관식,1,0.333333
2087097,기말,3,주관식,3,1.0
2087097,기말,3,T/F형,0,0.0
2087097,기말,3,약술형,1,0.333333
2087097,기말,3,논술형,0,0.0
2087097,기말,3,구술,0,0.0
2087097,기말,3,기타,0,0.0
2087098,기말,7,객관식,0,0.0
2087098,기말,7,주관식,6,0.857143
2087098,기말,7,T/F형,0,0.0
2087098,기말,7,약술형,1,0.142857
2087098,기말,7,논술형,2,0.285714
2087098,기말,7,구술,0,0.0
2087098,기말,7,기타,0,0.0
2087112,중간,3,객관식,1,0.333333
2087112,중간,3,주관식,3,1.0
2087112,중간,3,T/F형,0,0.0
2087112,중간,3,약술형,1,0.333333
2087112,중간,3,논술형,1,0.333333
2087112,중간,3,구술,0,0.0
2087112,중간,3,기타,0,0.0
2087112,기말,2,객관식,0,0.0
2087112,기말,2,주관식,2,1.0
2087112,기말,2,T/F형,0,0.0
2087112,기말,2,약술형,0,0.0
2087112,기말,2,논술형,0,0.0
2087112,기말,2,구술,0,0.0
2087112,기말,2,기타,0,0.0
2087120,기말,5,객관식,0,0.0
2087120,기말,5,주관식,4,0.8
2087120,기말,5,T/F형,5,1.0
2087120,기말,5,약술형,2,0.4
2087120,기말,5,논술형,2,0.4
2087120,기말,5,구술,0,0.0
2087120,기말,5,기타,0,0.0
2087121,중간,6,객관식,0,0.0
2087121,중간,6,주관식,5,0.833333
2087121,중간,6,T/F형,0,0.0
2087121,중간,6,약술형,0,0.0
2087121,중간,6,논술형,3,0.5
2087121,중간,6,구술,0,0.0
2087121,중간,6,기타,0,0.0
2087121,기말,4,객관식,0,0.0
2087121,기말,4,주관식,3,0.75
2087121,기말,4,T/F형,0,0.0
2087121,기말,4,약술형,0,0.0
2087121,기말,4,논술형,2,0.5
2087121,기말,4,구술,0,0.0
2087121,기말,4,기타,0,0.0
2087127,중간,13,객관식,5,0.384615
2087127,중간,13,주관식,10,0.769231
2087127,중간,13,T/F형,4,0.307692
2087127,중간,13,약술형,2,0.153846
2087127,중간,13,논술형,2,0.153846
2087127,중간,13,구술,0,0.0
2087127,중간,13,기타,0,0.0
2087127,기말,5,객관식,5,1.0
2087127,기말,5,주관식,5,1.0
2087127,기말,5,T/F형,4,0.8
2087127,기말,5,약술형,2,0.4
2087127,기말,5,논술형,0,0.0
2087127,기말,5,구술,0,0.0
2087127,기말,5,기타,0,0.0
2087128,기말,1,객관식,1,1.0
2087128,기말,1,주관식,1,1.0
2087128,기말,1,T/F형,0,0.0
2087128,기말,1,약술형,0,0.0
2087128,기말,1,논술형,1,1.0
2087128,기말,1,구술,0,0.0
2087128,기말,1,기타,0,0.0
2087130,기말,1,객관식,1,1.0
2087130,기말,1,주관식,0,0.0
2087130,기말,1,T/F형,0,0.0
2087130,기말,1,약술형,0,0.0
2087130,기말,1,논술형,1,1.0
2087130,기말,1,구술,0,0.0
2087130,기말,1,기타,0,0.0
2087142,중간,4,객관식,0,0.0
2087142,중간,4,주관식,2,0.5
2087142,중간,4,T/F형,0,0.0
2087142,중간,4,약술형,0,0.0
2087142,중간,4,논술형,3,0.75
2087142,중간,4,구술,0,0.0
2087142,중간,4,기타,0,0.0
2087142,기말,4,객관식,0,0.0
2087142,기말,4,주관식,1,0.25
2087142,기말,4,T/F형,0,0.0
2087142,기말,4,약술형,1,0.25
2087142,기말,4,논술형,4,1.0
2087142,기말,4,구술,0,0.0
2087142,기말,4,기타,0,0.0
2087144,중간,10,객관식,1,0.1
2087144,중간,10,주관식,9,0.9
2087144,중간,10,T/F형,0,0.0
2087144,중간,10,약술형,4,0.4
2087144,중간,10,논술형,0,0.0
2087144,중간,10,구술,0,0.0
2087144,중간,10,기타,0,0.0
2087144,기말,6,객관식,2,0.333333
2087144,기말,6,주관식,6,1.0
2087144,기말,6,T/F형,1,0.166667
2087144,기말,6,약술형,3,0.5
2087144,기말,6,논술형,1,0.166667
2087144,기말,6,구술,0,0.0
2087144,기말,6,기타,0,0.0
2087145,중간,1,객관식,0,0.0
2087145,중간,1,주관식,0,0.0
2087145,중간,1,T/F형,0,0.0
2087145,중간,1,약술형,1,1.0
2087145,중간,1,논술형,0,0.0
2087145,중간,1,구술,0,0.0
2087145,중간,1,기타,0,0.0
2087145,기말,1,객관식,0,0.0
2087145,기말,1,주관식,1,1.0
2087145,기말,1,T/F형,0,0.0
2087145,기말,1,약술형,0,0.0
2087145,기말,1,논술형,0,0.0
2087145,기말,1,구술,0,0.0
2087145,기말,1,기타,0,0.0
2087149,기말,5,객관식,0,0.0
2087149,기말,5,주관식,4,0.8
2087149,기말,5,T/F형,0,0.0
2087149,기말,5,약술형,1,0.2
2087149,기말,5,논술형,2,0.4
2087149,기말,5,구술,0,0.0
2087149,기말,5,기타,0,0.0
2087149,1차,1,객관식,0,0.0
2087149,1차,1,주관식,0,0.0
2087149,1차,1,T/F형,0,0.0
2087149,1차,1,약술형,0,0.0
2087149,1차,1,논술형,0,0.0
2087149,1차,1,구술,0,0.0
2087149,1차,1,기타,1,1.0
2087150,중간,1,객관식,0,0.0
2087150,중간,1,주관식,0,0.0
2087150,중간,1,T/F형,0,0.0
2087150,중간,1,약술형,0,0.0
2087150,중간,1,논술형,0,0.0
2087150,중간,1,구술,0,0.0
2087150,중간,1,기타,1,1.0
2087150,기말,2,객관식,0,0.0
2087150,기말,2,주관식,1,0.5
2087150,기말,2,T/F형,0,0.0
2087150,기말,2,약술형,0,0.0
2087150,기말,2,논술형,1,0.5
2087150,기말,2,구술,0,0.0
2087150,기말,2,기타,0,0.0
2087151,기말,4,객관식,0,0.0
2087151,기말,4,주관식,1,0.25
2087151,기말,4,T/F형,0,0.0
2087151,기말,4,약술형,0,0.0
2087151,기말,4,논술형,2,0.5
2087151,기말,4,구술,0,0.0
2087151,기말,4,기타,0,0.0
2087152,중간,2,객관식,0,0.0
2087152,중간,2,주관식,0,0.0
2087152,중간,2,T/F형,0,0.0
2087152,중간,2,약술형,0,0.0
2087152,중간,2,논술형,2,1.0
2087152,중간,2,구술,0,0.0
2087152,중간,2,기타,0,0.0
2087152,기말,5,객관식,0,0.0
2087152,기말,5,주관식,2,0.4
2087152,기말,5,T/F형,0,0.0
2087152,기말,5,약술형,2,0.4
2087152,기말,5,논술형,2,0.4
2087152,기말,5,구술,0,0.0
2087152,기말,5,기타,0,0.0
2087157,중간,2,객관식,0,0.0
2087157,중간,2,주관식,2,1.0
2087157,중간,2,T/F형,2,1.0
2087157,중간,2,약술형,0,0.0
2087157,중간,2,논술형,2,1.0
2087157,중간,2,구술,0,0.0
2087157,중간,2,기타,0,0.0
2087167,기말,1,객관식,0,0.0
2087167,기말,1,주관식,0,0.0
2087167,기말,1,T/F형,0,0.0
2087167,기말,1,약술형,1,1.0
2087167,기말,1,논술형,1,1.0
2087167,기말,1,구술,0,0.0
2087167,기말,1,기타,0,0.0
2087170,기말,6,객관식,0,0.0
2087170,기말,6,주관식,1,0.166667
2087170,기말,6,T/F형,0,0.0
2087170,기말,6,약술형,0,0.0
2087170,기말,6,논술형,5,0.833333
2087170,기말,6,구술,0,0.0
2087170,기말,6,기타,0,0.0
2087174,중간,1,객관식,0,0.0
2087174,중간,1,주관식,0,0.0
2087174,중간,1,T/F형,0,0.0
2087174,중간,1,약술형,0,0.0
2087174,중간,1,논술형,1,1.0
2087174,중간,1,구술,0,0.0
2087174,중간,1,기타,0,0.0
2087178,중간,11,객관식,0,0.0
2087178,중간,11,주관식,3,0.272727
2087178,중간,11,T/F형,0,0.0
2087178,중간,11,약술형,1,0.090909
2087178,중간,11,논술형,9,0.818182
2087178,중간,11,구술,0,0.0
2087178,중간,11,기타,0,0.0
2087178,기말,6,객관식,0,0.0
2087178,기말,6,주관식,1,0.166667
2087178,기말,6,T/F형,0,0.0
2087178,기말,6,약술형,0,0.0
2087178,기말,6,논술형,6,1.0
2087178,기말,6,구술,0,0.0
2087178,기말,6,기타,0,0.0
2087184,기말,5,객관식,0,0.0
2087184,기말,5,주관식,1,0.2
2087184,기말,5,T/F형,0,0.0
2087184,기말,5,약술형,0,0.0
2087184,기말,5,논술형,5,1.0
2087184,기말,5,구술,1,0.2
2087184,기말,5,기타,0,0.0
2087185,기말,3,객관식,0,0.0
2087185,기말,3,주관식,1,0.333333
2087185,기말,3,T/F형,0,0.0
2087185,기말,3,약술형,0,0.0
2087185,기말,3,논술형,2,0.666667
2087185,기말,3,구술,0,0.0
2087185,기말,3,기타,0,0.0
2087197,중간,2,객관식,0,0.0
2087197,중간,2,주관식,2,1.0
2087197,중간,2,T/F형,0,0.0
2087197,중간,2,약술형,0,0.0
2087197,중간,2,논술형,0,0.0
2087197,중간,2,구술,0,0.0
2087197,중간,2,기타,0,0.0
2087197,기말,5,객관식,0,0.0
2087197,기말,5,주관식,4,0.8
2087197,기말,5,T/F형,0,0.0
2087197,기말,5,약술형,1,0.2
2087197,기말,5,논술형,0,0.0
2087197,기말,5,구술,0,0.0
2087197,기말,5,기타,0,0.0
2087200,중간,1,객관식,1,1.0
2087200,중간,1,주관식,0,0.0
2087200,중간,1,T/F형,0,0.0
2087200,중간,1,약술형,0,0.0
2087200,중간,1,논술형,0,0.0
2087200,중간,1,구술,0,0.0
2087200,중간,1,기타,0,0.0
2087200,기말,3,객관식,3,1.0
2087200,기말,3,주관식,3,1.0
2087200,기말,3,T/F형,0,0.0
2087200,기말,3,약술형,0,0.0
2087200,기말,3,논술형,3,1.0
2087200,기말,3,구술,0,0.0
2087200,기말,3,기타,0,0.0
2087213,중간,1,객관식,0,0.0
2087213,중간,1,주관식,0,0.0
2087213,중간,1,T/F형,0,0.0
2087213,중간,1,약술형,1,1.0
2087213,중간,1,논술형,0,0.0
2087213,중간,1,구술,0,0.0
2087213,중간,1,기타,1,1.0
2087213,3차,1,객관식,0,0.0
2087213,3차,1,주관식,0,0.0
2087213,3차,1,T/F형,0,0.0
2087213,3차,1,약술형,0,0.0
2087213,3차,1,논술형,0,0.0
2087213,3차,1,구술,1,1.0
2087213,3차,1,기타,0,0.0
2087213,4차,1,객관식,0,0.0
2087213,4차,1,주관식,1,1.0
2087213,4차,1,T/F형,0,0.0
2087213,4차,1,약술형,0,0.0
2087213,4차,1,논술형,0,0.0
2087213,4차,1,구술,0,0.0
2087213,4차,1,기타,0,0.0
2087213,기타,4,객관식,0,0.0
2087213,기타,4,주관식,3,0.75
2087213,기타,4,T/F형,0,0.0
2087213,기타,4,약술형,0,0.0
2087213,기타,4,논술형,0,0.0
2087213,기타,4,구술,0,0.0
2087213,기타,4,기타,1,0.25
2087214,기타,2,객관식,0,0.0
2087214,기타,2,주관식,0,0.0
2087214,기타,2,T/F형,0,0.0
2087214,기타,2,약술형,0,0.0
2087214,기타,2,논술형,1,0.5
2087214,기타,2,구술,0,0.0
2087214,기타,2,기타,2,1.0
2087216,중간,6,객관식,1,0.166667
2087216,중간,6,주관식,1,0.166667
2087216,중간,6,T/F형,0,0.0
2087216,중간,6,약술형,4,0.666667
2087216,중간,6,논술형,2,0.333333
2087216,중간,6,구술,0,0.0
2087216,중간,6,기타,0,0.0
2087216,기말,4,객관식,0,0.0
2087216,기말,4,주관식,3,0.75
2087216,기말,4,T/F형,0,0.0
2087216,기말,4,약술형,1,0.25
2087216,기말,4,논술형,1,0.25
2087216,기말,4,구술,0,0.0
2087216,기말,4,기타,0,0.0
2087216,2차,1,객관식,0,0.0
2087216,2차,1,주관식,1,1.0
2087216,2차,1,T/F형,0,0.0
2087216,2차,1,약술형,0,0.0
2087216,2차,1,논술형,0,0.0
2087216,2차,1,구술,0,0.0
2087216,2차,1,기타,0,0.0
2087230,중간,7,객관식,7,1.0
2087230,중간,7,주관식,2,0.285714
2087230,중간,7,T/F형,0,0.0
2087230,중간,7,약술형,0,0.0
2087230,중간,7,논술형,0,0.0
2087230,중간,7,구술,0,0.0
2087230,중간,7,기타,0,0.0
2087230,기말,5,객관식,5,1.0
2087230,기말,5,주관식,0,0.0
2087230,기말,5,T/F형,0,0.0
2087230,기말,5,약술형,0,0.0
2087230,기말,5,논술형,0,0.0
2087230,기말,5,구술,0,0.0
2087230,기말,5,기타,0,0.0
2087232,중간,2,객관식,0,0.0
2087232,중간,2,주관식,1,0.5
2087232,중간,2,T/F형,0,0.0
2087232,중간,2,약술형,0,0.0
2087232,중간,2,논술형,1,0.5
2087232,중간,2,구술,0,0.0
2087232,중간,2,기타,1,0.5
2087232,기말,1,객관식,0,0.0
2087232,기말,1,주관식,1,1.0
2087232,기말,1,T/F형,0,0.0
2087232,기말,1,약술형,1,1.0
2087232,기말,1,논술형,1,1.0
2087232,기말,1,구술,0,0.0
2087232,기말,1,기타,0,0.0
2087258,중간,1,객관식,0,0.0
2087258,중간,1,주관식,0,0.0
2087258,중간,1,T/F형,0,0.0
2087258,중간,1,약술형,0,0.0
2087258,중간,1,논술형,1,1.0
2087258,중간,1,구술,0,0.0
2087258,중간,1,기타,0,0.0
2087304,기말,2,객관식,0,0.0
2087304,기말,2,주관식,0,0.0
2087304,기말,2,T/F형,0,0.0
2087304,기말,2,약술형,0,0.0
2087304,기말,2,논술형,2,1.0
2087304,기말,2,구술,0,0.0
2087304,기말,2,기타,0,0.0
2087310,중간,1,객관식,0,0.0
2087310,중간,1,주관식,0,0.0
2087310,중간,1,T/F형,0,0.0
2087310,중간,1,약술형,0,0.0
2087310,중간,1,논술형,0,0.0
2087310,중간,1,구술,0,0.0
2087310,중간,1,기타,0,0.0
2087310,기말,6,객관식,0,0.0
2087310,기말,6,주관식,2,0.333333
2087310,기말,6,T/F형,1,0.166667
2087310,기말,6,약술형,1,0.166667
2087310,기말,6,논술형,2,0.333333
2087310,기말,6,구술,0,0.0
2087310,기말,6,기타,0,0.0
2087318,중간,31,객관식,12,0.387097
2087318,중간,31,주관식,24,0.774194
2087318,중간,31,T/F형,22,0.709677
2087318,중간,31,약술형,6,0.193548
2087318,중간,31,논술형,3,0.096774
2087318,중간,31,구술,0,0.0
2087318,중간,31,기타,2,0.064516
2087318,기말,11,객관식,2,0.181818
2087318,기말,11,주관식,9,0.818182
2087318,기말,11,T/F형,8,0.727273
2087318,기말,11,약술형,1,0.090909
2087318,기말,11,논술형,1,0.090909
2087318,기말,11,구술,0,0.0
2087318,기말,11,기타,0,0.0
2087320,중간,6,객관식,6,1.0
2087320,중간,6,주관식,6,1.0
2087320,중간,6,T/F형,5,0.833333
2087320,중간,6,약술형,1,0.166667
2087320,중간,6,논술형,1,0.166667
2087320,중간,6,구술,0,0.0
2087320,중간,6,기타,0,0.0
2087331,중간,4,객관식,0,0.0
2087331,중간,4,주관식,2,0.5
2087331,중간,4,T/F형,0,0.0
2087331,중간,4,약술형,1,0.25
2087331,중간,4,논술형,2,0.5
2087331,중간,4,구술,0,0.0
2087331,중간,4,기타,0,0.0
2087333,중간,6,객관식,1,0.166667
2087333,중간,6,주관식,5,0.833333
2087333,중간,6,T/F형,5,0.833333
2087333,중간,6,약술형,0,0.0
2087333,중간,6,논술형,2,0.333333
2087333,중간,6,구술,1,0.166667
2087333,중간,6,기타,1,0.166667
2087333,기말,2,객관식,1,0.5
2087333,기말,2,주관식,1,0.5
2087333,기말,2,T/F형,2,1.0
2087333,기말,2,약술형,1,0.5
2087333,기말,2,논술형,1,0.5
2087333,기말,2,구술,0,0.0
2087333,기말,2,기타,0,0.0
2087359,중간,3,객관식,3,1.0
2087359,중간,3,주관식,3,1.0
2087359,중간,3,T/F형,0,0.0
2087359,중간,3,약술형,0,0.0
2087359,중간,3,논술형,0,0.0
2087359,중간,3,구술,0,0.0
2087359,중간,3,기타,0,0.0
2087428,중간,3,객관식,1,0.333333
2087428,중간,3,주관식,2,0.666667
2087428,중간,3,T/F형,0,0.0
2087428,중간,3,약술형,0,0.0
2087428,중간,3,논술형,0,0.0
2087428,중간,3,구술,0,0.0
2087428,중간,3,기타,0,0.0
2087444,중간,13,객관식,11,0.846154
2087444,중간,13,주관식,1,0.076923
2087444,중간,13,T/F형,0,0.0
2087444,중간,13,약술형,1,0.076923
2087444,중간,13,논술형,0,0.0
2087444,중간,13,구술,0,0.0
2087444,중간,13,기타,0,0.0
2087444,기말,9,객관식,6,0.666667
2087444,기말,9,주관식,5,0.555556
2087444,기말,9,T/F형,0,0.0
2087444,기말,9,약술형,4,0.444444
2087444,기말,9,논술형,1,0.111111
2087444,기말,9,구술,0,0.0
2087444,기말,9,기타,0,0.0
2087452,중간,1,객관식,0,0.0
2087452,중간,1,주관식,0,0.0
2087452,중간,1,T/F형,0,0.0
2087452,중간,1,약술형,1,1.0
2087452,중간,1,논술형,0,0.0
2087452,중간,1,구술,0,0.0
2087452,중간,1,기타,0,0.0
2087452,기말,1,객관식,0,0.0
2087452,기말,1,주관식,0,0.0
2087452,기말,1,T/F형,1,1.0
2087452,기말,1,약술형,1,1.0
2087452,기말,1,논술형,1,1.0
2087452,기말,1,구술,0,0.0
2087452,기말,1,기타,0,0.0
2087454,중간,1,객관식,0,0.0
2087454,중간,1,주관식,0,0.0
2087454,중간,1,T/F형,0,0.0
2087454,중간,1,약술형,1,1.0
2087454,중간,1,논술형,0,0.0
2087454,중간,1,구술,0,0.0
2087454,중간,1,기타,0,0.0
2087464,기타,1,객관식,0,0.0
2087464,기타,1,주관식,0,0.0
2087464,기타,1,T/F형,0,0.0
2087464,기타,1,약술형,0,0.0
2087464,기타,1,논술형,0,0.0
2087464,기타,1,구술,0,0.0
2087464,기타,1,기타,1,1.0
2087530,중간,5,객관식,4,0.8
2087530,중간,5,주관식,2,0.4
2087530,중간,5,T/F형,0,0.0
2087530,중간,5,약술형,0,0.0
2087530,중간,5,논술형,0,0.0
2087530,중간,5,구술,0,0.0
2087530,중간,5,기타,2,0.4
2087530,기말,4,객관식,3,0.75
2087530,기말,4,주관식,0,0.0
2087530,기말,4,T/F형,0,0.0
2087530,기말,4,약술형,0,0.0
2087530,기말,4,논술형,0,0.0
2087530,기말,4,구술,0,0.0
2087530,기말,4,기타,0,0.0
2087530,1차,1,객관식,1,1.0
2087530,1차,1,주관식,1,1.0
2087530,1차,1,T/F형,0,0.0
2087530,1차,1,약술형,0,0.0
2087530,1차,1,논술형,0,0.0
2087530,1차,1,구술,0,0.0
2087530,1차,1,기타,0,0.0
2087530,기타,3,객관식,2,0.666667
2087530,기타,3,주관식,1,0.333333
2087530,기타,3,T/F형,0,0.0
2087530,기타,3,약술형,0,0.0
2087530,기타,3,논술형,3,1.0
2087530,기타,3,구술,0,0.0
2087530,기타,3,기타,0,0.0
2087531,중간,2,객관식,2,1.0
2087531,중간,2,주관식,1,0.5
2087531,중간,2,T/F형,0,0.0
2087531,중간,2,약술형,0,0.0
2087531,중간,2,논술형,0,0.0
2087531,중간,2,구술,0,0.0
2087531,중간,2,기타,1,0.5
2087531,기말,4,객관식,3,0.75
2087531,기말,4,주관식,1,0.25
2087531,기말,4,T/F형,0,0.0
2087531,기말,4,약술형,0,0.0
2087531,기말,4,논술형,1,0.25
2087531,기말,4,구술,0,0.0
2087531,기말,4,기타,0,0.0
2087531,기타,1,객관식,0,0.0
2087531,기타,1,주관식,0,0.0
2087531,기타,1,T/F형,0,0.0
2087531,기타,1,약술형,0,0.0
2087531,기타,1,논술형,0,0.0
2087531,기타,1,구술,0,0.0
2087531,기타,1,기타,0,0.0
2168579,중간,10,객관식,1,0.1
2168579,중간,10,주관식,3,0.3
2168579,중간,10,T/F형,0,0.0
2168579,중간,10,약술형,0,0.0
2168579,중간,10,논술형,2,0.2
2168579,중간,10,구술,6,0.6
2168579,중간,10,기타,1,0.1
2168579,기말,3,객관식,2,0.666667
2168579,기말,3,주관식,2,0.666667
2168579,기말,3,T/F형,1,0.333333
2168579,기말,3,약술형,1,0.333333
2168579,기말,3,논술형,1,0.333333
2168579,기말,3,구술,3,1.0
2168579,기말,3,기타,0,0.0
2168579,1차,2,객관식,1,0.5
2168579,1차,2,주관식,0,0.0
2168579,1차,2,T/F형,0,0.0
2168579,1차,2,약술형,1,0.5
2168579,1차,2,논술형,0,0.0
2168579,1차,2,구술,0,0.0
2168579,1차,2,기타,1,0.5
2168579,기타,2,객관식,2,1.0
2168579,기타,2,주관식,2,1.0
2168579,기타,2,T/F형,0,0.0
2168579,기타,2,약술형,0,0.0
2168579,기타,2,논술형,0,0.0
2168579,기타,2,구술,0,0.0
2168579,기타,2,기타,0,0.0
2168580,중간,9,객관식,8,0.888889
2168580,중간,9,주관식,8,0.888889
2168580,중간,9,T/F형,0,0.0
2168580,중간,9,약술형,3,0.333333
2168580,중간,9,논술형,1,0.111111
2168580,중간,9,구술,0,0.0
2168580,중간,9,기타,0,0.0
2168580,기말,3,객관식,3,1.0
2168580,기말,3,주관식,1,0.333333
2168580,기말,3,T/F형,0,0.0
2168580,기말,3,약술형,1,0.333333
2168580,기말,3,논술형,0,0.0
2168580,기말,3,구술,0,0.0
2168580,기말,3,기타,0,0.0
2168580,2차,1,객관식,0,0.0
2168580,2차,1,주관식,0,0.0
2168580,2차,1,T/F형,0,0.0
2168580,2차,1,약술형,0,0.0
2168580,2차,1,논술형,1,1.0
2168580,2차,1,구술,0,0.0
2168580,2차,1,기타,0,0.0
2168580,기타,4,객관식,0,0.0
2168580,기타,4,주관식,0,0.0
2168580,기타,4,T/F형,0,0.0
2168580,기타,4,약술형,0,0.0
2168580,기타,4,논술형,0,0.0
2168580,기타,4,구술,1,0.25
2168580,기타,4,기타,3,0.75
2168590,중간,19,객관식,10,0.526316
2168590,중간,19,주관식,17,0.894737
2168590,중간,19,T/F형,1,0.052632
2168590,중간,19,약술형,7,0.368421
2168590,중간,19,논술형,5,0.263158
2168590,중간,19,구술,0,0.0
2168590,중간,19,기타,1,0.052632
2168591,중간,2,객관식,0,0.0
2168591,중간,2,주관식,0,0.0
2168591,중간,2,T/F형,0,0.0
2168591,중간,2,약술형,0,0.0
2168591,중간,2,논술형,0,0.0
2168591,중간,2,구술,0,0.0
2168591,중간,2,기타,1,0.5
2168591,기말,3,객관식,0,0.0
2168591,기말,3,주관식,0,0.0
2168591,기말,3,T/F형,0,0.0
2168591,기말,3,약술형,0,0.0
2168591,기말,3,논술형,3,1.0
2168591,기말,3,구술,0,0.0
2168591,기말,3,기타,0,0.0
2168591,1차,1,객관식,0,0.0
2168591,1차,1,주관식,0,0.0
2168591,1차,1,T/F형,0,0.0
2168591,1차,1,약술형,0,0.0
2168591,1차,1,논술형,1,1.0
2168591,1차,1,구술,0,0.0
2168591,1차,1,기타,0,0.0
2168591,기타,6,객관식,0,0.0
2168591,기타,6,주관식,0,0.0
2168591,기타,6,T/F형,0,0.0
2168591,기타,6,약술형,0,0.0
2168591,기타,6,논술형,2,0.333333
2168591,기타,6,구술,0,0.0
2168591,기타,6,기타,5,0.833333
2168592,중간,5,객관식,0,0.0
2168592,중간,5,주관식,1,0.2
2168592,중간,5,T/F형,0,0.0
2168592,중간,5,약술형,0,0.0
2168592,중간,5,논술형,4,0.8
2168592,중간,5,구술,0,0.0
2168592,중간,5,기타,1,0.2
2168592,기말,6,객관식,0,0.0
2168592,기말,6,주관식,1,0.166667
2168592,기말,6,T/F형,0,0.0
2168592,기말,6,약술형,0,0.0
2168592,기말,6,논술형,4,0.666667
2168592,기말,6,구술,0,0.0
2168592,기말,6,기타,1,0.166667
2168592,1차,2,객관식,1,0.5
2168592,1차,2,주관식,0,0.0
2168592,1차,2,T/F형,0,0.0
2168592,1차,2,약술형,0,0.0
2168592,1차,2,논술형,1,0.5
2168592,1차,2,구술,0,0.0
2168592,1차,2,기타,0,0.0
2168592,2차,1,객관식,0,0.0
2168592,2차,1,주관식,0,0.0
2168592,2차,1,T/F형,0,0.0
2168592,2차,1,약술형,0,0.0
2168592,2차,1,논술형,1,1.0
2168592,2차,1,구술,0,0.0
2168592,2차,1,기타,0,0.0
2168592,3차,1,객관식,0,0.0
2168592,3차,1,주관식,0,0.0
2168592,3차,1,T/F형,0,0.0
2168592,3차,1,약술형,0,0.0
2168592,3차,1,논술형,1,1.0
2168592,3차,1,구술,0,0.0
2168592,3차,1,기타,0,0.0
2168592,기타,4,객관식,0,0.0
2168592,기타,4,주관식,1,0.25
2168592,기타,4,T/F형,0,0.0
2168592,기타,4,약술형,0,0.0
2168592,기타,4,논술형,2,0.5
2168592,기타,4,구술,0,0.0
2168592,기타,4,기타,1,0.25
2168595,중간,1,객관식,0,0.0
2168595,중간,1,주관식,0,0.0
2168595,중간,1,T/F형,0,0.0
2168595,중간,1,약술형,0,0.0
2168595,중간,1,논술형,1,1.0
2168595,중간,1,구술,0,0.0
2168595,중간,1,기타,0,0.0
2168595,1차,2,객관식,0,0.0
2168595,1차,2,주관식,1,0.5
2168595,1차,2,T/F형,0,0.0
2168595,1차,2,약술형,0,0.0
2168595,1차,2,논술형,0,0.0
2168595,1차,2,구술,0,0.0
2168595,1차,2,기타,1,0.5
2168598,기타,4,객관식,0,0.0
2168598,기타,4,주관식,0,0.0
2168598,기타,4,T/F형,0,0.0
2168598,기타,4,약술형,0,0.0
2168598,기타,4,논술형,0,0.0
2168598,기타,4,구술,0,0.0
2168598,기타,4,기타,3,0.75
2168672,중간,4,객관식,3,0.75
2168672,중간,4,주관식,0,0.0
2168672,중간,4,T/F형,0,0.0
2168672,중간,4,약술형,0,0.0
2168672,중간,4,논술형,0,0.0
2168672,중간,4,구술,0,0.0
2168672,중간,4,기타,0,0.0
2168672,기말,8,객관식,8,1.0
2168672,기말,8,주관식,3,0.375
2168672,기말,8,T/F형,2,0.25
2168672,기말,8,약술형,0,0.0
2168672,기말,8,논술형,0,0.0
2168672,기말,8,구술,0,0.0
2168672,기말,8,기타,0,0.0
2168686,중간,6,객관식,0,0.0
2168686,중간,6,주관식,3,0.5
2168686,중간,6,T/F형,0,0.0
2168686,중간,6,약술형,0,0.0
2168686,중간,6,논술형,4,0.666667
2168686,중간,6,구술,0,0.0
2168686,중간,6,기타,1,0.166667
2168686,기말,11,객관식,11,1.0
2168686,기말,11,주관식,8,0.727273
2168686,기말,11,T/F형,0,0.0
2168686,기말,11,약술형,1,0.090909
2168686,기말,11,논술형,1,0.090909
2168686,기말,11,구술,1,0.090909
2168686,기말,11,기타,0,0.0
2168689,중간,10,객관식,0,0.0
2168689,중간,10,주관식,8,0.8
2168689,중간,10,T/F형,0,0.0
2168689,중간,10,약술형,4,0.4
2168689,중간,10,논술형,3,0.3
2168689,중간,10,구술,0,0.0
2168689,중간,10,기타,0,0.0
2168689,기말,5,객관식,0,0.0
2168689,기말,5,주관식,5,1.0
2168689,기말,5,T/F형,0,0.0
2168689,기말,5,약술형,1,0.2
2168689,기말,5,논술형,0,0.0
2168689,기말,5,구술,0,0.0
2168689,기말,5,기타,0,0.0
2168689,기타,1,객관식,0,0.0
2168689,기타,1,주관식,1,1.0
2168689,기타,1,T/F형,0,0.0
2168689,기타,1,약술형,0,0.0
2168689,기타,1,논술형,0,0.0
2168689,기타,1,구술,0,0.0
2168689,기타,1,기타,0,0.0
2168699,중간,2,객관식,1,0.5
2168699,중간,2,주관식,2,1.0
2168699,중간,2,T/F형,0,0.0
2168699,중간,2,약술형,1,0.5
2168699,중간,2,논술형,0,0.0
2168699,중간,2,구술,0,0.0
2168699,중간,2,기타,0,0.0
2168727,중간,5,객관식,1,0.2
2168727,중간,5,주관식,5,1.0
2168727,중간,5,T/F형,0,0.0
2168727,중간,5,약술형,2,0.4
2168727,중간,5,논술형,0,0.0
2168727,중간,5,구술,0,0.0
2168727,중간,5,기타,0,0.0
2168727,기말,2,객관식,0,0.0
2168727,기말,2,주관식,0,0.0
2168727,기말,2,T/F형,1,0.5
2168727,기말,2,약술형,0,0.0
2168727,기말,2,논술형,1,0.5
2168727,기말,2,구술,0,0.0
2168727,기말,2,기타,0,0.0
2168751,중간,1,객관식,1,1.0
2168751,중간,1,주관식,0,0.0
2168751,중간,1,T/F형,0,0.0
2168751,중간,1,약술형,0,0.0
2168751,중간,1,논술형,0,0.0
2168751,중간,1,구술,0,0.0
2168751,중간,1,기타,0,0.0
2168810,중간,1,객관식,0,0.0
2168810,중간,1,주관식,0,0.0
2168810,중간,1,T/F형,0,0.0
2168810,중간,1,약술형,0,0.0
2168810,중간,1,논술형,1,1.0
2168810,중간,1,구술,0,0.0
2168810,중간,1,기타,0,0.0
2168915,중간,1,객관식,0,0.0
2168915,중간,1,주관식,0,0.0
2168915,중간,1,T/F형,0,0.0
2168915,중간,1,약술형,0,0.0
2168915,중간,1,논술형,1,1.0
2168915,중간,1,구술,0,0.0
2168915,중간,1,기타,0,0.0
2168921,기말,6,객관식,5,0.833333
2168921,기말,6,주관식,5,0.833333
2168921,기말,6,T/F형,2,0.333333
2168921,기말,6,약술형,3,0.5
2168921,기말,6,논술형,0,0.0
2168921,기말,6,구술,0,0.0
2168921,기말,6,기타,0,0.0
2168927,중간,13,객관식,2,0.153846
2168927,중간,13,주관식,12,0.923077
2168927,중간,13,T/F형,12,0.923077
2168927,중간,13,약술형,3,0.230769
2168927,중간,13,논술형,0,0.0
2168927,중간,13,구술,0,0.0
2168927,중간,13,기타,0,0.0
2168927,기말,2,객관식,0,0.0
2168927,기말,2,주관식,2,1.0
2168927,기말,2,T/F형,2,1.0
2168927,기말,2,약술형,0,0.0
2168927,기말,2,논술형,1,0.5
2168927,기말,2,구술,0,0.0
2168927,기말,2,기타,0,0.0
2168981,중간,3,객관식,0,0.0
2168981,중간,3,주관식,0,0.0
2168981,중간,3,T/F형,0,0.0
2168981,중간,3,약술형,0,0.0
2168981,중간,3,논술형,3,1.0
2168981,중간,3,구술,0,0.0
2168981,중간,3,기타,0,0.0
2168981,기말,3,객관식,0,0.0
2168981,기말,3,주관식,0,0.0
2168981,기말,3,T/F형,0,0.0
2168981,기말,3,약술형,0,0.0
2168981,기말,3,논술형,3,1.0
2168981,기말,3,구술,0,0.0
2168981,기말,3,기타,0,0.0
2169019,중간,6,객관식,3,0.5
2169019,중간,6,주관식,1,0.166667
2169019,중간,6,T/F형,0,0.0
2169019,중간,6,약술형,0,0.0
2169019,중간,6,논술형,1,0.166667
2169019,중간,6,구술,0,0.0
2169019,중간,6,기타,2,0.333333
2169019,기말,4,객관식,3,0.75
2169019,기말,4,주관식,1,0.25
2169019,기말,4,T/F형,0,0.0
2169019,기말,4,약술형,0,0.0
2169019,기말,4,논술형,0,0.0
2169019,기말,4,구술,0,0.0
2169019,기말,4,기타,0,0.0
2169020,중간,1,객관식,0,0.0
2169020,중간,1,주관식,0,0.0
2169020,중간,1,T/F형,0,0.0
2169020,중간,1,약술형,0,0.0
2169020,중간,1,논술형,0,0.0
2169020,중간,1,구술,1,1.0
2169020,중간,1,기타,0,0.0
2169070,중간,13,객관식,0,0.0
2169070,중간,13,주관식,6,0.461538
2169070,중간,13,T/F형,0,0.0
2169070,중간,13,약술형,4,0.307692
2169070,중간,13,논술형,3,0.230769
2169070,중간,13,구술,0,0.0
2169070,중간,13,기타,0,0.0
2169070,기말,4,객관식,0,0.0
2169070,기말,4,주관식,2,0.5
2169070,기말,4,T/F형,0,0.0
2169070,기말,4,약술형,1,0.25
2169070,기말,4,논술형,2,0.5
2169070,기말,4,구술,0,0.0
2169070,기말,4,기타,0,0.0
2169070,2차,1,객관식,0,0.0
2169070,2차,1,주관식,1,1.0
2169070,2차,1,T/F형,0,0.0
2169070,2차,1,약술형,0,0.0
2169070,2차,1,논술형,0,0.0
2169070,2차,1,구술,0,0.0
2169070,2차,1,기타,0,0.0
2169085,중간,4,객관식,4,1.0
2169085,중간,4,주관식,1,0.25
2169085,중간,4,T/F형,0,0.0
2169085,중간,4,약술형,0,0.0
2169085,중간,4,논술형,0,0.0
2169085,중간,4,구술,0,0.0
2169085,중간,4,기타,0,0.0
2169085,기말,1,객관식,1,1.0
2169085,기말,1,주관식,1,1.0
2169085,기말,1,T/F형,0,0.0
2169085,기말,1,약술형,0,0.0
2169085,기말,1,논술형,0,0.0
2169085,기말,1,구술,0,0.0
2169085,기말,1,기타,0,0.0
2169085,기타,1,객관식,1,1.0
2169085,기타,1,주관식,0,0.0
2169085,기타,1,T/F형,0,0.0
2169085,기타,1,약술형,0,0.0
2169085,기타,1,논술형,0,0.0
2169085,기타,1,구술,0,0.0
2169085,기타,1,기타,0,0.0
2169092,중간,1,객관식,0,0.0
2169092,중간,1,주관식,0,0.0
2169092,중간,1,T/F형,0,0.0
2169092,중간,1,약술형,0,0.0
2169092,중간,1,논술형,0,0.0
2169092,중간,1,구술,0,0.0
2169092,중간,1,기타,1,1.0
2169092,기말,1,객관식,0,0.0
2169092,기말,1,주관식,0,0.0
2169092,기말,1,T/F형,0,0.0
2169092,기말,1,약술형,0,0.0
2169092,기말,1,논술형,0,0.0
2169092,기말,1,구술,0,0.0
2169092,기말,1,기타,1,1.0
2169093,중간,1,객관식,0,0.0
2169093,중간,1,주관식,0,0.0
2169093,중간,1,T/F형,0,0.0
2169093,중간,1,약술형,0,0.0
2169093,중간,1,논술형,0,0.0
2169093,중간,1,구술,0,0.0
2169093,중간,1,기타,1,1.0
2169093,기말,1,객관식,0,0.0
2169093,기말,1,주관식,0,0.0
2169093,기말,1,T/F형,0,0.0
2169093,기말,1,약술형,0,0.0
2169093,기말,1,논술형,0,0.0
2169093,기말,1,구술,1,1.0
2169093,기말,1,기타,1,1.0
2169098,기타,1,객관식,0,0.0
2169098,기타,1,주관식,0,0.0
2169098,기타,1,T/F형,0,0.0
2169098,기타,1,약술형,0,0.0
2169098,기타,1,논술형,0,0.0
2169098,기타,1,구술,0,0.0
2169098,기타,1,기타,1,1.0
2169101,중간,1,객관식,0,0.0
2169101,중간,1,주관식,0,0.0
2169101,중간,1,T/F형,0,0.0
2169101,중간,1,약술형,0,0.0
2169101,중간,1,논술형,0,0.0
2169101,중간,1,구술,0,0.0
2169101,중간,1,기타,1,1.0
2249281,중간,5,객관식,0,0.0
2249281,중간,5,주관식,2,0.4
2249281,중간,5,T/F형,0,0.0
2249281,중간,5,약술형,0,0.0
2249281,중간,5,논술형,4,0.8
2249281,중간,5,구술,0,0.0
2249281,중간,5,기타,0,0.0
2249281,기말,1,객관식,0,0.0
2249281,기말,1,주관식,0,0.0
2249281,기말,1,T/F형,0,0.0
2249281,기말,1,약술형,0,0.0
2249281,기말,1,논술형,1,1.0
2249281,기말,1,구술,0,0.0
2249281,기말,1,기타,0,0.0
2249282,중간,4,객관식,0,0.0
2249282,중간,4,주관식,0,0.0
2249282,중간,4,T/F형,0,0.0
2249282,중간,4,약술형,0,0.0
2249282,중간,4,논술형,3,0.75
2249282,중간,4,구술,0,0.0
2249282,중간,4,기타,1,0.25
2249282,기말,17,객관식,0,0.0
2249282,기말,17,주관식,5,0.294118
2249282,기말,17,T/F형,0,0.0
2249282,기말,17,약술형,0,0.0
2249282,기말,17,논술형,14,0.823529
2249282,기말,17,구술,1,0.058824
2249282,기말,17,기타,0,0.0
2249283,기말,4,객관식,0,0.0
2249283,기말,4,주관식,1,0.25
2249283,기말,4,T/F형,0,0.0
2249283,기말,4,약술형,2,0.5
2249283,기말,4,논술형,4,1.0
2249283,기말,4,구술,0,0.0
2249283,기말,4,기타,0,0.0
2249283,기타,1,객관식,0,0.0
2249283,기타,1,주관식,0,0.0
2249283,기타,1,T/F형,0,0.0
2249283,기타,1,약술형,0,0.0
2249283,기타,1,논술형,0,0.0
2249283,기타,1,구술,0,0.0
2249283,기타,1,기타,0,0.0
2249284,기말,1,객관식,0,0.0
2249284,기말,1,주관식,0,0.0
2249284,기말,1,T/F형,0,0.0
2249284,기말,1,약술형,0,0.0
2249284,기말,1,논술형,1,1.0
2249284,기말,1,구술,0,0.0
2249284,기말,1,기타,0,0.0
2249288,중간,3,객관식,2,0.666667
2249288,중간,3,주관식,2,0.666667
2249288,중간,3,T/F형,1,0.333333
2249288,중간,3,약술형,3,1.0
2249288,중간,3,논술형,0,0.0
2249288,중간,3,구술,0,0.0
2249288,중간,3,기타,0,0.0
2249288,기말,4,객관식,4,1.0
2249288,기말,4,주관식,2,0.5
2249288,기말,4,T/F형,1,0.25
2249288,기말,4,약술형,2,0.5
2249288,기말,4,논술형,2,0.5
2249288,기말,4,구술,1,0.25
2249288,기말,4,기타,0,0.0
2249292,중간,5,객관식,5,1.0
2249292,중간,5,주관식,5,1.0
2249292,중간,5,T/F형,2,0.4
2249292,중간,5,약술형,4,0.8
2249292,중간,5,논술형,1,0.2
2249292,중간,5,구술,0,0.0
2249292,중간,5,기타,0,0.0
2249292,기말,2,객관식,2,1.0
2249292,기말,2,주관식,2,1.0
2249292,기말,2,T/F형,1,0.5
2249292,기말,2,약술형,2,1.0
2249292,기말,2,논술형,0,0.0
2249292,기말,2,구술,0,0.0
2249292,기말,2,기타,0,0.0
2249292,1차,5,객관식,4,0.8
2249292,1차,5,주관식,4,0.8
2249292,1차,5,T/F형,1,0.2
2249292,1차,5,약술형,0,0.0
2249292,1차,5,논술형,0,0.0
2249292,1차,5,구술,0,0.0
2249292,1차,5,기타,0,0.0
2249292,2차,2,객관식,2,1.0
2249292,2차,2,주관식,2,1.0
2249292,2차,2,T/F형,2,1.0
2249292,2차,2,약술형,1,0.5
2249292,2차,2,논술형,0,0.0
2249292,2차,2,구술,0,0.0
2249292,2차,2,기타,0,0.0
2249292,기타,1,객관식,1,1.0
2249292,기타,1,주관식,1,1.0
2249292,기타,1,T/F형,0,0.0
2249292,기타,1,약술형,0,0.0
2249292,기타,1,논술형,0,0.0
2249292,기타,1,구술,0,0.0
2249292,기타,1,기타,0,0.0
2249295,중간,9,객관식,6,0.666667
2249295,중간,9,주관식,7,0.777778
2249295,중간,9,T/F형,0,0.0
2249295,중간,9,약술형,4,0.444444
2249295,중간,9,논술형,2,0.222222
2249295,중간,9,구술,1,0.111111
2249295,중간,9,기타,0,0.0
2249295,기말,3,객관식,0,0.0
2249295,기말,3,주관식,0,0.0
2249295,기말,3,T/F형,0,0.0
2249295,기말,3,약술형,0,0.0
2249295,기말,3,논술형,2,0.666667
2249295,기말,3,구술,1,0.333333
2249295,기말,3,기타,0,0.0
2249296,중간,6,객관식,0,0.0
2249296,중간,6,주관식,5,0.833333
2249296,중간,6,T/F형,0,0.0
2249296,중간,6,약술형,0,0.0
2249296,중간,6,논술형,3,0.5
2249296,중간,6,구술,0,0.0
2249296,중간,6,기타,0,0.0
2249296,1차,3,객관식,0,0.0
2249296,1차,3,주관식,1,0.333333
2249296,1차,3,T/F형,0,0.0
2249296,1차,3,약술형,0,0.0
2249296,1차,3,논술형,1,0.333333
2249296,1차,3,구술,1,0.333333
2249296,1차,3,기타,0,0.0
2249296,기타,2,객관식,0,0.0
2249296,기타,2,주관식,1,0.5
2249296,기타,2,T/F형,0,0.0
2249296,기타,2,약술형,0,0.0
2249296,기타,2,논술형,0,0.0
2249296,기타,2,구술,0,0.0
2249296,기타,2,기타,1,0.5
2249299,중간,8,객관식,8,1.0
2249299,중간,8,주관식,5,0.625
2249299,중간,8,T/F형,0,0.0
2249299,중간,8,약술형,1,0.125
2249299,중간,8,논술형,0,0.0
2249299,중간,8,구술,0,0.0
2249299,중간,8,기타,0,0.0
2249299,기말,3,객관식,2,0.666667
2249299,기말,3,주관식,3,1.0
2249299,기말,3,T/F형,1,0.333333
2249299,기말,3,약술형,0,0.0
2249299,기말,3,논술형,0,0.0
2249299,기말,3,구술,0,0.0
2249299,기말,3,기타,0,0.0
2249305,중간,8,객관식,8,1.0
2249305,중간,8,주관식,2,0.25
2249305,중간,8,T/F형,0,0.0
2249305,중간,8,약술형,2,0.25
2249305,중간,8,논술형,0,0.0
2249305,중간,8,구술,0,0.0
2249305,중간,8,기타,0,0.0
2249305,기말,2,객관식,2,1.0
2249305,기말,2,주관식,2,1.0
2249305,기말,2,T/F형,0,0.0
2249305,기말,2,약술형,1,0.5
2249305,기말,2,논술형,0,0.0
2249305,기말,2,구술,0,0.0
2249305,기말,2,기타,0,0.0
2249311,기타,1,객관식,0,0.0
2249311,기타,1,주관식,0,0.0
2249311,기타,1,T/F형,0,0.0
2249311,기타,1,약술형,0,0.0
2249311,기타,1,논술형,0,0.0
2249311,기타,1,구술,0,0.0
2249311,기타,1,기타,1,1.0
2249315,기타,1,객관식,0,0.0
2249315,기타,1,주관식,0,0.0
2249315,기타,1,T/F형,0,0.0
2249315,기타,1,약술형,0,0.0
2249315,기타,1,논술형,1,1.0
2249315,기타,1,구술,0,0.0
2249315,기타,1,기타,1,1.0
2249328,중간,14,객관식,9,0.642857
2249328,중간,14,주관식,12,0.857143
2249328,중간,14,T/F형,1,0.071429
2249328,중간,14,약술형,2,0.142857
2249328,중간,14,논술형,7,0.5
2249328,중간,14,구술,0,0.0
2249328,중간,14,기타,0,0.0
2249328,기말,6,객관식,2,0.333333
2249328,기말,6,주관식,6,1.0
2249328,기말,6,T/F형,0,0.0
2249328,기말,6,약술형,1,0.166667
2249328,기말,6,논술형,3,0.5
2249328,기말,6,구술,0,0.0
2249328,기말,6,기타,1,0.166667
2249328,기타,1,객관식,0,0.0
2249328,기타,1,주관식,1,1.0
2249328,기타,1,T/F형,0,0.0
2249328,기타,1,약술형,0,0.0
2249328,기타,1,논술형,1,1.0
2249328,기타,1,구술,0,0.0
2249328,기타,1,기타,0,0.0
2249329,중간,18,객관식,18,1.0
2249329,중간,18,주관식,10,0.555556
2249329,중간,18,T/F형,9,0.5
2249329,중간,18,약술형,2,0.111111
2249329,중간,18,논술형,0,0.0
2249329,중간,18,구술,0,0.0
2249329,중간,18,기타,0,0.0
2249329,기말,10,객관식,10,1.0
2249329,기말,10,주관식,9,0.9
2249329,기말,10,T/F형,7,0.7
2249329,기말,10,약술형,0,0.0
2249329,기말,10,논술형,0,0.0
2249329,기말,10,구술,0,0.0
2249329,기말,10,기타,0,0.0
2249329,2차,1,객관식,1,1.0
2249329,2차,1,주관식,1,1.0
2249329,2차,1,T/F형,0,0.0
2249329,2차,1,약술형,0,0.0
2249329,2차,1,논술형,0,0.0
2249329,2차,1,구술,0,0.0
2249329,2차,1,기타,0,0.0
2249333,중간,5,객관식,1,0.2
2249333,중간,5,주관식,0,0.0
2249333,중간,5,T/F형,1,0.2
2249333,중간,5,약술형,0,0.0
2249333,중간,5,논술형,0,0.0
2249333,중간,5,구술,0,0.0
2249333,중간,5,기타,3,0.6
2249333,기말,1,객관식,0,0.0
2249333,기말,1,주관식,0,0.0
2249333,기말,1,T/F형,0,0.0
2249333,기말,1,약술형,0,0.0
2249333,기말,1,논술형,0,0.0
2249333,기말,1,구술,0,0.0
2249333,기말,1,기타,1,1.0
2249333,1차,1,객관식,0,0.0
2249333,1차,1,주관식,0,0.0
2249333,1차,1,T/F형,0,0.0
2249333,1차,1,약술형,0,0.0
2249333,1차,1,논술형,0,0.0
2249333,1차,1,구술,0,0.0
2249333,1차,1,기타,1,1.0
2249333,기타,15,객관식,0,0.0
2249333,기타,15,주관식,0,0.0
2249333,기타,15,T/F형,0,0.0
2249333,기타,15,약술형,0,0.0
2249333,기타,15,논술형,0,0.0
2249333,기타,15,구술,0,0.0
2249333,기타,15,기타,11,0.733333
2249337,중간,3,객관식,0,0.0
2249337,중간,3,주관식,0,0.0
2249337,중간,3,T/F형,0,0.0
2249337,중간,3,약술형,0,0.0
2249337,중간,3,논술형,2,0.666667
2249337,중간,3,구술,1,0.333333
2249337,중간,3,기타,0,0.0
2249337,기말,13,객관식,0,0.0
2249337,기말,13,주관식,9,0.692308
2249337,기말,13,T/F형,0,0.0
2249337,기말,13,약술형,2,0.153846
2249337,기말,13,논술형,7,0.538462
2249337,기말,13,구술,1,0.076923
2249337,기말,13,기타,0,0.0
2249342,중간,1,객관식,0,0.0
2249342,중간,1,주관식,0,0.0
2249342,중간,1,T/F형,0,0.0
2249342,중간,1,약술형,0,0.0
2249342,중간,1,논술형,0,0.0
2249342,중간,1,구술,1,1.0
2249342,중간,1,기타,1,1.0
2249342,기말,1,객관식,0,0.0
2249342,기말,1,주관식,0,0.0
2249342,기말,1,T/F형,0,0.0
2249342,기말,1,약술형,0,0.0
2249342,기말,1,논술형,0,0.0
2249342,기말,1,구술,0,0.0
2249342,기말,1,기타,1,1.0
2249342,기타,1,객관식,0,0.0
2249342,기타,1,주관식,0,0.0
2249342,기타,1,T/F형,0,0.0
2249342,기타,1,약술형,0,0.0
2249342,기타,1,논술형,0,0.0
2249342,기타,1,구술,0,0.0
2249342,기타,1,기타,1,1.0
2249343,중간,1,객관식,0,0.0
2249343,중간,1,주관식,0,0.0
2249343,중간,1,T/F형,0,0.0
2249343,중간,1,약술형,0,0.0
2249343,중간,1,논술형,1,1.0
2249343,중간,1,구술,0,0.0
2249343,중간,1,기타,0,0.0
2249343,기말,1,객관식,0,0.0
2249343,기말,1,주관식,1,1.0
2249343,기말,1,T/F형,0,0.0
2249343,기말,1,약술형,1,1.0
2249343,기말,1,논술형,0,0.0
2249343,기말,1,구술,0,0.0
2249343,기말,1,기타,0,0.0
2249343,기타,1,객관식,0,0.0
2249343,기타,1,주관식,0,0.0
2249343,기타,1,T/F형,0,0.0
2249343,기타,1,약술형,0,0.0
2249343,기타,1,논술형,1,1.0
2249343,기타,1,구술,0,0.0
2249343,기타,1,기타,0,0.0
2249344,중간,12,객관식,12,1.0
2249344,중간,12,주관식,11,0.916667
2249344,중간,12,T/F형,11,0.916667
2249344,중간,12,약술형,6,0.5
2249344,중간,12,논술형,11,0.916667
2249344,중간,12,구술,0,0.0
2249344,중간,12,기타,0,0.0
2249344,기말,4,객관식,3,0.75
2249344,기말,4,주관식,4,1.0
2249344,기말,4,T/F형,3,0.75
2249344,기말,4,약술형,2,0.5
2249344,기말,4,논술형,0,0.0
2249344,기말,4,구술,0,0.0
2249344,기말,4,기타,0,0.0
2249344,2차,1,객관식,1,1.0
2249344,2차,1,주관식,1,1.0
2249344,2차,1,T/F형,1,1.0
2249344,2차,1,약술형,1,1.0
2249344,2차,1,논술형,0,0.0
2249344,2차,1,구술,0,0.0
2249344,2차,1,기타,0,0.0
2249361,중간,9,객관식,9,1.0
2249361,중간,9,주관식,6,0.666667
2249361,중간,9,T/F형,0,0.0
2249361,중간,9,약술형,2,0.222222
2249361,중간,9,논술형,0,0.0
2249361,중간,9,구술,0,0.0
2249361,중간,9,기타,0,0.0
2249361,기말,5,객관식,5,1.0
2249361,기말,5,주관식,3,0.6
2249361,기말,5,T/F형,0,0.0
2249361,기말,5,약술형,0,0.0
2249361,기말,5,논술형,0,0.0
2249361,기말,5,구술,0,0.0
2249361,기말,5,기타,1,0.2
2249363,기말,1,객관식,0,0.0
2249363,기말,1,주관식,0,0.0
2249363,기말,1,T/F형,0,0.0
2249363,기말,1,약술형,0,0.0
2249363,기말,1,논술형,0,0.0
2249363,기말,1,구술,0,0.0
2249363,기말,1,기타,0,0.0
2249366,중간,2,객관식,2,1.0
2249366,중간,2,주관식,0,0.0
2249366,중간,2,T/F형,0,0.0
2249366,중간,2,약술형,0,0.0
2249366,중간,2,논술형,0,0.0
2249366,중간,2,구술,0,0.0
2249366,중간,2,기타,0,0.0
2249366,기말,9,객관식,9,1.0
2249366,기말,9,주관식,0,0.0
2249366,기말,9,T/F형,0,0.0
2249366,기말,9,약술형,0,0.0
2249366,기말,9,논술형,0,0.0
2249366,기말,9,구술,0,0.0
2249366,기말,9,기타,0,0.0
2249371,중간,2,객관식,0,0.0
2249371,중간,2,주관식,0,0.0
2249371,중간,2,T/F형,0,0.0
2249371,중간,2,약술형,0,0.0
2249371,중간,2,논술형,2,1.0
2249371,중간,2,구술,0,0.0
2249371,중간,2,기타,0,0.0
2249375,기말,2,객관식,1,0.5
2249375,기말,2,주관식,1,0.5
2249375,기말,2,T/F형,0,0.0
2249375,기말,2,약술형,1,0.5
2249375,기말,2,논술형,0,0.0
2249375,기말,2,구술,0,0.0
2249375,기말,2,기타,0,0.0
2249376,기말,1,객관식,1,1.0
2249376,기말,1,주관식,1,1.0
2249376,기말,1,T/F형,0,0.0
2249376,기말,1,약술형,0,0.0
2249376,기말,1,논술형,1,1.0
2249376,기말,1,구술,0,0.0
2249376,기말,1,기타,0,0.0
2249381,중간,14,객관식,14,1.0
2249381,중간,14,주관식,3,0.214286
2249381,중간,14,T/F형,6,0.428571
2249381,중간,14,약술형,5,0.357143
2249381,중간,14,논술형,0,0.0
2249381,중간,14,구술,0,0.0
2249381,중간,14,기타,1,0.071429
2249381,기말,7,객관식,7,1.0
2249381,기말,7,주관식,5,0.714286
2249381,기말,7,T/F형,0,0.0
2249381,기말,7,약술형,3,0.428571
2249381,기말,7,논술형,0,0.0
2249381,기말,7,구술,0,0.0
2249381,기말,7,기타,0,0.0
2249381,기타,1,객관식,1,1.0
2249381,기타,1,주관식,1,1.0
2249381,기타,1,T/F형,0,0.0
2249381,기타,1,약술형,0,0.0
2249381,기타,1,논술형,0,0.0
2249381,기타,1,구술,0,0.0
2249381,기타,1,기타,0,0.0
2249389,중간,1,객관식,0,0.0
2249389,중간,1,주관식,0,0.0
2249389,중간,1,T/F형,0,0.0
2249389,중간,1,약술형,0,0.0
2249389,중간,1,논술형,1,1.0
2249389,중간,1,구술,0,0.0
2249389,중간,1,기타,0,0.0
2249395,중간,1,객관식,1,1.0
2249395,중간,1,주관식,1,1.0
2249395,중간,1,T/F형,0,0.0
2249395,중간,1,약술형,0,0.0
2249395,중간,1,논술형,0,0.0
2249395,중간,1,구술,0,0.0
2249395,중간,1,기타,0,0.0
2249395,기말,3,객관식,1,0.333333
2249395,기말,3,주관식,3,1.0
2249395,기말,3,T/F형,0,0.0
2249395,기말,3,약술형,2,0.666667
2249395,기말,3,논술형,0,0.0
2249395,기말,3,구술,0,0.0
2249395,기말,3,기타,0,0.0
2249396,중간,1,객관식,0,0.0
2249396,중간,1,주관식,0,0.0
2249396,중간,1,T/F형,0,0.0
2249396,중간,1,약술형,0,0.0
2249396,중간,1,논술형,0,0.0
2249396,중간,1,구술,0,0.0
2249396,중간,1,기타,0,0.0
2249401,기말,1,객관식,0,0.0
2249401,기말,1,주관식,0,0.0
2249401,기말,1,T/F형,0,0.0
2249401,기말,1,약술형,0,0.0
2249401,기말,1,논술형,0,0.0
2249401,기말,1,구술,0,0.0
2249401,기말,1,기타,1,1.0
2249411,기말,1,객관식,0,0.0
2249411,기말,1,주관식,1,1.0
2249411,기말,1,T/F형,0,0.0
2249411,기말,1,약술형,0,0.0
2249411,기말,1,논술형,1,1.0
2249411,기말,1,구술,0,0.0
2249411,기말,1,기타,0,0.0
2249415,중간,1,객관식,0,0.0
2249415,중간,1,주관식,1,1.0
2249415,중간,1,T/F형,0,0.0
2249415,중간,1,약술형,0,0.0
2249415,중간,1,논술형,0,0.0
2249415,중간,1,구술,0,0.0
2249415,중간,1,기타,0,0.0
2249415,기말,28,객관식,2,0.071429
2249415,기말,28,주관식,18,0.642857
2249415,기말,28,T/F형,0,0.0
2249415,기말,28,약술형,2,0.071429
2249415,기말,28,논술형,9,0.321429
2249415,기말,28,구술,0,0.0
2249415,기말,28,기타,0,0.0
2249416,중간,11,객관식,0,0.0
2249416,중간,11,주관식,9,0.818182
2249416,중간,11,T/F형,0,0.0
2249416,중간,11,약술형,0,0.0
2249416,중간,11,논술형,3,0.272727
2249416,중간,11,구술,0,0.0
2249416,중간,11,기타,0,0.0
2249416,기말,4,객관식,0,0.0
2249416,기말,4,주관식,3,0.75
2249416,기말,4,T/F형,0,0.0
2249416,기말,4,약술형,0,0.0
2249416,기말,4,논술형,0,0.0
2249416,기말,4,구술,0,0.0
2249416,기말,4,기타,0,0.0
2249427,중간,8,객관식,7,0.875
2249427,중간,8,주관식,0,0.0
2249427,중간,8,T/F형,0,0.0
2249427,중간,8,약술형,0,0.0
2249427,중간,8,논술형,0,0.0
2249427,중간,8,구술,0,0.0
2249427,중간,8,기타,0,0.0
2249427,기말,6,객관식,6,1.0
2249427,기말,6,주관식,3,0.5
2249427,기말,6,T/F형,0,0.0
2249427,기말,6,약술형,0,0.0
2249427,기말,6,논술형,0,0.0
2249427,기말,6,구술,0,0.0
2249427,기말,6,기타,0,0.0
2249427,기타,1,객관식,1,1.0
2249427,기타,1,주관식,0,0.0
2249427,기타,1,T/F형,0,0.0
2249427,기타,1,약술형,0,0.0
2249427,기타,1,논술형,0,0.0
2249427,기타,1,구술,0,0.0
2249427,기타,1,기타,0,0.0
2249430,중간,6,객관식,0,0.0
2249430,중간,6,주관식,5,0.833333
2249430,중간,6,T/F형,0,0.0
2249430,중간,6,약술형,0,0.0
2249430,중간,6,논술형,4,0.666667
2249430,중간,6,구술,0,0.0
2249430,중간,6,기타,0,0.0
2249430,기말,4,객관식,0,0.0
2249430,기말,4,주관식,1,0.25
2249430,기말,4,T/F형,0,0.0
2249430,기말,4,약술형,0,0.0
2249430,기말,4,논술형,4,1.0
2249430,기말,4,구술,0,0.0
2249430,기말,4,기타,0,0.0
2249434,중간,1,객관식,0,0.0
2249434,중간,1,주관식,0,0.0
2249434,중간,1,T/F형,0,0.0
2249434,중간,1,약술형,0,0.0
2249434,중간,1,논술형,0,0.0
2249434,중간,1,구술,0,0.0
2249434,중간,1,기타,1,1.0
2249434,기말,2,객관식,0,0.0
2249434,기말,2,주관식,2,1.0
2249434,기말,2,T/F형,2,1.0
2249434,기말,2,약술형,0,0.0
2249434,기말,2,논술형,1,0.5
2249434,기말,2,구술,0,0.0
2249434,기말,2,기타,0,0.0
2249439,중간,7,객관식,2,0.285714
2249439,중간,7,주관식,6,0.857143
2249439,중간,7,T/F형,0,0.0
2249439,중간,7,약술형,1,0.142857
2249439,중간,7,논술형,1,0.142857
2249439,중간,7,구술,0,0.0
2249439,중간,7,기타,0,0.0
2249439,기말,1,객관식,0,0.0
2249439,기말,1,주관식,1,1.0
2249439,기말,1,T/F형,0,0.0
2249439,기말,1,약술형,0,0.0
2249439,기말,1,논술형,0,0.0
2249439,기말,1,구술,0,0.0
2249439,기말,1,기타,0,0.0
2249443,기말,1,객관식,0,0.0
2249443,기말,1,주관식,1,1.0
2249443,기말,1,T/F형,0,0.0
2249443,기말,1,약술형,0,0.0
2249443,기말,1,논술형,0,0.0
2249443,기말,1,구술,0,0.0
2249443,기말,1,기타,0,0.0
2249444,기말,1,객관식,0,0.0
2249444,기말,1,주관식,1,1.0
2249444,기말,1,T/F형,0,0.0
2249444,기말,1,약술형,0,0.0
2249444,기말,1,논술형,1,1.0
2249444,기말,1,구술,0,0.0
2249444,기말,1,기타,0,0.0
2249459,중간,14,객관식,0,0.0
2249459,중간,14,주관식,4,0.285714
2249459,중간,14,T/F형,0,0.0
2249459,중간,14,약술형,0,0.0
2249459,중간,14,논술형,9,0.642857
2249459,중간,14,구술,0,0.0
2249459,중간,14,기타,2,0.142857
2249459,기말,10,객관식,0,0.0
2249459,기말,10,주관식,1,0.1
2249459,기말,10,T/F형,0,0.0
2249459,기말,10,약술형,4,0.4
2249459,기말,10,논술형,5,0.5
2249459,기말,10,구술,0,0.0
2249459,기말,10,기타,0,0.0
2249459,1차,2,객관식,0,0.0
2249459,1차,2,주관식,0,0.0
2249459,1차,2,T/F형,0,0.0
2249459,1차,2,약술형,0,0.0
2249459,1차,2,논술형,2,1.0
2249459,1차,2,구술,0,0.0
2249459,1차,2,기타,0,0.0
2249459,2차,2,객관식,0,0.0
2249459,2차,2,주관식,0,0.0
2249459,2차,2,T/F형,0,0.0
2249459,2차,2,약술형,0,0.0
2249459,2차,2,논술형,2,1.0
2249459,2차,2,구술,0,0.0
2249459,2차,2,기타,0,0.0
2249471,중간,1,객관식,0,0.0
2249471,중간,1,주관식,1,1.0
2249471,중간,1,T/F형,0,0.0
2249471,중간,1,약술형,0,0.0
2249471,중간,1,논술형,0,0.0
2249471,중간,1,구술,0,0.0
2249471,중간,1,기타,0,0.0
2249471,기말,2,객관식,0,0.0
2249471,기말,2,주관식,1,0.5
2249471,기말,2,T/F형,0,0.0
2249471,기말,2,약술형,0,0.0
2249471,기말,2,논술형,1,0.5
2249471,기말,2,구술,0,0.0
2249471,기말,2,기타,0,0.0
2249479,중간,2,객관식,0,0.0
2249479,중간,2,주관식,2,1.0
2249479,중간,2,T/F형,0,0.0
2249479,중간,2,약술형,1,0.5
2249479,중간,2,논술형,0,0.0
2249479,중간,2,구술,0,0.0
2249479,중간,2,기타,0,0.0
2249482,중간,5,객관식,0,0.0
2249482,중간,5,주관식,1,0.2
2249482,중간,5,T/F형,0,0.0
2249482,중간,5,약술형,0,0.0
2249482,중간,5,논술형,4,0.8
2249482,중간,5,구술,0,0.0
2249482,중간,5,기타,1,0.2
2249482,기말,14,객관식,0,0.0
2249482,기말,14,주관식,4,0.285714
2249482,기말,14,T/F형,0,0.0
2249482,기말,14,약술형,1,0.071429
2249482,기말,14,논술형,12,0.857143
2249482,기말,14,구술,0,0.0
2249482,기말,14,기타,0,0.0
2249507,중간,1,객관식,0,0.0
2249507,중간,1,주관식,0,0.0
2249507,중간,1,T/F형,0,0.0
2249507,중간,1,약술형,0,0.0
2249507,중간,1,논술형,1,1.0
2249507,중간,1,구술,0,0.0
2249507,중간,1,기타,0,0.0
2249518,기말,5,객관식,5,1.0
2249518,기말,5,주관식,2,0.4
2249518,기말,5,T/F형,0,0.0
2249518,기말,5,약술형,0,0.0
2249518,기말,5,논술형,0,0.0
2249518,기말,5,구술,0,0.0
2249518,기말,5,기타,0,0.0
2249519,기말,18,객관식,0,0.0
2249519,기말,18,주관식,6,0.333333
2249519,기말,18,T/F형,0,0.0
2249519,기말,18,약술형,2,0.111111
2249519,기말,18,논술형,13,0.722222
2249519,기말,18,구술,0,0.0
2249519,기말,18,기타,1,0.055556
2249519,기타,1,객관식,0,0.0
2249519,기타,1,주관식,0,0.0
2249519,기타,1,T/F형,0,0.0
2249519,기타,1,약술형,0,0.0
2249519,기타,1,논술형,0,0.0
2249519,기타,1,구술,0,0.0
2249519,기타,1,기타,1,1.0
2249525,기말,2,객관식,2,1.0
2249525,기말,2,주관식,2,1.0
2249525,기말,2,T/F형,2,1.0
2249525,기말,2,약술형,2,1.0
2249525,기말,2,논술형,0,0.0
2249525,기말,2,구술,0,0.0
2249525,기말,2,기타,0,0.0
2249527,기말,1,객관식,1,1.0
2249527,기말,1,주관식,0,0.0
2249527,기말,1,T/F형,0,0.0
2249527,기말,1,약술형,1,1.0
2249527,기말,1,논술형,0,0.0
2249527,기말,1,구술,0,0.0
2249527,기말,1,기타,0,0.0
2249532,중간,5,객관식,5,1.0
2249532,중간,5,주관식,1,0.2
2249532,중간,5,T/F형,4,0.8
2249532,중간,5,약술형,0,0.0
2249532,중간,5,논술형,0,0.0
2249532,중간,5,구술,0,0.0
2249532,중간,5,기타,0,0.0
2249532,기말,1,객관식,1,1.0
2249532,기말,1,주관식,0,0.0
2249532,기말,1,T/F형,0,0.0
2249532,기말,1,약술형,0,0.0
2249532,기말,1,논술형,0,0.0
2249532,기말,1,구술,0,0.0
2249532,기말,1,기타,0,0.0
2249545,중간,1,객관식,0,0.0
2249545,중간,1,주관식,0,0.0
2249545,중간,1,T/F형,0,0.0
2249545,중간,1,약술형,0,0.0
2249545,중간,1,논술형,0,0.0
2249545,중간,1,구술,0,0.0
2249545,중간,1,기타,0,0.0
2249545,기타,1,객관식,0,0.0
2249545,기타,1,주관식,0,0.0
2249545,기타,1,T/F형,0,0.0
2249545,기타,1,약술형,0,0.0
2249545,기타,1,논술형,1,1.0
2249545,기타,1,구술,0,0.0
2249545,기타,1,기타,0,0.0
2249549,중간,14,객관식,14,1.0
2249549,중간,14,주관식,14,1.0
2249549,중간,14,T/F형,8,0.571429
2249549,중간,14,약술형,4,0.285714
2249549,중간,14,논술형,2,0.142857
2249549,중간,14,구술,0,0.0
2249549,중간,14,기타,0,0.0
2249549,기말,5,객관식,5,1.0
2249549,기말,5,주관식,5,1.0
2249549,기말,5,T/F형,3,0.6
2249549,기말,5,약술형,4,0.8
2249549,기말,5,논술형,1,0.2
2249549,기말,5,구술,0,0.0
2249549,기말,5,기타,0,0.0
2249555,기말,2,객관식,2,1.0
2249555,기말,2,주관식,2,1.0
2249555,기말,2,T/F형,0,0.0
2249555,기말,2,약술형,0,0.0
2249555,기말,2,논술형,1,0.5
2249555,기말,2,구술,0,0.0
2249555,기말,2,기타,0,0.0
2249586,중간,2,객관식,2,1.0
2249586,중간,2,주관식,0,0.0
2249586,중간,2,T/F형,0,0.0
2249586,중간,2,약술형,0,0.0
2249586,중간,2,논술형,0,0.0
2249586,중간,2,구술,0,0.0
2249586,중간,2,기타,0,0.0
2249586,기말,1,객관식,1,1.0
2249586,기말,1,주관식,0,0.0
2249586,기말,1,T/F형,0,0.0
2249586,기말,1,약술형,0,0.0
2249586,기말,1,논술형,0,0.0
2249586,기말,1,구술,0,0.0
2249586,기말,1,기타,0,0.0
2249587,중간,2,객관식,2,1.0
2249587,중간,2,주관식,0,0.0
2249587,중간,2,T/F형,0,0.0
2249587,중간,2,약술형,0,0.0
2249587,중간,2,논술형,0,0.0
2249587,중간,2,구술,0,0.0
2249587,중간,2,기타,0,0.0
2249587,기말,2,객관식,2,1.0
2249587,기말,2,주관식,2,1.0
2249587,기말,2,T/F형,0,0.0
2249587,기말,2,약술형,1,0.5
2249587,기말,2,논술형,0,0.0
2249587,기말,2,구술,0,0.0
2249587,기말,2,기타,0,0.0
2249589,중간,2,객관식,1,0.5
2249589,중간,2,주관식,2,1.0
2249589,중간,2,T/F형,0,0.0
2249589,중간,2,약술형,0,0.0
2249589,중간,2,논술형,1,0.5
2249589,중간,2,구술,0,0.0
2249589,중간,2,기타,0,0.0
2249657,기말,1,객관식,1,1.0
2249657,기말,1,주관식,1,1.0
2249657,기말,1,T/F형,0,0.0
2249657,기말,1,약술형,0,0.0
2249657,기말,1,논술형,0,0.0
2249657,기말,1,구술,0,0.0
2249657,기말,1,기타,1,1.0
2249666,기말,5,객관식,0,0.0
2249666,기말,5,주관식,0,0.0
2249666,기말,5,T/F형,0,0.0
2249666,기말,5,약술형,0,0.0
2249666,기말,5,논술형,5,1.0
2249666,기말,5,구술,0,0.0
2249666,기말,5,기타,0,0.0
2249694,중간,27,객관식,2,0.074074
2249694,중간,27,주관식,18,0.666667
2249694,중간,27,T/F형,0,0.0
2249694,중간,27,약술형,1,0.037037
2249694,중간,27,논술형,7,0.259259
2249694,중간,27,구술,0,0.0
2249694,중간,27,기타,0,0.0
2249694,기말,12,객관식,0,0.0
2249694,기말,12,주관식,7,0.583333
2249694,기말,12,T/F형,0,0.0
2249694,기말,12,약술형,0,0.0
2249694,기말,12,논술형,5,0.416667
2249694,기말,12,구술,0,0.0
2249694,기말,12,기타,0,0.0
2249696,중간,7,객관식,4,0.571429
2249696,중간,7,주관식,5,0.714286
2249696,중간,7,T/F형,6,0.857143
2249696,중간,7,약술형,1,0.142857
2249696,중간,7,논술형,1,0.142857
2249696,중간,7,구술,0,0.0
2249696,중간,7,기타,0,0.0
2249696,기말,3,객관식,2,0.666667
2249696,기말,3,주관식,2,0.666667
2249696,기말,3,T/F형,2,0.666667
2249696,기말,3,약술형,0,0.0
2249696,기말,3,논술형,0,0.0
2249696,기말,3,구술,0,0.0
2249696,기말,3,기타,0,0.0
2249715,중간,13,객관식,2,0.153846
2249715,중간,13,주관식,8,0.615385
2249715,중간,13,T/F형,0,0.0
2249715,중간,13,약술형,3,0.230769
2249715,중간,13,논술형,11,0.846154
2249715,중간,13,구술,0,0.0
2249715,중간,13,기타,0,0.0
2249726,기말,3,객관식,0,0.0
2249726,기말,3,주관식,0,0.0
2249726,기말,3,T/F형,0,0.0
2249726,기말,3,약술형,0,0.0
2249726,기말,3,논술형,3,1.0
2249726,기말,3,구술,0,0.0
2249726,기말,3,기타,0,0.0
2249741,중간,15,객관식,4,0.266667
2249741,중간,15,주관식,2,0.133333
2249741,중간,15,T/F형,0,0.0
2249741,중간,15,약술형,0,0.0
2249741,중간,15,논술형,5,0.333333
2249741,중간,15,구술,0,0.0
2249741,중간,15,기타,4,0.266667
2249741,기말,14,객관식,4,0.285714
2249741,기말,14,주관식,1,0.071429
2249741,기말,14,T/F형,0,0.0
2249741,기말,14,약술형,0,0.0
2249741,기말,14,논술형,6,0.428571
2249741,기말,14,구술,1,0.071429
2249741,기말,14,기타,3,0.214286
2249741,1차,2,객관식,0,0.0
2249741,1차,2,주관식,0,0.0
2249741,1차,2,T/F형,0,0.0
2249741,1차,2,약술형,0,0.0
2249741,1차,2,논술형,1,0.5
2249741,1차,2,구술,0,0.0
2249741,1차,2,기타,0,0.0
2249741,2차,1,객관식,0,0.0
2249741,2차,1,주관식,0,0.0
2249741,2차,1,T/F형,0,0.0
2249741,2차,1,약술형,0,0.0
2249741,2차,1,논술형,1,1.0
2249741,2차,1,구술,0,0.0
2249741,2차,1,기타,0,0.0
2249741,4차,1,객관식,1,1.0
2249741,4차,1,주관식,0,0.0
2249741,4차,1,T/F형,0,0.0
2249741,4차,1,약술형,0,0.0
2249741,4차,1,논술형,0,0.0
2249741,4차,1,구술,0,0.0
2249741,4차,1,기타,0,0.0
2249741,기타,32,객관식,6,0.1875
2249741,기타,32,주관식,2,0.0625
2249741,기타,32,T/F형,0,0.0
2249741,기타,32,약술형,0,0.0
2249741,기타,32,논술형,6,0.1875
2249741,기타,32,구술,0,0.0
2249741,기타,32,기타,14,0.4375
2249764,중간,2,객관식,0,0.0
2249764,중간,2,주관식,2,1.0
2249764,중간,2,T/F형,0,0.0
2249764,중간,2,약술형,1,0.5
2249764,중간,2,논술형,0,0.0
2249764,중간,2,구술,2,1.0
2249764,중간,2,기타,0,0.0
2249770,중간,4,객관식,2,0.5
2249770,중간,4,주관식,4,1.0
2249770,중간,4,T/F형,0,0.0
2249770,중간,4,약술형,2,0.5
2249770,중간,4,논술형,1,0.25
2249770,중간,4,구술,2,0.5
2249770,중간,4,기타,0,0.0
2249770,기말,2,객관식,2,1.0
2249770,기말,2,주관식,2,1.0
2249770,기말,2,T/F형,0,0.0
2249770,기말,2,약술형,2,1.0
2249770,기말,2,논술형,1,0.5
2249770,기말,2,구술,1,0.5
2249770,기말,2,기타,0,0.0
2249779,기타,1,객관식,0,0.0
2249779,기타,1,주관식,0,0.0
2249779,기타,1,T/F형,0,0.0
2249779,기타,1,약술형,0,0.0
2249779,기타,1,논술형,0,0.0
2249779,기타,1,구술,0,0.0
2249779,기타,1,기타,1,1.0
2249783,중간,8,객관식,0,0.0
2249783,중간,8,주관식,1,0.125
2249783,중간,8,T/F형,0,0.0
2249783,중간,8,약술형,5,0.625
2249783,중간,8,논술형,5,0.625
2249783,중간,8,구술,0,0.0
2249783,중간,8,기타,0,0.0
2249796,중간,1,객관식,1,1.0
2249796,중간,1,주관식,0,0.0
2249796,중간,1,T/F형,0,0.0
2249796,중간,1,약술형,1,1.0
2249796,중간,1,논술형,0,0.0
2249796,중간,1,구술,0,0.0
2249796,중간,1,기타,0,0.0
2249799,중간,3,객관식,3,1.0
2249799,중간,3,주관식,0,0.0
2249799,중간,3,T/F형,1,0.333333
2249799,중간,3,약술형,0,0.0
2249799,중간,3,논술형,0,0.0
2249799,중간,3,구술,0,0.0
2249799,중간,3,기타,0,0.0
2249799,기말,2,객관식,2,1.0
2249799,기말,2,주관식,0,0.0
2249799,기말,2,T/F형,0,0.0
2249799,기말,2,약술형,0,0.0
2249799,기말,2,논술형,0,0.0
2249799,기말,2,구술,0,0.0
2249799,기말,2,기타,1,0.5
2249815,중간,2,객관식,1,0.5
2249815,중간,2,주관식,1,0.5
2249815,중간,2,T/F형,0,0.0
2249815,중간,2,약술형,0,0.0
2249815,중간,2,논술형,1,0.5
2249815,중간,2,구술,0,0.0
2249815,중간,2,기타,0,0.0
2249815,기말,1,객관식,0,0.0
2249815,기말,1,주관식,0,0.0
2249815,기말,1,T/F형,0,0.0
2249815,기말,1,약술형,0,0.0
2249815,기말,1,논술형,1,1.0
2249815,기말,1,구술,0,0.0
2249815,기말,1,기타,0,0.0
2249828,중간,4,객관식,2,0.5
2249828,중간,4,주관식,4,1.0
2249828,중간,4,T/F형,4,1.0
2249828,중간,4,약술형,3,0.75
2249828,중간,4,논술형,2,0.5
2249828,중간,4,구술,0,0.0
2249828,중간,4,기타,0,0.0
2249828,기말,4,객관식,1,0.25
2249828,기말,4,주관식,3,0.75
2249828,기말,4,T/F형,3,0.75
2249828,기말,4,약술형,4,1.0
2249828,기말,4,논술형,3,0.75
2249828,기말,4,구술,0,0.0
2249828,기말,4,기타,0,0.0
226224,중간,92,객관식,88,0.956522
226224,중간,92,주관식,75,0.815217
226224,중간,92,T/F형,1,0.01087
226224,중간,92,약술형,10,0.108696
226224,중간,92,논술형,1,0.01087
226224,중간,92,구술,0,0.0
226224,중간,92,기타,1,0.01087
226224,기말,28,객관식,23,0.821429
226224,기말,28,주관식,23,0.821429
226224,기말,28,T/F형,0,0.0
226224,기말,28,약술형,2,0.071429
226224,기말,28,논술형,0,0.0
226224,기말,28,구술,1,0.035714
226224,기말,28,기타,0,0.0
226224,3차,1,객관식,1,1.0
226224,3차,1,주관식,0,0.0
226224,3차,1,T/F형,0,0.0
226224,3차,1,약술형,0,0.0
226224,3차,1,논술형,0,0.0
226224,3차,1,구술,0,0.0
226224,3차,1,기타,0,0.0
226405,중간,3,객관식,2,0.666667
226405,중간,3,주관식,3,1.0
226405,중간,3,T/F형,0,0.0
226405,중간,3,약술형,0,0.0
226405,중간,3,논술형,0,0.0
226405,중간,3,구술,0,0.0
226405,중간,3,기타,0,0.0
226411,중간,1,객관식,0,0.0
226411,중간,1,주관식,1,1.0
226411,중간,1,T/F형,0,0.0
226411,중간,1,약술형,0,0.0
226411,중간,1,논술형,0,0.0
226411,중간,1,구술,0,0.0
226411,중간,1,기타,0,0.0
226411,기말,1,객관식,0,0.0
226411,기말,1,주관식,0,0.0
226411,기말,1,T/F형,0,0.0
226411,기말,1,약술형,1,1.0
226411,기말,1,논술형,1,1.0
226411,기말,1,구술,0,0.0
226411,기말,1,기타,0,0.0
226441,기말,2,객관식,0,0.0
226441,기말,2,주관식,2,1.0
226441,기말,2,T/F형,0,0.0
226441,기말,2,약술형,2,1.0
226441,기말,2,논술형,0,0.0
226441,기말,2,구술,0,0.0
226441,기말,2,기타,0,0.0
226495,중간,1,객관식,0,0.0
226495,중간,1,주관식,1,1.0
226495,중간,1,T/F형,0,0.0
226495,중간,1,약술형,0,0.0
226495,중간,1,논술형,0,0.0
226495,중간,1,구술,0,0.0
226495,중간,1,기타,0,0.0
226710,중간,13,객관식,1,0.076923
226710,중간,13,주관식,13,1.0
226710,중간,13,T/F형,0,0.0
226710,중간,13,약술형,2,0.153846
226710,중간,13,논술형,0,0.0
226710,중간,13,구술,0,0.0
226710,중간,13,기타,0,0.0
226710,기말,3,객관식,1,0.333333
226710,기말,3,주관식,3,1.0
226710,기말,3,T/F형,0,0.0
226710,기말,3,약술형,1,0.333333
226710,기말,3,논술형,1,0.333333
226710,기말,3,구술,0,0.0
226710,기말,3,기타,0,0.0
227095,중간,1,객관식,0,0.0
227095,중간,1,주관식,1,1.0
227095,중간,1,T/F형,0,0.0
227095,중간,1,약술형,0,0.0
227095,중간,1,논술형,0,0.0
227095,중간,1,구술,0,0.0
227095,중간,1,기타,0,0.0
227156,중간,14,객관식,0,0.0
227156,중간,14,주관식,1,0.071429
227156,중간,14,T/F형,0,0.0
227156,중간,14,약술형,3,0.214286
227156,중간,14,논술형,14,1.0
227156,중간,14,구술,0,0.0
227156,중간,14,기타,0,0.0
227156,기말,5,객관식,0,0.0
227156,기말,5,주관식,3,0.6
227156,기말,5,T/F형,0,0.0
227156,기말,5,약술형,2,0.4
227156,기말,5,논술형,3,0.6
227156,기말,5,구술,0,0.0
227156,기말,5,기타,0,0.0
227174,중간,7,객관식,0,0.0
227174,중간,7,주관식,2,0.285714
227174,중간,7,T/F형,0,0.0
227174,중간,7,약술형,2,0.285714
227174,중간,7,논술형,1,0.142857
227174,중간,7,구술,0,0.0
227174,중간,7,기타,0,0.0
227328,중간,1,객관식,0,0.0
227328,중간,1,주관식,1,1.0
227328,중간,1,T/F형,0,0.0
227328,중간,1,약술형,0,0.0
227328,중간,1,논술형,1,1.0
227328,중간,1,구술,0,0.0
227328,중간,1,기타,0,0.0
227328,기말,6,객관식,1,0.166667
227328,기말,6,주관식,4,0.666667
227328,기말,6,T/F형,0,0.0
227328,기말,6,약술형,2,0.333333
227328,기말,6,논술형,5,0.833333
227328,기말,6,구술,0,0.0
227328,기말,6,기타,0,0.0
227339,중간,6,객관식,4,0.666667
227339,중간,6,주관식,5,0.833333
227339,중간,6,T/F형,4,0.666667
227339,중간,6,약술형,2,0.333333
227339,중간,6,논술형,2,0.333333
227339,중간,6,구술,0,0.0
227339,중간,6,기타,0,0.0
227339,기말,2,객관식,1,0.5
227339,기말,2,주관식,2,1.0
227339,기말,2,T/F형,1,0.5
227339,기말,2,약술형,1,0.5
227339,기말,2,논술형,1,0.5
227339,기말,2,구술,0,0.0
227339,기말,2,기타,0,0.0
227658,기타,1,객관식,0,0.0
227658,기타,1,주관식,0,0.0
227658,기타,1,T/F형,0,0.0
227658,기타,1,약술형,0,0.0
227658,기타,1,논술형,0,0.0
227658,기타,1,구술,0,0.0
227658,기타,1,기타,1,1.0
227826,중간,8,객관식,1,0.125
227826,중간,8,주관식,7,0.875
227826,중간,8,T/F형,0,0.0
227826,중간,8,약술형,0,0.0
227826,중간,8,논술형,2,0.25
227826,중간,8,구술,0,0.0
227826,중간,8,기타,0,0.0
227826,기말,4,객관식,0,0.0
227826,기말,4,주관식,3,0.75
227826,기말,4,T/F형,0,0.0
227826,기말,4,약술형,1,0.25
227826,기말,4,논술형,0,0.0
227826,기말,4,구술,0,0.0
227826,기말,4,기타,0,0.0
227826,1차,5,객관식,0,0.0
227826,1차,5,주관식,5,1.0
227826,1차,5,T/F형,0,0.0
227826,1차,5,약술형,1,0.2
227826,1차,5,논술형,1,0.2
227826,1차,5,구술,0,0.0
227826,1차,5,기타,0,0.0
2315208,중간,1,객관식,0,0.0
2315208,중간,1,주관식,0,0.0
2315208,중간,1,T/F형,0,0.0
2315208,중간,1,약술형,0,0.0
2315208,중간,1,논술형,1,1.0
2315208,중간,1,구술,0,0.0
2315208,중간,1,기타,0,0.0
2315208,기말,16,객관식,10,0.625
2315208,기말,16,주관식,16,1.0
2315208,기말,16,T/F형,0,0.0
2315208,기말,16,약술형,5,0.3125
2315208,기말,16,논술형,3,0.1875
2315208,기말,16,구술,2,0.125
2315208,기말,16,기타,0,0.0
2315240,중간,18,객관식,16,0.888889
2315240,중간,18,주관식,13,0.722222
2315240,중간,18,T/F형,1,0.055556
2315240,중간,18,약술형,6,0.333333
2315240,중간,18,논술형,3,0.166667
2315240,중간,18,구술,0,0.0
2315240,중간,18,기타,0,0.0
2315240,기말,11,객관식,9,0.818182
2315240,기말,11,주관식,9,0.818182
2315240,기말,11,T/F형,0,0.0
2315240,기말,11,약술형,3,0.272727
2315240,기말,11,논술형,0,0.0
2315240,기말,11,구술,0,0.0
2315240,기말,11,기타,2,0.181818
2315243,기말,1,객관식,0,0.0
2315243,기말,1,주관식,1,1.0
2315243,기말,1,T/F형,0,0.0
2315243,기말,1,약술형,0,0.0
2315243,기말,1,논술형,0,0.0
2315243,기말,1,구술,0,0.0
2315243,기말,1,기타,0,0.0
2315243,기타,3,객관식,0,0.0
2315243,기타,3,주관식,0,0.0
2315243,기타,3,T/F형,0,0.0
2315243,기타,3,약술형,0,0.0
2315243,기타,3,논술형,0,0.0
2315243,기타,3,구술,0,0.0
2315243,기타,3,기타,3,1.0
2315267,중간,4,객관식,3,0.75
2315267,중간,4,주관식,2,0.5
2315267,중간,4,T/F형,3,0.75
2315267,중간,4,약술형,1,0.25
2315267,중간,4,논술형,0,0.0
2315267,중간,4,구술,0,0.0
2315267,중간,4,기타,0,0.0
2315267,기말,4,객관식,4,1.0
2315267,기말,4,주관식,2,0.5
2315267,기말,4,T/F형,1,0.25
2315267,기말,4,약술형,0,0.0
2315267,기말,4,논술형,0,0.0
2315267,기말,4,구술,0,0.0
2315267,기말,4,기타,0,0.0
2315286,중간,13,객관식,1,0.076923
2315286,중간,13,주관식,10,0.769231
2315286,중간,13,T/F형,0,0.0
2315286,중간,13,약술형,1,0.076923
2315286,중간,13,논술형,5,0.384615
2315286,중간,13,구술,0,0.0
2315286,중간,13,기타,0,0.0
2315286,기말,8,객관식,0,0.0
2315286,기말,8,주관식,5,0.625
2315286,기말,8,T/F형,0,0.0
2315286,기말,8,약술형,0,0.0
2315286,기말,8,논술형,3,0.375
2315286,기말,8,구술,0,0.0
2315286,기말,8,기타,1,0.125
2315294,중간,2,객관식,0,0.0
2315294,중간,2,주관식,1,0.5
2315294,중간,2,T/F형,1,0.5
2315294,중간,2,약술형,0,0.0
2315294,중간,2,논술형,1,0.5
2315294,중간,2,구술,0,0.0
2315294,중간,2,기타,0,0.0
2315294,기말,3,객관식,1,0.333333
2315294,기말,3,주관식,2,0.666667
2315294,기말,3,T/F형,1,0.333333
2315294,기말,3,약술형,0,0.0
2315294,기말,3,논술형,1,0.333333
2315294,기말,3,구술,0,0.0
2315294,기말,3,기타,0,0.0
2315302,중간,2,객관식,0,0.0
2315302,중간,2,주관식,2,1.0
2315302,중간,2,T/F형,0,0.0
2315302,중간,2,약술형,0,0.0
2315302,중간,2,논술형,0,0.0
2315302,중간,2,구술,0,0.0
2315302,중간,2,기타,0,0.0
2315302,기말,3,객관식,0,0.0
2315302,기말,3,주관식,3,1.0
2315302,기말,3,T/F형,0,0.0
2315302,기말,3,약술형,0,0.0
2315302,기말,3,논술형,1,0.333333
2315302,기말,3,구술,0,0.0
2315302,기말,3,기타,0,0.0
2315315,중간,2,객관식,0,0.0
2315315,중간,2,주관식,1,0.5
2315315,중간,2,T/F형,2,1.0
2315315,중간,2,약술형,1,0.5
2315315,중간,2,논술형,1,0.5
2315315,중간,2,구술,0,0.0
2315315,중간,2,기타,0,0.0
2315315,기말,9,객관식,0,0.0
2315315,기말,9,주관식,9,1.0
2315315,기말,9,T/F형,0,0.0
2315315,기말,9,약술형,0,0.0
2315315,기말,9,논술형,5,0.555556
2315315,기말,9,구술,0,0.0
2315315,기말,9,기타,0,0.0
2315315,1차,1,객관식,1,1.0
2315315,1차,1,주관식,0,0.0
2315315,1차,1,T/F형,0,0.0
2315315,1차,1,약술형,0,0.0
2315315,1차,1,논술형,0,0.0
2315315,1차,1,구술,0,0.0
2315315,1차,1,기타,0,0.0
2315319,기말,2,객관식,0,0.0
2315319,기말,2,주관식,2,1.0
2315319,기말,2,T/F형,0,0.0
2315319,기말,2,약술형,0,0.0
2315319,기말,2,논술형,0,0.0
2315319,기말,2,구술,0,0.0
2315319,기말,2,기타,0,0.0
2315360,중간,9,객관식,1,0.111111
2315360,중간,9,주관식,5,0.555556
2315360,중간,9,T/F형,0,0.0
2315360,중간,9,약술형,1,0.111111
2315360,중간,9,논술형,5,0.555556
2315360,중간,9,구술,0,0.0
2315360,중간,9,기타,0,0.0
2315360,기말,1,객관식,0,0.0
2315360,기말,1,주관식,0,0.0
2315360,기말,1,T/F형,0,0.0
2315360,기말,1,약술형,0,0.0
2315360,기말,1,논술형,1,1.0
2315360,기말,1,구술,0,0.0
2315360,기말,1,기타,0,0.0
2315360,기타,1,객관식,0,0.0
2315360,기타,1,주관식,0,0.0
2315360,기타,1,T/F형,0,0.0
2315360,기타,1,약술형,0,0.0
2315360,기타,1,논술형,1,1.0
2315360,기타,1,구술,0,0.0
2315360,기타,1,기타,0,0.0
2315378,중간,2,객관식,0,0.0
2315378,중간,2,주관식,0,0.0
2315378,중간,2,T/F형,0,0.0
2315378,중간,2,약술형,0,0.0
2315378,중간,2,논술형,2,1.0
2315378,중간,2,구술,0,0.0
2315378,중간,2,기타,0,0.0
2315378,기말,2,객관식,0,0.0
2315378,기말,2,주관식,0,0.0
2315378,기말,2,T/F형,0,0.0
2315378,기말,2,약술형,0,0.0
2315378,기말,2,논술형,2,1.0
2315378,기말,2,구술,0,0.0
2315378,기말,2,기타,0,0.0
2315402,중간,1,객관식,1,1.0
2315402,중간,1,주관식,1,1.0
2315402,중간,1,T/F형,0,0.0
2315402,중간,1,약술형,0,0.0
2315402,중간,1,논술형,1,1.0
2315402,중간,1,구술,0,0.0
2315402,중간,1,기타,0,0.0
2315411,중간,1,객관식,0,0.0
2315411,중간,1,주관식,0,0.0
2315411,중간,1,T/F형,0,0.0
2315411,중간,1,약술형,0,0.0
2315411,중간,1,논술형,1,1.0
2315411,중간,1,구술,0,0.0
2315411,중간,1,기타,0,0.0
2315426,중간,1,객관식,0,0.0
2315426,중간,1,주관식,1,1.0
2315426,중간,1,T/F형,1,1.0
2315426,중간,1,약술형,0,0.0
2315426,중간,1,논술형,0,0.0
2315426,중간,1,구술,0,0.0
2315426,중간,1,기타,0,0.0
2315426,기말,1,객관식,0,0.0
2315426,기말,1,주관식,0,0.0
2315426,기말,1,T/F형,1,1.0
2315426,기말,1,약술형,1,1.0
2315426,기말,1,논술형,1,1.0
2315426,기말,1,구술,0,0.0
2315426,기말,1,기타,0,0.0
2315477,중간,2,객관식,2,1.0
2315477,중간,2,주관식,2,1.0
2315477,중간,2,T/F형,1,0.5
2315477,중간,2,약술형,0,0.0
2315477,중간,2,논술형,0,0.0
2315477,중간,2,구술,0,0.0
2315477,중간,2,기타,0,0.0
2315481,기타,1,객관식,0,0.0
2315481,기타,1,주관식,0,0.0
2315481,기타,1,T/F형,0,0.0
2315481,기타,1,약술형,0,0.0
2315481,기타,1,논술형,0,0.0
2315481,기타,1,구술,0,0.0
2315481,기타,1,기타,1,1.0
2315489,중간,7,객관식,2,0.285714
2315489,중간,7,주관식,4,0.571429
2315489,중간,7,T/F형,4,0.571429
2315489,중간,7,약술형,0,0.0
2315489,중간,7,논술형,3,0.428571
2315489,중간,7,구술,0,0.0
2315489,중간,7,기타,0,0.0
2315489,기말,2,객관식,2,1.0
2315489,기말,2,주관식,1,0.5
2315489,기말,2,T/F형,0,0.0
2315489,기말,2,약술형,0,0.0
2315489,기말,2,논술형,0,0.0
2315489,기말,2,구술,0,0.0
2315489,기말,2,기타,0,0.0
2315490,중간,12,객관식,11,0.916667
2315490,중간,12,주관식,10,0.833333
2315490,중간,12,T/F형,1,0.083333
2315490,중간,12,약술형,5,0.416667
2315490,중간,12,논술형,1,0.083333
2315490,중간,12,구술,0,0.0
2315490,중간,12,기타,0,0.0
2315490,기말,1,객관식,1,1.0
2315490,기말,1,주관식,1,1.0
2315490,기말,1,T/F형,0,0.0
2315490,기말,1,약술형,1,1.0
2315490,기말,1,논술형,0,0.0
2315490,기말,1,구술,0,0.0
2315490,기말,1,기타,0,0.0
2315498,중간,14,객관식,0,0.0
2315498,중간,14,주관식,4,0.285714
2315498,중간,14,T/F형,0,0.0
2315498,중간,14,약술형,0,0.0
2315498,중간,14,논술형,4,0.285714
2315498,중간,14,구술,0,0.0
2315498,중간,14,기타,6,0.428571
2315498,기말,10,객관식,0,0.0
2315498,기말,10,주관식,6,0.6
2315498,기말,10,T/F형,0,0.0
2315498,기말,10,약술형,0,0.0
2315498,기말,10,논술형,3,0.3
2315498,기말,10,구술,0,0.0
2315498,기말,10,기타,1,0.1
2315498,기타,1,객관식,0,0.0
2315498,기타,1,주관식,0,0.0
2315498,기타,1,T/F형,0,0.0
2315498,기타,1,약술형,0,0.0
2315498,기타,1,논술형,0,0.0
2315498,기타,1,구술,0,0.0
2315498,기타,1,기타,0,0.0
2315502,중간,1,객관식,1,1.0
2315502,중간,1,주관식,0,0.0
2315502,중간,1,T/F형,1,1.0
2315502,중간,1,약술형,0,0.0
2315502,중간,1,논술형,0,0.0
2315502,중간,1,구술,0,0.0
2315502,중간,1,기타,0,0.0
2315502,기말,1,객관식,0,0.0
2315502,기말,1,주관식,0,0.0
2315502,기말,1,T/F형,1,1.0
2315502,기말,1,약술형,0,0.0
2315502,기말,1,논술형,0,0.0
2315502,기말,1,구술,0,0.0
2315502,기말,1,기타,0,0.0
2315600,중간,5,객관식,3,0.6
2315600,중간,5,주관식,3,0.6
2315600,중간,5,T/F형,2,0.4
2315600,중간,5,약술형,0,0.0
2315600,중간,5,논술형,2,0.4
2315600,중간,5,구술,0,0.0
2315600,중간,5,기타,0,0.0
2315600,기말,1,객관식,1,1.0
2315600,기말,1,주관식,0,0.0
2315600,기말,1,T/F형,0,0.0
2315600,기말,1,약술형,0,0.0
2315600,기말,1,논술형,1,1.0
2315600,기말,1,구술,0,0.0
2315600,기말,1,기타,0,0.0
2315604,중간,8,객관식,0,0.0
2315604,중간,8,주관식,6,0.75
2315604,중간,8,T/F형,0,0.0
2315604,중간,8,약술형,0,0.0
2315604,중간,8,논술형,2,0.25
2315604,중간,8,구술,0,0.0
2315604,중간,8,기타,0,0.0
2315604,기말,2,객관식,0,0.0
2315604,기말,2,주관식,2,1.0
2315604,기말,2,T/F형,0,0.0
2315604,기말,2,약술형,0,0.0
2315604,기말,2,논술형,1,0.5
2315604,기말,2,구술,0,0.0
2315604,기말,2,기타,0,0.0
2315604,1차,20,객관식,1,0.05
2315604,1차,20,주관식,8,0.4
2315604,1차,20,T/F형,0,0.0
2315604,1차,20,약술형,1,0.05
2315604,1차,20,논술형,13,0.65
2315604,1차,20,구술,0,0.0
2315604,1차,20,기타,0,0.0
2315604,2차,7,객관식,0,0.0
2315604,2차,7,주관식,6,0.857143
2315604,2차,7,T/F형,0,0.0
2315604,2차,7,약술형,1,0.142857
2315604,2차,7,논술형,2,0.285714
2315604,2차,7,구술,0,0.0
2315604,2차,7,기타,0,0.0
2315604,3차,8,객관식,0,0.0
2315604,3차,8,주관식,6,0.75
2315604,3차,8,T/F형,0,0.0
2315604,3차,8,약술형,0,0.0
2315604,3차,8,논술형,1,0.125
2315604,3차,8,구술,0,0.0
2315604,3차,8,기타,0,0.0
2315614,중간,1,객관식,0,0.0
2315614,중간,1,주관식,0,0.0
2315614,중간,1,T/F형,0,0.0
2315614,중간,1,약술형,0,0.0
2315614,중간,1,논술형,0,0.0
2315614,중간,1,구술,0,0.0
2315614,중간,1,기타,1,1.0
2315614,기말,4,객관식,0,0.0
2315614,기말,4,주관식,0,0.0
2315614,기말,4,T/F형,0,0.0
2315614,기말,4,약술형,0,0.0
2315614,기말,4,논술형,0,0.0
2315614,기말,4,구술,0,0.0
2315614,기말,4,기타,4,1.0
2315614,기타,4,객관식,0,0.0
2315614,기타,4,주관식,0,0.0
2315614,기타,4,T/F형,0,0.0
2315614,기타,4,약술형,0,0.0
2315614,기타,4,논술형,0,0.0
2315614,기타,4,구술,0,0.0
2315614,기타,4,기타,4,1.0
2315615,중간,3,객관식,3,1.0
2315615,중간,3,주관식,2,0.666667
2315615,중간,3,T/F형,1,0.333333
2315615,중간,3,약술형,0,0.0
2315615,중간,3,논술형,0,0.0
2315615,중간,3,구술,0,0.0
2315615,중간,3,기타,0,0.0
2315638,중간,2,객관식,0,0.0
2315638,중간,2,주관식,2,1.0
2315638,중간,2,T/F형,0,0.0
2315638,중간,2,약술형,1,0.5
2315638,중간,2,논술형,1,0.5
2315638,중간,2,구술,0,0.0
2315638,중간,2,기타,0,0.0
2315638,기말,2,객관식,2,1.0
2315638,기말,2,주관식,1,0.5
2315638,기말,2,T/F형,0,0.0
2315638,기말,2,약술형,0,0.0
2315638,기말,2,논술형,2,1.0
2315638,기말,2,구술,0,0.0
2315638,기말,2,기타,0,0.0
2315705,중간,1,객관식,0,0.0
2315705,중간,1,주관식,0,0.0
2315705,중간,1,T/F형,0,0.0
2315705,중간,1,약술형,0,0.0
2315705,중간,1,논술형,0,0.0
2315705,중간,1,구술,1,1.0
2315705,중간,1,기타,0,0.0
2315717,중간,25,객관식,24,0.96
2315717,중간,25,주관식,19,0.76
2315717,중간,25,T/F형,0,0.0
2315717,중간,25,약술형,2,0.08
2315717,중간,25,논술형,3,0.12
2315717,중간,25,구술,0,0.0
2315717,중간,25,기타,0,0.0
2315717,기말,17,객관식,17,1.0
2315717,기말,17,주관식,12,0.705882
2315717,기말,17,T/F형,0,0.0
2315717,기말,17,약술형,3,0.176471
2315717,기말,17,논술형,1,0.058824
2315717,기말,17,구술,0,0.0
2315717,기말,17,기타,0,0.0
2315717,2차,1,객관식,1,1.0
2315717,2차,1,주관식,1,1.0
2315717,2차,1,T/F형,0,0.0
2315717,2차,1,약술형,0,0.0
2315717,2차,1,논술형,0,0.0
2315717,2차,1,구술,0,0.0
2315717,2차,1,기타,0,0.0
2315717,기타,1,객관식,1,1.0
2315717,기타,1,주관식,0,0.0
2315717,기타,1,T/F형,0,0.0
2315717,기타,1,약술형,0,0.0
2315717,기타,1,논술형,0,0.0
2315717,기타,1,구술,0,0.0
2315717,기타,1,기타,0,0.0
2315724,중간,8,객관식,0,0.0
2315724,중간,8,주관식,7,0.875
2315724,중간,8,T/F형,0,0.0
2315724,중간,8,약술형,0,0.0
2315724,중간,8,논술형,1,0.125
2315724,중간,8,구술,0,0.0
2315724,중간,8,기타,2,0.25
2315724,기말,2,객관식,0,0.0
2315724,기말,2,주관식,1,0.5
2315724,기말,2,T/F형,0,0.0
2315724,기말,2,약술형,0,0.0
2315724,기말,2,논술형,0,0.0
2315724,기말,2,구술,0,0.0
2315724,기말,2,기타,0,0.0
2315759,중간,2,객관식,2,1.0
2315759,중간,2,주관식,1,0.5
2315759,중간,2,T/F형,0,0.0
2315759,중간,2,약술형,0,0.0
2315759,중간,2,논술형,0,0.0
2315759,중간,2,구술,0,0.0
2315759,중간,2,기타,0,0.0
2315768,중간,9,객관식,1,0.111111
2315768,중간,9,주관식,9,1.0
2315768,중간,9,T/F형,9,1.0
2315768,중간,9,약술형,2,0.222222
2315768,중간,9,논술형,2,0.222222
2315768,중간,9,구술,0,0.0
2315768,중간,9,기타,0,0.0
233094,중간,22,객관식,0,0.0
233094,중간,22,주관식,7,0.318182
233094,중간,22,T/F형,0,0.0
233094,중간,22,약술형,6,0.272727
233094,중간,22,논술형,16,0.727273
233094,중간,22,구술,0,0.0
233094,중간,22,기타,1,0.045455
233094,기말,47,객관식,0,0.0
233094,기말,47,주관식,24,0.510638
233094,기말,47,T/F형,0,0.0
233094,기말,47,약술형,6,0.12766
233094,기말,47,논술형,27,0.574468
233094,기말,47,구술,0,0.0
233094,기말,47,기타,0,0.0
233094,기타,1,객관식,0,0.0
233094,기타,1,주관식,0,0.0
233094,기타,1,T/F형,0,0.0
233094,기타,1,약술형,0,0.0
233094,기타,1,논술형,0,0.0
233094,기타,1,구술,0,0.0
233094,기타,1,기타,0,0.0
233698,중간,2,객관식,0,0.0
233698,중간,2,주관식,2,1.0
233698,중간,2,T/F형,0,0.0
233698,중간,2,약술형,0,0.0
233698,중간,2,논술형,1,0.5
233698,중간,2,구술,0,0.0
233698,중간,2,기타,0,0.0
236570,1차,1,객관식,0,0.0
236570,1차,1,주관식,1,1.0
236570,1차,1,T/F형,0,0.0
236570,1차,1,약술형,0,0.0
236570,1차,1,논술형,1,1.0
236570,1차,1,구술,0,0.0
236570,1차,1,기타,0,0.0
2376746,기타,2,객관식,0,0.0
2376746,기타,2,주관식,0,0.0
2376746,기타,2,T/F형,0,0.0
2376746,기타,2,약술형,0,0.0
2376746,기타,2,논술형,0,0.0
2376746,기타,2,구술,1,0.5
2376746,기타,2,기타,0,0.0
2376748,중간,21,객관식,21,1.0
2376748,중간,21,주관식,1,0.047619
2376748,중간,21,T/F형,5,0.238095
2376748,중간,21,약술형,1,0.047619
2376748,중간,21,논술형,1,0.047619
2376748,중간,21,구술,0,0.0
2376748,중간,21,기타,0,0.0
2376748,기말,2,객관식,2,1.0
2376748,기말,2,주관식,0,0.0
2376748,기말,2,T/F형,0,0.0
2376748,기말,2,약술형,0,0.0
2376748,기말,2,논술형,0,0.0
2376748,기말,2,구술,0,0.0
2376748,기말,2,기타,0,0.0
2376749,중간,17,객관식,15,0.882353
2376749,중간,17,주관식,16,0.941176
2376749,중간,17,T/F형,0,0.0
2376749,중간,17,약술형,4,0.235294
2376749,중간,17,논술형,3,0.176471
2376749,중간,17,구술,0,0.0
2376749,중간,17,기타,0,0.0
2376750,중간,3,객관식,0,0.0
2376750,중간,3,주관식,1,0.333333
2376750,중간,3,T/F형,0,0.0
2376750,중간,3,약술형,0,0.0
2376750,중간,3,논술형,2,0.666667
2376750,중간,3,구술,0,0.0
2376750,중간,3,기타,0,0.0
2376750,기말,3,객관식,0,0.0
2376750,기말,3,주관식,0,0.0
2376750,기말,3,T/F형,0,0.0
2376750,기말,3,약술형,1,0.333333
2376750,기말,3,논술형,3,1.0
2376750,기말,3,구술,0,0.0
2376750,기말,3,기타,0,0.0
2376751,중간,5,객관식,1,0.2
2376751,중간,5,주관식,1,0.2
2376751,중간,5,T/F형,0,0.0
2376751,중간,5,약술형,1,0.2
2376751,중간,5,논술형,4,0.8
2376751,중간,5,구술,0,0.0
2376751,중간,5,기타,0,0.0
2376751,기말,1,객관식,0,0.0
2376751,기말,1,주관식,0,0.0
2376751,기말,1,T/F형,0,0.0
2376751,기말,1,약술형,0,0.0
2376751,기말,1,논술형,0,0.0
2376751,기말,1,구술,0,0.0
2376751,기말,1,기타,0,0.0
2376751,1차,2,객관식,0,0.0
2376751,1차,2,주관식,2,1.0
2376751,1차,2,T/F형,0,0.0
2376751,1차,2,약술형,0,0.0
2376751,1차,2,논술형,0,0.0
2376751,1차,2,구술,0,0.0
2376751,1차,2,기타,0,0.0
2376751,기타,2,객관식,0,0.0
2376751,기타,2,주관식,0,0.0
2376751,기타,2,T/F형,0,0.0
2376751,기타,2,약술형,0,0.0
2376751,기타,2,논술형,0,0.0
2376751,기타,2,구술,0,0.0
2376751,기타,2,기타,2,1.0
2376757,중간,34,객관식,1,0.029412
2376757,중간,34,주관식,10,0.294118
2376757,중간,34,T/F형,0,0.0
2376757,중간,34,약술형,0,0.0
2376757,중간,34,논술형,28,0.823529
2376757,중간,34,구술,0,0.0
2376757,중간,34,기타,0,0.0
2376757,기말,12,객관식,2,0.166667
2376757,기말,12,주관식,1,0.083333
2376757,기말,12,T/F형,0,0.0
2376757,기말,12,약술형,0,0.0
2376757,기말,12,논술형,10,0.833333
2376757,기말,12,구술,0,0.0
2376757,기말,12,기타,0,0.0
2376757,1차,1,객관식,0,0.0
2376757,1차,1,주관식,0,0.0
2376757,1차,1,T/F형,0,0.0
2376757,1차,1,약술형,0,0.0
2376757,1차,1,논술형,1,1.0
2376757,1차,1,구술,0,0.0
2376757,1차,1,기타,0,0.0
2376757,기타,4,객관식,0,0.0
2376757,기타,4,주관식,2,0.5
2376757,기타,4,T/F형,0,0.0
2376757,기타,4,약술형,0,0.0
2376757,기타,4,논술형,2,0.5
2376757,기타,4,구술,0,0.0
2376757,기타,4,기타,0,0.0
2376763,기말,2,객관식,2,1.0
2376763,기말,2,주관식,2,1.0
2376763,기말,2,T/F형,0,0.0
2376763,기말,2,약술형,0,0.0
2376763,기말,2,논술형,0,0.0
2376763,기말,2,구술,0,0.0
2376763,기말,2,기타,0,0.0
2376766,중간,9,객관식,0,0.0
2376766,중간,9,주관식,7,0.777778
2376766,중간,9,T/F형,0,0.0
2376766,중간,9,약술형,0,0.0
2376766,중간,9,논술형,4,0.444444
2376766,중간,9,구술,0,0.0
2376766,중간,9,기타,0,0.0
2376766,기말,2,객관식,0,0.0
2376766,기말,2,주관식,2,1.0
2376766,기말,2,T/F형,0,0.0
2376766,기말,2,약술형,0,0.0
2376766,기말,2,논술형,1,0.5
2376766,기말,2,구술,0,0.0
2376766,기말,2,기타,0,0.0
2376768,중간,10,객관식,0,0.0
2376768,중간,10,주관식,8,0.8
2376768,중간,10,T/F형,0,0.0
2376768,중간,10,약술형,0,0.0
2376768,중간,10,논술형,6,0.6
2376768,중간,10,구술,0,0.0
2376768,중간,10,기타,0,0.0
2376768,기말,4,객관식,0,0.0
2376768,기말,4,주관식,2,0.5
2376768,기말,4,T/F형,1,0.25
2376768,기말,4,약술형,1,0.25
2376768,기말,4,논술형,2,0.5
2376768,기말,4,구술,0,0.0
2376768,기말,4,기타,0,0.0
2376771,기타,1,객관식,0,0.0
2376771,기타,1,주관식,0,0.0
2376771,기타,1,T/F형,0,0.0
2376771,기타,1,약술형,0,0.0
2376771,기타,1,논술형,0,0.0
2376771,기타,1,구술,0,0.0
2376771,기타,1,기타,1,1.0
2376773,기말,2,객관식,0,0.0
2376773,기말,2,주관식,2,1.0
2376773,기말,2,T/F형,0,0.0
2376773,기말,2,약술형,0,0.0
2376773,기말,2,논술형,2,1.0
2376773,기말,2,구술,0,0.0
2376773,기말,2,기타,0,0.0
2376774,중간,8,객관식,0,0.0
2376774,중간,8,주관식,8,1.0
2376774,중간,8,T/F형,4,0.5
2376774,중간,8,약술형,0,0.0
2376774,중간,8,논술형,1,0.125
2376774,중간,8,구술,0,0.0
2376774,중간,8,기타,0,0.0
2376774,기말,2,객관식,0,0.0
2376774,기말,2,주관식,2,1.0
2376774,기말,2,T/F형,0,0.0
2376774,기말,2,약술형,1,0.5
2376774,기말,2,논술형,0,0.0
2376774,기말,2,구술,0,0.0
2376774,기말,2,기타,0,0.0
2376776,중간,6,객관식,1,0.166667
2376776,중간,6,주관식,1,0.166667
2376776,중간,6,T/F형,0,0.0
2376776,중간,6,약술형,0,0.0
2376776,중간,6,논술형,5,0.833333
2376776,중간,6,구술,0,0.0
2376776,중간,6,기타,0,0.0
2376776,기말,1,객관식,0,0.0
2376776,기말,1,주관식,0,0.0
2376776,기말,1,T/F형,0,0.0
2376776,기말,1,약술형,0,0.0
2376776,기말,1,논술형,1,1.0
2376776,기말,1,구술,0,0.0
2376776,기말,1,기타,0,0.0
2376777,기말,1,객관식,0,0.0
2376777,기말,1,주관식,0,0.0
2376777,기말,1,T/F형,0,0.0
2376777,기말,1,약술형,0,0.0
2376777,기말,1,논술형,1,1.0
2376777,기말,1,구술,0,0.0
2376777,기말,1,기타,0,0.0
2376781,중간,24,객관식,21,0.875
2376781,중간,24,주관식,24,1.0
2376781,중간,24,T/F형,0,0.0
2376781,중간,24,약술형,11,0.458333
2376781,중간,24,논술형,6,0.25
2376781,중간,24,구술,0,0.0
2376781,중간,24,기타,0,0.0
2376781,기말,18,객관식,16,0.888889
2376781,기말,18,주관식,17,0.944444
2376781,기말,18,T/F형,1,0.055556
2376781,기말,18,약술형,4,0.222222
2376781,기말,18,논술형,7,0.388889
2376781,기말,18,구술,0,0.0
2376781,기말,18,기타,1,0.055556
2376785,중간,3,객관식,3,1.0
2376785,중간,3,주관식,3,1.0
2376785,중간,3,T/F형,0,0.0
2376785,중간,3,약술형,1,0.333333
2376785,중간,3,논술형,2,0.666667
2376785,중간,3,구술,0,0.0
2376785,중간,3,기타,0,0.0
2376785,기말,2,객관식,2,1.0
2376785,기말,2,주관식,2,1.0
2376785,기말,2,T/F형,1,0.5
2376785,기말,2,약술형,0,0.0
2376785,기말,2,논술형,0,0.0
2376785,기말,2,구술,0,0.0
2376785,기말,2,기타,0,0.0
2376786,기말,6,객관식,0,0.0
2376786,기말,6,주관식,2,0.333333
2376786,기말,6,T/F형,0,0.0
2376786,기말,6,약술형,0,0.0
2376786,기말,6,논술형,3,0.5
2376786,기말,6,구술,0,0.0
2376786,기말,6,기타,0,0.0
2376791,중간,3,객관식,0,0.0
2376791,중간,3,주관식,2,0.666667
2376791,중간,3,T/F형,0,0.0
2376791,중간,3,약술형,0,0.0
2376791,중간,3,논술형,3,1.0
2376791,중간,3,구술,0,0.0
2376791,중간,3,기타,1,0.333333
2376791,기말,1,객관식,0,0.0
2376791,기말,1,주관식,0,0.0
2376791,기말,1,T/F형,0,0.0
2376791,기말,1,약술형,0,0.0
2376791,기말,1,논술형,1,1.0
2376791,기말,1,구술,0,0.0
2376791,기말,1,기타,0,0.0
2376791,기타,1,객관식,0,0.0
2376791,기타,1,주관식,0,0.0
2376791,기타,1,T/F형,0,0.0
2376791,기타,1,약술형,0,0.0
2376791,기타,1,논술형,0,0.0
2376791,기타,1,구술,0,0.0
2376791,기타,1,기타,1,1.0
2376792,중간,1,객관식,0,0.0
2376792,중간,1,주관식,0,0.0
2376792,중간,1,T/F형,0,0.0
2376792,중간,1,약술형,0,0.0
2376792,중간,1,논술형,0,0.0
2376792,중간,1,구술,0,0.0
2376792,중간,1,기타,1,1.0
2376792,기말,4,객관식,0,0.0
2376792,기말,4,주관식,0,0.0
2376792,기말,4,T/F형,0,0.0
2376792,기말,4,약술형,0,0.0
2376792,기말,4,논술형,3,0.75
2376792,기말,4,구술,0,0.0
2376792,기말,4,기타,1,0.25
2376792,기타,3,객관식,0,0.0
2376792,기타,3,주관식,0,0.0
2376792,기타,3,T/F형,0,0.0
2376792,기타,3,약술형,0,0.0
2376792,기타,3,논술형,0,0.0
2376792,기타,3,구술,0,0.0
2376792,기타,3,기타,2,0.666667
2376793,기말,3,객관식,0,0.0
2376793,기말,3,주관식,1,0.333333
2376793,기말,3,T/F형,0,0.0
2376793,기말,3,약술형,0,0.0
2376793,기말,3,논술형,1,0.333333
2376793,기말,3,구술,1,0.333333
2376793,기말,3,기타,1,0.333333
2376793,기타,3,객관식,0,0.0
2376793,기타,3,주관식,0,0.0
2376793,기타,3,T/F형,0,0.0
2376793,기타,3,약술형,0,0.0
2376793,기타,3,논술형,0,0.0
2376793,기타,3,구술,0,0.0
2376793,기타,3,기타,3,1.0
2376798,중간,1,객관식,1,1.0
2376798,중간,1,주관식,1,1.0
2376798,중간,1,T/F형,1,1.0
2376798,중간,1,약술형,0,0.0
2376798,중간,1,논술형,0,0.0
2376798,중간,1,구술,0,0.0
2376798,중간,1,기타,0,0.0
2376798,1차,1,객관식,0,0.0
2376798,1차,1,주관식,0,0.0
2376798,1차,1,T/F형,0,0.0
2376798,1차,1,약술형,1,1.0
2376798,1차,1,논술형,0,0.0
2376798,1차,1,구술,0,0.0
2376798,1차,1,기타,1,1.0
2376798,2차,1,객관식,0,0.0
2376798,2차,1,주관식,0,0.0
2376798,2차,1,T/F형,0,0.0
2376798,2차,1,약술형,1,1.0
2376798,2차,1,논술형,0,0.0
2376798,2차,1,구술,0,0.0
2376798,2차,1,기타,1,1.0
2376806,중간,12,객관식,12,1.0
2376806,중간,12,주관식,0,0.0
2376806,중간,12,T/F형,0,0.0
2376806,중간,12,약술형,0,0.0
2376806,중간,12,논술형,0,0.0
2376806,중간,12,구술,0,0.0
2376806,중간,12,기타,0,0.0
2376806,기말,5,객관식,4,0.8
2376806,기말,5,주관식,0,0.0
2376806,기말,5,T/F형,0,0.0
2376806,기말,5,약술형,0,0.0
2376806,기말,5,논술형,0,0.0
2376806,기말,5,구술,0,0.0
2376806,기말,5,기타,0,0.0
2376810,1차,1,객관식,0,0.0
2376810,1차,1,주관식,0,0.0
2376810,1차,1,T/F형,1,1.0
2376810,1차,1,약술형,0,0.0
2376810,1차,1,논술형,0,0.0
2376810,1차,1,구술,0,0.0
2376810,1차,1,기타,0,0.0
2376810,기타,1,객관식,0,0.0
2376810,기타,1,주관식,0,0.0
2376810,기타,1,T/F형,0,0.0
2376810,기타,1,약술형,0,0.0
2376810,기타,1,논술형,0,0.0
2376810,기타,1,구술,0,0.0
2376810,기타,1,기타,1,1.0
2376816,중간,5,객관식,0,0.0
2376816,중간,5,주관식,4,0.8
2376816,중간,5,T/F형,0,0.0
2376816,중간,5,약술형,3,0.6
2376816,중간,5,논술형,2,0.4
2376816,중간,5,구술,0,0.0
2376816,중간,5,기타,0,0.0
2376817,중간,8,객관식,7,0.875
2376817,중간,8,주관식,3,0.375
2376817,중간,8,T/F형,0,0.0
2376817,중간,8,약술형,2,0.25
2376817,중간,8,논술형,0,0.0
2376817,중간,8,구술,0,0.0
2376817,중간,8,기타,0,0.0
2376817,기말,2,객관식,2,1.0
2376817,기말,2,주관식,1,0.5
2376817,기말,2,T/F형,0,0.0
2376817,기말,2,약술형,0,0.0
2376817,기말,2,논술형,0,0.0
2376817,기말,2,구술,0,0.0
2376817,기말,2,기타,0,0.0
2376819,중간,7,객관식,7,1.0
2376819,중간,7,주관식,3,0.428571
2376819,중간,7,T/F형,0,0.0
2376819,중간,7,약술형,2,0.285714
2376819,중간,7,논술형,3,0.428571
2376819,중간,7,구술,0,0.0
2376819,중간,7,기타,0,0.0
2376819,기타,1,객관식,1,1.0
2376819,기타,1,주관식,0,0.0
2376819,기타,1,T/F형,0,0.0
2376819,기타,1,약술형,0,0.0
2376819,기타,1,논술형,0,0.0
2376819,기타,1,구술,0,0.0
2376819,기타,1,기타,0,0.0
2376829,중간,5,객관식,1,0.2
2376829,중간,5,주관식,4,0.8
2376829,중간,5,T/F형,0,0.0
2376829,중간,5,약술형,3,0.6
2376829,중간,5,논술형,0,0.0
2376829,중간,5,구술,0,0.0
2376829,중간,5,기타,0,0.0
2376832,중간,1,객관식,0,0.0
2376832,중간,1,주관식,1,1.0
2376832,중간,1,T/F형,0,0.0
2376832,중간,1,약술형,0,0.0
2376832,중간,1,논술형,0,0.0
2376832,중간,1,구술,0,0.0
2376832,중간,1,기타,0,0.0
2376832,기말,2,객관식,0,0.0
2376832,기말,2,주관식,2,1.0
2376832,기말,2,T/F형,0,0.0
2376832,기말,2,약술형,0,0.0
2376832,기말,2,논술형,0,0.0
2376832,기말,2,구술,0,0.0
2376832,기말,2,기타,0,0.0
2376834,중간,2,객관식,0,0.0
2376834,중간,2,주관식,1,0.5
2376834,중간,2,T/F형,0,0.0
2376834,중간,2,약술형,0,0.0
2376834,중간,2,논술형,0,0.0
2376834,중간,2,구술,0,0.0
2376834,중간,2,기타,0,0.0
2376834,기말,2,객관식,1,0.5
2376834,기말,2,주관식,2,1.0
2376834,기말,2,T/F형,1,0.5
2376834,기말,2,약술형,0,0.0
2376834,기말,2,논술형,1,0.5
2376834,기말,2,구술,0,0.0
2376834,기말,2,기타,0,0.0
2376841,중간,17,객관식,3,0.176471
2376841,중간,17,주관식,14,0.823529
2376841,중간,17,T/F형,2,0.117647
2376841,중간,17,약술형,0,0.0
2376841,중간,17,논술형,4,0.235294
2376841,중간,17,구술,0,0.0
2376841,중간,17,기타,0,0.0
2376841,기말,2,객관식,0,0.0
2376841,기말,2,주관식,1,0.5
2376841,기말,2,T/F형,0,0.0
2376841,기말,2,약술형,0,0.0
2376841,기말,2,논술형,0,0.0
2376841,기말,2,구술,0,0.0
2376841,기말,2,기타,0,0.0
2376848,중간,5,객관식,5,1.0
2376848,중간,5,주관식,4,0.8
2376848,중간,5,T/F형,0,0.0
2376848,중간,5,약술형,1,0.2
2376848,중간,5,논술형,2,0.4
2376848,중간,5,구술,0,0.0
2376848,중간,5,기타,0,0.0
2376848,기말,4,객관식,2,0.5
2376848,기말,4,주관식,2,0.5
2376848,기말,4,T/F형,3,0.75
2376848,기말,4,약술형,0,0.0
2376848,기말,4,논술형,0,0.0
2376848,기말,4,구술,0,0.0
2376848,기말,4,기타,0,0.0
2376851,중간,3,객관식,0,0.0
2376851,중간,3,주관식,3,1.0
2376851,중간,3,T/F형,2,0.666667
2376851,중간,3,약술형,1,0.333333
2376851,중간,3,논술형,0,0.0
2376851,중간,3,구술,0,0.0
2376851,중간,3,기타,1,0.333333
2376851,기말,2,객관식,0,0.0
2376851,기말,2,주관식,2,1.0
2376851,기말,2,T/F형,0,0.0
2376851,기말,2,약술형,0,0.0
2376851,기말,2,논술형,2,1.0
2376851,기말,2,구술,0,0.0
2376851,기말,2,기타,0,0.0
2376852,기말,2,객관식,0,0.0
2376852,기말,2,주관식,2,1.0
2376852,기말,2,T/F형,0,0.0
2376852,기말,2,약술형,1,0.5
2376852,기말,2,논술형,1,0.5
2376852,기말,2,구술,0,0.0
2376852,기말,2,기타,0,0.0
2376854,기타,1,객관식,0,0.0
2376854,기타,1,주관식,0,0.0
2376854,기타,1,T/F형,0,0.0
2376854,기타,1,약술형,0,0.0
2376854,기타,1,논술형,0,0.0
2376854,기타,1,구술,1,1.0
2376854,기타,1,기타,1,1.0
2376855,중간,4,객관식,3,0.75
2376855,중간,4,주관식,3,0.75
2376855,중간,4,T/F형,2,0.5
2376855,중간,4,약술형,1,0.25
2376855,중간,4,논술형,1,0.25
2376855,중간,4,구술,0,0.0
2376855,중간,4,기타,0,0.0
2376855,기말,4,객관식,1,0.25
2376855,기말,4,주관식,4,1.0
2376855,기말,4,T/F형,1,0.25
2376855,기말,4,약술형,1,0.25
2376855,기말,4,논술형,2,0.5
2376855,기말,4,구술,0,0.0
2376855,기말,4,기타,0,0.0
2376857,기말,3,객관식,1,0.333333
2376857,기말,3,주관식,3,1.0
2376857,기말,3,T/F형,0,0.0
2376857,기말,3,약술형,2,0.666667
2376857,기말,3,논술형,0,0.0
2376857,기말,3,구술,0,0.0
2376857,기말,3,기타,0,0.0
2376859,기말,3,객관식,0,0.0
2376859,기말,3,주관식,2,0.666667
2376859,기말,3,T/F형,0,0.0
2376859,기말,3,약술형,0,0.0
2376859,기말,3,논술형,1,0.333333
2376859,기말,3,구술,0,0.0
2376859,기말,3,기타,0,0.0
2376863,중간,3,객관식,0,0.0
2376863,중간,3,주관식,2,0.666667
2376863,중간,3,T/F형,0,0.0
2376863,중간,3,약술형,0,0.0
2376863,중간,3,논술형,2,0.666667
2376863,중간,3,구술,0,0.0
2376863,중간,3,기타,0,0.0
2376904,기말,4,객관식,3,0.75
2376904,기말,4,주관식,3,0.75
2376904,기말,4,T/F형,0,0.0
2376904,기말,4,약술형,3,0.75
2376904,기말,4,논술형,0,0.0
2376904,기말,4,구술,0,0.0
2376904,기말,4,기타,0,0.0
2376911,중간,7,객관식,4,0.571429
2376911,중간,7,주관식,7,1.0
2376911,중간,7,T/F형,2,0.285714
2376911,중간,7,약술형,3,0.428571
2376911,중간,7,논술형,0,0.0
2376911,중간,7,구술,0,0.0
2376911,중간,7,기타,0,0.0
2376911,기말,2,객관식,0,0.0
2376911,기말,2,주관식,1,0.5
2376911,기말,2,T/F형,0,0.0
2376911,기말,2,약술형,0,0.0
2376911,기말,2,논술형,0,0.0
2376911,기말,2,구술,0,0.0
2376911,기말,2,기타,1,0.5
2376930,중간,39,객관식,0,0.0
2376930,중간,39,주관식,7,0.179487
2376930,중간,39,T/F형,0,0.0
2376930,중간,39,약술형,1,0.025641
2376930,중간,39,논술형,22,0.564103
2376930,중간,39,구술,2,0.051282
2376930,중간,39,기타,9,0.230769
2376930,기말,25,객관식,0,0.0
2376930,기말,25,주관식,9,0.36
2376930,기말,25,T/F형,0,0.0
2376930,기말,25,약술형,4,0.16
2376930,기말,25,논술형,16,0.64
2376930,기말,25,구술,1,0.04
2376930,기말,25,기타,0,0.0
2376941,중간,20,객관식,20,1.0
2376941,중간,20,주관식,15,0.75
2376941,중간,20,T/F형,9,0.45
2376941,중간,20,약술형,1,0.05
2376941,중간,20,논술형,1,0.05
2376941,중간,20,구술,0,0.0
2376941,중간,20,기타,0,0.0
2376941,기말,8,객관식,8,1.0
2376941,기말,8,주관식,2,0.25
2376941,기말,8,T/F형,1,0.125
2376941,기말,8,약술형,1,0.125
2376941,기말,8,논술형,0,0.0
2376941,기말,8,구술,0,0.0
2376941,기말,8,기타,1,0.125
2376942,중간,5,객관식,0,0.0
2376942,중간,5,주관식,3,0.6
2376942,중간,5,T/F형,0,0.0
2376942,중간,5,약술형,0,0.0
2376942,중간,5,논술형,3,0.6
2376942,중간,5,구술,0,0.0
2376942,중간,5,기타,0,0.0
2376942,기말,6,객관식,1,0.166667
2376942,기말,6,주관식,3,0.5
2376942,기말,6,T/F형,0,0.0
2376942,기말,6,약술형,0,0.0
2376942,기말,6,논술형,3,0.5
2376942,기말,6,구술,0,0.0
2376942,기말,6,기타,0,0.0
2376944,중간,4,객관식,3,0.75
2376944,중간,4,주관식,3,0.75
2376944,중간,4,T/F형,2,0.5
2376944,중간,4,약술형,2,0.5
2376944,중간,4,논술형,3,0.75
2376944,중간,4,구술,0,0.0
2376944,중간,4,기타,0,0.0
2376944,기말,1,객관식,1,1.0
2376944,기말,1,주관식,0,0.0
2376944,기말,1,T/F형,0,0.0
2376944,기말,1,약술형,1,1.0
2376944,기말,1,논술형,1,1.0
2376944,기말,1,구술,0,0.0
2376944,기말,1,기타,0,0.0
2376952,중간,4,객관식,4,1.0
2376952,중간,4,주관식,1,0.25
2376952,중간,4,T/F형,0,0.0
2376952,중간,4,약술형,0,0.0
2376952,중간,4,논술형,0,0.0
2376952,중간,4,구술,0,0.0
2376952,중간,4,기타,1,0.25
2376952,기말,2,객관식,2,1.0
2376952,기말,2,주관식,0,0.0
2376952,기말,2,T/F형,0,0.0
2376952,기말,2,약술형,0,0.0
2376952,기말,2,논술형,0,0.0
2376952,기말,2,구술,0,0.0
2376952,기말,2,기타,0,0.0
2376958,중간,2,객관식,0,0.0
2376958,중간,2,주관식,0,0.0
2376958,중간,2,T/F형,0,0.0
2376958,중간,2,약술형,1,0.5
2376958,중간,2,논술형,1,0.5
2376958,중간,2,구술,0,0.0
2376958,중간,2,기타,0,0.0
2376959,중간,4,객관식,1,0.25
2376959,중간,4,주관식,1,0.25
2376959,중간,4,T/F형,0,0.0
2376959,중간,4,약술형,0,0.0
2376959,중간,4,논술형,3,0.75
2376959,중간,4,구술,0,0.0
2376959,중간,4,기타,0,0.0
2376971,중간,5,객관식,5,1.0
2376971,중간,5,주관식,0,0.0
2376971,중간,5,T/F형,0,0.0
2376971,중간,5,약술형,0,0.0
2376971,중간,5,논술형,0,0.0
2376971,중간,5,구술,0,0.0
2376971,중간,5,기타,0,0.0
2376971,기말,3,객관식,3,1.0
2376971,기말,3,주관식,0,0.0
2376971,기말,3,T/F형,0,0.0
2376971,기말,3,약술형,0,0.0
2376971,기말,3,논술형,0,0.0
2376971,기말,3,구술,0,0.0
2376971,기말,3,기타,0,0.0
2376972,중간,12,객관식,9,0.75
2376972,중간,12,주관식,12,1.0
2376972,중간,12,T/F형,0,0.0
2376972,중간,12,약술형,5,0.416667
2376972,중간,12,논술형,3,0.25
2376972,중간,12,구술,2,0.166667
2376972,중간,12,기타,0,0.0
2376972,기말,4,객관식,1,0.25
2376972,기말,4,주관식,4,1.0
2376972,기말,4,T/F형,0,0.0
2376972,기말,4,약술형,0,0.0
2376972,기말,4,논술형,0,0.0
2376972,기말,4,구술,0,0.0
2376972,기말,4,기타,0,0.0
2376972,1차,1,객관식,0,0.0
2376972,1차,1,주관식,0,0.0
2376972,1차,1,T/F형,0,0.0
2376972,1차,1,약술형,1,1.0
2376972,1차,1,논술형,0,0.0
2376972,1차,1,구술,1,1.0
2376972,1차,1,기타,0,0.0
2376989,중간,1,객관식,0,0.0
2376989,중간,1,주관식,1,1.0
2376989,중간,1,T/F형,0,0.0
2376989,중간,1,약술형,0,0.0
2376989,중간,1,논술형,0,0.0
2376989,중간,1,구술,0,0.0
2376989,중간,1,기타,0,0.0
2376990,기말,4,객관식,0,0.0
2376990,기말,4,주관식,1,0.25
2376990,기말,4,T/F형,0,0.0
2376990,기말,4,약술형,0,0.0
2376990,기말,4,논술형,4,1.0
2376990,기말,4,구술,0,0.0
2376990,기말,4,기타,0,0.0
2376991,중간,1,객관식,1,1.0
2376991,중간,1,주관식,1,1.0
2376991,중간,1,T/F형,1,1.0
2376991,중간,1,약술형,0,0.0
2376991,중간,1,논술형,0,0.0
2376991,중간,1,구술,0,0.0
2376991,중간,1,기타,0,0.0
2376991,기말,3,객관식,3,1.0
2376991,기말,3,주관식,2,0.666667
2376991,기말,3,T/F형,2,0.666667
2376991,기말,3,약술형,0,0.0
2376991,기말,3,논술형,0,0.0
2376991,기말,3,구술,0,0.0
2376991,기말,3,기타,0,0.0
2376999,중간,18,객관식,3,0.166667
2376999,중간,18,주관식,13,0.722222
2376999,중간,18,T/F형,0,0.0
2376999,중간,18,약술형,8,0.444444
2376999,중간,18,논술형,2,0.111111
2376999,중간,18,구술,0,0.0
2376999,중간,18,기타,0,0.0
2376999,기말,7,객관식,0,0.0
2376999,기말,7,주관식,7,1.0
2376999,기말,7,T/F형,0,0.0
2376999,기말,7,약술형,1,0.142857
2376999,기말,7,논술형,1,0.142857
2376999,기말,7,구술,0,0.0
2376999,기말,7,기타,1,0.142857
2377000,중간,8,객관식,0,0.0
2377000,중간,8,주관식,3,0.375
2377000,중간,8,T/F형,0,0.0
2377000,중간,8,약술형,0,0.0
2377000,중간,8,논술형,2,0.25
2377000,중간,8,구술,0,0.0
2377000,중간,8,기타,3,0.375
2377000,기말,7,객관식,0,0.0
2377000,기말,7,주관식,3,0.428571
2377000,기말,7,T/F형,0,0.0
2377000,기말,7,약술형,0,0.0
2377000,기말,7,논술형,5,0.714286
2377000,기말,7,구술,0,0.0
2377000,기말,7,기타,0,0.0
2377010,기타,2,객관식,0,0.0
2377010,기타,2,주관식,0,0.0
2377010,기타,2,T/F형,0,0.0
2377010,기타,2,약술형,0,0.0
2377010,기타,2,논술형,0,0.0
2377010,기타,2,구술,0,0.0
2377010,기타,2,기타,1,0.5
2377015,중간,15,객관식,15,1.0
2377015,중간,15,주관식,7,0.466667
2377015,중간,15,T/F형,1,0.066667
2377015,중간,15,약술형,1,0.066667
2377015,중간,15,논술형,0,0.0
2377015,중간,15,구술,0,0.0
2377015,중간,15,기타,0,0.0
2377015,기말,8,객관식,8,1.0
2377015,기말,8,주관식,5,0.625
2377015,기말,8,T/F형,0,0.0
2377015,기말,8,약술형,1,0.125
2377015,기말,8,논술형,0,0.0
2377015,기말,8,구술,0,0.0
2377015,기말,8,기타,0,0.0
2377016,중간,10,객관식,1,0.1
2377016,중간,10,주관식,8,0.8
2377016,중간,10,T/F형,8,0.8
2377016,중간,10,약술형,4,0.4
2377016,중간,10,논술형,1,0.1
2377016,중간,10,구술,0,0.0
2377016,중간,10,기타,0,0.0
2377016,기말,1,객관식,1,1.0
2377016,기말,1,주관식,1,1.0
2377016,기말,1,T/F형,0,0.0
2377016,기말,1,약술형,0,0.0
2377016,기말,1,논술형,0,0.0
2377016,기말,1,구술,0,0.0
2377016,기말,1,기타,0,0.0
2377017,중간,2,객관식,1,0.5
2377017,중간,2,주관식,1,0.5
2377017,중간,2,T/F형,2,1.0
2377017,중간,2,약술형,0,0.0
2377017,중간,2,논술형,2,1.0
2377017,중간,2,구술,0,0.0
2377017,중간,2,기타,0,0.0
2377017,기말,4,객관식,3,0.75
2377017,기말,4,주관식,3,0.75
2377017,기말,4,T/F형,1,0.25
2377017,기말,4,약술형,0,0.0
2377017,기말,4,논술형,1,0.25
2377017,기말,4,구술,0,0.0
2377017,기말,4,기타,0,0.0
2377022,중간,19,객관식,18,0.947368
2377022,중간,19,주관식,18,0.947368
2377022,중간,19,T/F형,17,0.894737
2377022,중간,19,약술형,7,0.368421
2377022,중간,19,논술형,2,0.105263
2377022,중간,19,구술,0,0.0
2377022,중간,19,기타,0,0.0
2377022,기말,9,객관식,6,0.666667
2377022,기말,9,주관식,6,0.666667
2377022,기말,9,T/F형,7,0.777778
2377022,기말,9,약술형,2,0.222222
2377022,기말,9,논술형,1,0.111111
2377022,기말,9,구술,0,0.0
2377022,기말,9,기타,0,0.0
2377029,기말,5,객관식,0,0.0
2377029,기말,5,주관식,2,0.4
2377029,기말,5,T/F형,0,0.0
2377029,기말,5,약술형,0,0.0
2377029,기말,5,논술형,0,0.0
2377029,기말,5,구술,0,0.0
2377029,기말,5,기타,3,0.6
2377029,기타,3,객관식,0,0.0
2377029,기타,3,주관식,1,0.333333
2377029,기타,3,T/F형,0,0.0
2377029,기타,3,약술형,0,0.0
2377029,기타,3,논술형,0,0.0
2377029,기타,3,구술,0,0.0
2377029,기타,3,기타,2,0.666667
2377031,중간,1,객관식,1,1.0
2377031,중간,1,주관식,1,1.0
2377031,중간,1,T/F형,0,0.0
2377031,중간,1,약술형,1,1.0
2377031,중간,1,논술형,0,0.0
2377031,중간,1,구술,0,0.0
2377031,중간,1,기타,0,0.0
2377051,중간,1,객관식,0,0.0
2377051,중간,1,주관식,1,1.0
2377051,중간,1,T/F형,0,0.0
2377051,중간,1,약술형,0,0.0
2377051,중간,1,논술형,1,1.0
2377051,중간,1,구술,0,0.0
2377051,중간,1,기타,0,0.0
2377081,중간,6,객관식,1,0.166667
2377081,중간,6,주관식,1,0.166667
2377081,중간,6,T/F형,0,0.0
2377081,중간,6,약술형,4,0.666667
2377081,중간,6,논술형,5,0.833333
2377081,중간,6,구술,0,0.0
2377081,중간,6,기타,0,0.0
2377081,기말,5,객관식,3,0.6
2377081,기말,5,주관식,2,0.4
2377081,기말,5,T/F형,0,0.0
2377081,기말,5,약술형,4,0.8
2377081,기말,5,논술형,3,0.6
2377081,기말,5,구술,0,0.0
2377081,기말,5,기타,0,0.0
2377082,중간,1,객관식,0,0.0
2377082,중간,1,주관식,0,0.0
2377082,중간,1,T/F형,0,0.0
2377082,중간,1,약술형,0,0.0
2377082,중간,1,논술형,0,0.0
2377082,중간,1,구술,0,0.0
2377082,중간,1,기타,1,1.0
2377082,기말,6,객관식,0,0.0
2377082,기말,6,주관식,1,0.166667
2377082,기말,6,T/F형,0,0.0
2377082,기말,6,약술형,3,0.5
2377082,기말,6,논술형,5,0.833333
2377082,기말,6,구술,0,0.0
2377082,기말,6,기타,0,0.0
2377087,중간,1,객관식,1,1.0
2377087,중간,1,주관식,1,1.0
2377087,중간,1,T/F형,0,0.0
2377087,중간,1,약술형,0,0.0
2377087,중간,1,논술형,0,0.0
2377087,중간,1,구술,0,0.0
2377087,중간,1,기타,0,0.0
2377087,기말,1,객관식,1,1.0
2377087,기말,1,주관식,0,0.0
2377087,기말,1,T/F형,0,0.0
2377087,기말,1,약술형,1,1.0
2377087,기말,1,논술형,0,0.0
2377087,기말,1,구술,0,0.0
2377087,기말,1,기타,0,0.0
2377116,중간,4,객관식,0,0.0
2377116,중간,4,주관식,3,0.75
2377116,중간,4,T/F형,0,0.0
2377116,중간,4,약술형,0,0.0
2377116,중간,4,논술형,1,0.25
2377116,중간,4,구술,0,0.0
2377116,중간,4,기타,0,0.0
2377116,기말,1,객관식,0,0.0
2377116,기말,1,주관식,0,0.0
2377116,기말,1,T/F형,0,0.0
2377116,기말,1,약술형,0,0.0
2377116,기말,1,논술형,1,1.0
2377116,기말,1,구술,0,0.0
2377116,기말,1,기타,0,0.0
2377118,중간,2,객관식,0,0.0
2377118,중간,2,주관식,1,0.5
2377118,중간,2,T/F형,0,0.0
2377118,중간,2,약술형,0,0.0
2377118,중간,2,논술형,2,1.0
2377118,중간,2,구술,0,0.0
2377118,중간,2,기타,0,0.0
2377122,중간,5,객관식,4,0.8
2377122,중간,5,주관식,5,1.0
2377122,중간,5,T/F형,0,0.0
2377122,중간,5,약술형,1,0.2
2377122,중간,5,논술형,1,0.2
2377122,중간,5,구술,0,0.0
2377122,중간,5,기타,0,0.0
2377122,기말,4,객관식,4,1.0
2377122,기말,4,주관식,4,1.0
2377122,기말,4,T/F형,0,0.0
2377122,기말,4,약술형,3,0.75
2377122,기말,4,논술형,2,0.5
2377122,기말,4,구술,0,0.0
2377122,기말,4,기타,0,0.0
2377129,중간,1,객관식,0,0.0
2377129,중간,1,주관식,0,0.0
2377129,중간,1,T/F형,0,0.0
2377129,중간,1,약술형,0,0.0
2377129,중간,1,논술형,0,0.0
2377129,중간,1,구술,0,0.0
2377129,중간,1,기타,0,0.0
2377132,기말,1,객관식,1,1.0
2377132,기말,1,주관식,1,1.0
2377132,기말,1,T/F형,0,0.0
2377132,기말,1,약술형,0,0.0
2377132,기말,1,논술형,0,0.0
2377132,기말,1,구술,0,0.0
2377132,기말,1,기타,0,0.0
2377138,중간,25,객관식,3,0.12
2377138,중간,25,주관식,23,0.92
2377138,중간,25,T/F형,0,0.0
2377138,중간,25,약술형,4,0.16
2377138,중간,25,논술형,1,0.04
2377138,중간,25,구술,0,0.0
2377138,중간,25,기타,0,0.0
2377138,기말,1,객관식,0,0.0
2377138,기말,1,주관식,0,0.0
2377138,기말,1,T/F형,0,0.0
2377138,기말,1,약술형,0,0.0
2377138,기말,1,논술형,0,0.0
2377138,기말,1,구술,1,1.0
2377138,기말,1,기타,0,0.0
2377138,기타,3,객관식,0,0.0
2377138,기타,3,주관식,1,0.333333
2377138,기타,3,T/F형,0,0.0
2377138,기타,3,약술형,0,0.0
2377138,기타,3,논술형,0,0.0
2377138,기타,3,구술,2,0.666667
2377138,기타,3,기타,0,0.0
2377156,기타,1,객관식,0,0.0
2377156,기타,1,주관식,0,0.0
2377156,기타,1,T/F형,0,0.0
2377156,기타,1,약술형,0,0.0
2377156,기타,1,논술형,0,0.0
2377156,기타,1,구술,0,0.0
2377156,기타,1,기타,1,1.0
2377166,중간,24,객관식,7,0.291667
2377166,중간,24,주관식,21,0.875
2377166,중간,24,T/F형,0,0.0
2377166,중간,24,약술형,1,0.041667
2377166,중간,24,논술형,1,0.041667
2377166,중간,24,구술,0,0.0
2377166,중간,24,기타,0,0.0
2377171,기타,1,객관식,1,1.0
2377171,기타,1,주관식,1,1.0
2377171,기타,1,T/F형,0,0.0
2377171,기타,1,약술형,0,0.0
2377171,기타,1,논술형,1,1.0
2377171,기타,1,구술,0,0.0
2377171,기타,1,기타,0,0.0
2377174,중간,13,객관식,2,0.153846
2377174,중간,13,주관식,9,0.692308
2377174,중간,13,T/F형,1,0.076923
2377174,중간,13,약술형,3,0.230769
2377174,중간,13,논술형,7,0.538462
2377174,중간,13,구술,0,0.0
2377174,중간,13,기타,0,0.0
2377174,기말,2,객관식,1,0.5
2377174,기말,2,주관식,2,1.0
2377174,기말,2,T/F형,0,0.0
2377174,기말,2,약술형,0,0.0
2377174,기말,2,논술형,0,0.0
2377174,기말,2,구술,0,0.0
2377174,기말,2,기타,0,0.0
2377174,2차,1,객관식,1,1.0
2377174,2차,1,주관식,0,0.0
2377174,2차,1,T/F형,0,0.0
2377174,2차,1,약술형,0,0.0
2377174,2차,1,논술형,0,0.0
2377174,2차,1,구술,0,0.0
2377174,2차,1,기타,0,0.0
2377176,중간,22,객관식,13,0.590909
2377176,중간,22,주관식,19,0.863636
2377176,중간,22,T/F형,2,0.090909
2377176,중간,22,약술형,1,0.045455
2377176,중간,22,논술형,0,0.0
2377176,중간,22,구술,0,0.0
2377176,중간,22,기타,1,0.045455
2377176,1차,1,객관식,1,1.0
2377176,1차,1,주관식,0,0.0
2377176,1차,1,T/F형,1,1.0
2377176,1차,1,약술형,0,0.0
2377176,1차,1,논술형,0,0.0
2377176,1차,1,구술,0,0.0
2377176,1차,1,기타,0,0.0
2377181,중간,38,객관식,17,0.447368
2377181,중간,38,주관식,35,0.921053
2377181,중간,38,T/F형,23,0.605263
2377181,중간,38,약술형,20,0.526316
2377181,중간,38,논술형,4,0.105263
2377181,중간,38,구술,1,0.026316
2377181,중간,38,기타,1,0.026316
2377181,기말,28,객관식,21,0.75
2377181,기말,28,주관식,24,0.857143
2377181,기말,28,T/F형,19,0.678571
2377181,기말,28,약술형,18,0.642857
2377181,기말,28,논술형,3,0.107143
2377181,기말,28,구술,0,0.0
2377181,기말,28,기타,0,0.0
2377188,중간,8,객관식,0,0.0
2377188,중간,8,주관식,6,0.75
2377188,중간,8,T/F형,0,0.0
2377188,중간,8,약술형,0,0.0
2377188,중간,8,논술형,3,0.375
2377188,중간,8,구술,1,0.125
2377188,중간,8,기타,0,0.0
2377188,기말,1,객관식,0,0.0
2377188,기말,1,주관식,1,1.0
2377188,기말,1,T/F형,0,0.0
2377188,기말,1,약술형,0,0.0
2377188,기말,1,논술형,0,0.0
2377188,기말,1,구술,0,0.0
2377188,기말,1,기타,0,0.0
2377189,중간,1,객관식,0,0.0
2377189,중간,1,주관식,1,1.0
2377189,중간,1,T/F형,0,0.0
2377189,중간,1,약술형,0,0.0
2377189,중간,1,논술형,0,0.0
2377189,중간,1,구술,0,0.0
2377189,중간,1,기타,0,0.0
2377190,중간,1,객관식,0,0.0
2377190,중간,1,주관식,0,0.0
2377190,중간,1,T/F형,0,0.0
2377190,중간,1,약술형,1,1.0
2377190,중간,1,논술형,0,0.0
2377190,중간,1,구술,0,0.0
2377190,중간,1,기타,0,0.0
2377192,중간,19,객관식,4,0.210526
2377192,중간,19,주관식,10,0.526316
2377192,중간,19,T/F형,0,0.0
2377192,중간,19,약술형,11,0.578947
2377192,중간,19,논술형,10,0.526316
2377192,중간,19,구술,0,0.0
2377192,중간,19,기타,0,0.0
2377192,기말,3,객관식,0,0.0
2377192,기말,3,주관식,0,0.0
2377192,기말,3,T/F형,0,0.0
2377192,기말,3,약술형,2,0.666667
2377192,기말,3,논술형,2,0.666667
2377192,기말,3,구술,0,0.0
2377192,기말,3,기타,0,0.0
2377193,중간,5,객관식,2,0.4
2377193,중간,5,주관식,3,0.6
2377193,중간,5,T/F형,0,0.0
2377193,중간,5,약술형,1,0.2
2377193,중간,5,논술형,5,1.0
2377193,중간,5,구술,0,0.0
2377193,중간,5,기타,0,0.0
2377193,기말,1,객관식,0,0.0
2377193,기말,1,주관식,0,0.0
2377193,기말,1,T/F형,0,0.0
2377193,기말,1,약술형,0,0.0
2377193,기말,1,논술형,0,0.0
2377193,기말,1,구술,0,0.0
2377193,기말,1,기타,1,1.0
2377199,중간,1,객관식,0,0.0
2377199,중간,1,주관식,0,0.0
2377199,중간,1,T/F형,0,0.0
2377199,중간,1,약술형,0,0.0
2377199,중간,1,논술형,0,0.0
2377199,중간,1,구술,0,0.0
2377199,중간,1,기타,1,1.0
2377199,기말,1,객관식,0,0.0
2377199,기말,1,주관식,0,0.0
2377199,기말,1,T/F형,0,0.0
2377199,기말,1,약술형,0,0.0
2377199,기말,1,논술형,0,0.0
2377199,기말,1,구술,0,0.0
2377199,기말,1,기타,1,1.0
2377205,중간,4,객관식,4,1.0
2377205,중간,4,주관식,3,0.75
2377205,중간,4,T/F형,1,0.25
2377205,중간,4,약술형,1,0.25
2377205,중간,4,논술형,0,0.0
2377205,중간,4,구술,0,0.0
2377205,중간,4,기타,0,0.0
2377205,기말,3,객관식,3,1.0
2377205,기말,3,주관식,3,1.0
2377205,기말,3,T/F형,0,0.0
2377205,기말,3,약술형,0,0.0
2377205,기말,3,논술형,0,0.0
2377205,기말,3,구술,0,0.0
2377205,기말,3,기타,0,0.0
2377209,기타,2,객관식,0,0.0
2377209,기타,2,주관식,0,0.0
2377209,기타,2,T/F형,0,0.0
2377209,기타,2,약술형,0,0.0
2377209,기타,2,논술형,0,0.0
2377209,기타,2,구술,0,0.0
2377209,기타,2,기타,2,1.0
2377230,기타,1,객관식,0,0.0
2377230,기타,1,주관식,0,0.0
2377230,기타,1,T/F형,0,0.0
2377230,기타,1,약술형,0,0.0
2377230,기타,1,논술형,1,1.0
2377230,기타,1,구술,0,0.0
2377230,기타,1,기타,0,0.0
2377232,기말,3,객관식,3,1.0
2377232,기말,3,주관식,3,1.0
2377232,기말,3,T/F형,0,0.0
2377232,기말,3,약술형,0,0.0
2377232,기말,3,논술형,2,0.666667
2377232,기말,3,구술,0,0.0
2377232,기말,3,기타,0,0.0
2377238,중간,1,객관식,0,0.0
2377238,중간,1,주관식,0,0.0
2377238,중간,1,T/F형,0,0.0
2377238,중간,1,약술형,0,0.0
2377238,중간,1,논술형,0,0.0
2377238,중간,1,구술,0,0.0
2377238,중간,1,기타,1,1.0
2377238,기말,1,객관식,0,0.0
2377238,기말,1,주관식,0,0.0
2377238,기말,1,T/F형,0,0.0
2377238,기말,1,약술형,0,0.0
2377238,기말,1,논술형,0,0.0
2377238,기말,1,구술,0,0.0
2377238,기말,1,기타,1,1.0
2377240,중간,1,객관식,0,0.0
2377240,중간,1,주관식,0,0.0
2377240,중간,1,T/F형,0,0.0
2377240,중간,1,약술형,0,0.0
2377240,중간,1,논술형,0,0.0
2377240,중간,1,구술,0,0.0
2377240,중간,1,기타,1,1.0
2377240,기말,1,객관식,0,0.0
2377240,기말,1,주관식,0,0.0
2377240,기말,1,T/F형,0,0.0
2377240,기말,1,약술형,0,0.0
2377240,기말,1,논술형,0,0.0
2377240,기말,1,구술,0,0.0
2377240,기말,1,기타,1,1.0
2377242,기말,1,객관식,1,1.0
2377242,기말,1,주관식,1,1.0
2377242,기말,1,T/F형,0,0.0
2377242,기말,1,약술형,0,0.0
2377242,기말,1,논술형,0,0.0
2377242,기말,1,구술,0,0.0
2377242,기말,1,기타,0,0.0
239745,중간,1,객관식,0,0.0
239745,중간,1,주관식,1,1.0
239745,중간,1,T/F형,0,0.0
239745,중간,1,약술형,0,0.0
239745,중간,1,논술형,0,0.0
239745,중간,1,구술,0,0.0
239745,중간,1,기타,0,0.0
241834,중간,38,객관식,10,0.263158
241834,중간,38,주관식,13,0.342105
241834,중간,38,T/F형,0,0.0
241834,중간,38,약술형,5,0.131579
241834,중간,38,논술형,28,0.736842
241834,중간,38,구술,0,0.0
241834,중간,38,기타,0,0.0
241834,기말,21,객관식,13,0.619048
241834,기말,21,주관식,8,0.380952
241834,기말,21,T/F형,0,0.0
241834,기말,21,약술형,2,0.095238
241834,기말,21,논술형,13,0.619048
241834,기말,21,구술,0,0.0
241834,기말,21,기타,0,0.0
241834,4차,1,객관식,1,1.0
241834,4차,1,주관식,0,0.0
241834,4차,1,T/F형,0,0.0
241834,4차,1,약술형,0,0.0
241834,4차,1,논술형,0,0.0
241834,4차,1,구술,0,0.0
241834,4차,1,기타,0,0.0
241836,중간,2,객관식,0,0.0
241836,중간,2,주관식,2,1.0
241836,중간,2,T/F형,2,1.0
241836,중간,2,약술형,1,0.5
241836,중간,2,논술형,2,1.0
241836,중간,2,구술,0,0.0
241836,중간,2,기타,0,0.0
242669,기말,2,객관식,1,0.5
242669,기말,2,주관식,2,1.0
242669,기말,2,T/F형,0,0.0
242669,기말,2,약술형,0,0.0
242669,기말,2,논술형,0,0.0
242669,기말,2,구술,0,0.0
242669,기말,2,기타,0,0.0
2454546,중간,14,객관식,11,0.785714
2454546,중간,14,주관식,7,0.5
2454546,중간,14,T/F형,1,0.071429
2454546,중간,14,약술형,3,0.214286
2454546,중간,14,논술형,0,0.0
2454546,중간,14,구술,0,0.0
2454546,중간,14,기타,0,0.0
2454546,기말,11,객관식,10,0.909091
2454546,기말,11,주관식,9,0.818182
2454546,기말,11,T/F형,0,0.0
2454546,기말,11,약술형,10,0.909091
2454546,기말,11,논술형,10,0.909091
2454546,기말,11,구술,0,0.0
2454546,기말,11,기타,0,0.0
2454546,1차,3,객관식,2,0.666667
2454546,1차,3,주관식,2,0.666667
2454546,1차,3,T/F형,1,0.333333
2454546,1차,3,약술형,1,0.333333
2454546,1차,3,논술형,0,0.0
2454546,1차,3,구술,1,0.333333
2454546,1차,3,기타,1,0.333333
2454546,기타,4,객관식,3,0.75
2454546,기타,4,주관식,3,0.75
2454546,기타,4,T/F형,0,0.0
2454546,기타,4,약술형,3,0.75
2454546,기타,4,논술형,0,0.0
2454546,기타,4,구술,0,0.0
2454546,기타,4,기타,0,0.0
2454551,중간,1,객관식,0,0.0
2454551,중간,1,주관식,0,0.0
2454551,중간,1,T/F형,0,0.0
2454551,중간,1,약술형,0,0.0
2454551,중간,1,논술형,1,1.0
2454551,중간,1,구술,0,0.0
2454551,중간,1,기타,0,0.0
2454551,기말,3,객관식,0,0.0
2454551,기말,3,주관식,0,0.0
2454551,기말,3,T/F형,0,0.0
2454551,기말,3,약술형,0,0.0
2454551,기말,3,논술형,1,0.333333
2454551,기말,3,구술,0,0.0
2454551,기말,3,기타,1,0.333333
2454551,1차,1,객관식,0,0.0
2454551,1차,1,주관식,0,0.0
2454551,1차,1,T/F형,0,0.0
2454551,1차,1,약술형,0,0.0
2454551,1차,1,논술형,0,0.0
2454551,1차,1,구술,0,0.0
2454551,1차,1,기타,1,1.0
2454551,기타,6,객관식,0,0.0
2454551,기타,6,주관식,0,0.0
2454551,기타,6,T/F형,0,0.0
2454551,기타,6,약술형,0,0.0
2454551,기타,6,논술형,4,0.666667
2454551,기타,6,구술,0,0.0
2454551,기타,6,기타,1,0.166667
2454561,기말,11,객관식,0,0.0
2454561,기말,11,주관식,3,0.272727
2454561,기말,11,T/F형,0,0.0
2454561,기말,11,약술형,8,0.727273
2454561,기말,11,논술형,8,0.727273
2454561,기말,11,구술,0,0.0
2454561,기말,11,기타,0,0.0
2454566,중간,7,객관식,0,0.0
2454566,중간,7,주관식,0,0.0
2454566,중간,7,T/F형,0,0.0
2454566,중간,7,약술형,0,0.0
2454566,중간,7,논술형,7,1.0
2454566,중간,7,구술,0,0.0
2454566,중간,7,기타,0,0.0
2454566,기말,3,객관식,0,0.0
2454566,기말,3,주관식,2,0.666667
2454566,기말,3,T/F형,0,0.0
2454566,기말,3,약술형,0,0.0
2454566,기말,3,논술형,2,0.666667
2454566,기말,3,구술,0,0.0
2454566,기말,3,기타,0,0.0
2454620,중간,7,객관식,0,0.0
2454620,중간,7,주관식,3,0.428571
2454620,중간,7,T/F형,5,0.714286
2454620,중간,7,약술형,2,0.285714
2454620,중간,7,논술형,3,0.428571
2454620,중간,7,구술,1,0.142857
2454620,중간,7,기타,0,0.0
2454620,기말,4,객관식,0,0.0
2454620,기말,4,주관식,3,0.75
2454620,기말,4,T/F형,4,1.0
2454620,기말,4,약술형,2,0.5
2454620,기말,4,논술형,0,0.0
2454620,기말,4,구술,0,0.0
2454620,기말,4,기타,0,0.0
2454646,기말,6,객관식,1,0.166667
2454646,기말,6,주관식,5,0.833333
2454646,기말,6,T/F형,0,0.0
2454646,기말,6,약술형,1,0.166667
2454646,기말,6,논술형,1,0.166667
2454646,기말,6,구술,0,0.0
2454646,기말,6,기타,0,0.0
2454662,중간,2,객관식,0,0.0
2454662,중간,2,주관식,1,0.5
2454662,중간,2,T/F형,0,0.0
2454662,중간,2,약술형,0,0.0
2454662,중간,2,논술형,2,1.0
2454662,중간,2,구술,0,0.0
2454662,중간,2,기타,0,0.0
2454662,기말,2,객관식,0,0.0
2454662,기말,2,주관식,0,0.0
2454662,기말,2,T/F형,0,0.0
2454662,기말,2,약술형,0,0.0
2454662,기말,2,논술형,2,1.0
2454662,기말,2,구술,0,0.0
2454662,기말,2,기타,0,0.0
2454663,기말,1,객관식,0,0.0
2454663,기말,1,주관식,0,0.0
2454663,기말,1,T/F형,0,0.0
2454663,기말,1,약술형,0,0.0
2454663,기말,1,논술형,1,1.0
2454663,기말,1,구술,0,0.0
2454663,기말,1,기타,0,0.0
2454716,기말,1,객관식,0,0.0
2454716,기말,1,주관식,0,0.0
2454716,기말,1,T/F형,0,0.0
2454716,기말,1,약술형,0,0.0
2454716,기말,1,논술형,1,1.0
2454716,기말,1,구술,0,0.0
2454716,기말,1,기타,0,0.0
2454744,기말,4,객관식,0,0.0
2454744,기말,4,주관식,2,0.5
2454744,기말,4,T/F형,0,0.0
2454744,기말,4,약술형,0,0.0
2454744,기말,4,논술형,2,0.5
2454744,기말,4,구술,0,0.0
2454744,기말,4,기타,0,0.0
2454764,중간,5,객관식,5,1.0
2454764,중간,5,주관식,1,0.2
2454764,중간,5,T/F형,5,1.0
2454764,중간,5,약술형,0,0.0
2454764,중간,5,논술형,0,0.0
2454764,중간,5,구술,0,0.0
2454764,중간,5,기타,0,0.0
2454764,기말,3,객관식,3,1.0
2454764,기말,3,주관식,0,0.0
2454764,기말,3,T/F형,3,1.0
2454764,기말,3,약술형,0,0.0
2454764,기말,3,논술형,0,0.0
2454764,기말,3,구술,0,0.0
2454764,기말,3,기타,0,0.0
2454786,중간,1,객관식,0,0.0
2454786,중간,1,주관식,0,0.0
2454786,중간,1,T/F형,0,0.0
2454786,중간,1,약술형,0,0.0
2454786,중간,1,논술형,0,0.0
2454786,중간,1,구술,0,0.0
2454786,중간,1,기타,1,1.0
2454861,중간,1,객관식,0,0.0
2454861,중간,1,주관식,0,0.0
2454861,중간,1,T/F형,0,0.0
2454861,중간,1,약술형,0,0.0
2454861,중간,1,논술형,1,1.0
2454861,중간,1,구술,0,0.0
2454861,중간,1,기타,0,0.0
2454865,중간,1,객관식,0,0.0
2454865,중간,1,주관식,1,1.0
2454865,중간,1,T/F형,0,0.0
2454865,중간,1,약술형,0,0.0
2454865,중간,1,논술형,0,0.0
2454865,중간,1,구술,0,0.0
2454865,중간,1,기타,1,1.0
2454865,기말,2,객관식,0,0.0
2454865,기말,2,주관식,0,0.0
2454865,기말,2,T/F형,0,0.0
2454865,기말,2,약술형,0,0.0
2454865,기말,2,논술형,2,1.0
2454865,기말,2,구술,0,0.0
2454865,기말,2,기타,0,0.0
2454893,중간,5,객관식,0,0.0
2454893,중간,5,주관식,5,1.0
2454893,중간,5,T/F형,2,0.4
2454893,중간,5,약술형,1,0.2
2454893,중간,5,논술형,0,0.0
2454893,중간,5,구술,1,0.2
2454893,중간,5,기타,0,0.0
2454906,중간,16,객관식,14,0.875
2454906,중간,16,주관식,15,0.9375
2454906,중간,16,T/F형,0,0.0
2454906,중간,16,약술형,10,0.625
2454906,중간,16,논술형,4,0.25
2454906,중간,16,구술,0,0.0
2454906,중간,16,기타,0,0.0
2454906,기말,3,객관식,3,1.0
2454906,기말,3,주관식,3,1.0
2454906,기말,3,T/F형,0,0.0
2454906,기말,3,약술형,3,1.0
2454906,기말,3,논술형,0,0.0
2454906,기말,3,구술,0,0.0
2454906,기말,3,기타,0,0.0
2454912,중간,4,객관식,1,0.25
2454912,중간,4,주관식,3,0.75
2454912,중간,4,T/F형,0,0.0
2454912,중간,4,약술형,2,0.5
2454912,중간,4,논술형,1,0.25
2454912,중간,4,구술,0,0.0
2454912,중간,4,기타,0,0.0
2454912,기말,4,객관식,3,0.75
2454912,기말,4,주관식,1,0.25
2454912,기말,4,T/F형,0,0.0
2454912,기말,4,약술형,0,0.0
2454912,기말,4,논술형,0,0.0
2454912,기말,4,구술,0,0.0
2454912,기말,4,기타,0,0.0
2454916,중간,12,객관식,1,0.083333
2454916,중간,12,주관식,7,0.583333
2454916,중간,12,T/F형,0,0.0
2454916,중간,12,약술형,1,0.083333
2454916,중간,12,논술형,6,0.5
2454916,중간,12,구술,1,0.083333
2454916,중간,12,기타,0,0.0
2454916,기말,5,객관식,1,0.2
2454916,기말,5,주관식,2,0.4
2454916,기말,5,T/F형,1,0.2
2454916,기말,5,약술형,0,0.0
2454916,기말,5,논술형,4,0.8
2454916,기말,5,구술,0,0.0
2454916,기말,5,기타,0,0.0
2454930,중간,5,객관식,5,1.0
2454930,중간,5,주관식,5,1.0
2454930,중간,5,T/F형,1,0.2
2454930,중간,5,약술형,1,0.2
2454930,중간,5,논술형,1,0.2
2454930,중간,5,구술,0,0.0
2454930,중간,5,기타,0,0.0
2454930,기말,4,객관식,4,1.0
2454930,기말,4,주관식,4,1.0
2454930,기말,4,T/F형,0,0.0
2454930,기말,4,약술형,1,0.25
2454930,기말,4,논술형,1,0.25
2454930,기말,4,구술,0,0.0
2454930,기말,4,기타,0,0.0
2454935,중간,1,객관식,0,0.0
2454935,중간,1,주관식,0,0.0
2454935,중간,1,T/F형,0,0.0
2454935,중간,1,약술형,0,0.0
2454935,중간,1,논술형,0,0.0
2454935,중간,1,구술,0,0.0
2454935,중간,1,기타,1,1.0
2454935,기말,2,객관식,0,0.0
2454935,기말,2,주관식,0,0.0
2454935,기말,2,T/F형,0,0.0
2454935,기말,2,약술형,0,0.0
2454935,기말,2,논술형,0,0.0
2454935,기말,2,구술,0,0.0
2454935,기말,2,기타,2,1.0
2454943,기말,1,객관식,0,0.0
2454943,기말,1,주관식,0,0.0
2454943,기말,1,T/F형,0,0.0
2454943,기말,1,약술형,0,0.0
2454943,기말,1,논술형,0,0.0
2454943,기말,1,구술,0,0.0
2454943,기말,1,기타,1,1.0
2454943,기타,1,객관식,0,0.0
2454943,기타,1,주관식,0,0.0
2454943,기타,1,T/F형,0,0.0
2454943,기타,1,약술형,0,0.0
2454943,기타,1,논술형,1,1.0
2454943,기타,1,구술,0,0.0
2454943,기타,1,기타,0,0.0
2454945,기말,4,객관식,4,1.0
2454945,기말,4,주관식,4,1.0
2454945,기말,4,T/F형,4,1.0
2454945,기말,4,약술형,4,1.0
2454945,기말,4,논술형,4,1.0
2454945,기말,4,구술,0,0.0
2454945,기말,4,기타,0,0.0
2454949,기말,2,객관식,1,0.5
2454949,기말,2,주관식,2,1.0
2454949,기말,2,T/F형,0,0.0
2454949,기말,2,약술형,0,0.0
2454949,기말,2,논술형,0,0.0
2454949,기말,2,구술,0,0.0
2454949,기말,2,기타,0,0.0
2454953,기타,1,객관식,0,0.0
2454953,기타,1,주관식,0,0.0
2454953,기타,1,T/F형,0,0.0
2454953,기타,1,약술형,0,0.0
2454953,기타,1,논술형,0,0.0
2454953,기타,1,구술,0,0.0
2454953,기타,1,기타,1,1.0
2454955,중간,20,객관식,20,1.0
2454955,중간,20,주관식,1,0.05
2454955,중간,20,T/F형,1,0.05
2454955,중간,20,약술형,0,0.0
2454955,중간,20,논술형,0,0.0
2454955,중간,20,구술,0,0.0
2454955,중간,20,기타,0,0.0
2454955,기말,14,객관식,14,1.0
2454955,기말,14,주관식,3,0.214286
2454955,기말,14,T/F형,0,0.0
2454955,기말,14,약술형,0,0.0
2454955,기말,14,논술형,0,0.0
2454955,기말,14,구술,0,0.0
2454955,기말,14,기타,0,0.0
2454955,기타,1,객관식,1,1.0
2454955,기타,1,주관식,0,0.0
2454955,기타,1,T/F형,0,0.0
2454955,기타,1,약술형,0,0.0
2454955,기타,1,논술형,0,0.0
2454955,기타,1,구술,0,0.0
2454955,기타,1,기타,0,0.0
2454968,중간,10,객관식,2,0.2
2454968,중간,10,주관식,8,0.8
2454968,중간,10,T/F형,10,1.0
2454968,중간,10,약술형,1,0.1
2454968,중간,10,논술형,1,0.1
2454968,중간,10,구술,0,0.0
2454968,중간,10,기타,0,0.0
2454968,기말,2,객관식,0,0.0
2454968,기말,2,주관식,2,1.0
2454968,기말,2,T/F형,2,1.0
2454968,기말,2,약술형,0,0.0
2454968,기말,2,논술형,2,1.0
2454968,기말,2,구술,0,0.0
2454968,기말,2,기타,0,0.0
2454996,1차,1,객관식,0,0.0
2454996,1차,1,주관식,0,0.0
2454996,1차,1,T/F형,1,1.0
2454996,1차,1,약술형,0,0.0
2454996,1차,1,논술형,1,1.0
2454996,1차,1,구술,0,0.0
2454996,1차,1,기타,0,0.0
2454996,2차,1,객관식,0,0.0
2454996,2차,1,주관식,1,1.0
2454996,2차,1,T/F형,1,1.0
2454996,2차,1,약술형,0,0.0
2454996,2차,1,논술형,0,0.0
2454996,2차,1,구술,0,0.0
2454996,2차,1,기타,0,0.0
2454996,3차,1,객관식,0,0.0
2454996,3차,1,주관식,1,1.0
2454996,3차,1,T/F형,1,1.0
2454996,3차,1,약술형,0,0.0
2454996,3차,1,논술형,0,0.0
2454996,3차,1,구술,0,0.0
2454996,3차,1,기타,0,0.0
2455006,중간,13,객관식,11,0.846154
2455006,중간,13,주관식,9,0.692308
2455006,중간,13,T/F형,1,0.076923
2455006,중간,13,약술형,2,0.153846
2455006,중간,13,논술형,3,0.230769
2455006,중간,13,구술,0,0.0
2455006,중간,13,기타,0,0.0
2455006,기말,1,객관식,1,1.0
2455006,기말,1,주관식,1,1.0
2455006,기말,1,T/F형,0,0.0
2455006,기말,1,약술형,0,0.0
2455006,기말,1,논술형,0,0.0
2455006,기말,1,구술,0,0.0
2455006,기말,1,기타,0,0.0
2455050,중간,1,객관식,1,1.0
2455050,중간,1,주관식,1,1.0
2455050,중간,1,T/F형,0,0.0
2455050,중간,1,약술형,1,1.0
2455050,중간,1,논술형,1,1.0
2455050,중간,1,구술,0,0.0
2455050,중간,1,기타,0,0.0
2455050,기말,1,객관식,0,0.0
2455050,기말,1,주관식,1,1.0
2455050,기말,1,T/F형,0,0.0
2455050,기말,1,약술형,0,0.0
2455050,기말,1,논술형,0,0.0
2455050,기말,1,구술,0,0.0
2455050,기말,1,기타,0,0.0
2455050,1차,1,객관식,0,0.0
2455050,1차,1,주관식,1,1.0
2455050,1차,1,T/F형,0,0.0
2455050,1차,1,약술형,0,0.0
2455050,1차,1,논술형,0,0.0
2455050,1차,1,구술,0,0.0
2455050,1차,1,기타,0,0.0
2455050,2차,1,객관식,1,1.0
2455050,2차,1,주관식,1,1.0
2455050,2차,1,T/F형,0,0.0
2455050,2차,1,약술형,0,0.0
2455050,2차,1,논술형,0,0.0
2455050,2차,1,구술,0,0.0
2455050,2차,1,기타,0,0.0
2455050,기타,5,객관식,0,0.0
2455050,기타,5,주관식,1,0.2
2455050,기타,5,T/F형,0,0.0
2455050,기타,5,약술형,0,0.0
2455050,기타,5,논술형,0,0.0
2455050,기타,5,구술,0,0.0
2455050,기타,5,기타,3,0.6
2455059,기타,2,객관식,0,0.0
2455059,기타,2,주관식,0,0.0
2455059,기타,2,T/F형,0,0.0
2455059,기타,2,약술형,0,0.0
2455059,기타,2,논술형,1,0.5
2455059,기타,2,구술,0,0.0
2455059,기타,2,기타,2,1.0
2455060,중간,1,객관식,1,1.0
2455060,중간,1,주관식,1,1.0
2455060,중간,1,T/F형,0,0.0
2455060,중간,1,약술형,0,0.0
2455060,중간,1,논술형,0,0.0
2455060,중간,1,구술,0,0.0
2455060,중간,1,기타,0,0.0
2576226,중간,13,객관식,12,0.923077
2576226,중간,13,주관식,1,0.076923
2576226,중간,13,T/F형,0,0.0
2576226,중간,13,약술형,0,0.0
2576226,중간,13,논술형,1,0.076923
2576226,중간,13,구술,0,0.0
2576226,중간,13,기타,0,0.0
2576226,기말,3,객관식,3,1.0
2576226,기말,3,주관식,0,0.0
2576226,기말,3,T/F형,0,0.0
2576226,기말,3,약술형,0,0.0
2576226,기말,3,논술형,0,0.0
2576226,기말,3,구술,0,0.0
2576226,기말,3,기타,0,0.0
2576226,2차,1,객관식,1,1.0
2576226,2차,1,주관식,0,0.0
2576226,2차,1,T/F형,0,0.0
2576226,2차,1,약술형,0,0.0
2576226,2차,1,논술형,0,0.0
2576226,2차,1,구술,0,0.0
2576226,2차,1,기타,0,0.0
2576226,기타,4,객관식,0,0.0
2576226,기타,4,주관식,0,0.0
2576226,기타,4,T/F형,0,0.0
2576226,기타,4,약술형,0,0.0
2576226,기타,4,논술형,4,1.0
2576226,기타,4,구술,0,0.0
2576226,기타,4,기타,0,0.0
2576227,중간,1,객관식,1,1.0
2576227,중간,1,주관식,0,0.0
2576227,중간,1,T/F형,1,1.0
2576227,중간,1,약술형,0,0.0
2576227,중간,1,논술형,0,0.0
2576227,중간,1,구술,0,0.0
2576227,중간,1,기타,0,0.0
2576228,중간,10,객관식,1,0.1
2576228,중간,10,주관식,10,1.0
2576228,중간,10,T/F형,1,0.1
2576228,중간,10,약술형,8,0.8
2576228,중간,10,논술형,0,0.0
2576228,중간,10,구술,0,0.0
2576228,중간,10,기타,0,0.0
2576228,기말,1,객관식,0,0.0
2576228,기말,1,주관식,0,0.0
2576228,기말,1,T/F형,0,0.0
2576228,기말,1,약술형,1,1.0
2576228,기말,1,논술형,0,0.0
2576228,기말,1,구술,0,0.0
2576228,기말,1,기타,0,0.0
2576228,기타,1,객관식,0,0.0
2576228,기타,1,주관식,0,0.0
2576228,기타,1,T/F형,0,0.0
2576228,기타,1,약술형,0,0.0
2576228,기타,1,논술형,0,0.0
2576228,기타,1,구술,0,0.0
2576228,기타,1,기타,1,1.0
2576239,중간,5,객관식,5,1.0
2576239,중간,5,주관식,5,1.0
2576239,중간,5,T/F형,0,0.0
2576239,중간,5,약술형,0,0.0
2576239,중간,5,논술형,0,0.0
2576239,중간,5,구술,0,0.0
2576239,중간,5,기타,0,0.0
2576239,기말,5,객관식,3,0.6
2576239,기말,5,주관식,3,0.6
2576239,기말,5,T/F형,0,0.0
2576239,기말,5,약술형,1,0.2
2576239,기말,5,논술형,0,0.0
2576239,기말,5,구술,0,0.0
2576239,기말,5,기타,0,0.0
2576243,중간,3,객관식,0,0.0
2576243,중간,3,주관식,1,0.333333
2576243,중간,3,T/F형,0,0.0
2576243,중간,3,약술형,0,0.0
2576243,중간,3,논술형,1,0.333333
2576243,중간,3,구술,0,0.0
2576243,중간,3,기타,0,0.0
2576243,기말,3,객관식,1,0.333333
2576243,기말,3,주관식,2,0.666667
2576243,기말,3,T/F형,0,0.0
2576243,기말,3,약술형,0,0.0
2576243,기말,3,논술형,1,0.333333
2576243,기말,3,구술,0,0.0
2576243,기말,3,기타,0,0.0
2576247,중간,29,객관식,16,0.551724
2576247,중간,29,주관식,23,0.793103
2576247,중간,29,T/F형,16,0.551724
2576247,중간,29,약술형,4,0.137931
2576247,중간,29,논술형,5,0.172414
2576247,중간,29,구술,0,0.0
2576247,중간,29,기타,0,0.0
2576247,기말,19,객관식,6,0.315789
2576247,기말,19,주관식,18,0.947368
2576247,기말,19,T/F형,10,0.526316
2576247,기말,19,약술형,1,0.052632
2576247,기말,19,논술형,0,0.0
2576247,기말,19,구술,0,0.0
2576247,기말,19,기타,0,0.0
2576248,중간,2,객관식,0,0.0
2576248,중간,2,주관식,1,0.5
2576248,중간,2,T/F형,2,1.0
2576248,중간,2,약술형,1,0.5
2576248,중간,2,논술형,2,1.0
2576248,중간,2,구술,0,0.0
2576248,중간,2,기타,0,0.0
2576257,중간,29,객관식,2,0.068966
2576257,중간,29,주관식,27,0.931034
2576257,중간,29,T/F형,0,0.0
2576257,중간,29,약술형,14,0.482759
2576257,중간,29,논술형,4,0.137931
2576257,중간,29,구술,0,0.0
2576257,중간,29,기타,0,0.0
2576261,중간,2,객관식,0,0.0
2576261,중간,2,주관식,0,0.0
2576261,중간,2,T/F형,0,0.0
2576261,중간,2,약술형,0,0.0
2576261,중간,2,논술형,0,0.0
2576261,중간,2,구술,0,0.0
2576261,중간,2,기타,2,1.0
2576261,기말,2,객관식,0,0.0
2576261,기말,2,주관식,0,0.0
2576261,기말,2,T/F형,0,0.0
2576261,기말,2,약술형,0,0.0
2576261,기말,2,논술형,0,0.0
2576261,기말,2,구술,1,0.5
2576261,기말,2,기타,1,0.5
2576261,기타,1,객관식,0,0.0
2576261,기타,1,주관식,0,0.0
2576261,기타,1,T/F형,0,0.0
2576261,기타,1,약술형,0,0.0
2576261,기타,1,논술형,0,0.0
2576261,기타,1,구술,0,0.0
2576261,기타,1,기타,1,1.0
2576267,중간,1,객관식,0,0.0
2576267,중간,1,주관식,0,0.0
2576267,중간,1,T/F형,0,0.0
2576267,중간,1,약술형,0,0.0
2576267,중간,1,논술형,0,0.0
2576267,중간,1,구술,0,0.0
2576267,중간,1,기타,1,1.0
2576275,중간,28,객관식,26,0.928571
2576275,중간,28,주관식,1,0.035714
2576275,중간,28,T/F형,0,0.0
2576275,중간,28,약술형,0,0.0
2576275,중간,28,논술형,0,0.0
2576275,중간,28,구술,0,0.0
2576275,중간,28,기타,0,0.0
2576275,기말,17,객관식,17,1.0
2576275,기말,17,주관식,0,0.0
2576275,기말,17,T/F형,0,0.0
2576275,기말,17,약술형,0,0.0
2576275,기말,17,논술형,0,0.0
2576275,기말,17,구술,0,0.0
2576275,기말,17,기타,0,0.0
2576275,2차,1,객관식,1,1.0
2576275,2차,1,주관식,0,0.0
2576275,2차,1,T/F형,0,0.0
2576275,2차,1,약술형,0,0.0
2576275,2차,1,논술형,0,0.0
2576275,2차,1,구술,0,0.0
2576275,2차,1,기타,0,0.0
2576277,중간,6,객관식,1,0.166667
2576277,중간,6,주관식,2,0.333333
2576277,중간,6,T/F형,0,0.0
2576277,중간,6,약술형,1,0.166667
2576277,중간,6,논술형,5,0.833333
2576277,중간,6,구술,0,0.0
2576277,중간,6,기타,0,0.0
2576277,기말,5,객관식,0,0.0
2576277,기말,5,주관식,2,0.4
2576277,기말,5,T/F형,0,0.0
2576277,기말,5,약술형,3,0.6
2576277,기말,5,논술형,2,0.4
2576277,기말,5,구술,1,0.2
2576277,기말,5,기타,1,0.2
2576277,2차,2,객관식,0,0.0
2576277,2차,2,주관식,1,0.5
2576277,2차,2,T/F형,0,0.0
2576277,2차,2,약술형,0,0.0
2576277,2차,2,논술형,0,0.0
2576277,2차,2,구술,0,0.0
2576277,2차,2,기타,0,0.0
2576278,기말,5,객관식,0,0.0
2576278,기말,5,주관식,2,0.4
2576278,기말,5,T/F형,0,0.0
2576278,기말,5,약술형,0,0.0
2576278,기말,5,논술형,2,0.4
2576278,기말,5,구술,1,0.2
2576278,기말,5,기타,0,0.0
2576279,중간,9,객관식,0,0.0
2576279,중간,9,주관식,9,1.0
2576279,중간,9,T/F형,0,0.0
2576279,중간,9,약술형,0,0.0
2576279,중간,9,논술형,1,0.111111
2576279,중간,9,구술,0,0.0
2576279,중간,9,기타,0,0.0
2576279,기말,5,객관식,0,0.0
2576279,기말,5,주관식,3,0.6
2576279,기말,5,T/F형,0,0.0
2576279,기말,5,약술형,0,0.0
2576279,기말,5,논술형,0,0.0
2576279,기말,5,구술,0,0.0
2576279,기말,5,기타,1,0.2
2576279,기타,1,객관식,0,0.0
2576279,기타,1,주관식,0,0.0
2576279,기타,1,T/F형,0,0.0
2576279,기타,1,약술형,0,0.0
2576279,기타,1,논술형,0,0.0
2576279,기타,1,구술,0,0.0
2576279,기타,1,기타,0,0.0
2576281,기타,1,객관식,0,0.0
2576281,기타,1,주관식,0,0.0
2576281,기타,1,T/F형,0,0.0
2576281,기타,1,약술형,0,0.0
2576281,기타,1,논술형,0,0.0
2576281,기타,1,구술,0,0.0
2576281,기타,1,기타,1,1.0
2576289,기타,2,객관식,0,0.0
2576289,기타,2,주관식,0,0.0
2576289,기타,2,T/F형,0,0.0
2576289,기타,2,약술형,0,0.0
2576289,기타,2,논술형,0,0.0
2576289,기타,2,구술,0,0.0
2576289,기타,2,기타,1,0.5
2576296,기말,2,객관식,0,0.0
2576296,기말,2,주관식,2,1.0
2576296,기말,2,T/F형,0,0.0
2576296,기말,2,약술형,0,0.0
2576296,기말,2,논술형,0,0.0
2576296,기말,2,구술,0,0.0
2576296,기말,2,기타,0,0.0
2576297,중간,1,객관식,0,0.0
2576297,중간,1,주관식,0,0.0
2576297,중간,1,T/F형,0,0.0
2576297,중간,1,약술형,0,0.0
2576297,중간,1,논술형,1,1.0
2576297,중간,1,구술,0,0.0
2576297,중간,1,기타,0,0.0
2576298,중간,1,객관식,0,0.0
2576298,중간,1,주관식,0,0.0
2576298,중간,1,T/F형,0,0.0
2576298,중간,1,약술형,0,0.0
2576298,중간,1,논술형,1,1.0
2576298,중간,1,구술,0,0.0
2576298,중간,1,기타,0,0.0
2576298,기말,1,객관식,0,0.0
2576298,기말,1,주관식,0,0.0
2576298,기말,1,T/F형,0,0.0
2576298,기말,1,약술형,0,0.0
2576298,기말,1,논술형,0,0.0
2576298,기말,1,구술,0,0.0
2576298,기말,1,기타,1,1.0
2576306,중간,3,객관식,0,0.0
2576306,중간,3,주관식,3,1.0
2576306,중간,3,T/F형,0,0.0
2576306,중간,3,약술형,1,0.333333
2576306,중간,3,논술형,0,0.0
2576306,중간,3,구술,0,0.0
2576306,중간,3,기타,0,0.0
2576306,4차,1,객관식,1,1.0
2576306,4차,1,주관식,1,1.0
2576306,4차,1,T/F형,1,1.0
2576306,4차,1,약술형,0,0.0
2576306,4차,1,논술형,0,0.0
2576306,4차,1,구술,0,0.0
2576306,4차,1,기타,0,0.0
2576313,중간,5,객관식,0,0.0
2576313,중간,5,주관식,3,0.6
2576313,중간,5,T/F형,0,0.0
2576313,중간,5,약술형,0,0.0
2576313,중간,5,논술형,3,0.6
2576313,중간,5,구술,0,0.0
2576313,중간,5,기타,0,0.0
2576313,기말,3,객관식,3,1.0
2576313,기말,3,주관식,3,1.0
2576313,기말,3,T/F형,0,0.0
2576313,기말,3,약술형,0,0.0
2576313,기말,3,논술형,0,0.0
2576313,기말,3,구술,0,0.0
2576313,기말,3,기타,0,0.0
2576313,기타,1,객관식,1,1.0
2576313,기타,1,주관식,0,0.0
2576313,기타,1,T/F형,0,0.0
2576313,기타,1,약술형,0,0.0
2576313,기타,1,논술형,0,0.0
2576313,기타,1,구술,0,0.0
2576313,기타,1,기타,0,0.0
2576315,기타,1,객관식,0,0.0
2576315,기타,1,주관식,0,0.0
2576315,기타,1,T/F형,0,0.0
2576315,기타,1,약술형,0,0.0
2576315,기타,1,논술형,0,0.0
2576315,기타,1,구술,0,0.0
2576315,기타,1,기타,1,1.0
2576323,중간,12,객관식,12,1.0
2576323,중간,12,주관식,7,0.583333
2576323,중간,12,T/F형,0,0.0
2576323,중간,12,약술형,3,0.25
2576323,중간,12,논술형,0,0.0
2576323,중간,12,구술,0,0.0
2576323,중간,12,기타,0,0.0
2576323,기말,8,객관식,7,0.875
2576323,기말,8,주관식,5,0.625
2576323,기말,8,T/F형,0,0.0
2576323,기말,8,약술형,1,0.125
2576323,기말,8,논술형,0,0.0
2576323,기말,8,구술,0,0.0
2576323,기말,8,기타,0,0.0
2576323,1차,1,객관식,1,1.0
2576323,1차,1,주관식,1,1.0
2576323,1차,1,T/F형,0,0.0
2576323,1차,1,약술형,0,0.0
2576323,1차,1,논술형,0,0.0
2576323,1차,1,구술,0,0.0
2576323,1차,1,기타,0,0.0
2576325,기말,1,객관식,1,1.0
2576325,기말,1,주관식,1,1.0
2576325,기말,1,T/F형,0,0.0
2576325,기말,1,약술형,0,0.0
2576325,기말,1,논술형,0,0.0
2576325,기말,1,구술,0,0.0
2576325,기말,1,기타,0,0.0
2576326,중간,4,객관식,3,0.75
2576326,중간,4,주관식,3,0.75
2576326,중간,4,T/F형,0,0.0
2576326,중간,4,약술형,0,0.0
2576326,중간,4,논술형,0,0.0
2576326,중간,4,구술,0,0.0
2576326,중간,4,기타,1,0.25
2576326,기말,1,객관식,0,0.0
2576326,기말,1,주관식,0,0.0
2576326,기말,1,T/F형,0,0.0
2576326,기말,1,약술형,0,0.0
2576326,기말,1,논술형,1,1.0
2576326,기말,1,구술,0,0.0
2576326,기말,1,기타,0,0.0
2576340,1차,2,객관식,1,0.5
2576340,1차,2,주관식,1,0.5
2576340,1차,2,T/F형,0,0.0
2576340,1차,2,약술형,1,0.5
2576340,1차,2,논술형,1,0.5
2576340,1차,2,구술,0,0.0
2576340,1차,2,기타,0,0.0
2576344,중간,1,객관식,0,0.0
2576344,중간,1,주관식,1,1.0
2576344,중간,1,T/F형,1,1.0
2576344,중간,1,약술형,0,0.0
2576344,중간,1,논술형,0,0.0
2576344,중간,1,구술,0,0.0
2576344,중간,1,기타,0,0.0
2576346,중간,1,객관식,0,0.0
2576346,중간,1,주관식,0,0.0
2576346,중간,1,T/F형,0,0.0
2576346,중간,1,약술형,0,0.0
2576346,중간,1,논술형,0,0.0
2576346,중간,1,구술,0,0.0
2576346,중간,1,기타,1,1.0
2576347,기말,1,객관식,0,0.0
2576347,기말,1,주관식,1,1.0
2576347,기말,1,T/F형,1,1.0
2576347,기말,1,약술형,0,0.0
2576347,기말,1,논술형,0,0.0
2576347,기말,1,구술,0,0.0
2576347,기말,1,기타,0,0.0
2576349,중간,1,객관식,0,0.0
2576349,중간,1,주관식,1,1.0
2576349,중간,1,T/F형,0,0.0
2576349,중간,1,약술형,0,0.0
2576349,중간,1,논술형,0,0.0
2576349,중간,1,구술,0,0.0
2576349,중간,1,기타,0,0.0
2576364,중간,2,객관식,0,0.0
2576364,중간,2,주관식,1,0.5
2576364,중간,2,T/F형,1,0.5
2576364,중간,2,약술형,0,0.0
2576364,중간,2,논술형,1,0.5
2576364,중간,2,구술,0,0.0
2576364,중간,2,기타,1,0.5
2576375,중간,12,객관식,0,0.0
2576375,중간,12,주관식,8,0.666667
2576375,중간,12,T/F형,0,0.0
2576375,중간,12,약술형,3,0.25
2576375,중간,12,논술형,7,0.583333
2576375,중간,12,구술,1,0.083333
2576375,중간,12,기타,0,0.0
2576375,기말,4,객관식,0,0.0
2576375,기말,4,주관식,3,0.75
2576375,기말,4,T/F형,0,0.0
2576375,기말,4,약술형,3,0.75
2576375,기말,4,논술형,2,0.5
2576375,기말,4,구술,1,0.25
2576375,기말,4,기타,0,0.0
2576402,기말,2,객관식,0,0.0
2576402,기말,2,주관식,1,0.5
2576402,기말,2,T/F형,1,0.5
2576402,기말,2,약술형,0,0.0
2576402,기말,2,논술형,0,0.0
2576402,기말,2,구술,0,0.0
2576402,기말,2,기타,0,0.0
2576407,중간,10,객관식,1,0.1
2576407,중간,10,주관식,8,0.8
2576407,중간,10,T/F형,3,0.3
2576407,중간,10,약술형,2,0.2
2576407,중간,10,논술형,5,0.5
2576407,중간,10,구술,0,0.0
2576407,중간,10,기타,0,0.0
2576407,기말,7,객관식,1,0.142857
2576407,기말,7,주관식,6,0.857143
2576407,기말,7,T/F형,0,0.0
2576407,기말,7,약술형,1,0.142857
2576407,기말,7,논술형,1,0.142857
2576407,기말,7,구술,0,0.0
2576407,기말,7,기타,0,0.0
2576411,기말,1,객관식,0,0.0
2576411,기말,1,주관식,0,0.0
2576411,기말,1,T/F형,0,0.0
2576411,기말,1,약술형,0,0.0
2576411,기말,1,논술형,0,0.0
2576411,기말,1,구술,0,0.0
2576411,기말,1,기타,1,1.0
2576414,기타,1,객관식,0,0.0
2576414,기타,1,주관식,0,0.0
2576414,기타,1,T/F형,0,0.0
2576414,기타,1,약술형,0,0.0
2576414,기타,1,논술형,1,1.0
2576414,기타,1,구술,0,0.0
2576414,기타,1,기타,0,0.0
2576418,기말,1,객관식,0,0.0
2576418,기말,1,주관식,1,1.0
2576418,기말,1,T/F형,0,0.0
2576418,기말,1,약술형,1,1.0
2576418,기말,1,논술형,0,0.0
2576418,기말,1,구술,0,0.0
2576418,기말,1,기타,0,0.0
2576443,중간,3,객관식,1,0.333333
2576443,중간,3,주관식,2,0.666667
2576443,중간,3,T/F형,0,0.0
2576443,중간,3,약술형,0,0.0
2576443,중간,3,논술형,2,0.666667
2576443,중간,3,구술,0,0.0
2576443,중간,3,기타,0,0.0
2576443,기말,3,객관식,0,0.0
2576443,기말,3,주관식,1,0.333333
2576443,기말,3,T/F형,0,0.0
2576443,기말,3,약술형,1,0.333333
2576443,기말,3,논술형,2,0.666667
2576443,기말,3,구술,0,0.0
2576443,기말,3,기타,0,0.0
2576451,기말,2,객관식,2,1.0
2576451,기말,2,주관식,0,0.0
2576451,기말,2,T/F형,0,0.0
2576451,기말,2,약술형,0,0.0
2576451,기말,2,논술형,0,0.0
2576451,기말,2,구술,0,0.0
2576451,기말,2,기타,0,0.0
2576472,중간,3,객관식,0,0.0
2576472,중간,3,주관식,1,0.333333
2576472,중간,3,T/F형,0,0.0
2576472,중간,3,약술형,0,0.0
2576472,중간,3,논술형,2,0.666667
2576472,중간,3,구술,0,0.0
2576472,중간,3,기타,0,0.0
2576472,기말,1,객관식,0,0.0
2576472,기말,1,주관식,0,0.0
2576472,기말,1,T/F형,0,0.0
2576472,기말,1,약술형,0,0.0
2576472,기말,1,논술형,1,1.0
2576472,기말,1,구술,0,0.0
2576472,기말,1,기타,0,0.0
2576475,중간,1,객관식,0,0.0
2576475,중간,1,주관식,0,0.0
2576475,중간,1,T/F형,0,0.0
2576475,중간,1,약술형,0,0.0
2576475,중간,1,논술형,0,0.0
2576475,중간,1,구술,0,0.0
2576475,중간,1,기타,0,0.0
2576475,기말,1,객관식,0,0.0
2576475,기말,1,주관식,0,0.0
2576475,기말,1,T/F형,0,0.0
2576475,기말,1,약술형,0,0.0
2576475,기말,1,논술형,0,0.0
2576475,기말,1,구술,0,0.0
2576475,기말,1,기타,1,1.0
2576479,중간,1,객관식,0,0.0
2576479,중간,1,주관식,1,1.0
2576479,중간,1,T/F형,0,0.0
2576479,중간,1,약술형,0,0.0
2576479,중간,1,논술형,0,0.0
2576479,중간,1,구술,0,0.0
2576479,중간,1,기타,0,0.0
2576480,중간,3,객관식,0,0.0
2576480,중간,3,주관식,1,0.333333
2576480,중간,3,T/F형,0,0.0
2576480,중간,3,약술형,2,0.666667
2576480,중간,3,논술형,0,0.0
2576480,중간,3,구술,0,0.0
2576480,중간,3,기타,0,0.0
2576494,중간,24,객관식,22,0.916667
2576494,중간,24,주관식,15,0.625
2576494,중간,24,T/F형,0,0.0
2576494,중간,24,약술형,3,0.125
2576494,중간,24,논술형,0,0.0
2576494,중간,24,구술,0,0.0
2576494,중간,24,기타,0,0.0
2576494,기말,8,객관식,8,1.0
2576494,기말,8,주관식,7,0.875
2576494,기말,8,T/F형,0,0.0
2576494,기말,8,약술형,0,0.0
2576494,기말,8,논술형,0,0.0
2576494,기말,8,구술,0,0.0
2576494,기말,8,기타,0,0.0
2576496,중간,24,객관식,4,0.166667
2576496,중간,24,주관식,9,0.375
2576496,중간,24,T/F형,0,0.0
2576496,중간,24,약술형,2,0.083333
2576496,중간,24,논술형,6,0.25
2576496,중간,24,구술,0,0.0
2576496,중간,24,기타,7,0.291667
2576496,기말,13,객관식,0,0.0
2576496,기말,13,주관식,8,0.615385
2576496,기말,13,T/F형,0,0.0
2576496,기말,13,약술형,0,0.0
2576496,기말,13,논술형,9,0.692308
2576496,기말,13,구술,0,0.0
2576496,기말,13,기타,0,0.0
2576524,중간,1,객관식,0,0.0
2576524,중간,1,주관식,1,1.0
2576524,중간,1,T/F형,0,0.0
2576524,중간,1,약술형,0,0.0
2576524,중간,1,논술형,0,0.0
2576524,중간,1,구술,0,0.0
2576524,중간,1,기타,0,0.0
2576524,기말,4,객관식,0,0.0
2576524,기말,4,주관식,2,0.5
2576524,기말,4,T/F형,0,0.0
2576524,기말,4,약술형,2,0.5
2576524,기말,4,논술형,3,0.75
2576524,기말,4,구술,0,0.0
2576524,기말,4,기타,1,0.25
2576528,중간,18,객관식,1,0.055556
2576528,중간,18,주관식,7,0.388889
2576528,중간,18,T/F형,0,0.0
2576528,중간,18,약술형,3,0.166667
2576528,중간,18,논술형,9,0.5
2576528,중간,18,구술,1,0.055556
2576528,중간,18,기타,0,0.0
2576528,기말,4,객관식,1,0.25
2576528,기말,4,주관식,3,0.75
2576528,기말,4,T/F형,0,0.0
2576528,기말,4,약술형,0,0.0
2576528,기말,4,논술형,0,0.0
2576528,기말,4,구술,0,0.0
2576528,기말,4,기타,1,0.25
2576530,기말,2,객관식,0,0.0
2576530,기말,2,주관식,1,0.5
2576530,기말,2,T/F형,0,0.0
2576530,기말,2,약술형,1,0.5
2576530,기말,2,논술형,1,0.5
2576530,기말,2,구술,0,0.0
2576530,기말,2,기타,0,0.0
2576538,중간,4,객관식,0,0.0
2576538,중간,4,주관식,3,0.75
2576538,중간,4,T/F형,0,0.0
2576538,중간,4,약술형,0,0.0
2576538,중간,4,논술형,1,0.25
2576538,중간,4,구술,0,0.0
2576538,중간,4,기타,0,0.0
2576538,기말,2,객관식,0,0.0
2576538,기말,2,주관식,2,1.0
2576538,기말,2,T/F형,0,0.0
2576538,기말,2,약술형,0,0.0
2576538,기말,2,논술형,1,0.5
2576538,기말,2,구술,0,0.0
2576538,기말,2,기타,0,0.0
2576550,기말,1,객관식,0,0.0
2576550,기말,1,주관식,1,1.0
2576550,기말,1,T/F형,0,0.0
2576550,기말,1,약술형,0,0.0
2576550,기말,1,논술형,0,0.0
2576550,기말,1,구술,0,0.0
2576550,기말,1,기타,0,0.0
2576552,중간,5,객관식,0,0.0
2576552,중간,5,주관식,3,0.6
2576552,중간,5,T/F형,0,0.0
2576552,중간,5,약술형,1,0.2
2576552,중간,5,논술형,3,0.6
2576552,중간,5,구술,0,0.0
2576552,중간,5,기타,0,0.0
2576552,기말,1,객관식,0,0.0
2576552,기말,1,주관식,1,1.0
2576552,기말,1,T/F형,0,0.0
2576552,기말,1,약술형,0,0.0
2576552,기말,1,논술형,0,0.0
2576552,기말,1,구술,0,0.0
2576552,기말,1,기타,0,0.0
2576562,중간,6,객관식,6,1.0
2576562,중간,6,주관식,0,0.0
2576562,중간,6,T/F형,0,0.0
2576562,중간,6,약술형,0,0.0
2576562,중간,6,논술형,0,0.0
2576562,중간,6,구술,0,0.0
2576562,중간,6,기타,0,0.0
2576562,기말,1,객관식,1,1.0
2576562,기말,1,주관식,0,0.0
2576562,기말,1,T/F형,0,0.0
2576562,기말,1,약술형,0,0.0
2576562,기말,1,논술형,0,0.0
2576562,기말,1,구술,0,0.0
2576562,기말,1,기타,0,0.0
2576565,중간,5,객관식,0,0.0
2576565,중간,5,주관식,4,0.8
2576565,중간,5,T/F형,0,0.0
2576565,중간,5,약술형,0,0.0
2576565,중간,5,논술형,2,0.4
2576565,중간,5,구술,0,0.0
2576565,중간,5,기타,0,0.0
2576565,기말,6,객관식,0,0.0
2576565,기말,6,주관식,3,0.5
2576565,기말,6,T/F형,0,0.0
2576565,기말,6,약술형,4,0.666667
2576565,기말,6,논술형,2,0.333333
2576565,기말,6,구술,0,0.0
2576565,기말,6,기타,0,0.0
2576565,1차,2,객관식,2,1.0
2576565,1차,2,주관식,2,1.0
2576565,1차,2,T/F형,1,0.5
2576565,1차,2,약술형,0,0.0
2576565,1차,2,논술형,0,0.0
2576565,1차,2,구술,0,0.0
2576565,1차,2,기타,0,0.0
2576565,4차,1,객관식,1,1.0
2576565,4차,1,주관식,1,1.0
2576565,4차,1,T/F형,0,0.0
2576565,4차,1,약술형,0,0.0
2576565,4차,1,논술형,0,0.0
2576565,4차,1,구술,0,0.0
2576565,4차,1,기타,0,0.0
2576573,중간,1,객관식,0,0.0
2576573,중간,1,주관식,0,0.0
2576573,중간,1,T/F형,0,0.0
2576573,중간,1,약술형,0,0.0
2576573,중간,1,논술형,1,1.0
2576573,중간,1,구술,0,0.0
2576573,중간,1,기타,0,0.0
2576573,기말,1,객관식,0,0.0
2576573,기말,1,주관식,0,0.0
2576573,기말,1,T/F형,0,0.0
2576573,기말,1,약술형,0,0.0
2576573,기말,1,논술형,1,1.0
2576573,기말,1,구술,0,0.0
2576573,기말,1,기타,0,0.0
2576573,1차,1,객관식,1,1.0
2576573,1차,1,주관식,1,1.0
2576573,1차,1,T/F형,1,1.0
2576573,1차,1,약술형,0,0.0
2576573,1차,1,논술형,0,0.0
2576573,1차,1,구술,0,0.0
2576573,1차,1,기타,0,0.0
2576573,기타,2,객관식,0,0.0
2576573,기타,2,주관식,0,0.0
2576573,기타,2,T/F형,0,0.0
2576573,기타,2,약술형,0,0.0
2576573,기타,2,논술형,1,0.5
2576573,기타,2,구술,0,0.0
2576573,기타,2,기타,1,0.5
2576578,기말,2,객관식,0,0.0
2576578,기말,2,주관식,2,1.0
2576578,기말,2,T/F형,0,0.0
2576578,기말,2,약술형,0,0.0
2576578,기말,2,논술형,1,0.5
2576578,기말,2,구술,0,0.0
2576578,기말,2,기타,0,0.0
2576610,중간,10,객관식,0,0.0
2576610,중간,10,주관식,5,0.5
2576610,중간,10,T/F형,0,0.0
2576610,중간,10,약술형,1,0.1
2576610,중간,10,논술형,5,0.5
2576610,중간,10,구술,0,0.0
2576610,중간,10,기타,0,0.0
2576611,중간,4,객관식,3,0.75
2576611,중간,4,주관식,4,1.0
2576611,중간,4,T/F형,4,1.0
2576611,중간,4,약술형,1,0.25
2576611,중간,4,논술형,3,0.75
2576611,중간,4,구술,0,0.0
2576611,중간,4,기타,1,0.25
2576611,기말,1,객관식,1,1.0
2576611,기말,1,주관식,1,1.0
2576611,기말,1,T/F형,0,0.0
2576611,기말,1,약술형,0,0.0
2576611,기말,1,논술형,0,0.0
2576611,기말,1,구술,0,0.0
2576611,기말,1,기타,0,0.0
2576614,기말,19,객관식,4,0.210526
2576614,기말,19,주관식,14,0.736842
2576614,기말,19,T/F형,3,0.157895
2576614,기말,19,약술형,6,0.315789
2576614,기말,19,논술형,6,0.315789
2576614,기말,19,구술,0,0.0
2576614,기말,19,기타,0,0.0
2576614,기타,1,객관식,0,0.0
2576614,기타,1,주관식,0,0.0
2576614,기타,1,T/F형,0,0.0
2576614,기타,1,약술형,0,0.0
2576614,기타,1,논술형,0,0.0
2576614,기타,1,구술,0,0.0
2576614,기타,1,기타,0,0.0
2576620,중간,5,객관식,0,0.0
2576620,중간,5,주관식,4,0.8
2576620,중간,5,T/F형,0,0.0
2576620,중간,5,약술형,0,0.0
2576620,중간,5,논술형,2,0.4
2576620,중간,5,구술,0,0.0
2576620,중간,5,기타,0,0.0
2576620,기말,4,객관식,0,0.0
2576620,기말,4,주관식,4,1.0
2576620,기말,4,T/F형,0,0.0
2576620,기말,4,약술형,0,0.0
2576620,기말,4,논술형,1,0.25
2576620,기말,4,구술,0,0.0
2576620,기말,4,기타,0,0.0
2576620,기타,1,객관식,0,0.0
2576620,기타,1,주관식,1,1.0
2576620,기타,1,T/F형,0,0.0
2576620,기타,1,약술형,0,0.0
2576620,기타,1,논술형,0,0.0
2576620,기타,1,구술,0,0.0
2576620,기타,1,기타,0,0.0
2576621,중간,2,객관식,0,0.0
2576621,중간,2,주관식,2,1.0
2576621,중간,2,T/F형,0,0.0
2576621,중간,2,약술형,0,0.0
2576621,중간,2,논술형,1,0.5
2576621,중간,2,구술,0,0.0
2576621,중간,2,기타,0,0.0
2576621,기말,1,객관식,0,0.0
2576621,기말,1,주관식,0,0.0
2576621,기말,1,T/F형,0,0.0
2576621,기말,1,약술형,0,0.0
2576621,기말,1,논술형,0,0.0
2576621,기말,1,구술,0,0.0
2576621,기말,1,기타,1,1.0
2576621,기타,1,객관식,0,0.0
2576621,기타,1,주관식,0,0.0
2576621,기타,1,T/F형,0,0.0
2576621,기타,1,약술형,0,0.0
2576621,기타,1,논술형,0,0.0
2576621,기타,1,구술,0,0.0
2576621,기타,1,기타,1,1.0
2576629,중간,7,객관식,7,1.0
2576629,중간,7,주관식,5,0.714286
2576629,중간,7,T/F형,0,0.0
2576629,중간,7,약술형,1,0.142857
2576629,중간,7,논술형,0,0.0
2576629,중간,7,구술,0,0.0
2576629,중간,7,기타,0,0.0
2576654,중간,2,객관식,1,0.5
2576654,중간,2,주관식,1,0.5
2576654,중간,2,T/F형,0,0.0
2576654,중간,2,약술형,1,0.5
2576654,중간,2,논술형,1,0.5
2576654,중간,2,구술,0,0.0
2576654,중간,2,기타,0,0.0
2576684,중간,4,객관식,0,0.0
2576684,중간,4,주관식,4,1.0
2576684,중간,4,T/F형,0,0.0
2576684,중간,4,약술형,3,0.75
2576684,중간,4,논술형,0,0.0
2576684,중간,4,구술,0,0.0
2576684,중간,4,기타,0,0.0
2576687,중간,2,객관식,2,1.0
2576687,중간,2,주관식,2,1.0
2576687,중간,2,T/F형,2,1.0
2576687,중간,2,약술형,0,0.0
2576687,중간,2,논술형,0,0.0
2576687,중간,2,구술,0,0.0
2576687,중간,2,기타,0,0.0
2576693,중간,13,객관식,0,0.0
2576693,중간,13,주관식,5,0.384615
2576693,중간,13,T/F형,0,0.0
2576693,중간,13,약술형,1,0.076923
2576693,중간,13,논술형,12,0.923077
2576693,중간,13,구술,0,0.0
2576693,중간,13,기타,0,0.0
2576693,기말,9,객관식,0,0.0
2576693,기말,9,주관식,1,0.111111
2576693,기말,9,T/F형,0,0.0
2576693,기말,9,약술형,0,0.0
2576693,기말,9,논술형,8,0.888889
2576693,기말,9,구술,0,0.0
2576693,기말,9,기타,0,0.0
2576719,기말,1,객관식,0,0.0
2576719,기말,1,주관식,0,0.0
2576719,기말,1,T/F형,1,1.0
2576719,기말,1,약술형,0,0.0
2576719,기말,1,논술형,1,1.0
2576719,기말,1,구술,0,0.0
2576719,기말,1,기타,0,0.0
2576722,중간,6,객관식,6,1.0
2576722,중간,6,주관식,6,1.0
2576722,중간,6,T/F형,0,0.0
2576722,중간,6,약술형,1,0.166667
2576722,중간,6,논술형,2,0.333333
2576722,중간,6,구술,0,0.0
2576722,중간,6,기타,0,0.0
2576722,기말,1,객관식,1,1.0
2576722,기말,1,주관식,1,1.0
2576722,기말,1,T/F형,0,0.0
2576722,기말,1,약술형,1,1.0
2576722,기말,1,논술형,1,1.0
2576722,기말,1,구술,0,0.0
2576722,기말,1,기타,0,0.0
2576725,중간,1,객관식,0,0.0
2576725,중간,1,주관식,1,1.0
2576725,중간,1,T/F형,0,0.0
2576725,중간,1,약술형,1,1.0
2576725,중간,1,논술형,1,1.0
2576725,중간,1,구술,0,0.0
2576725,중간,1,기타,0,0.0
2576725,기말,1,객관식,0,0.0
2576725,기말,1,주관식,1,1.0
2576725,기말,1,T/F형,0,0.0
2576725,기말,1,약술형,0,0.0
2576725,기말,1,논술형,0,0.0
2576725,기말,1,구술,0,0.0
2576725,기말,1,기타,0,0.0
2576729,중간,3,객관식,0,0.0
2576729,중간,3,주관식,1,0.333333
2576729,중간,3,T/F형,0,0.0
2576729,중간,3,약술형,0,0.0
2576729,중간,3,논술형,0,0.0
2576729,중간,3,구술,0,0.0
2576729,중간,3,기타,0,0.0
2576732,중간,2,객관식,0,0.0
2576732,중간,2,주관식,1,0.5
2576732,중간,2,T/F형,1,0.5
2576732,중간,2,약술형,1,0.5
2576732,중간,2,논술형,1,0.5
2576732,중간,2,구술,0,0.0
2576732,중간,2,기타,0,0.0
2576733,중간,1,객관식,0,0.0
2576733,중간,1,주관식,1,1.0
2576733,중간,1,T/F형,0,0.0
2576733,중간,1,약술형,0,0.0
2576733,중간,1,논술형,0,0.0
2576733,중간,1,구술,0,0.0
2576733,중간,1,기타,0,0.0
2576738,중간,5,객관식,1,0.2
2576738,중간,5,주관식,5,1.0
2576738,중간,5,T/F형,1,0.2
2576738,중간,5,약술형,1,0.2
2576738,중간,5,논술형,1,0.2
2576738,중간,5,구술,0,0.0
2576738,중간,5,기타,0,0.0
2585660,중간,21,객관식,10,0.47619
2585660,중간,21,주관식,20,0.952381
2585660,중간,21,T/F형,0,0.0
2585660,중간,21,약술형,4,0.190476
2585660,중간,21,논술형,4,0.190476
2585660,중간,21,구술,1,0.047619
2585660,중간,21,기타,0,0.0
2585660,기말,5,객관식,2,0.4
2585660,기말,5,주관식,3,0.6
2585660,기말,5,T/F형,2,0.4
2585660,기말,5,약술형,2,0.4
2585660,기말,5,논술형,3,0.6
2585660,기말,5,구술,0,0.0
2585660,기말,5,기타,1,0.2
2585660,1차,1,객관식,0,0.0
2585660,1차,1,주관식,1,1.0
2585660,1차,1,T/F형,0,0.0
2585660,1차,1,약술형,0,0.0
2585660,1차,1,논술형,0,0.0
2585660,1차,1,구술,0,0.0
2585660,1차,1,기타,0,0.0
2585665,중간,18,객관식,0,0.0
2585665,중간,18,주관식,8,0.444444
2585665,중간,18,T/F형,0,0.0
2585665,중간,18,약술형,0,0.0
2585665,중간,18,논술형,11,0.611111
2585665,중간,18,구술,0,0.0
2585665,중간,18,기타,0,0.0
2585677,중간,3,객관식,0,0.0
2585677,중간,3,주관식,3,1.0
2585677,중간,3,T/F형,0,0.0
2585677,중간,3,약술형,2,0.666667
2585677,중간,3,논술형,0,0.0
2585677,중간,3,구술,0,0.0
2585677,중간,3,기타,0,0.0
2585677,기말,1,객관식,0,0.0
2585677,기말,1,주관식,1,1.0
2585677,기말,1,T/F형,0,0.0
2585677,기말,1,약술형,1,1.0
2585677,기말,1,논술형,0,0.0
2585677,기말,1,구술,0,0.0
2585677,기말,1,기타,0,0.0
2585684,기말,3,객관식,0,0.0
2585684,기말,3,주관식,0,0.0
2585684,기말,3,T/F형,0,0.0
2585684,기말,3,약술형,0,0.0
2585684,기말,3,논술형,2,0.666667
2585684,기말,3,구술,0,0.0
2585684,기말,3,기타,0,0.0
2585684,1차,1,객관식,0,0.0
2585684,1차,1,주관식,0,0.0
2585684,1차,1,T/F형,0,0.0
2585684,1차,1,약술형,0,0.0
2585684,1차,1,논술형,1,1.0
2585684,1차,1,구술,0,0.0
2585684,1차,1,기타,0,0.0
2587788,기말,1,객관식,0,0.0
2587788,기말,1,주관식,1,1.0
2587788,기말,1,T/F형,1,1.0
2587788,기말,1,약술형,0,0.0
2587788,기말,1,논술형,1,1.0
2587788,기말,1,구술,0,0.0
2587788,기말,1,기타,0,0.0
2587790,기타,1,객관식,0,0.0
2587790,기타,1,주관식,0,0.0
2587790,기타,1,T/F형,0,0.0
2587790,기타,1,약술형,0,0.0
2587790,기타,1,논술형,0,0.0
2587790,기타,1,구술,0,0.0
2587790,기타,1,기타,1,1.0
2587796,중간,1,객관식,0,0.0
2587796,중간,1,주관식,1,1.0
2587796,중간,1,T/F형,0,0.0
2587796,중간,1,약술형,0,0.0
2587796,중간,1,논술형,0,0.0
2587796,중간,1,구술,0,0.0
2587796,중간,1,기타,0,0.0
2587797,중간,2,객관식,0,0.0
2587797,중간,2,주관식,1,0.5
2587797,중간,2,T/F형,0,0.0
2587797,중간,2,약술형,0,0.0
2587797,중간,2,논술형,1,0.5
2587797,중간,2,구술,0,0.0
2587797,중간,2,기타,0,0.0
2587797,기말,2,객관식,1,0.5
2587797,기말,2,주관식,2,1.0
2587797,기말,2,T/F형,0,0.0
2587797,기말,2,약술형,0,0.0
2587797,기말,2,논술형,0,0.0
2587797,기말,2,구술,0,0.0
2587797,기말,2,기타,0,0.0
2587800,중간,1,객관식,0,0.0
2587800,중간,1,주관식,0,0.0
2587800,중간,1,T/F형,0,0.0
2587800,중간,1,약술형,1,1.0
2587800,중간,1,논술형,0,0.0
2587800,중간,1,구술,0,0.0
2587800,중간,1,기타,0,0.0
2587801,기말,1,객관식,0,0.0
2587801,기말,1,주관식,1,1.0
2587801,기말,1,T/F형,0,0.0
2587801,기말,1,약술형,0,0.0
2587801,기말,1,논술형,0,0.0
2587801,기말,1,구술,0,0.0
2587801,기말,1,기타,0,0.0
2587815,중간,15,객관식,14,0.933333
2587815,중간,15,주관식,14,0.933333
2587815,중간,15,T/F형,3,0.2
2587815,중간,15,약술형,4,0.266667
2587815,중간,15,논술형,4,0.266667
2587815,중간,15,구술,0,0.0
2587815,중간,15,기타,0,0.0
2587815,기말,4,객관식,2,0.5
2587815,기말,4,주관식,3,0.75
2587815,기말,4,T/F형,0,0.0
2587815,기말,4,약술형,2,0.5
2587815,기말,4,논술형,1,0.25
2587815,기말,4,구술,0,0.0
2587815,기말,4,기타,0,0.0
2587815,기타,1,객관식,0,0.0
2587815,기타,1,주관식,1,1.0
2587815,기타,1,T/F형,0,0.0
2587815,기타,1,약술형,0,0.0
2587815,기타,1,논술형,0,0.0
2587815,기타,1,구술,0,0.0
2587815,기타,1,기타,0,0.0
2594773,중간,9,객관식,0,0.0
2594773,중간,9,주관식,8,0.888889
2594773,중간,9,T/F형,0,0.0
2594773,중간,9,약술형,0,0.0
2594773,중간,9,논술형,2,0.222222
2594773,중간,9,구술,0,0.0
2594773,중간,9,기타,0,0.0
2594773,기말,9,객관식,1,0.111111
2594773,기말,9,주관식,7,0.777778
2594773,기말,9,T/F형,0,0.0
2594773,기말,9,약술형,1,0.111111
2594773,기말,9,논술형,1,0.111111
2594773,기말,9,구술,0,0.0
2594773,기말,9,기타,0,0.0
2594773,1차,1,객관식,1,1.0
2594773,1차,1,주관식,0,0.0
2594773,1차,1,T/F형,0,0.0
2594773,1차,1,약술형,0,0.0
2594773,1차,1,논술형,1,1.0
2594773,1차,1,구술,0,0.0
2594773,1차,1,기타,0,0.0
2657691,기말,3,객관식,0,0.0
2657691,기말,3,주관식,2,0.666667
2657691,기말,3,T/F형,0,0.0
2657691,기말,3,약술형,1,0.333333
2657691,기말,3,논술형,1,0.333333
2657691,기말,3,구술,0,0.0
2657691,기말,3,기타,0,0.0
2657692,기말,3,객관식,3,1.0
2657692,기말,3,주관식,3,1.0
2657692,기말,3,T/F형,0,0.0
2657692,기말,3,약술형,3,1.0
2657692,기말,3,논술형,1,0.333333
2657692,기말,3,구술,0,0.0
2657692,기말,3,기타,0,0.0
2657693,중간,1,객관식,0,0.0
2657693,중간,1,주관식,0,0.0
2657693,중간,1,T/F형,0,0.0
2657693,중간,1,약술형,0,0.0
2657693,중간,1,논술형,1,1.0
2657693,중간,1,구술,0,0.0
2657693,중간,1,기타,1,1.0
2657694,중간,2,객관식,1,0.5
2657694,중간,2,주관식,1,0.5
2657694,중간,2,T/F형,0,0.0
2657694,중간,2,약술형,0,0.0
2657694,중간,2,논술형,1,0.5
2657694,중간,2,구술,0,0.0
2657694,중간,2,기타,0,0.0
2657694,기말,3,객관식,0,0.0
2657694,기말,3,주관식,2,0.666667
2657694,기말,3,T/F형,0,0.0
2657694,기말,3,약술형,0,0.0
2657694,기말,3,논술형,1,0.333333
2657694,기말,3,구술,0,0.0
2657694,기말,3,기타,0,0.0
2657698,중간,1,객관식,0,0.0
2657698,중간,1,주관식,0,0.0
2657698,중간,1,T/F형,0,0.0
2657698,중간,1,약술형,0,0.0
2657698,중간,1,논술형,1,1.0
2657698,중간,1,구술,0,0.0
2657698,중간,1,기타,0,0.0
2657698,기말,4,객관식,0,0.0
2657698,기말,4,주관식,0,0.0
2657698,기말,4,T/F형,0,0.0
2657698,기말,4,약술형,0,0.0
2657698,기말,4,논술형,2,0.5
2657698,기말,4,구술,0,0.0
2657698,기말,4,기타,1,0.25
2657698,기타,4,객관식,0,0.0
2657698,기타,4,주관식,0,0.0
2657698,기타,4,T/F형,0,0.0
2657698,기타,4,약술형,0,0.0
2657698,기타,4,논술형,2,0.5
2657698,기타,4,구술,0,0.0
2657698,기타,4,기타,2,0.5
2657700,중간,12,객관식,11,0.916667
2657700,중간,12,주관식,7,0.583333
2657700,중간,12,T/F형,0,0.0
2657700,중간,12,약술형,1,0.083333
2657700,중간,12,논술형,0,0.0
2657700,중간,12,구술,0,0.0
2657700,중간,12,기타,0,0.0
2657700,기말,2,객관식,2,1.0
2657700,기말,2,주관식,1,0.5
2657700,기말,2,T/F형,0,0.0
2657700,기말,2,약술형,0,0.0
2657700,기말,2,논술형,1,0.5
2657700,기말,2,구술,0,0.0
2657700,기말,2,기타,0,0.0
2657745,중간,10,객관식,10,1.0
2657745,중간,10,주관식,0,0.0
2657745,중간,10,T/F형,0,0.0
2657745,중간,10,약술형,0,0.0
2657745,중간,10,논술형,0,0.0
2657745,중간,10,구술,0,0.0
2657745,중간,10,기타,0,0.0
2657745,기말,5,객관식,5,1.0
2657745,기말,5,주관식,0,0.0
2657745,기말,5,T/F형,0,0.0
2657745,기말,5,약술형,0,0.0
2657745,기말,5,논술형,0,0.0
2657745,기말,5,구술,0,0.0
2657745,기말,5,기타,0,0.0
2657745,1차,1,객관식,1,1.0
2657745,1차,1,주관식,0,0.0
2657745,1차,1,T/F형,0,0.0
2657745,1차,1,약술형,0,0.0
2657745,1차,1,논술형,0,0.0
2657745,1차,1,구술,0,0.0
2657745,1차,1,기타,0,0.0
2657747,중간,1,객관식,0,0.0
2657747,중간,1,주관식,0,0.0
2657747,중간,1,T/F형,0,0.0
2657747,중간,1,약술형,0,0.0
2657747,중간,1,논술형,0,0.0
2657747,중간,1,구술,0,0.0
2657747,중간,1,기타,1,1.0
2657753,중간,146,객관식,143,0.979452
2657753,중간,146,주관식,6,0.041096
2657753,중간,146,T/F형,1,0.006849
2657753,중간,146,약술형,1,0.006849
2657753,중간,146,논술형,1,0.006849
2657753,중간,146,구술,0,0.0
2657753,중간,146,기타,0,0.0
2657753,기말,54,객관식,53,0.981481
2657753,기말,54,주관식,0,0.0
2657753,기말,54,T/F형,1,0.018519
2657753,기말,54,약술형,0,0.0
2657753,기말,54,논술형,0,0.0
2657753,기말,54,구술,0,0.0
2657753,기말,54,기타,0,0.0
2657753,2차,1,객관식,1,1.0
2657753,2차,1,주관식,0,0.0
2657753,2차,1,T/F형,0,0.0
2657753,2차,1,약술형,0,0.0
2657753,2차,1,논술형,0,0.0
2657753,2차,1,구술,0,0.0
2657753,2차,1,기타,0,0.0
2657753,기타,2,객관식,1,0.5
2657753,기타,2,주관식,0,0.0
2657753,기타,2,T/F형,0,0.0
2657753,기타,2,약술형,0,0.0
2657753,기타,2,논술형,0,0.0
2657753,기타,2,구술,0,0.0
2657753,기타,2,기타,1,0.5
2657766,중간,2,객관식,0,0.0
2657766,중간,2,주관식,1,0.5
2657766,중간,2,T/F형,0,0.0
2657766,중간,2,약술형,0,0.0
2657766,중간,2,논술형,1,0.5
2657766,중간,2,구술,0,0.0
2657766,중간,2,기타,0,0.0
2657766,기말,1,객관식,0,0.0
2657766,기말,1,주관식,1,1.0
2657766,기말,1,T/F형,0,0.0
2657766,기말,1,약술형,0,0.0
2657766,기말,1,논술형,0,0.0
2657766,기말,1,구술,0,0.0
2657766,기말,1,기타,0,0.0
2657817,중간,2,객관식,2,1.0
2657817,중간,2,주관식,2,1.0
2657817,중간,2,T/F형,0,0.0
2657817,중간,2,약술형,1,0.5
2657817,중간,2,논술형,1,0.5
2657817,중간,2,구술,0,0.0
2657817,중간,2,기타,0,0.0
2657844,중간,2,객관식,0,0.0
2657844,중간,2,주관식,2,1.0
2657844,중간,2,T/F형,0,0.0
2657844,중간,2,약술형,0,0.0
2657844,중간,2,논술형,0,0.0
2657844,중간,2,구술,0,0.0
2657844,중간,2,기타,0,0.0
2657844,기말,4,객관식,0,0.0
2657844,기말,4,주관식,3,0.75
2657844,기말,4,T/F형,0,0.0
2657844,기말,4,약술형,0,0.0
2657844,기말,4,논술형,0,0.0
2657844,기말,4,구술,0,0.0
2657844,기말,4,기타,0,0.0
2657844,2차,1,객관식,0,0.0
2657844,2차,1,주관식,1,1.0
2657844,2차,1,T/F형,0,0.0
2657844,2차,1,약술형,0,0.0
2657844,2차,1,논술형,0,0.0
2657844,2차,1,구술,0,0.0
2657844,2차,1,기타,0,0.0
2657845,기말,1,객관식,0,0.0
2657845,기말,1,주관식,0,0.0
2657845,기말,1,T/F형,0,0.0
2657845,기말,1,약술형,0,0.0
2657845,기말,1,논술형,0,0.0
2657845,기말,1,구술,0,0.0
2657845,기말,1,기타,1,1.0
2657846,중간,1,객관식,1,1.0
2657846,중간,1,주관식,1,1.0
2657846,중간,1,T/F형,1,1.0
2657846,중간,1,약술형,1,1.0
2657846,중간,1,논술형,1,1.0
2657846,중간,1,구술,0,0.0
2657846,중간,1,기타,0,0.0
2657847,중간,2,객관식,0,0.0
2657847,중간,2,주관식,0,0.0
2657847,중간,2,T/F형,0,0.0
2657847,중간,2,약술형,0,0.0
2657847,중간,2,논술형,1,0.5
2657847,중간,2,구술,0,0.0
2657847,중간,2,기타,1,0.5
2657847,기타,2,객관식,0,0.0
2657847,기타,2,주관식,0,0.0
2657847,기타,2,T/F형,0,0.0
2657847,기타,2,약술형,0,0.0
2657847,기타,2,논술형,0,0.0
2657847,기타,2,구술,0,0.0
2657847,기타,2,기타,2,1.0
2657881,중간,7,객관식,1,0.142857
2657881,중간,7,주관식,5,0.714286
2657881,중간,7,T/F형,5,0.714286
2657881,중간,7,약술형,0,0.0
2657881,중간,7,논술형,1,0.142857
2657881,중간,7,구술,0,0.0
2657881,중간,7,기타,0,0.0
2657881,기말,1,객관식,0,0.0
2657881,기말,1,주관식,0,0.0
2657881,기말,1,T/F형,1,1.0
2657881,기말,1,약술형,0,0.0
2657881,기말,1,논술형,1,1.0
2657881,기말,1,구술,0,0.0
2657881,기말,1,기타,0,0.0
2657901,중간,3,객관식,0,0.0
2657901,중간,3,주관식,1,0.333333
2657901,중간,3,T/F형,0,0.0
2657901,중간,3,약술형,0,0.0
2657901,중간,3,논술형,2,0.666667
2657901,중간,3,구술,0,0.0
2657901,중간,3,기타,0,0.0
2657901,기말,2,객관식,0,0.0
2657901,기말,2,주관식,2,1.0
2657901,기말,2,T/F형,0,0.0
2657901,기말,2,약술형,0,0.0
2657901,기말,2,논술형,0,0.0
2657901,기말,2,구술,0,0.0
2657901,기말,2,기타,0,0.0
2657905,중간,15,객관식,0,0.0
2657905,중간,15,주관식,13,0.866667
2657905,중간,15,T/F형,0,0.0
2657905,중간,15,약술형,5,0.333333
2657905,중간,15,논술형,2,0.133333
2657905,중간,15,구술,0,0.0
2657905,중간,15,기타,1,0.066667
2657905,기말,2,객관식,1,0.5
2657905,기말,2,주관식,1,0.5
2657905,기말,2,T/F형,0,0.0
2657905,기말,2,약술형,0,0.0
2657905,기말,2,논술형,0,0.0
2657905,기말,2,구술,0,0.0
2657905,기말,2,기타,0,0.0
2657909,중간,1,객관식,1,1.0
2657909,중간,1,주관식,1,1.0
2657909,중간,1,T/F형,0,0.0
2657909,중간,1,약술형,0,0.0
2657909,중간,1,논술형,0,0.0
2657909,중간,1,구술,0,0.0
2657909,중간,1,기타,0,0.0
2657910,기말,1,객관식,0,0.0
2657910,기말,1,주관식,0,0.0
2657910,기말,1,T/F형,0,0.0
2657910,기말,1,약술형,0,0.0
2657910,기말,1,논술형,0,0.0
2657910,기말,1,구술,0,0.0
2657910,기말,1,기타,1,1.0
2657912,중간,2,객관식,0,0.0
2657912,중간,2,주관식,1,0.5
2657912,중간,2,T/F형,0,0.0
2657912,중간,2,약술형,0,0.0
2657912,중간,2,논술형,0,0.0
2657912,중간,2,구술,0,0.0
2657912,중간,2,기타,1,0.5
2658001,중간,5,객관식,2,0.4
2658001,중간,5,주관식,4,0.8
2658001,중간,5,T/F형,0,0.0
2658001,중간,5,약술형,0,0.0
2658001,중간,5,논술형,1,0.2
2658001,중간,5,구술,1,0.2
2658001,중간,5,기타,0,0.0
2658001,기말,1,객관식,0,0.0
2658001,기말,1,주관식,1,1.0
2658001,기말,1,T/F형,0,0.0
2658001,기말,1,약술형,0,0.0
2658001,기말,1,논술형,1,1.0
2658001,기말,1,구술,0,0.0
2658001,기말,1,기타,0,0.0
2660575,기타,1,객관식,0,0.0
2660575,기타,1,주관식,0,0.0
2660575,기타,1,T/F형,0,0.0
2660575,기타,1,약술형,0,0.0
2660575,기타,1,논술형,0,0.0
2660575,기타,1,구술,0,0.0
2660575,기타,1,기타,1,1.0
2660912,중간,6,객관식,5,0.833333
2660912,중간,6,주관식,6,1.0
2660912,중간,6,T/F형,0,0.0
2660912,중간,6,약술형,3,0.5
2660912,중간,6,논술형,0,0.0
2660912,중간,6,구술,0,0.0
2660912,중간,6,기타,0,0.0
2660912,기말,2,객관식,2,1.0
2660912,기말,2,주관식,2,1.0
2660912,기말,2,T/F형,0,0.0
2660912,기말,2,약술형,0,0.0
2660912,기말,2,논술형,0,0.0
2660912,기말,2,구술,0,0.0
2660912,기말,2,기타,0,0.0
2664859,중간,7,객관식,7,1.0
2664859,중간,7,주관식,2,0.285714
2664859,중간,7,T/F형,1,0.142857
2664859,중간,7,약술형,0,0.0
2664859,중간,7,논술형,1,0.142857
2664859,중간,7,구술,0,0.0
2664859,중간,7,기타,0,0.0
2666945,중간,13,객관식,13,1.0
2666945,중간,13,주관식,13,1.0
2666945,중간,13,T/F형,0,0.0
2666945,중간,13,약술형,7,0.538462
2666945,중간,13,논술형,8,0.615385
2666945,중간,13,구술,0,0.0
2666945,중간,13,기타,0,0.0
2666945,기말,2,객관식,1,0.5
2666945,기말,2,주관식,1,0.5
2666945,기말,2,T/F형,0,0.0
2666945,기말,2,약술형,0,0.0
2666945,기말,2,논술형,1,0.5
2666945,기말,2,구술,0,0.0
2666945,기말,2,기타,0,0.0
2667717,중간,10,객관식,0,0.0
2667717,중간,10,주관식,3,0.3
2667717,중간,10,T/F형,0,0.0
2667717,중간,10,약술형,0,0.0
2667717,중간,10,논술형,9,0.9
2667717,중간,10,구술,0,0.0
2667717,중간,10,기타,0,0.0
2667717,기말,3,객관식,0,0.0
2667717,기말,3,주관식,1,0.333333
2667717,기말,3,T/F형,0,0.0
2667717,기말,3,약술형,0,0.0
2667717,기말,3,논술형,2,0.666667
2667717,기말,3,구술,0,0.0
2667717,기말,3,기타,0,0.0
2667717,2차,1,객관식,0,0.0
2667717,2차,1,주관식,1,1.0
2667717,2차,1,T/F형,0,0.0
2667717,2차,1,약술형,0,0.0
2667717,2차,1,논술형,0,0.0
2667717,2차,1,구술,0,0.0
2667717,2차,1,기타,0,0.0
2676790,중간,1,객관식,1,1.0
2676790,중간,1,주관식,1,1.0
2676790,중간,1,T/F형,0,0.0
2676790,중간,1,약술형,0,0.0
2676790,중간,1,논술형,0,0.0
2676790,중간,1,구술,0,0.0
2676790,중간,1,기타,0,0.0
2676791,기말,1,객관식,0,0.0
2676791,기말,1,주관식,0,0.0
2676791,기말,1,T/F형,0,0.0
2676791,기말,1,약술형,0,0.0
2676791,기말,1,논술형,1,1.0
2676791,기말,1,구술,0,0.0
2676791,기말,1,기타,0,0.0
2676794,중간,4,객관식,0,0.0
2676794,중간,4,주관식,0,0.0
2676794,중간,4,T/F형,0,0.0
2676794,중간,4,약술형,0,0.0
2676794,중간,4,논술형,1,0.25
2676794,중간,4,구술,0,0.0
2676794,중간,4,기타,2,0.5
2676794,기말,1,객관식,0,0.0
2676794,기말,1,주관식,0,0.0
2676794,기말,1,T/F형,0,0.0
2676794,기말,1,약술형,0,0.0
2676794,기말,1,논술형,1,1.0
2676794,기말,1,구술,0,0.0
2676794,기말,1,기타,0,0.0
2685633,기타,1,객관식,0,0.0
2685633,기타,1,주관식,0,0.0
2685633,기타,1,T/F형,0,0.0
2685633,기타,1,약술형,0,0.0
2685633,기타,1,논술형,0,0.0
2685633,기타,1,구술,0,0.0
2685633,기타,1,기타,0,0.0
2748881,중간,2,객관식,2,1.0
2748881,중간,2,주관식,2,1.0
2748881,중간,2,T/F형,0,0.0
2748881,중간,2,약술형,0,0.0
2748881,중간,2,논술형,1,0.5
2748881,중간,2,구술,0,0.0
2748881,중간,2,기타,0,0.0
2748882,중간,5,객관식,0,0.0
2748882,중간,5,주관식,0,0.0
2748882,중간,5,T/F형,0,0.0
2748882,중간,5,약술형,0,0.0
2748882,중간,5,논술형,4,0.8
2748882,중간,5,구술,0,0.0
2748882,중간,5,기타,0,0.0
2748883,중간,4,객관식,1,0.25
2748883,중간,4,주관식,4,1.0
2748883,중간,4,T/F형,0,0.0
2748883,중간,4,약술형,1,0.25
2748883,중간,4,논술형,3,0.75
2748883,중간,4,구술,0,0.0
2748883,중간,4,기타,0,0.0
2748884,기말,11,객관식,0,0.0
2748884,기말,11,주관식,4,0.363636
2748884,기말,11,T/F형,0,0.0
2748884,기말,11,약술형,0,0.0
2748884,기말,11,논술형,8,0.727273
2748884,기말,11,구술,0,0.0
2748884,기말,11,기타,0,0.0
2748884,기타,1,객관식,0,0.0
2748884,기타,1,주관식,0,0.0
2748884,기타,1,T/F형,0,0.0
2748884,기타,1,약술형,0,0.0
2748884,기타,1,논술형,1,1.0
2748884,기타,1,구술,0,0.0
2748884,기타,1,기타,0,0.0
2748886,중간,10,객관식,1,0.1
2748886,중간,10,주관식,6,0.6
2748886,중간,10,T/F형,0,0.0
2748886,중간,10,약술형,5,0.5
2748886,중간,10,논술형,1,0.1
2748886,중간,10,구술,0,0.0
2748886,중간,10,기타,0,0.0
2748889,중간,11,객관식,10,0.909091
2748889,중간,11,주관식,5,0.454545
2748889,중간,11,T/F형,2,0.181818
2748889,중간,11,약술형,2,0.181818
2748889,중간,11,논술형,3,0.272727
2748889,중간,11,구술,0,0.0
2748889,중간,11,기타,0,0.0
2748889,기타,1,객관식,0,0.0
2748889,기타,1,주관식,0,0.0
2748889,기타,1,T/F형,0,0.0
2748889,기타,1,약술형,0,0.0
2748889,기타,1,논술형,1,1.0
2748889,기타,1,구술,0,0.0
2748889,기타,1,기타,0,0.0
2748890,중간,24,객관식,5,0.208333
2748890,중간,24,주관식,17,0.708333
2748890,중간,24,T/F형,19,0.791667
2748890,중간,24,약술형,15,0.625
2748890,중간,24,논술형,6,0.25
2748890,중간,24,구술,0,0.0
2748890,중간,24,기타,0,0.0
2748891,중간,18,객관식,12,0.666667
2748891,중간,18,주관식,13,0.722222
2748891,중간,18,T/F형,7,0.388889
2748891,중간,18,약술형,0,0.0
2748891,중간,18,논술형,0,0.0
2748891,중간,18,구술,1,0.055556
2748891,중간,18,기타,2,0.111111
2748891,1차,2,객관식,0,0.0
2748891,1차,2,주관식,0,0.0
2748891,1차,2,T/F형,0,0.0
2748891,1차,2,약술형,0,0.0
2748891,1차,2,논술형,0,0.0
2748891,1차,2,구술,2,1.0
2748891,1차,2,기타,0,0.0
2748891,기타,3,객관식,2,0.666667
2748891,기타,3,주관식,2,0.666667
2748891,기타,3,T/F형,0,0.0
2748891,기타,3,약술형,0,0.0
2748891,기타,3,논술형,0,0.0
2748891,기타,3,구술,0,0.0
2748891,기타,3,기타,1,0.333333
2748892,중간,12,객관식,10,0.833333
2748892,중간,12,주관식,7,0.583333
2748892,중간,12,T/F형,6,0.5
2748892,중간,12,약술형,0,0.0
2748892,중간,12,논술형,1,0.083333
2748892,중간,12,구술,0,0.0
2748892,중간,12,기타,1,0.083333
2748892,기말,1,객관식,1,1.0
2748892,기말,1,주관식,1,1.0
2748892,기말,1,T/F형,0,0.0
2748892,기말,1,약술형,0,0.0
2748892,기말,1,논술형,0,0.0
2748892,기말,1,구술,0,0.0
2748892,기말,1,기타,0,0.0
2748892,1차,3,객관식,3,1.0
2748892,1차,3,주관식,1,0.333333
2748892,1차,3,T/F형,2,0.666667
2748892,1차,3,약술형,0,0.0
2748892,1차,3,논술형,0,0.0
2748892,1차,3,구술,0,0.0
2748892,1차,3,기타,0,0.0
2748892,기타,1,객관식,0,0.0
2748892,기타,1,주관식,0,0.0
2748892,기타,1,T/F형,0,0.0
2748892,기타,1,약술형,0,0.0
2748892,기타,1,논술형,0,0.0
2748892,기타,1,구술,0,0.0
2748892,기타,1,기타,0,0.0
2748893,중간,1,객관식,1,1.0
2748893,중간,1,주관식,1,1.0
2748893,중간,1,T/F형,0,0.0
2748893,중간,1,약술형,0,0.0
2748893,중간,1,논술형,0,0.0
2748893,중간,1,구술,0,0.0
2748893,중간,1,기타,0,0.0
2748893,기말,1,객관식,1,1.0
2748893,기말,1,주관식,1,1.0
2748893,기말,1,T/F형,0,0.0
2748893,기말,1,약술형,0,0.0
2748893,기말,1,논술형,0,0.0
2748893,기말,1,구술,0,0.0
2748893,기말,1,기타,0,0.0
2748897,중간,6,객관식,6,1.0
2748897,중간,6,주관식,5,0.833333
2748897,중간,6,T/F형,2,0.333333
2748897,중간,6,약술형,3,0.5
2748897,중간,6,논술형,2,0.333333
2748897,중간,6,구술,0,0.0
2748897,중간,6,기타,0,0.0
2748897,기말,3,객관식,3,1.0
2748897,기말,3,주관식,2,0.666667
2748897,기말,3,T/F형,1,0.333333
2748897,기말,3,약술형,2,0.666667
2748897,기말,3,논술형,0,0.0
2748897,기말,3,구술,0,0.0
2748897,기말,3,기타,0,0.0
2748897,1차,1,객관식,1,1.0
2748897,1차,1,주관식,0,0.0
2748897,1차,1,T/F형,0,0.0
2748897,1차,1,약술형,0,0.0
2748897,1차,1,논술형,0,0.0
2748897,1차,1,구술,0,0.0
2748897,1차,1,기타,0,0.0
2748898,중간,14,객관식,14,1.0
2748898,중간,14,주관식,0,0.0
2748898,중간,14,T/F형,6,0.428571
2748898,중간,14,약술형,0,0.0
2748898,중간,14,논술형,0,0.0
2748898,중간,14,구술,0,0.0
2748898,중간,14,기타,0,0.0
2748898,기말,6,객관식,6,1.0
2748898,기말,6,주관식,0,0.0
2748898,기말,6,T/F형,3,0.5
2748898,기말,6,약술형,0,0.0
2748898,기말,6,논술형,0,0.0
2748898,기말,6,구술,0,0.0
2748898,기말,6,기타,0,0.0
2748900,중간,10,객관식,8,0.8
2748900,중간,10,주관식,5,0.5
2748900,중간,10,T/F형,1,0.1
2748900,중간,10,약술형,9,0.9
2748900,중간,10,논술형,2,0.2
2748900,중간,10,구술,0,0.0
2748900,중간,10,기타,0,0.0
2748901,중간,2,객관식,2,1.0
2748901,중간,2,주관식,2,1.0
2748901,중간,2,T/F형,1,0.5
2748901,중간,2,약술형,1,0.5
2748901,중간,2,논술형,0,0.0
2748901,중간,2,구술,0,0.0
2748901,중간,2,기타,0,0.0
2748901,기타,1,객관식,0,0.0
2748901,기타,1,주관식,1,1.0
2748901,기타,1,T/F형,0,0.0
2748901,기타,1,약술형,0,0.0
2748901,기타,1,논술형,0,0.0
2748901,기타,1,구술,0,0.0
2748901,기타,1,기타,0,0.0
2748902,중간,3,객관식,0,0.0
2748902,중간,3,주관식,1,0.333333
2748902,중간,3,T/F형,0,0.0
2748902,중간,3,약술형,0,0.0
2748902,중간,3,논술형,2,0.666667
2748902,중간,3,구술,0,0.0
2748902,중간,3,기타,0,0.0
2748902,기타,1,객관식,0,0.0
2748902,기타,1,주관식,0,0.0
2748902,기타,1,T/F형,0,0.0
2748902,기타,1,약술형,0,0.0
2748902,기타,1,논술형,1,1.0
2748902,기타,1,구술,0,0.0
2748902,기타,1,기타,0,0.0
2748905,중간,1,객관식,0,0.0
2748905,중간,1,주관식,0,0.0
2748905,중간,1,T/F형,0,0.0
2748905,중간,1,약술형,0,0.0
2748905,중간,1,논술형,0,0.0
2748905,중간,1,구술,0,0.0
2748905,중간,1,기타,1,1.0
2748905,기말,1,객관식,1,1.0
2748905,기말,1,주관식,1,1.0
2748905,기말,1,T/F형,0,0.0
2748905,기말,1,약술형,0,0.0
2748905,기말,1,논술형,0,0.0
2748905,기말,1,구술,0,0.0
2748905,기말,1,기타,0,0.0
2748908,중간,7,객관식,2,0.285714
2748908,중간,7,주관식,7,1.0
2748908,중간,7,T/F형,0,0.0
2748908,중간,7,약술형,2,0.285714
2748908,중간,7,논술형,1,0.142857
2748908,중간,7,구술,0,0.0
2748908,중간,7,기타,0,0.0
2748908,기말,5,객관식,5,1.0
2748908,기말,5,주관식,5,1.0
2748908,기말,5,T/F형,0,0.0
2748908,기말,5,약술형,0,0.0
2748908,기말,5,논술형,0,0.0
2748908,기말,5,구술,0,0.0
2748908,기말,5,기타,0,0.0
2748908,기타,2,객관식,2,1.0
2748908,기타,2,주관식,2,1.0
2748908,기타,2,T/F형,0,0.0
2748908,기타,2,약술형,0,0.0
2748908,기타,2,논술형,0,0.0
2748908,기타,2,구술,0,0.0
2748908,기타,2,기타,0,0.0
2748911,기말,3,객관식,0,0.0
2748911,기말,3,주관식,0,0.0
2748911,기말,3,T/F형,0,0.0
2748911,기말,3,약술형,0,0.0
2748911,기말,3,논술형,0,0.0
2748911,기말,3,구술,0,0.0
2748911,기말,3,기타,3,1.0
2748911,기타,2,객관식,0,0.0
2748911,기타,2,주관식,1,0.5
2748911,기타,2,T/F형,0,0.0
2748911,기타,2,약술형,0,0.0
2748911,기타,2,논술형,1,0.5
2748911,기타,2,구술,0,0.0
2748911,기타,2,기타,0,0.0
2748914,중간,33,객관식,1,0.030303
2748914,중간,33,주관식,12,0.363636
2748914,중간,33,T/F형,0,0.0
2748914,중간,33,약술형,2,0.060606
2748914,중간,33,논술형,22,0.666667
2748914,중간,33,구술,0,0.0
2748914,중간,33,기타,1,0.030303
2748914,기말,14,객관식,0,0.0
2748914,기말,14,주관식,3,0.214286
2748914,기말,14,T/F형,0,0.0
2748914,기말,14,약술형,0,0.0
2748914,기말,14,논술형,13,0.928571
2748914,기말,14,구술,0,0.0
2748914,기말,14,기타,0,0.0
2748917,중간,3,객관식,0,0.0
2748917,중간,3,주관식,2,0.666667
2748917,중간,3,T/F형,0,0.0
2748917,중간,3,약술형,0,0.0
2748917,중간,3,논술형,1,0.333333
2748917,중간,3,구술,0,0.0
2748917,중간,3,기타,0,0.0
2748917,기말,3,객관식,0,0.0
2748917,기말,3,주관식,2,0.666667
2748917,기말,3,T/F형,0,0.0
2748917,기말,3,약술형,0,0.0
2748917,기말,3,논술형,0,0.0
2748917,기말,3,구술,0,0.0
2748917,기말,3,기타,0,0.0
2748918,중간,3,객관식,0,0.0
2748918,중간,3,주관식,2,0.666667
2748918,중간,3,T/F형,0,0.0
2748918,중간,3,약술형,2,0.666667
2748918,중간,3,논술형,2,0.666667
2748918,중간,3,구술,0,0.0
2748918,중간,3,기타,0,0.0
2748918,2차,1,객관식,0,0.0
2748918,2차,1,주관식,1,1.0
2748918,2차,1,T/F형,0,0.0
2748918,2차,1,약술형,0,0.0
2748918,2차,1,논술형,0,0.0
2748918,2차,1,구술,0,0.0
2748918,2차,1,기타,0,0.0
2748919,중간,4,객관식,0,0.0
2748919,중간,4,주관식,4,1.0
2748919,중간,4,T/F형,0,0.0
2748919,중간,4,약술형,0,0.0
2748919,중간,4,논술형,2,0.5
2748919,중간,4,구술,1,0.25
2748919,중간,4,기타,0,0.0
2748919,기말,1,객관식,0,0.0
2748919,기말,1,주관식,0,0.0
2748919,기말,1,T/F형,0,0.0
2748919,기말,1,약술형,0,0.0
2748919,기말,1,논술형,1,1.0
2748919,기말,1,구술,0,0.0
2748919,기말,1,기타,0,0.0
2748925,중간,6,객관식,0,0.0
2748925,중간,6,주관식,5,0.833333
2748925,중간,6,T/F형,0,0.0
2748925,중간,6,약술형,2,0.333333
2748925,중간,6,논술형,2,0.333333
2748925,중간,6,구술,0,0.0
2748925,중간,6,기타,0,0.0
2748925,기말,2,객관식,0,0.0
2748925,기말,2,주관식,2,1.0
2748925,기말,2,T/F형,0,0.0
2748925,기말,2,약술형,0,0.0
2748925,기말,2,논술형,1,0.5
2748925,기말,2,구술,0,0.0
2748925,기말,2,기타,0,0.0
2748926,중간,14,객관식,1,0.071429
2748926,중간,14,주관식,12,0.857143
2748926,중간,14,T/F형,0,0.0
2748926,중간,14,약술형,0,0.0
2748926,중간,14,논술형,6,0.428571
2748926,중간,14,구술,0,0.0
2748926,중간,14,기타,0,0.0
2748926,기말,4,객관식,0,0.0
2748926,기말,4,주관식,3,0.75
2748926,기말,4,T/F형,0,0.0
2748926,기말,4,약술형,0,0.0
2748926,기말,4,논술형,3,0.75
2748926,기말,4,구술,0,0.0
2748926,기말,4,기타,0,0.0
2748927,기말,1,객관식,0,0.0
2748927,기말,1,주관식,0,0.0
2748927,기말,1,T/F형,0,0.0
2748927,기말,1,약술형,0,0.0
2748927,기말,1,논술형,0,0.0
2748927,기말,1,구술,0,0.0
2748927,기말,1,기타,1,1.0
2748927,기타,1,객관식,0,0.0
2748927,기타,1,주관식,0,0.0
2748927,기타,1,T/F형,0,0.0
2748927,기타,1,약술형,0,0.0
2748927,기타,1,논술형,0,0.0
2748927,기타,1,구술,0,0.0
2748927,기타,1,기타,1,1.0
2748929,기말,4,객관식,0,0.0
2748929,기말,4,주관식,3,0.75
2748929,기말,4,T/F형,1,0.25
2748929,기말,4,약술형,1,0.25
2748929,기말,4,논술형,1,0.25
2748929,기말,4,구술,0,0.0
2748929,기말,4,기타,0,0.0
2748930,중간,18,객관식,2,0.111111
2748930,중간,18,주관식,14,0.777778
2748930,중간,18,T/F형,13,0.722222
2748930,중간,18,약술형,2,0.111111
2748930,중간,18,논술형,6,0.333333
2748930,중간,18,구술,0,0.0
2748930,중간,18,기타,1,0.055556
2748930,기말,9,객관식,0,0.0
2748930,기말,9,주관식,7,0.777778
2748930,기말,9,T/F형,6,0.666667
2748930,기말,9,약술형,0,0.0
2748930,기말,9,논술형,3,0.333333
2748930,기말,9,구술,0,0.0
2748930,기말,9,기타,0,0.0
2748930,1차,12,객관식,1,0.083333
2748930,1차,12,주관식,9,0.75
2748930,1차,12,T/F형,10,0.833333
2748930,1차,12,약술형,4,0.333333
2748930,1차,12,논술형,2,0.166667
2748930,1차,12,구술,0,0.0
2748930,1차,12,기타,0,0.0
2748930,2차,2,객관식,0,0.0
2748930,2차,2,주관식,1,0.5
2748930,2차,2,T/F형,1,0.5
2748930,2차,2,약술형,0,0.0
2748930,2차,2,논술형,1,0.5
2748930,2차,2,구술,0,0.0
2748930,2차,2,기타,0,0.0
2748930,3차,1,객관식,0,0.0
2748930,3차,1,주관식,0,0.0
2748930,3차,1,T/F형,1,1.0
2748930,3차,1,약술형,0,0.0
2748930,3차,1,논술형,1,1.0
2748930,3차,1,구술,0,0.0
2748930,3차,1,기타,0,0.0
2748933,기말,11,객관식,0,0.0
2748933,기말,11,주관식,4,0.363636
2748933,기말,11,T/F형,0,0.0
2748933,기말,11,약술형,1,0.090909
2748933,기말,11,논술형,5,0.454545
2748933,기말,11,구술,0,0.0
2748933,기말,11,기타,1,0.090909
2748934,중간,2,객관식,0,0.0
2748934,중간,2,주관식,2,1.0
2748934,중간,2,T/F형,0,0.0
2748934,중간,2,약술형,0,0.0
2748934,중간,2,논술형,0,0.0
2748934,중간,2,구술,0,0.0
2748934,중간,2,기타,0,0.0
2748934,기말,1,객관식,0,0.0
2748934,기말,1,주관식,0,0.0
2748934,기말,1,T/F형,0,0.0
2748934,기말,1,약술형,0,0.0
2748934,기말,1,논술형,1,1.0
2748934,기말,1,구술,0,0.0
2748934,기말,1,기타,0,0.0
2748934,1차,1,객관식,0,0.0
2748934,1차,1,주관식,1,1.0
2748934,1차,1,T/F형,0,0.0
2748934,1차,1,약술형,0,0.0
2748934,1차,1,논술형,1,1.0
2748934,1차,1,구술,0,0.0
2748934,1차,1,기타,0,0.0
2748934,기타,1,객관식,0,0.0
2748934,기타,1,주관식,0,0.0
2748934,기타,1,T/F형,0,0.0
2748934,기타,1,약술형,0,0.0
2748934,기타,1,논술형,0,0.0
2748934,기타,1,구술,0,0.0
2748934,기타,1,기타,1,1.0
2748936,중간,2,객관식,2,1.0
2748936,중간,2,주관식,1,0.5
2748936,중간,2,T/F형,1,0.5
2748936,중간,2,약술형,1,0.5
2748936,중간,2,논술형,0,0.0
2748936,중간,2,구술,0,0.0
2748936,중간,2,기타,0,0.0
2748937,기말,2,객관식,0,0.0
2748937,기말,2,주관식,1,0.5
2748937,기말,2,T/F형,0,0.0
2748937,기말,2,약술형,0,0.0
2748937,기말,2,논술형,2,1.0
2748937,기말,2,구술,0,0.0
2748937,기말,2,기타,0,0.0
2748943,중간,2,객관식,1,0.5
2748943,중간,2,주관식,2,1.0
2748943,중간,2,T/F형,2,1.0
2748943,중간,2,약술형,1,0.5
2748943,중간,2,논술형,1,0.5
2748943,중간,2,구술,0,0.0
2748943,중간,2,기타,0,0.0
2748943,기말,1,객관식,0,0.0
2748943,기말,1,주관식,0,0.0
2748943,기말,1,T/F형,1,1.0
2748943,기말,1,약술형,1,1.0
2748943,기말,1,논술형,1,1.0
2748943,기말,1,구술,0,0.0
2748943,기말,1,기타,0,0.0
2748944,중간,2,객관식,0,0.0
2748944,중간,2,주관식,0,0.0
2748944,중간,2,T/F형,0,0.0
2748944,중간,2,약술형,0,0.0
2748944,중간,2,논술형,2,1.0
2748944,중간,2,구술,0,0.0
2748944,중간,2,기타,0,0.0
2748944,기말,2,객관식,0,0.0
2748944,기말,2,주관식,1,0.5
2748944,기말,2,T/F형,0,0.0
2748944,기말,2,약술형,0,0.0
2748944,기말,2,논술형,2,1.0
2748944,기말,2,구술,0,0.0
2748944,기말,2,기타,0,0.0
2748944,1차,1,객관식,0,0.0
2748944,1차,1,주관식,1,1.0
2748944,1차,1,T/F형,0,0.0
2748944,1차,1,약술형,0,0.0
2748944,1차,1,논술형,1,1.0
2748944,1차,1,구술,0,0.0
2748944,1차,1,기타,0,0.0
2748947,기말,59,객관식,59,1.0
2748947,기말,59,주관식,2,0.033898
2748947,기말,59,T/F형,1,0.016949
2748947,기말,59,약술형,0,0.0
2748947,기말,59,논술형,0,0.0
2748947,기말,59,구술,0,0.0
2748947,기말,59,기타,0,0.0
2748948,중간,1,객관식,0,0.0
2748948,중간,1,주관식,0,0.0
2748948,중간,1,T/F형,0,0.0
2748948,중간,1,약술형,0,0.0
2748948,중간,1,논술형,0,0.0
2748948,중간,1,구술,0,0.0
2748948,중간,1,기타,0,0.0
2748948,기말,3,객관식,0,0.0
2748948,기말,3,주관식,0,0.0
2748948,기말,3,T/F형,0,0.0
2748948,기말,3,약술형,0,0.0
2748948,기말,3,논술형,0,0.0
2748948,기말,3,구술,0,0.0
2748948,기말,3,기타,2,0.666667
2748948,1차,1,객관식,0,0.0
2748948,1차,1,주관식,0,0.0
2748948,1차,1,T/F형,0,0.0
2748948,1차,1,약술형,0,0.0
2748948,1차,1,논술형,0,0.0
2748948,1차,1,구술,0,0.0
2748948,1차,1,기타,1,1.0
2748950,기타,2,객관식,0,0.0
2748950,기타,2,주관식,0,0.0
2748950,기타,2,T/F형,0,0.0
2748950,기타,2,약술형,0,0.0
2748950,기타,2,논술형,0,0.0
2748950,기타,2,구술,0,0.0
2748950,기타,2,기타,2,1.0
2748951,중간,1,객관식,0,0.0
2748951,중간,1,주관식,0,0.0
2748951,중간,1,T/F형,0,0.0
2748951,중간,1,약술형,0,0.0
2748951,중간,1,논술형,0,0.0
2748951,중간,1,구술,0,0.0
2748951,중간,1,기타,1,1.0
2748951,기말,2,객관식,0,0.0
2748951,기말,2,주관식,0,0.0
2748951,기말,2,T/F형,0,0.0
2748951,기말,2,약술형,0,0.0
2748951,기말,2,논술형,1,0.5
2748951,기말,2,구술,1,0.5
2748951,기말,2,기타,1,0.5
2748958,중간,4,객관식,2,0.5
2748958,중간,4,주관식,0,0.0
2748958,중간,4,T/F형,0,0.0
2748958,중간,4,약술형,0,0.0
2748958,중간,4,논술형,2,0.5
2748958,중간,4,구술,0,0.0
2748958,중간,4,기타,1,0.25
2748958,기말,22,객관식,21,0.954545
2748958,기말,22,주관식,1,0.045455
2748958,기말,22,T/F형,0,0.0
2748958,기말,22,약술형,1,0.045455
2748958,기말,22,논술형,1,0.045455
2748958,기말,22,구술,0,0.0
2748958,기말,22,기타,0,0.0
2748962,기말,3,객관식,0,0.0
2748962,기말,3,주관식,3,1.0
2748962,기말,3,T/F형,0,0.0
2748962,기말,3,약술형,3,1.0
2748962,기말,3,논술형,3,1.0
2748962,기말,3,구술,0,0.0
2748962,기말,3,기타,0,0.0
2748963,중간,1,객관식,0,0.0
2748963,중간,1,주관식,0,0.0
2748963,중간,1,T/F형,0,0.0
2748963,중간,1,약술형,0,0.0
2748963,중간,1,논술형,0,0.0
2748963,중간,1,구술,0,0.0
2748963,중간,1,기타,1,1.0
2748965,기말,1,객관식,0,0.0
2748965,기말,1,주관식,0,0.0
2748965,기말,1,T/F형,0,0.0
2748965,기말,1,약술형,0,0.0
2748965,기말,1,논술형,0,0.0
2748965,기말,1,구술,0,0.0
2748965,기말,1,기타,1,1.0
2748966,중간,8,객관식,0,0.0
2748966,중간,8,주관식,1,0.125
2748966,중간,8,T/F형,0,0.0
2748966,중간,8,약술형,0,0.0
2748966,중간,8,논술형,1,0.125
2748966,중간,8,구술,7,0.875
2748966,중간,8,기타,3,0.375
2748966,기말,5,객관식,0,0.0
2748966,기말,5,주관식,2,0.4
2748966,기말,5,T/F형,0,0.0
2748966,기말,5,약술형,1,0.2
2748966,기말,5,논술형,3,0.6
2748966,기말,5,구술,0,0.0
2748966,기말,5,기타,0,0.0
2748975,중간,1,객관식,1,1.0
2748975,중간,1,주관식,0,0.0
2748975,중간,1,T/F형,0,0.0
2748975,중간,1,약술형,0,0.0
2748975,중간,1,논술형,1,1.0
2748975,중간,1,구술,0,0.0
2748975,중간,1,기타,0,0.0
2748975,기말,2,객관식,2,1.0
2748975,기말,2,주관식,2,1.0
2748975,기말,2,T/F형,0,0.0
2748975,기말,2,약술형,0,0.0
2748975,기말,2,논술형,1,0.5
2748975,기말,2,구술,0,0.0
2748975,기말,2,기타,0,0.0
2748977,중간,14,객관식,12,0.857143
2748977,중간,14,주관식,14,1.0
2748977,중간,14,T/F형,1,0.071429
2748977,중간,14,약술형,1,0.071429
2748977,중간,14,논술형,0,0.0
2748977,중간,14,구술,0,0.0
2748977,중간,14,기타,0,0.0
2748977,기말,4,객관식,4,1.0
2748977,기말,4,주관식,3,0.75
2748977,기말,4,T/F형,1,0.25
2748977,기말,4,약술형,0,0.0
2748977,기말,4,논술형,0,0.0
2748977,기말,4,구술,0,0.0
2748977,기말,4,기타,0,0.0
2748978,중간,10,객관식,10,1.0
2748978,중간,10,주관식,0,0.0
2748978,중간,10,T/F형,5,0.5
2748978,중간,10,약술형,0,0.0
2748978,중간,10,논술형,0,0.0
2748978,중간,10,구술,0,0.0
2748978,중간,10,기타,0,0.0
2748980,중간,9,객관식,8,0.888889
2748980,중간,9,주관식,8,0.888889
2748980,중간,9,T/F형,0,0.0
2748980,중간,9,약술형,4,0.444444
2748980,중간,9,논술형,5,0.555556
2748980,중간,9,구술,0,0.0
2748980,중간,9,기타,0,0.0
2748980,기말,1,객관식,1,1.0
2748980,기말,1,주관식,1,1.0
2748980,기말,1,T/F형,0,0.0
2748980,기말,1,약술형,1,1.0
2748980,기말,1,논술형,0,0.0
2748980,기말,1,구술,0,0.0
2748980,기말,1,기타,0,0.0
2748984,기말,2,객관식,2,1.0
2748984,기말,2,주관식,2,1.0
2748984,기말,2,T/F형,1,0.5
2748984,기말,2,약술형,0,0.0
2748984,기말,2,논술형,0,0.0
2748984,기말,2,구술,0,0.0
2748984,기말,2,기타,0,0.0
2748993,중간,4,객관식,3,0.75
2748993,중간,4,주관식,2,0.5
2748993,중간,4,T/F형,0,0.0
2748993,중간,4,약술형,0,0.0
2748993,중간,4,논술형,0,0.0
2748993,중간,4,구술,0,0.0
2748993,중간,4,기타,0,0.0
2748994,중간,1,객관식,1,1.0
2748994,중간,1,주관식,0,0.0
2748994,중간,1,T/F형,0,0.0
2748994,중간,1,약술형,1,1.0
2748994,중간,1,논술형,0,0.0
2748994,중간,1,구술,0,0.0
2748994,중간,1,기타,0,0.0
2748994,기말,1,객관식,1,1.0
2748994,기말,1,주관식,0,0.0
2748994,기말,1,T/F형,0,0.0
2748994,기말,1,약술형,1,1.0
2748994,기말,1,논술형,0,0.0
2748994,기말,1,구술,0,0.0
2748994,기말,1,기타,0,0.0
2748996,중간,2,객관식,0,0.0
2748996,중간,2,주관식,1,0.5
2748996,중간,2,T/F형,2,1.0
2748996,중간,2,약술형,1,0.5
2748996,중간,2,논술형,1,0.5
2748996,중간,2,구술,0,0.0
2748996,중간,2,기타,0,0.0
2748999,중간,1,객관식,1,1.0
2748999,중간,1,주관식,1,1.0
2748999,중간,1,T/F형,1,1.0
2748999,중간,1,약술형,0,0.0
2748999,중간,1,논술형,0,0.0
2748999,중간,1,구술,0,0.0
2748999,중간,1,기타,0,0.0
2749002,중간,2,객관식,1,0.5
2749002,중간,2,주관식,1,0.5
2749002,중간,2,T/F형,0,0.0
2749002,중간,2,약술형,0,0.0
2749002,중간,2,논술형,1,0.5
2749002,중간,2,구술,0,0.0
2749002,중간,2,기타,0,0.0
2749006,중간,2,객관식,1,0.5
2749006,중간,2,주관식,1,0.5
2749006,중간,2,T/F형,0,0.0
2749006,중간,2,약술형,0,0.0
2749006,중간,2,논술형,0,0.0
2749006,중간,2,구술,0,0.0
2749006,중간,2,기타,1,0.5
2749015,중간,1,객관식,0,0.0
2749015,중간,1,주관식,1,1.0
2749015,중간,1,T/F형,0,0.0
2749015,중간,1,약술형,0,0.0
2749015,중간,1,논술형,1,1.0
2749015,중간,1,구술,0,0.0
2749015,중간,1,기타,0,0.0
2749018,중간,7,객관식,3,0.428571
2749018,중간,7,주관식,5,0.714286
2749018,중간,7,T/F형,6,0.857143
2749018,중간,7,약술형,1,0.142857
2749018,중간,7,논술형,0,0.0
2749018,중간,7,구술,0,0.0
2749018,중간,7,기타,0,0.0
2749020,기타,1,객관식,0,0.0
2749020,기타,1,주관식,0,0.0
2749020,기타,1,T/F형,0,0.0
2749020,기타,1,약술형,0,0.0
2749020,기타,1,논술형,0,0.0
2749020,기타,1,구술,0,0.0
2749020,기타,1,기타,1,1.0
2749033,중간,3,객관식,0,0.0
2749033,중간,3,주관식,3,1.0
2749033,중간,3,T/F형,0,0.0
2749033,중간,3,약술형,0,0.0
2749033,중간,3,논술형,1,0.333333
2749033,중간,3,구술,0,0.0
2749033,중간,3,기타,0,0.0
2749039,기말,1,객관식,0,0.0
2749039,기말,1,주관식,1,1.0
2749039,기말,1,T/F형,0,0.0
2749039,기말,1,약술형,0,0.0
2749039,기말,1,논술형,0,0.0
2749039,기말,1,구술,0,0.0
2749039,기말,1,기타,0,0.0
2749055,중간,1,객관식,1,1.0
2749055,중간,1,주관식,1,1.0
2749055,중간,1,T/F형,0,0.0
2749055,중간,1,약술형,0,0.0
2749055,중간,1,논술형,0,0.0
2749055,중간,1,구술,0,0.0
2749055,중간,1,기타,0,0.0
2749057,중간,28,객관식,8,0.285714
2749057,중간,28,주관식,21,0.75
2749057,중간,28,T/F형,23,0.821429
2749057,중간,28,약술형,6,0.214286
2749057,중간,28,논술형,6,0.214286
2749057,중간,28,구술,0,0.0
2749057,중간,28,기타,0,0.0
2749057,기말,8,객관식,2,0.25
2749057,기말,8,주관식,7,0.875
2749057,기말,8,T/F형,6,0.75
2749057,기말,8,약술형,0,0.0
2749057,기말,8,논술형,3,0.375
2749057,기말,8,구술,0,0.0
2749057,기말,8,기타,0,0.0
2749058,중간,1,객관식,1,1.0
2749058,중간,1,주관식,1,1.0
2749058,중간,1,T/F형,0,0.0
2749058,중간,1,약술형,0,0.0
2749058,중간,1,논술형,0,0.0
2749058,중간,1,구술,0,0.0
2749058,중간,1,기타,0,0.0
2749059,중간,4,객관식,0,0.0
2749059,중간,4,주관식,2,0.5
2749059,중간,4,T/F형,2,0.5
2749059,중간,4,약술형,2,0.5
2749059,중간,4,논술형,4,1.0
2749059,중간,4,구술,0,0.0
2749059,중간,4,기타,0,0.0
2749064,기말,3,객관식,0,0.0
2749064,기말,3,주관식,3,1.0
2749064,기말,3,T/F형,3,1.0
2749064,기말,3,약술형,0,0.0
2749064,기말,3,논술형,1,0.333333
2749064,기말,3,구술,0,0.0
2749064,기말,3,기타,0,0.0
2749065,중간,1,객관식,0,0.0
2749065,중간,1,주관식,0,0.0
2749065,중간,1,T/F형,0,0.0
2749065,중간,1,약술형,0,0.0
2749065,중간,1,논술형,0,0.0
2749065,중간,1,구술,0,0.0
2749065,중간,1,기타,1,1.0
2749066,중간,8,객관식,2,0.25
2749066,중간,8,주관식,7,0.875
2749066,중간,8,T/F형,0,0.0
2749066,중간,8,약술형,4,0.5
2749066,중간,8,논술형,2,0.25
2749066,중간,8,구술,0,0.0
2749066,중간,8,기타,0,0.0
2749066,기말,3,객관식,0,0.0
2749066,기말,3,주관식,2,0.666667
2749066,기말,3,T/F형,0,0.0
2749066,기말,3,약술형,0,0.0
2749066,기말,3,논술형,0,0.0
2749066,기말,3,구술,0,0.0
2749066,기말,3,기타,0,0.0
2749074,중간,2,객관식,2,1.0
2749074,중간,2,주관식,1,0.5
2749074,중간,2,T/F형,0,0.0
2749074,중간,2,약술형,0,0.0
2749074,중간,2,논술형,0,0.0
2749074,중간,2,구술,0,0.0
2749074,중간,2,기타,1,0.5
2749081,중간,1,객관식,0,0.0
2749081,중간,1,주관식,0,0.0
2749081,중간,1,T/F형,0,0.0
2749081,중간,1,약술형,1,1.0
2749081,중간,1,논술형,1,1.0
2749081,중간,1,구술,0,0.0
2749081,중간,1,기타,0,0.0
2749082,기말,1,객관식,0,0.0
2749082,기말,1,주관식,1,1.0
2749082,기말,1,T/F형,1,1.0
2749082,기말,1,약술형,0,0.0
2749082,기말,1,논술형,1,1.0
2749082,기말,1,구술,0,0.0
2749082,기말,1,기타,0,0.0
2749086,기말,1,객관식,0,0.0
2749086,기말,1,주관식,0,0.0
2749086,기말,1,T/F형,0,0.0
2749086,기말,1,약술형,0,0.0
2749086,기말,1,논술형,0,0.0
2749086,기말,1,구술,0,0.0
2749086,기말,1,기타,1,1.0
2749093,중간,15,객관식,0,0.0
2749093,중간,15,주관식,1,0.066667
2749093,중간,15,T/F형,0,0.0
2749093,중간,15,약술형,1,0.066667
2749093,중간,15,논술형,12,0.8
2749093,중간,15,구술,0,0.0
2749093,중간,15,기타,0,0.0
2749093,기말,3,객관식,1,0.333333
2749093,기말,3,주관식,1,0.333333
2749093,기말,3,T/F형,0,0.0
2749093,기말,3,약술형,0,0.0
2749093,기말,3,논술형,1,0.333333
2749093,기말,3,구술,0,0.0
2749093,기말,3,기타,0,0.0
2749095,중간,5,객관식,0,0.0
2749095,중간,5,주관식,3,0.6
2749095,중간,5,T/F형,0,0.0
2749095,중간,5,약술형,0,0.0
2749095,중간,5,논술형,0,0.0
2749095,중간,5,구술,0,0.0
2749095,중간,5,기타,1,0.2
2749095,기말,2,객관식,0,0.0
2749095,기말,2,주관식,1,0.5
2749095,기말,2,T/F형,0,0.0
2749095,기말,2,약술형,0,0.0
2749095,기말,2,논술형,1,0.5
2749095,기말,2,구술,0,0.0
2749095,기말,2,기타,0,0.0
2749099,중간,9,객관식,1,0.111111
2749099,중간,9,주관식,6,0.666667
2749099,중간,9,T/F형,0,0.0
2749099,중간,9,약술형,1,0.111111
2749099,중간,9,논술형,7,0.777778
2749099,중간,9,구술,0,0.0
2749099,중간,9,기타,0,0.0
2749099,기말,3,객관식,0,0.0
2749099,기말,3,주관식,2,0.666667
2749099,기말,3,T/F형,0,0.0
2749099,기말,3,약술형,1,0.333333
2749099,기말,3,논술형,3,1.0
2749099,기말,3,구술,0,0.0
2749099,기말,3,기타,0,0.0
2749102,기말,1,객관식,0,0.0
2749102,기말,1,주관식,0,0.0
2749102,기말,1,T/F형,0,0.0
2749102,기말,1,약술형,1,1.0
2749102,기말,1,논술형,0,0.0
2749102,기말,1,구술,0,0.0
2749102,기말,1,기타,0,0.0
2749103,중간,1,객관식,0,0.0
2749103,중간,1,주관식,0,0.0
2749103,중간,1,T/F형,0,0.0
2749103,중간,1,약술형,0,0.0
2749103,중간,1,논술형,0,0.0
2749103,중간,1,구술,0,0.0
2749103,중간,1,기타,1,1.0
2749116,중간,8,객관식,0,0.0
2749116,중간,8,주관식,2,0.25
2749116,중간,8,T/F형,0,0.0
2749116,중간,8,약술형,7,0.875
2749116,중간,8,논술형,2,0.25
2749116,중간,8,구술,0,0.0
2749116,중간,8,기타,0,0.0
2749116,기말,8,객관식,0,0.0
2749116,기말,8,주관식,3,0.375
2749116,기말,8,T/F형,0,0.0
2749116,기말,8,약술형,0,0.0
2749116,기말,8,논술형,5,0.625
2749116,기말,8,구술,0,0.0
2749116,기말,8,기타,0,0.0
2749131,중간,2,객관식,0,0.0
2749131,중간,2,주관식,2,1.0
2749131,중간,2,T/F형,1,0.5
2749131,중간,2,약술형,2,1.0
2749131,중간,2,논술형,1,0.5
2749131,중간,2,구술,0,0.0
2749131,중간,2,기타,0,0.0
2749135,중간,1,객관식,0,0.0
2749135,중간,1,주관식,0,0.0
2749135,중간,1,T/F형,0,0.0
2749135,중간,1,약술형,1,1.0
2749135,중간,1,논술형,1,1.0
2749135,중간,1,구술,0,0.0
2749135,중간,1,기타,0,0.0
2749137,중간,5,객관식,0,0.0
2749137,중간,5,주관식,1,0.2
2749137,중간,5,T/F형,0,0.0
2749137,중간,5,약술형,3,0.6
2749137,중간,5,논술형,1,0.2
2749137,중간,5,구술,0,0.0
2749137,중간,5,기타,0,0.0
2749137,2차,1,객관식,0,0.0
2749137,2차,1,주관식,1,1.0
2749137,2차,1,T/F형,0,0.0
2749137,2차,1,약술형,0,0.0
2749137,2차,1,논술형,0,0.0
2749137,2차,1,구술,0,0.0
2749137,2차,1,기타,0,0.0
2749149,기타,1,객관식,0,0.0
2749149,기타,1,주관식,0,0.0
2749149,기타,1,T/F형,0,0.0
2749149,기타,1,약술형,0,0.0
2749149,기타,1,논술형,0,0.0
2749149,기타,1,구술,0,0.0
2749149,기타,1,기타,1,1.0
2749159,중간,3,객관식,0,0.0
2749159,중간,3,주관식,0,0.0
2749159,중간,3,T/F형,0,0.0
2749159,중간,3,약술형,0,0.0
2749159,중간,3,논술형,0,0.0
2749159,중간,3,구술,0,0.0
2749159,중간,3,기타,3,1.0
2749159,기말,3,객관식,0,0.0
2749159,기말,3,주관식,0,0.0
2749159,기말,3,T/F형,0,0.0
2749159,기말,3,약술형,0,0.0
2749159,기말,3,논술형,0,0.0
2749159,기말,3,구술,0,0.0
2749159,기말,3,기타,3,1.0
2749171,중간,3,객관식,3,1.0
2749171,중간,3,주관식,2,0.666667
2749171,중간,3,T/F형,0,0.0
2749171,중간,3,약술형,1,0.333333
2749171,중간,3,논술형,0,0.0
2749171,중간,3,구술,0,0.0
2749171,중간,3,기타,0,0.0
2749171,기말,1,객관식,1,1.0
2749171,기말,1,주관식,1,1.0
2749171,기말,1,T/F형,0,0.0
2749171,기말,1,약술형,0,0.0
2749171,기말,1,논술형,0,0.0
2749171,기말,1,구술,0,0.0
2749171,기말,1,기타,0,0.0
2749181,중간,9,객관식,4,0.444444
2749181,중간,9,주관식,5,0.555556
2749181,중간,9,T/F형,0,0.0
2749181,중간,9,약술형,1,0.111111
2749181,중간,9,논술형,0,0.0
2749181,중간,9,구술,0,0.0
2749181,중간,9,기타,0,0.0
2749181,기말,1,객관식,1,1.0
2749181,기말,1,주관식,0,0.0
2749181,기말,1,T/F형,0,0.0
2749181,기말,1,약술형,0,0.0
2749181,기말,1,논술형,0,0.0
2749181,기말,1,구술,0,0.0
2749181,기말,1,기타,0,0.0
2749190,중간,10,객관식,1,0.1
2749190,중간,10,주관식,7,0.7
2749190,중간,10,T/F형,0,0.0
2749190,중간,10,약술형,5,0.5
2749190,중간,10,논술형,7,0.7
2749190,중간,10,구술,0,0.0
2749190,중간,10,기타,0,0.0
2749190,기말,1,객관식,0,0.0
2749190,기말,1,주관식,1,1.0
2749190,기말,1,T/F형,0,0.0
2749190,기말,1,약술형,0,0.0
2749190,기말,1,논술형,0,0.0
2749190,기말,1,구술,0,0.0
2749190,기말,1,기타,0,0.0
2749192,중간,2,객관식,2,1.0
2749192,중간,2,주관식,1,0.5
2749192,중간,2,T/F형,0,0.0
2749192,중간,2,약술형,0,0.0
2749192,중간,2,논술형,1,0.5
2749192,중간,2,구술,0,0.0
2749192,중간,2,기타,0,0.0
2749192,기말,1,객관식,1,1.0
2749192,기말,1,주관식,1,1.0
2749192,기말,1,T/F형,0,0.0
2749192,기말,1,약술형,0,0.0
2749192,기말,1,논술형,0,0.0
2749192,기말,1,구술,0,0.0
2749192,기말,1,기타,0,0.0
2749194,중간,1,객관식,0,0.0
2749194,중간,1,주관식,1,1.0
2749194,중간,1,T/F형,0,0.0
2749194,중간,1,약술형,0,0.0
2749194,중간,1,논술형,1,1.0
2749194,중간,1,구술,0,0.0
2749194,중간,1,기타,0,0.0
2749198,중간,1,객관식,0,0.0
2749198,중간,1,주관식,1,1.0
2749198,중간,1,T/F형,0,0.0
2749198,중간,1,약술형,0,0.0
2749198,중간,1,논술형,1,1.0
2749198,중간,1,구술,0,0.0
2749198,중간,1,기타,0,0.0
2749201,중간,3,객관식,0,0.0
2749201,중간,3,주관식,2,0.666667
2749201,중간,3,T/F형,0,0.0
2749201,중간,3,약술형,0,0.0
2749201,중간,3,논술형,0,0.0
2749201,중간,3,구술,0,0.0
2749201,중간,3,기타,0,0.0
2749202,중간,1,객관식,1,1.0
2749202,중간,1,주관식,1,1.0
2749202,중간,1,T/F형,0,0.0
2749202,중간,1,약술형,0,0.0
2749202,중간,1,논술형,0,0.0
2749202,중간,1,구술,0,0.0
2749202,중간,1,기타,0,0.0
2749206,중간,15,객관식,0,0.0
2749206,중간,15,주관식,4,0.266667
2749206,중간,15,T/F형,0,0.0
2749206,중간,15,약술형,1,0.066667
2749206,중간,15,논술형,11,0.733333
2749206,중간,15,구술,0,0.0
2749206,중간,15,기타,0,0.0
2749213,중간,3,객관식,3,1.0
2749213,중간,3,주관식,0,0.0
2749213,중간,3,T/F형,0,0.0
2749213,중간,3,약술형,0,0.0
2749213,중간,3,논술형,0,0.0
2749213,중간,3,구술,0,0.0
2749213,중간,3,기타,0,0.0
2749214,중간,2,객관식,2,1.0
2749214,중간,2,주관식,2,1.0
2749214,중간,2,T/F형,0,0.0
2749214,중간,2,약술형,0,0.0
2749214,중간,2,논술형,0,0.0
2749214,중간,2,구술,0,0.0
2749214,중간,2,기타,0,0.0
2749218,기타,1,객관식,0,0.0
2749218,기타,1,주관식,0,0.0
2749218,기타,1,T/F형,0,0.0
2749218,기타,1,약술형,0,0.0
2749218,기타,1,논술형,0,0.0
2749218,기타,1,구술,0,0.0
2749218,기타,1,기타,1,1.0
2749228,중간,6,객관식,0,0.0
2749228,중간,6,주관식,6,1.0
2749228,중간,6,T/F형,0,0.0
2749228,중간,6,약술형,1,0.166667
2749228,중간,6,논술형,1,0.166667
2749228,중간,6,구술,0,0.0
2749228,중간,6,기타,0,0.0
2749228,기말,2,객관식,0,0.0
2749228,기말,2,주관식,2,1.0
2749228,기말,2,T/F형,0,0.0
2749228,기말,2,약술형,1,0.5
2749228,기말,2,논술형,0,0.0
2749228,기말,2,구술,0,0.0
2749228,기말,2,기타,0,0.0
2749234,중간,12,객관식,0,0.0
2749234,중간,12,주관식,10,0.833333
2749234,중간,12,T/F형,0,0.0
2749234,중간,12,약술형,0,0.0
2749234,중간,12,논술형,3,0.25
2749234,중간,12,구술,0,0.0
2749234,중간,12,기타,0,0.0
2749234,기말,4,객관식,0,0.0
2749234,기말,4,주관식,4,1.0
2749234,기말,4,T/F형,0,0.0
2749234,기말,4,약술형,0,0.0
2749234,기말,4,논술형,0,0.0
2749234,기말,4,구술,0,0.0
2749234,기말,4,기타,0,0.0
2749234,1차,1,객관식,0,0.0
2749234,1차,1,주관식,1,1.0
2749234,1차,1,T/F형,0,0.0
2749234,1차,1,약술형,0,0.0
2749234,1차,1,논술형,0,0.0
2749234,1차,1,구술,0,0.0
2749234,1차,1,기타,0,0.0
2749235,중간,2,객관식,0,0.0
2749235,중간,2,주관식,2,1.0
2749235,중간,2,T/F형,1,0.5
2749235,중간,2,약술형,1,0.5
2749235,중간,2,논술형,1,0.5
2749235,중간,2,구술,1,0.5
2749235,중간,2,기타,0,0.0
2749235,1차,1,객관식,0,0.0
2749235,1차,1,주관식,1,1.0
2749235,1차,1,T/F형,1,1.0
2749235,1차,1,약술형,1,1.0
2749235,1차,1,논술형,0,0.0
2749235,1차,1,구술,0,0.0
2749235,1차,1,기타,0,0.0
2749236,중간,10,객관식,0,0.0
2749236,중간,10,주관식,9,0.9
2749236,중간,10,T/F형,0,0.0
2749236,중간,10,약술형,2,0.2
2749236,중간,10,논술형,0,0.0
2749236,중간,10,구술,0,0.0
2749236,중간,10,기타,0,0.0
2749245,중간,1,객관식,1,1.0
2749245,중간,1,주관식,1,1.0
2749245,중간,1,T/F형,0,0.0
2749245,중간,1,약술형,0,0.0
2749245,중간,1,논술형,1,1.0
2749245,중간,1,구술,0,0.0
2749245,중간,1,기타,0,0.0
2749284,기말,1,객관식,0,0.0
2749284,기말,1,주관식,0,0.0
2749284,기말,1,T/F형,0,0.0
2749284,기말,1,약술형,0,0.0
2749284,기말,1,논술형,1,1.0
2749284,기말,1,구술,0,0.0
2749284,기말,1,기타,0,0.0
2749300,중간,1,객관식,0,0.0
2749300,중간,1,주관식,0,0.0
2749300,중간,1,T/F형,0,0.0
2749300,중간,1,약술형,0,0.0
2749300,중간,1,논술형,1,1.0
2749300,중간,1,구술,0,0.0
2749300,중간,1,기타,0,0.0
2749300,기말,1,객관식,0,0.0
2749300,기말,1,주관식,0,0.0
2749300,기말,1,T/F형,0,0.0
2749300,기말,1,약술형,1,1.0
2749300,기말,1,논술형,1,1.0
2749300,기말,1,구술,0,0.0
2749300,기말,1,기타,0,0.0
2749301,중간,7,객관식,7,1.0
2749301,중간,7,주관식,7,1.0
2749301,중간,7,T/F형,0,0.0
2749301,중간,7,약술형,1,0.142857
2749301,중간,7,논술형,2,0.285714
2749301,중간,7,구술,0,0.0
2749301,중간,7,기타,0,0.0
2749303,기타,2,객관식,2,1.0
2749303,기타,2,주관식,2,1.0
2749303,기타,2,T/F형,0,0.0
2749303,기타,2,약술형,1,0.5
2749303,기타,2,논술형,0,0.0
2749303,기타,2,구술,0,0.0
2749303,기타,2,기타,0,0.0
2749306,중간,1,객관식,0,0.0
2749306,중간,1,주관식,0,0.0
2749306,중간,1,T/F형,0,0.0
2749306,중간,1,약술형,0,0.0
2749306,중간,1,논술형,0,0.0
2749306,중간,1,구술,0,0.0
2749306,중간,1,기타,1,1.0
2749307,중간,4,객관식,1,0.25
2749307,중간,4,주관식,4,1.0
2749307,중간,4,T/F형,0,0.0
2749307,중간,4,약술형,3,0.75
2749307,중간,4,논술형,0,0.0
2749307,중간,4,구술,0,0.0
2749307,중간,4,기타,0,0.0
2749307,기말,1,객관식,0,0.0
2749307,기말,1,주관식,0,0.0
2749307,기말,1,T/F형,0,0.0
2749307,기말,1,약술형,0,0.0
2749307,기말,1,논술형,0,0.0
2749307,기말,1,구술,0,0.0
2749307,기말,1,기타,1,1.0
2749309,기타,1,객관식,0,0.0
2749309,기타,1,주관식,0,0.0
2749309,기타,1,T/F형,0,0.0
2749309,기타,1,약술형,0,0.0
2749309,기타,1,논술형,0,0.0
2749309,기타,1,구술,0,0.0
2749309,기타,1,기타,1,1.0
2749318,중간,3,객관식,3,1.0
2749318,중간,3,주관식,0,0.0
2749318,중간,3,T/F형,3,1.0
2749318,중간,3,약술형,0,0.0
2749318,중간,3,논술형,0,0.0
2749318,중간,3,구술,0,0.0
2749318,중간,3,기타,0,0.0
2749321,기말,2,객관식,0,0.0
2749321,기말,2,주관식,2,1.0
2749321,기말,2,T/F형,0,0.0
2749321,기말,2,약술형,0,0.0
2749321,기말,2,논술형,1,0.5
2749321,기말,2,구술,0,0.0
2749321,기말,2,기타,0,0.0
2749340,중간,1,객관식,0,0.0
2749340,중간,1,주관식,1,1.0
2749340,중간,1,T/F형,0,0.0
2749340,중간,1,약술형,0,0.0
2749340,중간,1,논술형,0,0.0
2749340,중간,1,구술,0,0.0
2749340,중간,1,기타,0,0.0
2749340,1차,1,객관식,0,0.0
2749340,1차,1,주관식,0,0.0
2749340,1차,1,T/F형,0,0.0
2749340,1차,1,약술형,0,0.0
2749340,1차,1,논술형,1,1.0
2749340,1차,1,구술,0,0.0
2749340,1차,1,기타,0,0.0
2749340,2차,1,객관식,0,0.0
2749340,2차,1,주관식,1,1.0
2749340,2차,1,T/F형,0,0.0
2749340,2차,1,약술형,0,0.0
2749340,2차,1,논술형,1,1.0
2749340,2차,1,구술,0,0.0
2749340,2차,1,기타,0,0.0
2749341,기타,1,객관식,0,0.0
2749341,기타,1,주관식,0,0.0
2749341,기타,1,T/F형,0,0.0
2749341,기타,1,약술형,0,0.0
2749341,기타,1,논술형,0,0.0
2749341,기타,1,구술,1,1.0
2749341,기타,1,기타,0,0.0
2749351,중간,1,객관식,0,0.0
2749351,중간,1,주관식,0,0.0
2749351,중간,1,T/F형,0,0.0
2749351,중간,1,약술형,0,0.0
2749351,중간,1,논술형,1,1.0
2749351,중간,1,구술,0,0.0
2749351,중간,1,기타,0,0.0
2749355,2차,1,객관식,0,0.0
2749355,2차,1,주관식,1,1.0
2749355,2차,1,T/F형,0,0.0
2749355,2차,1,약술형,0,0.0
2749355,2차,1,논술형,0,0.0
2749355,2차,1,구술,0,0.0
2749355,2차,1,기타,0,0.0
2749357,중간,3,객관식,0,0.0
2749357,중간,3,주관식,3,1.0
2749357,중간,3,T/F형,0,0.0
2749357,중간,3,약술형,0,0.0
2749357,중간,3,논술형,0,0.0
2749357,중간,3,구술,0,0.0
2749357,중간,3,기타,0,0.0
2749357,기말,2,객관식,0,0.0
2749357,기말,2,주관식,2,1.0
2749357,기말,2,T/F형,0,0.0
2749357,기말,2,약술형,0,0.0
2749357,기말,2,논술형,0,0.0
2749357,기말,2,구술,0,0.0
2749357,기말,2,기타,0,0.0
2749358,중간,3,객관식,0,0.0
2749358,중간,3,주관식,3,1.0
2749358,중간,3,T/F형,0,0.0
2749358,중간,3,약술형,0,0.0
2749358,중간,3,논술형,0,0.0
2749358,중간,3,구술,0,0.0
2749358,중간,3,기타,0,0.0
2749358,기타,2,객관식,0,0.0
2749358,기타,2,주관식,2,1.0
2749358,기타,2,T/F형,0,0.0
2749358,기타,2,약술형,0,0.0
2749358,기타,2,논술형,0,0.0
2749358,기타,2,구술,0,0.0
2749358,기타,2,기타,0,0.0
2749360,중간,2,객관식,0,0.0
2749360,중간,2,주관식,2,1.0
2749360,중간,2,T/F형,0,0.0
2749360,중간,2,약술형,1,0.5
2749360,중간,2,논술형,1,0.5
2749360,중간,2,구술,0,0.0
2749360,중간,2,기타,0,0.0
2749360,기말,1,객관식,0,0.0
2749360,기말,1,주관식,1,1.0
2749360,기말,1,T/F형,0,0.0
2749360,기말,1,약술형,1,1.0
2749360,기말,1,논술형,0,0.0
2749360,기말,1,구술,0,0.0
2749360,기말,1,기타,0,0.0
2749361,중간,2,객관식,0,0.0
2749361,중간,2,주관식,1,0.5
2749361,중간,2,T/F형,0,0.0
2749361,중간,2,약술형,0,0.0
2749361,중간,2,논술형,1,0.5
2749361,중간,2,구술,0,0.0
2749361,중간,2,기타,0,0.0
2749361,기말,1,객관식,0,0.0
2749361,기말,1,주관식,0,0.0
2749361,기말,1,T/F형,0,0.0
2749361,기말,1,약술형,0,0.0
2749361,기말,1,논술형,0,0.0
2749361,기말,1,구술,0,0.0
2749361,기말,1,기타,1,1.0
2749362,중간,1,객관식,0,0.0
2749362,중간,1,주관식,1,1.0
2749362,중간,1,T/F형,0,0.0
2749362,중간,1,약술형,0,0.0
2749362,중간,1,논술형,0,0.0
2749362,중간,1,구술,0,0.0
2749362,중간,1,기타,0,0.0
2749362,기말,1,객관식,0,0.0
2749362,기말,1,주관식,1,1.0
2749362,기말,1,T/F형,0,0.0
2749362,기말,1,약술형,0,0.0
2749362,기말,1,논술형,0,0.0
2749362,기말,1,구술,0,0.0
2749362,기말,1,기타,0,0.0
2749366,중간,1,객관식,0,0.0
2749366,중간,1,주관식,0,0.0
2749366,중간,1,T/F형,1,1.0
2749366,중간,1,약술형,1,1.0
2749366,중간,1,논술형,0,0.0
2749366,중간,1,구술,0,0.0
2749366,중간,1,기타,0,0.0
2749367,1차,1,객관식,0,0.0
2749367,1차,1,주관식,1,1.0
2749367,1차,1,T/F형,0,0.0
2749367,1차,1,약술형,0,0.0
2749367,1차,1,논술형,0,0.0
2749367,1차,1,구술,0,0.0
2749367,1차,1,기타,0,0.0
2749368,중간,1,객관식,0,0.0
2749368,중간,1,주관식,1,1.0
2749368,중간,1,T/F형,0,0.0
2749368,중간,1,약술형,0,0.0
2749368,중간,1,논술형,0,0.0
2749368,중간,1,구술,0,0.0
2749368,중간,1,기타,0,0.0
2749373,중간,17,객관식,14,0.823529
2749373,중간,17,주관식,7,0.411765
2749373,중간,17,T/F형,0,0.0
2749373,중간,17,약술형,1,0.058824
2749373,중간,17,논술형,2,0.117647
2749373,중간,17,구술,0,0.0
2749373,중간,17,기타,1,0.058824
2749373,기말,2,객관식,2,1.0
2749373,기말,2,주관식,1,0.5
2749373,기말,2,T/F형,0,0.0
2749373,기말,2,약술형,0,0.0
2749373,기말,2,논술형,0,0.0
2749373,기말,2,구술,0,0.0
2749373,기말,2,기타,0,0.0
2749373,1차,2,객관식,1,0.5
2749373,1차,2,주관식,1,0.5
2749373,1차,2,T/F형,0,0.0
2749373,1차,2,약술형,1,0.5
2749373,1차,2,논술형,0,0.0
2749373,1차,2,구술,0,0.0
2749373,1차,2,기타,0,0.0
2749374,중간,16,객관식,16,1.0
2749374,중간,16,주관식,8,0.5
2749374,중간,16,T/F형,2,0.125
2749374,중간,16,약술형,1,0.0625
2749374,중간,16,논술형,1,0.0625
2749374,중간,16,구술,0,0.0
2749374,중간,16,기타,0,0.0
2749374,기말,9,객관식,8,0.888889
2749374,기말,9,주관식,8,0.888889
2749374,기말,9,T/F형,0,0.0
2749374,기말,9,약술형,0,0.0
2749374,기말,9,논술형,0,0.0
2749374,기말,9,구술,0,0.0
2749374,기말,9,기타,0,0.0
2750399,중간,1,객관식,0,0.0
2750399,중간,1,주관식,0,0.0
2750399,중간,1,T/F형,0,0.0
2750399,중간,1,약술형,0,0.0
2750399,중간,1,논술형,0,0.0
2750399,중간,1,구술,0,0.0
2750399,중간,1,기타,0,0.0
2750402,중간,35,객관식,6,0.171429
2750402,중간,35,주관식,26,0.742857
2750402,중간,35,T/F형,0,0.0
2750402,중간,35,약술형,7,0.2
2750402,중간,35,논술형,1,0.028571
2750402,중간,35,구술,0,0.0
2750402,중간,35,기타,1,0.028571
2750402,1차,1,객관식,1,1.0
2750402,1차,1,주관식,1,1.0
2750402,1차,1,T/F형,0,0.0
2750402,1차,1,약술형,0,0.0
2750402,1차,1,논술형,0,0.0
2750402,1차,1,구술,0,0.0
2750402,1차,1,기타,0,0.0
2750403,중간,15,객관식,15,1.0
2750403,중간,15,주관식,14,0.933333
2750403,중간,15,T/F형,1,0.066667
2750403,중간,15,약술형,1,0.066667
2750403,중간,15,논술형,1,0.066667
2750403,중간,15,구술,0,0.0
2750403,중간,15,기타,1,0.066667
2750403,기말,1,객관식,1,1.0
2750403,기말,1,주관식,1,1.0
2750403,기말,1,T/F형,0,0.0
2750403,기말,1,약술형,0,0.0
2750403,기말,1,논술형,0,0.0
2750403,기말,1,구술,0,0.0
2750403,기말,1,기타,0,0.0
2750403,1차,2,객관식,1,0.5
2750403,1차,2,주관식,1,0.5
2750403,1차,2,T/F형,0,0.0
2750403,1차,2,약술형,0,0.0
2750403,1차,2,논술형,0,0.0
2750403,1차,2,구술,0,0.0
2750403,1차,2,기타,0,0.0
2750403,2차,2,객관식,1,0.5
2750403,2차,2,주관식,1,0.5
2750403,2차,2,T/F형,0,0.0
2750403,2차,2,약술형,1,0.5
2750403,2차,2,논술형,0,0.0
2750403,2차,2,구술,0,0.0
2750403,2차,2,기타,0,0.0
2750403,기타,3,객관식,3,1.0
2750403,기타,3,주관식,3,1.0
2750403,기타,3,T/F형,1,0.333333
2750403,기타,3,약술형,0,0.0
2750403,기타,3,논술형,0,0.0
2750403,기타,3,구술,0,0.0
2750403,기타,3,기타,0,0.0
2750407,중간,7,객관식,1,0.142857
2750407,중간,7,주관식,6,0.857143
2750407,중간,7,T/F형,0,0.0
2750407,중간,7,약술형,3,0.428571
2750407,중간,7,논술형,4,0.571429
2750407,중간,7,구술,0,0.0
2750407,중간,7,기타,0,0.0
2750407,기말,1,객관식,1,1.0
2750407,기말,1,주관식,0,0.0
2750407,기말,1,T/F형,0,0.0
2750407,기말,1,약술형,0,0.0
2750407,기말,1,논술형,1,1.0
2750407,기말,1,구술,0,0.0
2750407,기말,1,기타,0,0.0
2750407,1차,1,객관식,1,1.0
2750407,1차,1,주관식,0,0.0
2750407,1차,1,T/F형,0,0.0
2750407,1차,1,약술형,0,0.0
2750407,1차,1,논술형,0,0.0
2750407,1차,1,구술,0,0.0
2750407,1차,1,기타,1,1.0
2750417,1차,1,객관식,0,0.0
2750417,1차,1,주관식,0,0.0
2750417,1차,1,T/F형,0,0.0
2750417,1차,1,약술형,0,0.0
2750417,1차,1,논술형,1,1.0
2750417,1차,1,구술,0,0.0
2750417,1차,1,기타,0,0.0
2750417,기타,2,객관식,0,0.0
2750417,기타,2,주관식,1,0.5
2750417,기타,2,T/F형,0,0.0
2750417,기타,2,약술형,1,0.5
2750417,기타,2,논술형,1,0.5
2750417,기타,2,구술,0,0.0
2750417,기타,2,기타,0,0.0
2750418,중간,9,객관식,7,0.777778
2750418,중간,9,주관식,9,1.0
2750418,중간,9,T/F형,1,0.111111
2750418,중간,9,약술형,0,0.0
2750418,중간,9,논술형,1,0.111111
2750418,중간,9,구술,0,0.0
2750418,중간,9,기타,1,0.111111
2750418,기말,2,객관식,1,0.5
2750418,기말,2,주관식,1,0.5
2750418,기말,2,T/F형,0,0.0
2750418,기말,2,약술형,0,0.0
2750418,기말,2,논술형,0,0.0
2750418,기말,2,구술,0,0.0
2750418,기말,2,기타,1,0.5
2750440,기말,1,객관식,0,0.0
2750440,기말,1,주관식,0,0.0
2750440,기말,1,T/F형,0,0.0
2750440,기말,1,약술형,0,0.0
2750440,기말,1,논술형,0,0.0
2750440,기말,1,구술,0,0.0
2750440,기말,1,기타,1,1.0
2758337,중간,8,객관식,0,0.0
2758337,중간,8,주관식,4,0.5
2758337,중간,8,T/F형,0,0.0
2758337,중간,8,약술형,1,0.125
2758337,중간,8,논술형,6,0.75
2758337,중간,8,구술,0,0.0
2758337,중간,8,기타,0,0.0
2758337,기말,1,객관식,1,1.0
2758337,기말,1,주관식,0,0.0
2758337,기말,1,T/F형,0,0.0
2758337,기말,1,약술형,0,0.0
2758337,기말,1,논술형,1,1.0
2758337,기말,1,구술,0,0.0
2758337,기말,1,기타,0,0.0
2760776,기말,2,객관식,0,0.0
2760776,기말,2,주관식,1,0.5
2760776,기말,2,T/F형,0,0.0
2760776,기말,2,약술형,0,0.0
2760776,기말,2,논술형,0,0.0
2760776,기말,2,구술,0,0.0
2760776,기말,2,기타,1,0.5
2762659,기말,1,객관식,1,1.0
2762659,기말,1,주관식,1,1.0
2762659,기말,1,T/F형,1,1.0
2762659,기말,1,약술형,0,0.0
2762659,기말,1,논술형,0,0.0
2762659,기말,1,구술,0,0.0
2762659,기말,1,기타,0,0.0
2768543,중간,3,객관식,0,0.0
2768543,중간,3,주관식,0,0.0
2768543,중간,3,T/F형,0,0.0
2768543,중간,3,약술형,1,0.333333
2768543,중간,3,논술형,1,0.333333
2768543,중간,3,구술,0,0.0
2768543,중간,3,기타,1,0.333333
2768543,기말,7,객관식,0,0.0
2768543,기말,7,주관식,0,0.0
2768543,기말,7,T/F형,0,0.0
2768543,기말,7,약술형,0,0.0
2768543,기말,7,논술형,4,0.571429
2768543,기말,7,구술,0,0.0
2768543,기말,7,기타,2,0.285714
2768543,기타,12,객관식,0,0.0
2768543,기타,12,주관식,1,0.083333
2768543,기타,12,T/F형,0,0.0
2768543,기타,12,약술형,0,0.0
2768543,기타,12,논술형,5,0.416667
2768543,기타,12,구술,1,0.083333
2768543,기타,12,기타,6,0.5
2768544,중간,1,객관식,0,0.0
2768544,중간,1,주관식,0,0.0
2768544,중간,1,T/F형,0,0.0
2768544,중간,1,약술형,0,0.0
2768544,중간,1,논술형,0,0.0
2768544,중간,1,구술,0,0.0
2768544,중간,1,기타,1,1.0
2768544,기말,4,객관식,0,0.0
2768544,기말,4,주관식,0,0.0
2768544,기말,4,T/F형,0,0.0
2768544,기말,4,약술형,0,0.0
2768544,기말,4,논술형,0,0.0
2768544,기말,4,구술,0,0.0
2768544,기말,4,기타,4,1.0
2768544,기타,1,객관식,0,0.0
2768544,기타,1,주관식,0,0.0
2768544,기타,1,T/F형,0,0.0
2768544,기타,1,약술형,0,0.0
2768544,기타,1,논술형,0,0.0
2768544,기타,1,구술,0,0.0
2768544,기타,1,기타,1,1.0
2768545,중간,3,객관식,0,0.0
2768545,중간,3,주관식,0,0.0
2768545,중간,3,T/F형,0,0.0
2768545,중간,3,약술형,1,0.333333
2768545,중간,3,논술형,1,0.333333
2768545,중간,3,구술,0,0.0
2768545,중간,3,기타,2,0.666667
2768545,기말,5,객관식,0,0.0
2768545,기말,5,주관식,0,0.0
2768545,기말,5,T/F형,0,0.0
2768545,기말,5,약술형,1,0.2
2768545,기말,5,논술형,2,0.4
2768545,기말,5,구술,0,0.0
2768545,기말,5,기타,3,0.6
2768545,1차,1,객관식,0,0.0
2768545,1차,1,주관식,0,0.0
2768545,1차,1,T/F형,0,0.0
2768545,1차,1,약술형,0,0.0
2768545,1차,1,논술형,0,0.0
2768545,1차,1,구술,0,0.0
2768545,1차,1,기타,1,1.0
2768545,기타,19,객관식,0,0.0
2768545,기타,19,주관식,1,0.052632
2768545,기타,19,T/F형,0,0.0
2768545,기타,19,약술형,1,0.052632
2768545,기타,19,논술형,1,0.052632
2768545,기타,19,구술,1,0.052632
2768545,기타,19,기타,16,0.842105
2768546,중간,1,객관식,0,0.0
2768546,중간,1,주관식,0,0.0
2768546,중간,1,T/F형,0,0.0
2768546,중간,1,약술형,0,0.0
2768546,중간,1,논술형,0,0.0
2768546,중간,1,구술,0,0.0
2768546,중간,1,기타,1,1.0
2768546,기말,4,객관식,0,0.0
2768546,기말,4,주관식,0,0.0
2768546,기말,4,T/F형,0,0.0
2768546,기말,4,약술형,0,0.0
2768546,기말,4,논술형,0,0.0
2768546,기말,4,구술,0,0.0
2768546,기말,4,기타,4,1.0
2768546,기타,8,객관식,0,0.0
2768546,기타,8,주관식,0,0.0
2768546,기타,8,T/F형,0,0.0
2768546,기타,8,약술형,0,0.0
2768546,기타,8,논술형,2,0.25
2768546,기타,8,구술,0,0.0
2768546,기타,8,기타,5,0.625
2827114,중간,6,객관식,0,0.0
2827114,중간,6,주관식,0,0.0
2827114,중간,6,T/F형,0,0.0
2827114,중간,6,약술형,0,0.0
2827114,중간,6,논술형,5,0.833333
2827114,중간,6,구술,1,0.166667
2827114,중간,6,기타,0,0.0
2827114,기말,26,객관식,1,0.038462
2827114,기말,26,주관식,18,0.692308
2827114,기말,26,T/F형,0,0.0
2827114,기말,26,약술형,18,0.692308
2827114,기말,26,논술형,5,0.192308
2827114,기말,26,구술,0,0.0
2827114,기말,26,기타,2,0.076923
2827115,중간,2,객관식,0,0.0
2827115,중간,2,주관식,0,0.0
2827115,중간,2,T/F형,0,0.0
2827115,중간,2,약술형,0,0.0
2827115,중간,2,논술형,2,1.0
2827115,중간,2,구술,0,0.0
2827115,중간,2,기타,0,0.0
2827115,기말,12,객관식,0,0.0
2827115,기말,12,주관식,3,0.25
2827115,기말,12,T/F형,0,0.0
2827115,기말,12,약술형,2,0.166667
2827115,기말,12,논술형,7,0.583333
2827115,기말,12,구술,0,0.0
2827115,기말,12,기타,1,0.083333
2827115,기타,1,객관식,0,0.0
2827115,기타,1,주관식,0,0.0
2827115,기타,1,T/F형,0,0.0
2827115,기타,1,약술형,0,0.0
2827115,기타,1,논술형,0,0.0
2827115,기타,1,구술,1,1.0
2827115,기타,1,기타,0,0.0
2827116,중간,23,객관식,0,0.0
2827116,중간,23,주관식,14,0.608696
2827116,중간,23,T/F형,0,0.0
2827116,중간,23,약술형,5,0.217391
2827116,중간,23,논술형,14,0.608696
2827116,중간,23,구술,0,0.0
2827116,중간,23,기타,0,0.0
2827116,기말,9,객관식,0,0.0
2827116,기말,9,주관식,2,0.222222
2827116,기말,9,T/F형,0,0.0
2827116,기말,9,약술형,2,0.222222
2827116,기말,9,논술형,7,0.777778
2827116,기말,9,구술,0,0.0
2827116,기말,9,기타,0,0.0
2827118,기타,1,객관식,0,0.0
2827118,기타,1,주관식,1,1.0
2827118,기타,1,T/F형,0,0.0
2827118,기타,1,약술형,0,0.0
2827118,기타,1,논술형,1,1.0
2827118,기타,1,구술,0,0.0
2827118,기타,1,기타,0,0.0
2827120,중간,2,객관식,0,0.0
2827120,중간,2,주관식,1,0.5
2827120,중간,2,T/F형,0,0.0
2827120,중간,2,약술형,0,0.0
2827120,중간,2,논술형,2,1.0
2827120,중간,2,구술,0,0.0
2827120,중간,2,기타,0,0.0
2827120,기말,1,객관식,0,0.0
2827120,기말,1,주관식,1,1.0
2827120,기말,1,T/F형,0,0.0
2827120,기말,1,약술형,0,0.0
2827120,기말,1,논술형,0,0.0
2827120,기말,1,구술,0,0.0
2827120,기말,1,기타,0,0.0
2827132,중간,6,객관식,0,0.0
2827132,중간,6,주관식,6,1.0
2827132,중간,6,T/F형,0,0.0
2827132,중간,6,약술형,0,0.0
2827132,중간,6,논술형,1,0.166667
2827132,중간,6,구술,0,0.0
2827132,중간,6,기타,0,0.0
2827132,기말,4,객관식,0,0.0
2827132,기말,4,주관식,2,0.5
2827132,기말,4,T/F형,0,0.0
2827132,기말,4,약술형,0,0.0
2827132,기말,4,논술형,2,0.5
2827132,기말,4,구술,0,0.0
2827132,기말,4,기타,0,0.0
2827132,기타,1,객관식,0,0.0
2827132,기타,1,주관식,1,1.0
2827132,기타,1,T/F형,0,0.0
2827132,기타,1,약술형,0,0.0
2827132,기타,1,논술형,0,0.0
2827132,기타,1,구술,0,0.0
2827132,기타,1,기타,0,0.0
2827138,기말,1,객관식,0,0.0
2827138,기말,1,주관식,1,1.0
2827138,기말,1,T/F형,0,0.0
2827138,기말,1,약술형,0,0.0
2827138,기말,1,논술형,1,1.0
2827138,기말,1,구술,0,0.0
2827138,기말,1,기타,0,0.0
2827143,중간,1,객관식,0,0.0
2827143,중간,1,주관식,0,0.0
2827143,중간,1,T/F형,0,0.0
2827143,중간,1,약술형,0,0.0
2827143,중간,1,논술형,1,1.0
2827143,중간,1,구술,0,0.0
2827143,중간,1,기타,0,0.0
2827143,기타,1,객관식,0,0.0
2827143,기타,1,주관식,0,0.0
2827143,기타,1,T/F형,0,0.0
2827143,기타,1,약술형,0,0.0
2827143,기타,1,논술형,0,0.0
2827143,기타,1,구술,0,0.0
2827143,기타,1,기타,0,0.0
2827154,기말,2,객관식,0,0.0
2827154,기말,2,주관식,2,1.0
2827154,기말,2,T/F형,0,0.0
2827154,기말,2,약술형,2,1.0
2827154,기말,2,논술형,2,1.0
2827154,기말,2,구술,0,0.0
2827154,기말,2,기타,0,0.0
2827198,중간,3,객관식,1,0.333333
2827198,중간,3,주관식,3,1.0
2827198,중간,3,T/F형,0,0.0
2827198,중간,3,약술형,0,0.0
2827198,중간,3,논술형,0,0.0
2827198,중간,3,구술,0,0.0
2827198,중간,3,기타,0,0.0
2827213,중간,1,객관식,0,0.0
2827213,중간,1,주관식,0,0.0
2827213,중간,1,T/F형,0,0.0
2827213,중간,1,약술형,0,0.0
2827213,중간,1,논술형,0,0.0
2827213,중간,1,구술,0,0.0
2827213,중간,1,기타,1,1.0
2827213,기말,1,객관식,0,0.0
2827213,기말,1,주관식,1,1.0
2827213,기말,1,T/F형,1,1.0
2827213,기말,1,약술형,0,0.0
2827213,기말,1,논술형,0,0.0
2827213,기말,1,구술,0,0.0
2827213,기말,1,기타,0,0.0
2827248,중간,1,객관식,0,0.0
2827248,중간,1,주관식,1,1.0
2827248,중간,1,T/F형,0,0.0
2827248,중간,1,약술형,0,0.0
2827248,중간,1,논술형,0,0.0
2827248,중간,1,구술,0,0.0
2827248,중간,1,기타,0,0.0
2827266,중간,4,객관식,4,1.0
2827266,중간,4,주관식,2,0.5
2827266,중간,4,T/F형,0,0.0
2827266,중간,4,약술형,0,0.0
2827266,중간,4,논술형,2,0.5
2827266,중간,4,구술,0,0.0
2827266,중간,4,기타,0,0.0
2827266,기말,2,객관식,2,1.0
2827266,기말,2,주관식,0,0.0
2827266,기말,2,T/F형,0,0.0
2827266,기말,2,약술형,0,0.0
2827266,기말,2,논술형,0,0.0
2827266,기말,2,구술,0,0.0
2827266,기말,2,기타,0,0.0
2827268,중간,2,객관식,0,0.0
2827268,중간,2,주관식,2,1.0
2827268,중간,2,T/F형,0,0.0
2827268,중간,2,약술형,2,1.0
2827268,중간,2,논술형,0,0.0
2827268,중간,2,구술,0,0.0
2827268,중간,2,기타,0,0.0
2827275,중간,6,객관식,0,0.0
2827275,중간,6,주관식,4,0.666667
2827275,중간,6,T/F형,0,0.0
2827275,중간,6,약술형,2,0.333333
2827275,중간,6,논술형,3,0.5
2827275,중간,6,구술,0,0.0
2827275,중간,6,기타,0,0.0
2827275,기말,2,객관식,0,0.0
2827275,기말,2,주관식,1,0.5
2827275,기말,2,T/F형,0,0.0
2827275,기말,2,약술형,1,0.5
2827275,기말,2,논술형,0,0.0
2827275,기말,2,구술,0,0.0
2827275,기말,2,기타,0,0.0
2827282,기말,1,객관식,0,0.0
2827282,기말,1,주관식,0,0.0
2827282,기말,1,T/F형,0,0.0
2827282,기말,1,약술형,0,0.0
2827282,기말,1,논술형,1,1.0
2827282,기말,1,구술,0,0.0
2827282,기말,1,기타,0,0.0
2827318,중간,1,객관식,0,0.0
2827318,중간,1,주관식,0,0.0
2827318,중간,1,T/F형,0,0.0
2827318,중간,1,약술형,0,0.0
2827318,중간,1,논술형,1,1.0
2827318,중간,1,구술,0,0.0
2827318,중간,1,기타,0,0.0
2827322,기타,1,객관식,0,0.0
2827322,기타,1,주관식,0,0.0
2827322,기타,1,T/F형,0,0.0
2827322,기타,1,약술형,0,0.0
2827322,기타,1,논술형,1,1.0
2827322,기타,1,구술,0,0.0
2827322,기타,1,기타,0,0.0
2827342,중간,1,객관식,1,1.0
2827342,중간,1,주관식,1,1.0
2827342,중간,1,T/F형,0,0.0
2827342,중간,1,약술형,1,1.0
2827342,중간,1,논술형,0,0.0
2827342,중간,1,구술,0,0.0
2827342,중간,1,기타,0,0.0
2827342,기말,1,객관식,1,1.0
2827342,기말,1,주관식,1,1.0
2827342,기말,1,T/F형,0,0.0
2827342,기말,1,약술형,1,1.0
2827342,기말,1,논술형,0,0.0
2827342,기말,1,구술,0,0.0
2827342,기말,1,기타,0,0.0
2827346,기말,1,객관식,0,0.0
2827346,기말,1,주관식,0,0.0
2827346,기말,1,T/F형,0,0.0
2827346,기말,1,약술형,0,0.0
2827346,기말,1,논술형,1,1.0
2827346,기말,1,구술,0,0.0
2827346,기말,1,기타,0,0.0
2827348,기타,1,객관식,0,0.0
2827348,기타,1,주관식,0,0.0
2827348,기타,1,T/F형,0,0.0
2827348,기타,1,약술형,0,0.0
2827348,기타,1,논술형,0,0.0
2827348,기타,1,구술,0,0.0
2827348,기타,1,기타,1,1.0
2827350,중간,4,객관식,3,0.75
2827350,중간,4,주관식,4,1.0
2827350,중간,4,T/F형,0,0.0
2827350,중간,4,약술형,0,0.0
2827350,중간,4,논술형,1,0.25
2827350,중간,4,구술,0,0.0
2827350,중간,4,기타,0,0.0
2827355,중간,15,객관식,15,1.0
2827355,중간,15,주관식,9,0.6
2827355,중간,15,T/F형,0,0.0
2827355,중간,15,약술형,1,0.066667
2827355,중간,15,논술형,1,0.066667
2827355,중간,15,구술,0,0.0
2827355,중간,15,기타,1,0.066667
2827355,기말,4,객관식,4,1.0
2827355,기말,4,주관식,3,0.75
2827355,기말,4,T/F형,0,0.0
2827355,기말,4,약술형,0,0.0
2827355,기말,4,논술형,0,0.0
2827355,기말,4,구술,0,0.0
2827355,기말,4,기타,0,0.0
2827360,중간,11,객관식,6,0.545455
2827360,중간,11,주관식,8,0.727273
2827360,중간,11,T/F형,7,0.636364
2827360,중간,11,약술형,3,0.272727
2827360,중간,11,논술형,3,0.272727
2827360,중간,11,구술,0,0.0
2827360,중간,11,기타,0,0.0
2827360,기말,10,객관식,6,0.6
2827360,기말,10,주관식,10,1.0
2827360,기말,10,T/F형,10,1.0
2827360,기말,10,약술형,2,0.2
2827360,기말,10,논술형,1,0.1
2827360,기말,10,구술,0,0.0
2827360,기말,10,기타,1,0.1
2827462,중간,1,객관식,0,0.0
2827462,중간,1,주관식,1,1.0
2827462,중간,1,T/F형,0,0.0
2827462,중간,1,약술형,0,0.0
2827462,중간,1,논술형,0,0.0
2827462,중간,1,구술,0,0.0
2827462,중간,1,기타,0,0.0
2827462,기말,1,객관식,0,0.0
2827462,기말,1,주관식,1,1.0
2827462,기말,1,T/F형,0,0.0
2827462,기말,1,약술형,1,1.0
2827462,기말,1,논술형,0,0.0
2827462,기말,1,구술,0,0.0
2827462,기말,1,기타,0,0.0
2827606,1차,1,객관식,1,1.0
2827606,1차,1,주관식,0,0.0
2827606,1차,1,T/F형,0,0.0
2827606,1차,1,약술형,0,0.0
2827606,1차,1,논술형,0,0.0
2827606,1차,1,구술,0,0.0
2827606,1차,1,기타,0,0.0
2827699,중간,1,객관식,1,1.0
2827699,중간,1,주관식,1,1.0
2827699,중간,1,T/F형,1,1.0
2827699,중간,1,약술형,0,0.0
2827699,중간,1,논술형,0,0.0
2827699,중간,1,구술,0,0.0
2827699,중간,1,기타,0,0.0
2827706,중간,9,객관식,4,0.444444
2827706,중간,9,주관식,7,0.777778
2827706,중간,9,T/F형,5,0.555556
2827706,중간,9,약술형,0,0.0
2827706,중간,9,논술형,3,0.333333
2827706,중간,9,구술,0,0.0
2827706,중간,9,기타,0,0.0
2827706,1차,1,객관식,0,0.0
2827706,1차,1,주관식,1,1.0
2827706,1차,1,T/F형,0,0.0
2827706,1차,1,약술형,0,0.0
2827706,1차,1,논술형,0,0.0
2827706,1차,1,구술,0,0.0
2827706,1차,1,기타,0,0.0
2827706,기타,1,객관식,0,0.0
2827706,기타,1,주관식,1,1.0
2827706,기타,1,T/F형,0,0.0
2827706,기타,1,약술형,0,0.0
2827706,기타,1,논술형,0,0.0
2827706,기타,1,구술,0,0.0
2827706,기타,1,기타,0,0.0
2829592,중간,13,객관식,13,1.0
2829592,중간,13,주관식,11,0.846154
2829592,중간,13,T/F형,0,0.0
2829592,중간,13,약술형,2,0.153846
2829592,중간,13,논술형,0,0.0
2829592,중간,13,구술,0,0.0
2829592,중간,13,기타,0,0.0
2829592,기말,4,객관식,3,0.75
2829592,기말,4,주관식,4,1.0
2829592,기말,4,T/F형,0,0.0
2829592,기말,4,약술형,0,0.0
2829592,기말,4,논술형,0,0.0
2829592,기말,4,구술,0,0.0
2829592,기말,4,기타,0,0.0
2836295,중간,3,객관식,0,0.0
2836295,중간,3,주관식,2,0.666667
2836295,중간,3,T/F형,0,0.0
2836295,중간,3,약술형,0,0.0
2836295,중간,3,논술형,2,0.666667
2836295,중간,3,구술,0,0.0
2836295,중간,3,기타,0,0.0
2836321,중간,12,객관식,0,0.0
2836321,중간,12,주관식,11,0.916667
2836321,중간,12,T/F형,0,0.0
2836321,중간,12,약술형,0,0.0
2836321,중간,12,논술형,1,0.083333
2836321,중간,12,구술,0,0.0
2836321,중간,12,기타,0,0.0
2836321,기말,5,객관식,0,0.0
2836321,기말,5,주관식,2,0.4
2836321,기말,5,T/F형,0,0.0
2836321,기말,5,약술형,0,0.0
2836321,기말,5,논술형,1,0.2
2836321,기말,5,구술,0,0.0
2836321,기말,5,기타,0,0.0
2836321,1차,3,객관식,2,0.666667
2836321,1차,3,주관식,2,0.666667
2836321,1차,3,T/F형,2,0.666667
2836321,1차,3,약술형,0,0.0
2836321,1차,3,논술형,0,0.0
2836321,1차,3,구술,0,0.0
2836321,1차,3,기타,1,0.333333
2836321,2차,1,객관식,0,0.0
2836321,2차,1,주관식,0,0.0
2836321,2차,1,T/F형,0,0.0
2836321,2차,1,약술형,1,1.0
2836321,2차,1,논술형,1,1.0
2836321,2차,1,구술,0,0.0
2836321,2차,1,기타,0,0.0
2836321,4차,1,객관식,0,0.0
2836321,4차,1,주관식,0,0.0
2836321,4차,1,T/F형,0,0.0
2836321,4차,1,약술형,0,0.0
2836321,4차,1,논술형,0,0.0
2836321,4차,1,구술,0,0.0
2836321,4차,1,기타,1,1.0
2836322,중간,2,객관식,0,0.0
2836322,중간,2,주관식,1,0.5
2836322,중간,2,T/F형,0,0.0
2836322,중간,2,약술형,0,0.0
2836322,중간,2,논술형,0,0.0
2836322,중간,2,구술,0,0.0
2836322,중간,2,기타,1,0.5
2836322,기말,2,객관식,0,0.0
2836322,기말,2,주관식,1,0.5
2836322,기말,2,T/F형,0,0.0
2836322,기말,2,약술형,0,0.0
2836322,기말,2,논술형,0,0.0
2836322,기말,2,구술,0,0.0
2836322,기말,2,기타,1,0.5
2836325,중간,1,객관식,0,0.0
2836325,중간,1,주관식,0,0.0
2836325,중간,1,T/F형,0,0.0
2836325,중간,1,약술형,0,0.0
2836325,중간,1,논술형,1,1.0
2836325,중간,1,구술,0,0.0
2836325,중간,1,기타,0,0.0
2836333,중간,23,객관식,5,0.217391
2836333,중간,23,주관식,16,0.695652
2836333,중간,23,T/F형,21,0.913043
2836333,중간,23,약술형,5,0.217391
2836333,중간,23,논술형,5,0.217391
2836333,중간,23,구술,1,0.043478
2836333,중간,23,기타,0,0.0
2836333,기말,9,객관식,7,0.777778
2836333,기말,9,주관식,6,0.666667
2836333,기말,9,T/F형,9,1.0
2836333,기말,9,약술형,3,0.333333
2836333,기말,9,논술형,0,0.0
2836333,기말,9,구술,0,0.0
2836333,기말,9,기타,0,0.0
2836345,중간,1,객관식,0,0.0
2836345,중간,1,주관식,1,1.0
2836345,중간,1,T/F형,0,0.0
2836345,중간,1,약술형,0,0.0
2836345,중간,1,논술형,0,0.0
2836345,중간,1,구술,0,0.0
2836345,중간,1,기타,0,0.0
2836368,기말,1,객관식,0,0.0
2836368,기말,1,주관식,0,0.0
2836368,기말,1,T/F형,0,0.0
2836368,기말,1,약술형,0,0.0
2836368,기말,1,논술형,0,0.0
2836368,기말,1,구술,1,1.0
2836368,기말,1,기타,0,0.0
2836392,중간,1,객관식,1,1.0
2836392,중간,1,주관식,1,1.0
2836392,중간,1,T/F형,0,0.0
2836392,중간,1,약술형,1,1.0
2836392,중간,1,논술형,0,0.0
2836392,중간,1,구술,0,0.0
2836392,중간,1,기타,0,0.0
2838299,기말,2,객관식,2,1.0
2838299,기말,2,주관식,1,0.5
2838299,기말,2,T/F형,2,1.0
2838299,기말,2,약술형,0,0.0
2838299,기말,2,논술형,0,0.0
2838299,기말,2,구술,0,0.0
2838299,기말,2,기타,1,0.5
2840821,중간,38,객관식,3,0.078947
2840821,중간,38,주관식,34,0.894737
2840821,중간,38,T/F형,2,0.052632
2840821,중간,38,약술형,13,0.342105
2840821,중간,38,논술형,7,0.184211
2840821,중간,38,구술,0,0.0
2840821,중간,38,기타,4,0.105263
2840821,기말,12,객관식,1,0.083333
2840821,기말,12,주관식,10,0.833333
2840821,기말,12,T/F형,0,0.0
2840821,기말,12,약술형,1,0.083333
2840821,기말,12,논술형,4,0.333333
2840821,기말,12,구술,0,0.0
2840821,기말,12,기타,0,0.0
2840821,1차,1,객관식,0,0.0
2840821,1차,1,주관식,0,0.0
2840821,1차,1,T/F형,0,0.0
2840821,1차,1,약술형,0,0.0
2840821,1차,1,논술형,0,0.0
2840821,1차,1,구술,0,0.0
2840821,1차,1,기타,0,0.0
2840823,중간,1,객관식,0,0.0
2840823,중간,1,주관식,1,1.0
2840823,중간,1,T/F형,0,0.0
2840823,중간,1,약술형,0,0.0
2840823,중간,1,논술형,0,0.0
2840823,중간,1,구술,0,0.0
2840823,중간,1,기타,0,0.0
2843622,기말,2,객관식,1,0.5
2843622,기말,2,주관식,1,0.5
2843622,기말,2,T/F형,0,0.0
2843622,기말,2,약술형,1,0.5
2843622,기말,2,논술형,1,0.5
2843622,기말,2,구술,1,0.5
2843622,기말,2,기타,0,0.0
2843622,3차,1,객관식,1,1.0
2843622,3차,1,주관식,0,0.0
2843622,3차,1,T/F형,0,0.0
2843622,3차,1,약술형,0,0.0
2843622,3차,1,논술형,0,0.0
2843622,3차,1,구술,0,0.0
2843622,3차,1,기타,0,0.0
2843622,기타,3,객관식,2,0.666667
2843622,기타,3,주관식,0,0.0
2843622,기타,3,T/F형,1,0.333333
2843622,기타,3,약술형,0,0.0
2843622,기타,3,논술형,0,0.0
2843622,기타,3,구술,0,0.0
2843622,기타,3,기타,1,0.333333
2843623,중간,4,객관식,4,1.0
2843623,중간,4,주관식,4,1.0
2843623,중간,4,T/F형,0,0.0
2843623,중간,4,약술형,0,0.0
2843623,중간,4,논술형,1,0.25
2843623,중간,4,구술,0,0.0
2843623,중간,4,기타,0,0.0
2843623,기말,2,객관식,0,0.0
2843623,기말,2,주관식,2,1.0
2843623,기말,2,T/F형,0,0.0
2843623,기말,2,약술형,0,0.0
2843623,기말,2,논술형,0,0.0
2843623,기말,2,구술,0,0.0
2843623,기말,2,기타,0,0.0
2846185,중간,5,객관식,5,1.0
2846185,중간,5,주관식,5,1.0
2846185,중간,5,T/F형,0,0.0
2846185,중간,5,약술형,0,0.0
2846185,중간,5,논술형,1,0.2
2846185,중간,5,구술,1,0.2
2846185,중간,5,기타,0,0.0
2849820,중간,4,객관식,3,0.75
2849820,중간,4,주관식,4,1.0
2849820,중간,4,T/F형,0,0.0
2849820,중간,4,약술형,1,0.25
2849820,중간,4,논술형,0,0.0
2849820,중간,4,구술,0,0.0
2849820,중간,4,기타,0,0.0
2892966,기말,5,객관식,0,0.0
2892966,기말,5,주관식,3,0.6
2892966,기말,5,T/F형,0,0.0
2892966,기말,5,약술형,3,0.6
2892966,기말,5,논술형,3,0.6
2892966,기말,5,구술,0,0.0
2892966,기말,5,기타,0,0.0
2892968,기말,7,객관식,7,1.0
2892968,기말,7,주관식,7,1.0
2892968,기말,7,T/F형,1,0.142857
2892968,기말,7,약술형,4,0.571429
2892968,기말,7,논술형,0,0.0
2892968,기말,7,구술,0,0.0
2892968,기말,7,기타,0,0.0
2892971,중간,1,객관식,0,0.0
2892971,중간,1,주관식,0,0.0
2892971,중간,1,T/F형,0,0.0
2892971,중간,1,약술형,0,0.0
2892971,중간,1,논술형,0,0.0
2892971,중간,1,구술,0,0.0
2892971,중간,1,기타,1,1.0
2892971,기타,3,객관식,0,0.0
2892971,기타,3,주관식,0,0.0
2892971,기타,3,T/F형,0,0.0
2892971,기타,3,약술형,0,0.0
2892971,기타,3,논술형,0,0.0
2892971,기타,3,구술,0,0.0
2892971,기타,3,기타,3,1.0
2892976,중간,3,객관식,0,0.0
2892976,중간,3,주관식,1,0.333333
2892976,중간,3,T/F형,0,0.0
2892976,중간,3,약술형,0,0.0
2892976,중간,3,논술형,2,0.666667
2892976,중간,3,구술,0,0.0
2892976,중간,3,기타,0,0.0
2892977,중간,2,객관식,0,0.0
2892977,중간,2,주관식,1,0.5
2892977,중간,2,T/F형,0,0.0
2892977,중간,2,약술형,0,0.0
2892977,중간,2,논술형,2,1.0
2892977,중간,2,구술,0,0.0
2892977,중간,2,기타,0,0.0
2892977,기말,2,객관식,0,0.0
2892977,기말,2,주관식,1,0.5
2892977,기말,2,T/F형,0,0.0
2892977,기말,2,약술형,0,0.0
2892977,기말,2,논술형,1,0.5
2892977,기말,2,구술,0,0.0
2892977,기말,2,기타,0,0.0
2892978,중간,4,객관식,0,0.0
2892978,중간,4,주관식,3,0.75
2892978,중간,4,T/F형,0,0.0
2892978,중간,4,약술형,1,0.25
2892978,중간,4,논술형,3,0.75
2892978,중간,4,구술,0,0.0
2892978,중간,4,기타,0,0.0
2892978,기말,2,객관식,0,0.0
2892978,기말,2,주관식,1,0.5
2892978,기말,2,T/F형,0,0.0
2892978,기말,2,약술형,0,0.0
2892978,기말,2,논술형,1,0.5
2892978,기말,2,구술,0,0.0
2892978,기말,2,기타,0,0.0
2892980,중간,3,객관식,2,0.666667
2892980,중간,3,주관식,3,1.0
2892980,중간,3,T/F형,0,0.0
2892980,중간,3,약술형,0,0.0
2892980,중간,3,논술형,1,0.333333
2892980,중간,3,구술,0,0.0
2892980,중간,3,기타,0,0.0
2892980,기말,1,객관식,1,1.0
2892980,기말,1,주관식,1,1.0
2892980,기말,1,T/F형,0,0.0
2892980,기말,1,약술형,0,0.0
2892980,기말,1,논술형,1,1.0
2892980,기말,1,구술,0,0.0
2892980,기말,1,기타,0,0.0
2892985,중간,2,객관식,0,0.0
2892985,중간,2,주관식,2,1.0
2892985,중간,2,T/F형,0,0.0
2892985,중간,2,약술형,1,0.5
2892985,중간,2,논술형,0,0.0
2892985,중간,2,구술,0,0.0
2892985,중간,2,기타,0,0.0
2892987,중간,1,객관식,0,0.0
2892987,중간,1,주관식,0,0.0
2892987,중간,1,T/F형,0,0.0
2892987,중간,1,약술형,1,1.0
2892987,중간,1,논술형,0,0.0
2892987,중간,1,구술,0,0.0
2892987,중간,1,기타,0,0.0
2892987,기말,9,객관식,1,0.111111
2892987,기말,9,주관식,9,1.0
2892987,기말,9,T/F형,0,0.0
2892987,기말,9,약술형,1,0.111111
2892987,기말,9,논술형,0,0.0
2892987,기말,9,구술,0,0.0
2892987,기말,9,기타,0,0.0
2892987,기타,1,객관식,0,0.0
2892987,기타,1,주관식,0,0.0
2892987,기타,1,T/F형,0,0.0
2892987,기타,1,약술형,0,0.0
2892987,기타,1,논술형,0,0.0
2892987,기타,1,구술,0,0.0
2892987,기타,1,기타,1,1.0
2892989,중간,2,객관식,0,0.0
2892989,중간,2,주관식,1,0.5
2892989,중간,2,T/F형,0,0.0
2892989,중간,2,약술형,0,0.0
2892989,중간,2,논술형,2,1.0
2892989,중간,2,구술,0,0.0
2892989,중간,2,기타,0,0.0
2892989,기말,1,객관식,0,0.0
2892989,기말,1,주관식,1,1.0
2892989,기말,1,T/F형,0,0.0
2892989,기말,1,약술형,1,1.0
2892989,기말,1,논술형,0,0.0
2892989,기말,1,구술,0,0.0
2892989,기말,1,기타,0,0.0
2892991,중간,2,객관식,0,0.0
2892991,중간,2,주관식,1,0.5
2892991,중간,2,T/F형,0,0.0
2892991,중간,2,약술형,0,0.0
2892991,중간,2,논술형,1,0.5
2892991,중간,2,구술,0,0.0
2892991,중간,2,기타,0,0.0
2892996,중간,1,객관식,0,0.0
2892996,중간,1,주관식,0,0.0
2892996,중간,1,T/F형,0,0.0
2892996,중간,1,약술형,0,0.0
2892996,중간,1,논술형,0,0.0
2892996,중간,1,구술,0,0.0
2892996,중간,1,기타,1,1.0
2892996,기말,9,객관식,0,0.0
2892996,기말,9,주관식,1,0.111111
2892996,기말,9,T/F형,0,0.0
2892996,기말,9,약술형,1,0.111111
2892996,기말,9,논술형,7,0.777778
2892996,기말,9,구술,0,0.0
2892996,기말,9,기타,0,0.0
2892998,중간,21,객관식,1,0.047619
2892998,중간,21,주관식,2,0.095238
2892998,중간,21,T/F형,0,0.0
2892998,중간,21,약술형,1,0.047619
2892998,중간,21,논술형,10,0.47619
2892998,중간,21,구술,0,0.0
2892998,중간,21,기타,6,0.285714
2892998,기말,37,객관식,37,1.0
2892998,기말,37,주관식,0,0.0
2892998,기말,37,T/F형,0,0.0
2892998,기말,37,약술형,0,0.0
2892998,기말,37,논술형,0,0.0
2892998,기말,37,구술,0,0.0
2892998,기말,37,기타,0,0.0
2892998,1차,1,객관식,1,1.0
2892998,1차,1,주관식,0,0.0
2892998,1차,1,T/F형,0,0.0
2892998,1차,1,약술형,0,0.0
2892998,1차,1,논술형,0,0.0
2892998,1차,1,구술,0,0.0
2892998,1차,1,기타,0,0.0
2893002,중간,5,객관식,0,0.0
2893002,중간,5,주관식,5,1.0
2893002,중간,5,T/F형,0,0.0
2893002,중간,5,약술형,0,0.0
2893002,중간,5,논술형,0,0.0
2893002,중간,5,구술,0,0.0
2893002,중간,5,기타,0,0.0
2893002,기말,2,객관식,0,0.0
2893002,기말,2,주관식,2,1.0
2893002,기말,2,T/F형,0,0.0
2893002,기말,2,약술형,1,0.5
2893002,기말,2,논술형,1,0.5
2893002,기말,2,구술,0,0.0
2893002,기말,2,기타,0,0.0
2893004,중간,1,객관식,0,0.0
2893004,중간,1,주관식,1,1.0
2893004,중간,1,T/F형,0,0.0
2893004,중간,1,약술형,0,0.0
2893004,중간,1,논술형,0,0.0
2893004,중간,1,구술,0,0.0
2893004,중간,1,기타,0,0.0
2893010,기타,3,객관식,0,0.0
2893010,기타,3,주관식,0,0.0
2893010,기타,3,T/F형,0,0.0
2893010,기타,3,약술형,0,0.0
2893010,기타,3,논술형,0,0.0
2893010,기타,3,구술,0,0.0
2893010,기타,3,기타,3,1.0
2893012,중간,4,객관식,1,0.25
2893012,중간,4,주관식,2,0.5
2893012,중간,4,T/F형,0,0.0
2893012,중간,4,약술형,0,0.0
2893012,중간,4,논술형,2,0.5
2893012,중간,4,구술,0,0.0
2893012,중간,4,기타,0,0.0
2893016,기말,1,객관식,0,0.0
2893016,기말,1,주관식,0,0.0
2893016,기말,1,T/F형,0,0.0
2893016,기말,1,약술형,0,0.0
2893016,기말,1,논술형,1,1.0
2893016,기말,1,구술,0,0.0
2893016,기말,1,기타,0,0.0
2893017,중간,8,객관식,0,0.0
2893017,중간,8,주관식,1,0.125
2893017,중간,8,T/F형,0,0.0
2893017,중간,8,약술형,1,0.125
2893017,중간,8,논술형,1,0.125
2893017,중간,8,구술,4,0.5
2893017,중간,8,기타,2,0.25
2893017,기말,8,객관식,8,1.0
2893017,기말,8,주관식,7,0.875
2893017,기말,8,T/F형,1,0.125
2893017,기말,8,약술형,6,0.75
2893017,기말,8,논술형,4,0.5
2893017,기말,8,구술,0,0.0
2893017,기말,8,기타,0,0.0
2893023,중간,6,객관식,3,0.5
2893023,중간,6,주관식,3,0.5
2893023,중간,6,T/F형,0,0.0
2893023,중간,6,약술형,0,0.0
2893023,중간,6,논술형,2,0.333333
2893023,중간,6,구술,0,0.0
2893023,중간,6,기타,1,0.166667
2893023,기말,12,객관식,10,0.833333
2893023,기말,12,주관식,9,0.75
2893023,기말,12,T/F형,0,0.0
2893023,기말,12,약술형,0,0.0
2893023,기말,12,논술형,1,0.083333
2893023,기말,12,구술,0,0.0
2893023,기말,12,기타,0,0.0
2893023,기타,1,객관식,0,0.0
2893023,기타,1,주관식,0,0.0
2893023,기타,1,T/F형,0,0.0
2893023,기타,1,약술형,0,0.0
2893023,기타,1,논술형,1,1.0
2893023,기타,1,구술,0,0.0
2893023,기타,1,기타,1,1.0
2893024,중간,19,객관식,13,0.684211
2893024,중간,19,주관식,9,0.473684
2893024,중간,19,T/F형,2,0.105263
2893024,중간,19,약술형,3,0.157895
2893024,중간,19,논술형,6,0.315789
2893024,중간,19,구술,0,0.0
2893024,중간,19,기타,1,0.052632
2893024,기말,11,객관식,0,0.0
2893024,기말,11,주관식,6,0.545455
2893024,기말,11,T/F형,0,0.0
2893024,기말,11,약술형,4,0.363636
2893024,기말,11,논술형,1,0.090909
2893024,기말,11,구술,0,0.0
2893024,기말,11,기타,0,0.0
2893026,중간,45,객관식,42,0.933333
2893026,중간,45,주관식,40,0.888889
2893026,중간,45,T/F형,0,0.0
2893026,중간,45,약술형,2,0.044444
2893026,중간,45,논술형,9,0.2
2893026,중간,45,구술,0,0.0
2893026,중간,45,기타,1,0.022222
2893026,기말,21,객관식,20,0.952381
2893026,기말,21,주관식,18,0.857143
2893026,기말,21,T/F형,0,0.0
2893026,기말,21,약술형,2,0.095238
2893026,기말,21,논술형,2,0.095238
2893026,기말,21,구술,0,0.0
2893026,기말,21,기타,0,0.0
2893026,1차,2,객관식,2,1.0
2893026,1차,2,주관식,1,0.5
2893026,1차,2,T/F형,0,0.0
2893026,1차,2,약술형,0,0.0
2893026,1차,2,논술형,0,0.0
2893026,1차,2,구술,0,0.0
2893026,1차,2,기타,0,0.0
2893028,기말,1,객관식,0,0.0
2893028,기말,1,주관식,0,0.0
2893028,기말,1,T/F형,0,0.0
2893028,기말,1,약술형,0,0.0
2893028,기말,1,논술형,0,0.0
2893028,기말,1,구술,0,0.0
2893028,기말,1,기타,1,1.0
2893028,1차,2,객관식,0,0.0
2893028,1차,2,주관식,0,0.0
2893028,1차,2,T/F형,0,0.0
2893028,1차,2,약술형,0,0.0
2893028,1차,2,논술형,0,0.0
2893028,1차,2,구술,0,0.0
2893028,1차,2,기타,2,1.0
2893029,기말,1,객관식,0,0.0
2893029,기말,1,주관식,1,1.0
2893029,기말,1,T/F형,0,0.0
2893029,기말,1,약술형,0,0.0
2893029,기말,1,논술형,0,0.0
2893029,기말,1,구술,0,0.0
2893029,기말,1,기타,0,0.0
2893029,기타,1,객관식,0,0.0
2893029,기타,1,주관식,0,0.0
2893029,기타,1,T/F형,0,0.0
2893029,기타,1,약술형,0,0.0
2893029,기타,1,논술형,0,0.0
2893029,기타,1,구술,0,0.0
2893029,기타,1,기타,1,1.0
2893031,중간,3,객관식,3,1.0
2893031,중간,3,주관식,0,0.0
2893031,중간,3,T/F형,0,0.0
2893031,중간,3,약술형,0,0.0
2893031,중간,3,논술형,0,0.0
2893031,중간,3,구술,0,0.0
2893031,중간,3,기타,0,0.0
2893041,중간,1,객관식,0,0.0
2893041,중간,1,주관식,1,1.0
2893041,중간,1,T/F형,0,0.0
2893041,중간,1,약술형,0,0.0
2893041,중간,1,논술형,0,0.0
2893041,중간,1,구술,0,0.0
2893041,중간,1,기타,0,0.0
2893044,중간,3,객관식,3,1.0
2893044,중간,3,주관식,2,0.666667
2893044,중간,3,T/F형,0,0.0
2893044,중간,3,약술형,1,0.333333
2893044,중간,3,논술형,0,0.0
2893044,중간,3,구술,0,0.0
2893044,중간,3,기타,0,0.0
2893046,중간,4,객관식,4,1.0
2893046,중간,4,주관식,4,1.0
2893046,중간,4,T/F형,0,0.0
2893046,중간,4,약술형,1,0.25
2893046,중간,4,논술형,0,0.0
2893046,중간,4,구술,0,0.0
2893046,중간,4,기타,0,0.0
2893046,기말,4,객관식,4,1.0
2893046,기말,4,주관식,2,0.5
2893046,기말,4,T/F형,0,0.0
2893046,기말,4,약술형,2,0.5
2893046,기말,4,논술형,0,0.0
2893046,기말,4,구술,0,0.0
2893046,기말,4,기타,0,0.0
2893054,중간,3,객관식,0,0.0
2893054,중간,3,주관식,2,0.666667
2893054,중간,3,T/F형,0,0.0
2893054,중간,3,약술형,1,0.333333
2893054,중간,3,논술형,1,0.333333
2893054,중간,3,구술,0,0.0
2893054,중간,3,기타,0,0.0
2893055,중간,4,객관식,4,1.0
2893055,중간,4,주관식,4,1.0
2893055,중간,4,T/F형,4,1.0
2893055,중간,4,약술형,2,0.5
2893055,중간,4,논술형,0,0.0
2893055,중간,4,구술,0,0.0
2893055,중간,4,기타,1,0.25
2893064,중간,1,객관식,0,0.0
2893064,중간,1,주관식,1,1.0
2893064,중간,1,T/F형,0,0.0
2893064,중간,1,약술형,0,0.0
2893064,중간,1,논술형,0,0.0
2893064,중간,1,구술,0,0.0
2893064,중간,1,기타,0,0.0
2893065,중간,2,객관식,0,0.0
2893065,중간,2,주관식,0,0.0
2893065,중간,2,T/F형,0,0.0
2893065,중간,2,약술형,0,0.0
2893065,중간,2,논술형,0,0.0
2893065,중간,2,구술,0,0.0
2893065,중간,2,기타,2,1.0
2893067,중간,2,객관식,1,0.5
2893067,중간,2,주관식,2,1.0
2893067,중간,2,T/F형,0,0.0
2893067,중간,2,약술형,0,0.0
2893067,중간,2,논술형,0,0.0
2893067,중간,2,구술,0,0.0
2893067,중간,2,기타,0,0.0
2893068,기말,1,객관식,0,0.0
2893068,기말,1,주관식,1,1.0
2893068,기말,1,T/F형,0,0.0
2893068,기말,1,약술형,0,0.0
2893068,기말,1,논술형,0,0.0
2893068,기말,1,구술,0,0.0
2893068,기말,1,기타,0,0.0
2893070,기말,2,객관식,0,0.0
2893070,기말,2,주관식,1,0.5
2893070,기말,2,T/F형,0,0.0
2893070,기말,2,약술형,0,0.0
2893070,기말,2,논술형,2,1.0
2893070,기말,2,구술,0,0.0
2893070,기말,2,기타,0,0.0
2893086,중간,4,객관식,0,0.0
2893086,중간,4,주관식,4,1.0
2893086,중간,4,T/F형,2,0.5
2893086,중간,4,약술형,0,0.0
2893086,중간,4,논술형,2,0.5
2893086,중간,4,구술,0,0.0
2893086,중간,4,기타,0,0.0
2893087,중간,6,객관식,2,0.333333
2893087,중간,6,주관식,3,0.5
2893087,중간,6,T/F형,5,0.833333
2893087,중간,6,약술형,0,0.0
2893087,중간,6,논술형,0,0.0
2893087,중간,6,구술,0,0.0
2893087,중간,6,기타,0,0.0
2893087,기말,2,객관식,0,0.0
2893087,기말,2,주관식,1,0.5
2893087,기말,2,T/F형,1,0.5
2893087,기말,2,약술형,0,0.0
2893087,기말,2,논술형,0,0.0
2893087,기말,2,구술,0,0.0
2893087,기말,2,기타,0,0.0
2893089,중간,26,객관식,0,0.0
2893089,중간,26,주관식,19,0.730769
2893089,중간,26,T/F형,0,0.0
2893089,중간,26,약술형,4,0.153846
2893089,중간,26,논술형,9,0.346154
2893089,중간,26,구술,1,0.038462
2893089,중간,26,기타,1,0.038462
2893089,기말,2,객관식,0,0.0
2893089,기말,2,주관식,2,1.0
2893089,기말,2,T/F형,0,0.0
2893089,기말,2,약술형,2,1.0
2893089,기말,2,논술형,1,0.5
2893089,기말,2,구술,0,0.0
2893089,기말,2,기타,0,0.0
2893091,중간,16,객관식,13,0.8125
2893091,중간,16,주관식,13,0.8125
2893091,중간,16,T/F형,0,0.0
2893091,중간,16,약술형,2,0.125
2893091,중간,16,논술형,1,0.0625
2893091,중간,16,구술,0,0.0
2893091,중간,16,기타,0,0.0
2893091,기말,4,객관식,3,0.75
2893091,기말,4,주관식,4,1.0
2893091,기말,4,T/F형,1,0.25
2893091,기말,4,약술형,0,0.0
2893091,기말,4,논술형,2,0.5
2893091,기말,4,구술,0,0.0
2893091,기말,4,기타,0,0.0
2893092,중간,17,객관식,17,1.0
2893092,중간,17,주관식,11,0.647059
2893092,중간,17,T/F형,4,0.235294
2893092,중간,17,약술형,2,0.117647
2893092,중간,17,논술형,0,0.0
2893092,중간,17,구술,0,0.0
2893092,중간,17,기타,0,0.0
2893092,기말,3,객관식,3,1.0
2893092,기말,3,주관식,2,0.666667
2893092,기말,3,T/F형,1,0.333333
2893092,기말,3,약술형,1,0.333333
2893092,기말,3,논술형,0,0.0
2893092,기말,3,구술,0,0.0
2893092,기말,3,기타,0,0.0
2893097,기타,1,객관식,0,0.0
2893097,기타,1,주관식,1,1.0
2893097,기타,1,T/F형,0,0.0
2893097,기타,1,약술형,0,0.0
2893097,기타,1,논술형,0,0.0
2893097,기타,1,구술,0,0.0
2893097,기타,1,기타,0,0.0
2893101,중간,6,객관식,3,0.5
2893101,중간,6,주관식,4,0.666667
2893101,중간,6,T/F형,4,0.666667
2893101,중간,6,약술형,3,0.5
2893101,중간,6,논술형,2,0.333333
2893101,중간,6,구술,0,0.0
2893101,중간,6,기타,1,0.166667
2893104,중간,3,객관식,0,0.0
2893104,중간,3,주관식,3,1.0
2893104,중간,3,T/F형,0,0.0
2893104,중간,3,약술형,0,0.0
2893104,중간,3,논술형,2,0.666667
2893104,중간,3,구술,0,0.0
2893104,중간,3,기타,0,0.0
2893104,기말,1,객관식,0,0.0
2893104,기말,1,주관식,0,0.0
2893104,기말,1,T/F형,0,0.0
2893104,기말,1,약술형,0,0.0
2893104,기말,1,논술형,0,0.0
2893104,기말,1,구술,0,0.0
2893104,기말,1,기타,0,0.0
2893105,중간,1,객관식,1,1.0
2893105,중간,1,주관식,0,0.0
2893105,중간,1,T/F형,0,0.0
2893105,중간,1,약술형,0,0.0
2893105,중간,1,논술형,0,0.0
2893105,중간,1,구술,0,0.0
2893105,중간,1,기타,0,0.0
2893107,중간,6,객관식,0,0.0
2893107,중간,6,주관식,4,0.666667
2893107,중간,6,T/F형,0,0.0
2893107,중간,6,약술형,0,0.0
2893107,중간,6,논술형,3,0.5
2893107,중간,6,구술,0,0.0
2893107,중간,6,기타,0,0.0
2893107,기말,1,객관식,0,0.0
2893107,기말,1,주관식,1,1.0
2893107,기말,1,T/F형,0,0.0
2893107,기말,1,약술형,0,0.0
2893107,기말,1,논술형,0,0.0
2893107,기말,1,구술,0,0.0
2893107,기말,1,기타,0,0.0
2893107,기타,1,객관식,0,0.0
2893107,기타,1,주관식,0,0.0
2893107,기타,1,T/F형,0,0.0
2893107,기타,1,약술형,0,0.0
2893107,기타,1,논술형,1,1.0
2893107,기타,1,구술,0,0.0
2893107,기타,1,기타,0,0.0
2893110,기말,1,객관식,0,0.0
2893110,기말,1,주관식,0,0.0
2893110,기말,1,T/F형,0,0.0
2893110,기말,1,약술형,0,0.0
2893110,기말,1,논술형,0,0.0
2893110,기말,1,구술,0,0.0
2893110,기말,1,기타,1,1.0
2893111,기말,1,객관식,0,0.0
2893111,기말,1,주관식,1,1.0
2893111,기말,1,T/F형,0,0.0
2893111,기말,1,약술형,0,0.0
2893111,기말,1,논술형,0,0.0
2893111,기말,1,구술,0,0.0
2893111,기말,1,기타,1,1.0
2893125,중간,1,객관식,0,0.0
2893125,중간,1,주관식,1,1.0
2893125,중간,1,T/F형,1,1.0
2893125,중간,1,약술형,1,1.0
2893125,중간,1,논술형,0,0.0
2893125,중간,1,구술,0,0.0
2893125,중간,1,기타,0,0.0
2893126,중간,1,객관식,0,0.0
2893126,중간,1,주관식,1,1.0
2893126,중간,1,T/F형,0,0.0
2893126,중간,1,약술형,0,0.0
2893126,중간,1,논술형,0,0.0
2893126,중간,1,구술,0,0.0
2893126,중간,1,기타,0,0.0
2893126,기말,1,객관식,0,0.0
2893126,기말,1,주관식,1,1.0
2893126,기말,1,T/F형,0,0.0
2893126,기말,1,약술형,0,0.0
2893126,기말,1,논술형,0,0.0
2893126,기말,1,구술,0,0.0
2893126,기말,1,기타,0,0.0
2893128,중간,3,객관식,0,0.0
2893128,중간,3,주관식,2,0.666667
2893128,중간,3,T/F형,0,0.0
2893128,중간,3,약술형,2,0.666667
2893128,중간,3,논술형,1,0.333333
2893128,중간,3,구술,0,0.0
2893128,중간,3,기타,0,0.0
2893128,기말,1,객관식,0,0.0
2893128,기말,1,주관식,1,1.0
2893128,기말,1,T/F형,1,1.0
2893128,기말,1,약술형,0,0.0
2893128,기말,1,논술형,0,0.0
2893128,기말,1,구술,0,0.0
2893128,기말,1,기타,0,0.0
2893129,기말,1,객관식,0,0.0
2893129,기말,1,주관식,1,1.0
2893129,기말,1,T/F형,0,0.0
2893129,기말,1,약술형,0,0.0
2893129,기말,1,논술형,0,0.0
2893129,기말,1,구술,0,0.0
2893129,기말,1,기타,0,0.0
2893130,기말,2,객관식,1,0.5
2893130,기말,2,주관식,2,1.0
2893130,기말,2,T/F형,1,0.5
2893130,기말,2,약술형,2,1.0
2893130,기말,2,논술형,0,0.0
2893130,기말,2,구술,0,0.0
2893130,기말,2,기타,0,0.0
2893131,중간,2,객관식,0,0.0
2893131,중간,2,주관식,2,1.0
2893131,중간,2,T/F형,0,0.0
2893131,중간,2,약술형,0,0.0
2893131,중간,2,논술형,2,1.0
2893131,중간,2,구술,0,0.0
2893131,중간,2,기타,0,0.0
2893141,중간,1,객관식,0,0.0
2893141,중간,1,주관식,0,0.0
2893141,중간,1,T/F형,0,0.0
2893141,중간,1,약술형,0,0.0
2893141,중간,1,논술형,1,1.0
2893141,중간,1,구술,0,0.0
2893141,중간,1,기타,0,0.0
2893149,중간,1,객관식,1,1.0
2893149,중간,1,주관식,1,1.0
2893149,중간,1,T/F형,0,0.0
2893149,중간,1,약술형,0,0.0
2893149,중간,1,논술형,0,0.0
2893149,중간,1,구술,0,0.0
2893149,중간,1,기타,0,0.0
2893154,기말,1,객관식,0,0.0
2893154,기말,1,주관식,0,0.0
2893154,기말,1,T/F형,0,0.0
2893154,기말,1,약술형,0,0.0
2893154,기말,1,논술형,1,1.0
2893154,기말,1,구술,0,0.0
2893154,기말,1,기타,0,0.0
2893167,중간,3,객관식,1,0.333333
2893167,중간,3,주관식,2,0.666667
2893167,중간,3,T/F형,0,0.0
2893167,중간,3,약술형,1,0.333333
2893167,중간,3,논술형,2,0.666667
2893167,중간,3,구술,0,0.0
2893167,중간,3,기타,0,0.0
2893167,기말,1,객관식,1,1.0
2893167,기말,1,주관식,1,1.0
2893167,기말,1,T/F형,0,0.0
2893167,기말,1,약술형,1,1.0
2893167,기말,1,논술형,0,0.0
2893167,기말,1,구술,0,0.0
2893167,기말,1,기타,0,0.0
2893177,중간,3,객관식,3,1.0
2893177,중간,3,주관식,0,0.0
2893177,중간,3,T/F형,0,0.0
2893177,중간,3,약술형,0,0.0
2893177,중간,3,논술형,0,0.0
2893177,중간,3,구술,0,0.0
2893177,중간,3,기타,0,0.0
2893184,중간,3,객관식,0,0.0
2893184,중간,3,주관식,2,0.666667
2893184,중간,3,T/F형,2,0.666667
2893184,중간,3,약술형,1,0.333333
2893184,중간,3,논술형,0,0.0
2893184,중간,3,구술,0,0.0
2893184,중간,3,기타,0,0.0
2893192,중간,3,객관식,0,0.0
2893192,중간,3,주관식,1,0.333333
2893192,중간,3,T/F형,0,0.0
2893192,중간,3,약술형,0,0.0
2893192,중간,3,논술형,3,1.0
2893192,중간,3,구술,0,0.0
2893192,중간,3,기타,0,0.0
2893194,중간,2,객관식,1,0.5
2893194,중간,2,주관식,2,1.0
2893194,중간,2,T/F형,0,0.0
2893194,중간,2,약술형,1,0.5
2893194,중간,2,논술형,0,0.0
2893194,중간,2,구술,0,0.0
2893194,중간,2,기타,0,0.0
2893195,중간,9,객관식,9,1.0
2893195,중간,9,주관식,5,0.555556
2893195,중간,9,T/F형,0,0.0
2893195,중간,9,약술형,0,0.0
2893195,중간,9,논술형,5,0.555556
2893195,중간,9,구술,6,0.666667
2893195,중간,9,기타,0,0.0
2893196,중간,3,객관식,2,0.666667
2893196,중간,3,주관식,0,0.0
2893196,중간,3,T/F형,0,0.0
2893196,중간,3,약술형,0,0.0
2893196,중간,3,논술형,0,0.0
2893196,중간,3,구술,3,1.0
2893196,중간,3,기타,0,0.0
2893197,중간,1,객관식,1,1.0
2893197,중간,1,주관식,1,1.0
2893197,중간,1,T/F형,0,0.0
2893197,중간,1,약술형,0,0.0
2893197,중간,1,논술형,0,0.0
2893197,중간,1,구술,0,0.0
2893197,중간,1,기타,0,0.0
2893199,중간,4,객관식,1,0.25
2893199,중간,4,주관식,3,0.75
2893199,중간,4,T/F형,4,1.0
2893199,중간,4,약술형,1,0.25
2893199,중간,4,논술형,3,0.75
2893199,중간,4,구술,0,0.0
2893199,중간,4,기타,0,0.0
2893199,기말,1,객관식,0,0.0
2893199,기말,1,주관식,0,0.0
2893199,기말,1,T/F형,1,1.0
2893199,기말,1,약술형,0,0.0
2893199,기말,1,논술형,1,1.0
2893199,기말,1,구술,0,0.0
2893199,기말,1,기타,1,1.0
2893207,중간,1,객관식,0,0.0
2893207,중간,1,주관식,0,0.0
2893207,중간,1,T/F형,0,0.0
2893207,중간,1,약술형,1,1.0
2893207,중간,1,논술형,1,1.0
2893207,중간,1,구술,0,0.0
2893207,중간,1,기타,0,0.0
2893210,중간,9,객관식,0,0.0
2893210,중간,9,주관식,8,0.888889
2893210,중간,9,T/F형,0,0.0
2893210,중간,9,약술형,7,0.777778
2893210,중간,9,논술형,2,0.222222
2893210,중간,9,구술,0,0.0
2893210,중간,9,기타,0,0.0
2893210,기말,1,객관식,0,0.0
2893210,기말,1,주관식,1,1.0
2893210,기말,1,T/F형,0,0.0
2893210,기말,1,약술형,1,1.0
2893210,기말,1,논술형,0,0.0
2893210,기말,1,구술,0,0.0
2893210,기말,1,기타,0,0.0
2893212,중간,3,객관식,0,0.0
2893212,중간,3,주관식,0,0.0
2893212,중간,3,T/F형,0,0.0
2893212,중간,3,약술형,1,0.333333
2893212,중간,3,논술형,2,0.666667
2893212,중간,3,구술,0,0.0
2893212,중간,3,기타,0,0.0
2893213,중간,2,객관식,2,1.0
2893213,중간,2,주관식,0,0.0
2893213,중간,2,T/F형,0,0.0
2893213,중간,2,약술형,0,0.0
2893213,중간,2,논술형,0,0.0
2893213,중간,2,구술,0,0.0
2893213,중간,2,기타,0,0.0
2893216,중간,2,객관식,0,0.0
2893216,중간,2,주관식,2,1.0
2893216,중간,2,T/F형,0,0.0
2893216,중간,2,약술형,0,0.0
2893216,중간,2,논술형,1,0.5
2893216,중간,2,구술,0,0.0
2893216,중간,2,기타,0,0.0
2893218,기말,4,객관식,1,0.25
2893218,기말,4,주관식,0,0.0
2893218,기말,4,T/F형,3,0.75
2893218,기말,4,약술형,0,0.0
2893218,기말,4,논술형,0,0.0
2893218,기말,4,구술,0,0.0
2893218,기말,4,기타,0,0.0
2893221,중간,3,객관식,1,0.333333
2893221,중간,3,주관식,2,0.666667
2893221,중간,3,T/F형,1,0.333333
2893221,중간,3,약술형,2,0.666667
2893221,중간,3,논술형,0,0.0
2893221,중간,3,구술,0,0.0
2893221,중간,3,기타,0,0.0
2893221,2차,1,객관식,1,1.0
2893221,2차,1,주관식,0,0.0
2893221,2차,1,T/F형,1,1.0
2893221,2차,1,약술형,1,1.0
2893221,2차,1,논술형,0,0.0
2893221,2차,1,구술,0,0.0
2893221,2차,1,기타,0,0.0
2893225,기말,2,객관식,0,0.0
2893225,기말,2,주관식,2,1.0
2893225,기말,2,T/F형,0,0.0
2893225,기말,2,약술형,2,1.0
2893225,기말,2,논술형,2,1.0
2893225,기말,2,구술,0,0.0
2893225,기말,2,기타,0,0.0
2893226,중간,2,객관식,2,1.0
2893226,중간,2,주관식,2,1.0
2893226,중간,2,T/F형,0,0.0
2893226,중간,2,약술형,0,0.0
2893226,중간,2,논술형,0,0.0
2893226,중간,2,구술,0,0.0
2893226,중간,2,기타,0,0.0
2893226,1차,1,객관식,0,0.0
2893226,1차,1,주관식,0,0.0
2893226,1차,1,T/F형,1,1.0
2893226,1차,1,약술형,0,0.0
2893226,1차,1,논술형,0,0.0
2893226,1차,1,구술,0,0.0
2893226,1차,1,기타,0,0.0
2893232,중간,12,객관식,0,0.0
2893232,중간,12,주관식,3,0.25
2893232,중간,12,T/F형,0,0.0
2893232,중간,12,약술형,1,0.083333
2893232,중간,12,논술형,8,0.666667
2893232,중간,12,구술,0,0.0
2893232,중간,12,기타,0,0.0
2893233,중간,1,객관식,1,1.0
2893233,중간,1,주관식,1,1.0
2893233,중간,1,T/F형,1,1.0
2893233,중간,1,약술형,1,1.0
2893233,중간,1,논술형,1,1.0
2893233,중간,1,구술,0,0.0
2893233,중간,1,기타,0,0.0
2893235,중간,1,객관식,1,1.0
2893235,중간,1,주관식,1,1.0
2893235,중간,1,T/F형,0,0.0
2893235,중간,1,약술형,0,0.0
2893235,중간,1,논술형,0,0.0
2893235,중간,1,구술,0,0.0
2893235,중간,1,기타,0,0.0
2893237,중간,1,객관식,1,1.0
2893237,중간,1,주관식,1,1.0
2893237,중간,1,T/F형,1,1.0
2893237,중간,1,약술형,0,0.0
2893237,중간,1,논술형,1,1.0
2893237,중간,1,구술,0,0.0
2893237,중간,1,기타,0,0.0
2893237,기말,1,객관식,1,1.0
2893237,기말,1,주관식,1,1.0
2893237,기말,1,T/F형,1,1.0
2893237,기말,1,약술형,0,0.0
2893237,기말,1,논술형,0,0.0
2893237,기말,1,구술,0,0.0
2893237,기말,1,기타,0,0.0
2893243,중간,3,객관식,3,1.0
2893243,중간,3,주관식,2,0.666667
2893243,중간,3,T/F형,2,0.666667
2893243,중간,3,약술형,1,0.333333
2893243,중간,3,논술형,0,0.0
2893243,중간,3,구술,0,0.0
2893243,중간,3,기타,0,0.0
2893243,기말,1,객관식,1,1.0
2893243,기말,1,주관식,0,0.0
2893243,기말,1,T/F형,1,1.0
2893243,기말,1,약술형,0,0.0
2893243,기말,1,논술형,0,0.0
2893243,기말,1,구술,0,0.0
2893243,기말,1,기타,0,0.0
2893245,중간,8,객관식,0,0.0
2893245,중간,8,주관식,8,1.0
2893245,중간,8,T/F형,0,0.0
2893245,중간,8,약술형,3,0.375
2893245,중간,8,논술형,1,0.125
2893245,중간,8,구술,0,0.0
2893245,중간,8,기타,0,0.0
2893245,기말,2,객관식,0,0.0
2893245,기말,2,주관식,0,0.0
2893245,기말,2,T/F형,0,0.0
2893245,기말,2,약술형,0,0.0
2893245,기말,2,논술형,2,1.0
2893245,기말,2,구술,0,0.0
2893245,기말,2,기타,0,0.0
2893248,중간,1,객관식,0,0.0
2893248,중간,1,주관식,0,0.0
2893248,중간,1,T/F형,0,0.0
2893248,중간,1,약술형,1,1.0
2893248,중간,1,논술형,1,1.0
2893248,중간,1,구술,0,0.0
2893248,중간,1,기타,0,0.0
2893248,기말,1,객관식,0,0.0
2893248,기말,1,주관식,0,0.0
2893248,기말,1,T/F형,0,0.0
2893248,기말,1,약술형,1,1.0
2893248,기말,1,논술형,1,1.0
2893248,기말,1,구술,0,0.0
2893248,기말,1,기타,0,0.0
2893253,중간,2,객관식,0,0.0
2893253,중간,2,주관식,1,0.5
2893253,중간,2,T/F형,0,0.0
2893253,중간,2,약술형,0,0.0
2893253,중간,2,논술형,1,0.5
2893253,중간,2,구술,0,0.0
2893253,중간,2,기타,0,0.0
2893254,중간,1,객관식,0,0.0
2893254,중간,1,주관식,1,1.0
2893254,중간,1,T/F형,0,0.0
2893254,중간,1,약술형,0,0.0
2893254,중간,1,논술형,0,0.0
2893254,중간,1,구술,0,0.0
2893254,중간,1,기타,0,0.0
2893255,중간,2,객관식,0,0.0
2893255,중간,2,주관식,2,1.0
2893255,중간,2,T/F형,0,0.0
2893255,중간,2,약술형,0,0.0
2893255,중간,2,논술형,0,0.0
2893255,중간,2,구술,0,0.0
2893255,중간,2,기타,0,0.0
2893255,기말,1,객관식,0,0.0
2893255,기말,1,주관식,1,1.0
2893255,기말,1,T/F형,0,0.0
2893255,기말,1,약술형,0,0.0
2893255,기말,1,논술형,0,0.0
2893255,기말,1,구술,0,0.0
2893255,기말,1,기타,0,0.0
2893258,중간,3,객관식,3,1.0
2893258,중간,3,주관식,0,0.0
2893258,중간,3,T/F형,3,1.0
2893258,중간,3,약술형,0,0.0
2893258,중간,3,논술형,0,0.0
2893258,중간,3,구술,0,0.0
2893258,중간,3,기타,0,0.0
2893261,중간,1,객관식,1,1.0
2893261,중간,1,주관식,0,0.0
2893261,중간,1,T/F형,0,0.0
2893261,중간,1,약술형,0,0.0
2893261,중간,1,논술형,0,0.0
2893261,중간,1,구술,0,0.0
2893261,중간,1,기타,0,0.0
2893261,기말,1,객관식,0,0.0
2893261,기말,1,주관식,1,1.0
2893261,기말,1,T/F형,0,0.0
2893261,기말,1,약술형,0,0.0
2893261,기말,1,논술형,0,0.0
2893261,기말,1,구술,0,0.0
2893261,기말,1,기타,0,0.0
2893266,중간,2,객관식,0,0.0
2893266,중간,2,주관식,2,1.0
2893266,중간,2,T/F형,0,0.0
2893266,중간,2,약술형,0,0.0
2893266,중간,2,논술형,0,0.0
2893266,중간,2,구술,0,0.0
2893266,중간,2,기타,1,0.5
2893268,중간,1,객관식,1,1.0
2893268,중간,1,주관식,0,0.0
2893268,중간,1,T/F형,0,0.0
2893268,중간,1,약술형,0,0.0
2893268,중간,1,논술형,0,0.0
2893268,중간,1,구술,0,0.0
2893268,중간,1,기타,0,0.0
2893300,중간,2,객관식,0,0.0
2893300,중간,2,주관식,2,1.0
2893300,중간,2,T/F형,1,0.5
2893300,중간,2,약술형,0,0.0
2893300,중간,2,논술형,0,0.0
2893300,중간,2,구술,0,0.0
2893300,중간,2,기타,0,0.0
2893304,중간,1,객관식,0,0.0
2893304,중간,1,주관식,0,0.0
2893304,중간,1,T/F형,0,0.0
2893304,중간,1,약술형,0,0.0
2893304,중간,1,논술형,1,1.0
2893304,중간,1,구술,0,0.0
2893304,중간,1,기타,1,1.0
2893307,중간,5,객관식,0,0.0
2893307,중간,5,주관식,5,1.0
2893307,중간,5,T/F형,0,0.0
2893307,중간,5,약술형,2,0.4
2893307,중간,5,논술형,2,0.4
2893307,중간,5,구술,1,0.2
2893307,중간,5,기타,0,0.0
2893310,기말,2,객관식,0,0.0
2893310,기말,2,주관식,0,0.0
2893310,기말,2,T/F형,0,0.0
2893310,기말,2,약술형,0,0.0
2893310,기말,2,논술형,0,0.0
2893310,기말,2,구술,0,0.0
2893310,기말,2,기타,2,1.0
2893312,중간,1,객관식,1,1.0
2893312,중간,1,주관식,1,1.0
2893312,중간,1,T/F형,0,0.0
2893312,중간,1,약술형,0,0.0
2893312,중간,1,논술형,1,1.0
2893312,중간,1,구술,0,0.0
2893312,중간,1,기타,0,0.0
2893324,중간,1,객관식,0,0.0
2893324,중간,1,주관식,0,0.0
2893324,중간,1,T/F형,0,0.0
2893324,중간,1,약술형,0,0.0
2893324,중간,1,논술형,0,0.0
2893324,중간,1,구술,0,0.0
2893324,중간,1,기타,1,1.0
2893359,중간,2,객관식,0,0.0
2893359,중간,2,주관식,1,0.5
2893359,중간,2,T/F형,0,0.0
2893359,중간,2,약술형,0,0.0
2893359,중간,2,논술형,0,0.0
2893359,중간,2,구술,0,0.0
2893359,중간,2,기타,1,0.5
2893373,중간,1,객관식,0,0.0
2893373,중간,1,주관식,0,0.0
2893373,중간,1,T/F형,0,0.0
2893373,중간,1,약술형,0,0.0
2893373,중간,1,논술형,0,0.0
2893373,중간,1,구술,0,0.0
2893373,중간,1,기타,1,1.0
2893375,중간,1,객관식,0,0.0
2893375,중간,1,주관식,0,0.0
2893375,중간,1,T/F형,0,0.0
2893375,중간,1,약술형,0,0.0
2893375,중간,1,논술형,0,0.0
2893375,중간,1,구술,0,0.0
2893375,중간,1,기타,1,1.0
2893378,기말,1,객관식,0,0.0
2893378,기말,1,주관식,1,1.0
2893378,기말,1,T/F형,0,0.0
2893378,기말,1,약술형,0,0.0
2893378,기말,1,논술형,0,0.0
2893378,기말,1,구술,0,0.0
2893378,기말,1,기타,0,0.0
2893398,중간,12,객관식,2,0.166667
2893398,중간,12,주관식,10,0.833333
2893398,중간,12,T/F형,0,0.0
2893398,중간,12,약술형,1,0.083333
2893398,중간,12,논술형,4,0.333333
2893398,중간,12,구술,0,0.0
2893398,중간,12,기타,1,0.083333
2893398,기말,1,객관식,0,0.0
2893398,기말,1,주관식,1,1.0
2893398,기말,1,T/F형,0,0.0
2893398,기말,1,약술형,0,0.0
2893398,기말,1,논술형,1,1.0
2893398,기말,1,구술,0,0.0
2893398,기말,1,기타,0,0.0
2893400,기말,1,객관식,0,0.0
2893400,기말,1,주관식,1,1.0
2893400,기말,1,T/F형,0,0.0
2893400,기말,1,약술형,0,0.0
2893400,기말,1,논술형,0,0.0
2893400,기말,1,구술,0,0.0
2893400,기말,1,기타,0,0.0
2893402,기말,1,객관식,1,1.0
2893402,기말,1,주관식,1,1.0
2893402,기말,1,T/F형,0,0.0
2893402,기말,1,약술형,0,0.0
2893402,기말,1,논술형,0,0.0
2893402,기말,1,구술,0,0.0
2893402,기말,1,기타,0,0.0
2893417,중간,2,객관식,1,0.5
2893417,중간,2,주관식,1,0.5
2893417,중간,2,T/F형,0,0.0
2893417,중간,2,약술형,0,0.0
2893417,중간,2,논술형,2,1.0
2893417,중간,2,구술,0,0.0
2893417,중간,2,기타,0,0.0
2893417,기말,1,객관식,0,0.0
2893417,기말,1,주관식,0,0.0
2893417,기말,1,T/F형,0,0.0
2893417,기말,1,약술형,0,0.0
2893417,기말,1,논술형,1,1.0
2893417,기말,1,구술,0,0.0
2893417,기말,1,기타,0,0.0
2893418,중간,1,객관식,0,0.0
2893418,중간,1,주관식,0,0.0
2893418,중간,1,T/F형,0,0.0
2893418,중간,1,약술형,0,0.0
2893418,중간,1,논술형,1,1.0
2893418,중간,1,구술,0,0.0
2893418,중간,1,기타,0,0.0
2893419,중간,2,객관식,0,0.0
2893419,중간,2,주관식,2,1.0
2893419,중간,2,T/F형,0,0.0
2893419,중간,2,약술형,0,0.0
2893419,중간,2,논술형,1,0.5
2893419,중간,2,구술,0,0.0
2893419,중간,2,기타,0,0.0
2893423,중간,4,객관식,4,1.0
2893423,중간,4,주관식,3,0.75
2893423,중간,4,T/F형,3,0.75
2893423,중간,4,약술형,3,0.75
2893423,중간,4,논술형,1,0.25
2893423,중간,4,구술,0,0.0
2893423,중간,4,기타,0,0.0
2893426,중간,2,객관식,0,0.0
2893426,중간,2,주관식,1,0.5
2893426,중간,2,T/F형,0,0.0
2893426,중간,2,약술형,0,0.0
2893426,중간,2,논술형,2,1.0
2893426,중간,2,구술,0,0.0
2893426,중간,2,기타,0,0.0
2893426,기말,1,객관식,0,0.0
2893426,기말,1,주관식,0,0.0
2893426,기말,1,T/F형,0,0.0
2893426,기말,1,약술형,0,0.0
2893426,기말,1,논술형,1,1.0
2893426,기말,1,구술,0,0.0
2893426,기말,1,기타,0,0.0
2893435,중간,1,객관식,0,0.0
2893435,중간,1,주관식,0,0.0
2893435,중간,1,T/F형,0,0.0
2893435,중간,1,약술형,0,0.0
2893435,중간,1,논술형,1,1.0
2893435,중간,1,구술,0,0.0
2893435,중간,1,기타,0,0.0
2893439,중간,1,객관식,1,1.0
2893439,중간,1,주관식,1,1.0
2893439,중간,1,T/F형,1,1.0
2893439,중간,1,약술형,0,0.0
2893439,중간,1,논술형,0,0.0
2893439,중간,1,구술,0,0.0
2893439,중간,1,기타,0,0.0
2893442,기말,2,객관식,1,0.5
2893442,기말,2,주관식,2,1.0
2893442,기말,2,T/F형,2,1.0
2893442,기말,2,약술형,0,0.0
2893442,기말,2,논술형,1,0.5
2893442,기말,2,구술,0,0.0
2893442,기말,2,기타,0,0.0
2893443,중간,6,객관식,1,0.166667
2893443,중간,6,주관식,5,0.833333
2893443,중간,6,T/F형,1,0.166667
2893443,중간,6,약술형,0,0.0
2893443,중간,6,논술형,3,0.5
2893443,중간,6,구술,0,0.0
2893443,중간,6,기타,0,0.0
2893443,기말,2,객관식,1,0.5
2893443,기말,2,주관식,2,1.0
2893443,기말,2,T/F형,0,0.0
2893443,기말,2,약술형,0,0.0
2893443,기말,2,논술형,1,0.5
2893443,기말,2,구술,0,0.0
2893443,기말,2,기타,0,0.0
2893445,중간,1,객관식,0,0.0
2893445,중간,1,주관식,0,0.0
2893445,중간,1,T/F형,0,0.0
2893445,중간,1,약술형,0,0.0
2893445,중간,1,논술형,0,0.0
2893445,중간,1,구술,0,0.0
2893445,중간,1,기타,1,1.0
2893448,중간,3,객관식,1,0.333333
2893448,중간,3,주관식,2,0.666667
2893448,중간,3,T/F형,0,0.0
2893448,중간,3,약술형,0,0.0
2893448,중간,3,논술형,0,0.0
2893448,중간,3,구술,0,0.0
2893448,중간,3,기타,0,0.0
2893448,기말,1,객관식,0,0.0
2893448,기말,1,주관식,1,1.0
2893448,기말,1,T/F형,0,0.0
2893448,기말,1,약술형,0,0.0
2893448,기말,1,논술형,0,0.0
2893448,기말,1,구술,0,0.0
2893448,기말,1,기타,0,0.0
2893449,중간,1,객관식,0,0.0
2893449,중간,1,주관식,1,1.0
2893449,중간,1,T/F형,0,0.0
2893449,중간,1,약술형,0,0.0
2893449,중간,1,논술형,0,0.0
2893449,중간,1,구술,0,0.0
2893449,중간,1,기타,0,0.0
2893452,중간,3,객관식,3,1.0
2893452,중간,3,주관식,2,0.666667
2893452,중간,3,T/F형,0,0.0
2893452,중간,3,약술형,0,0.0
2893452,중간,3,논술형,0,0.0
2893452,중간,3,구술,0,0.0
2893452,중간,3,기타,0,0.0
2904306,기말,12,객관식,9,0.75
2904306,기말,12,주관식,11,0.916667
2904306,기말,12,T/F형,0,0.0
2904306,기말,12,약술형,8,0.666667
2904306,기말,12,논술형,2,0.166667
2904306,기말,12,구술,0,0.0
2904306,기말,12,기타,0,0.0
2904307,중간,1,객관식,1,1.0
2904307,중간,1,주관식,1,1.0
2904307,중간,1,T/F형,0,0.0
2904307,중간,1,약술형,0,0.0
2904307,중간,1,논술형,0,0.0
2904307,중간,1,구술,0,0.0
2904307,중간,1,기타,0,0.0
2906347,중간,1,객관식,0,0.0
2906347,중간,1,주관식,1,1.0
2906347,중간,1,T/F형,0,0.0
2906347,중간,1,약술형,0,0.0
2906347,중간,1,논술형,0,0.0
2906347,중간,1,구술,0,0.0
2906347,중간,1,기타,0,0.0
2906351,기말,1,객관식,0,0.0
2906351,기말,1,주관식,0,0.0
2906351,기말,1,T/F형,0,0.0
2906351,기말,1,약술형,0,0.0
2906351,기말,1,논술형,1,1.0
2906351,기말,1,구술,0,0.0
2906351,기말,1,기타,0,0.0
2906352,중간,2,객관식,0,0.0
2906352,중간,2,주관식,0,0.0
2906352,중간,2,T/F형,0,0.0
2906352,중간,2,약술형,0,0.0
2906352,중간,2,논술형,2,1.0
2906352,중간,2,구술,0,0.0
2906352,중간,2,기타,0,0.0
2907764,기말,1,객관식,1,1.0
2907764,기말,1,주관식,1,1.0
2907764,기말,1,T/F형,0,0.0
2907764,기말,1,약술형,0,0.0
2907764,기말,1,논술형,0,0.0
2907764,기말,1,구술,0,0.0
2907764,기말,1,기타,0,0.0
2912930,중간,4,객관식,0,0.0
2912930,중간,4,주관식,4,1.0
2912930,중간,4,T/F형,1,0.25
2912930,중간,4,약술형,4,1.0
2912930,중간,4,논술형,1,0.25
2912930,중간,4,구술,0,0.0
2912930,중간,4,기타,0,0.0
2912930,기말,1,객관식,0,0.0
2912930,기말,1,주관식,1,1.0
2912930,기말,1,T/F형,0,0.0
2912930,기말,1,약술형,0,0.0
2912930,기말,1,논술형,1,1.0
2912930,기말,1,구술,0,0.0
2912930,기말,1,기타,0,0.0
2924800,2차,1,객관식,1,1.0
2924800,2차,1,주관식,1,1.0
2924800,2차,1,T/F형,0,0.0
2924800,2차,1,약술형,0,0.0
2924800,2차,1,논술형,0,0.0
2924800,2차,1,구술,0,0.0
2924800,2차,1,기타,0,0.0
2926590,중간,3,객관식,0,0.0
2926590,중간,3,주관식,3,1.0
2926590,중간,3,T/F형,0,0.0
2926590,중간,3,약술형,2,0.666667
2926590,중간,3,논술형,0,0.0
2926590,중간,3,구술,0,0.0
2926590,중간,3,기타,0,0.0
2926593,중간,5,객관식,0,0.0
2926593,중간,5,주관식,3,0.6
2926593,중간,5,T/F형,0,0.0
2926593,중간,5,약술형,1,0.2
2926593,중간,5,논술형,2,0.4
2926593,중간,5,구술,0,0.0
2926593,중간,5,기타,1,0.2
2926593,1차,1,객관식,0,0.0
2926593,1차,1,주관식,1,1.0
2926593,1차,1,T/F형,0,0.0
2926593,1차,1,약술형,0,0.0
2926593,1차,1,논술형,0,0.0
2926593,1차,1,구술,0,0.0
2926593,1차,1,기타,0,0.0
2926593,기타,1,객관식,0,0.0
2926593,기타,1,주관식,0,0.0
2926593,기타,1,T/F형,0,0.0
2926593,기타,1,약술형,0,0.0
2926593,기타,1,논술형,0,0.0
2926593,기타,1,구술,0,0.0
2926593,기타,1,기타,1,1.0
2926594,중간,2,객관식,0,0.0
2926594,중간,2,주관식,2,1.0
2926594,중간,2,T/F형,0,0.0
2926594,중간,2,약술형,0,0.0
2926594,중간,2,논술형,0,0.0
2926594,중간,2,구술,0,0.0
2926594,중간,2,기타,0,0.0
2926594,기말,1,객관식,1,1.0
2926594,기말,1,주관식,1,1.0
2926594,기말,1,T/F형,0,0.0
2926594,기말,1,약술형,0,0.0
2926594,기말,1,논술형,0,0.0
2926594,기말,1,구술,0,0.0
2926594,기말,1,기타,0,0.0
2926594,기타,1,객관식,0,0.0
2926594,기타,1,주관식,0,0.0
2926594,기타,1,T/F형,0,0.0
2926594,기타,1,약술형,0,0.0
2926594,기타,1,논술형,1,1.0
2926594,기타,1,구술,0,0.0
2926594,기타,1,기타,0,0.0
2926595,중간,1,객관식,0,0.0
2926595,중간,1,주관식,1,1.0
2926595,중간,1,T/F형,0,0.0
2926595,중간,1,약술형,0,0.0
2926595,중간,1,논술형,0,0.0
2926595,중간,1,구술,0,0.0
2926595,중간,1,기타,0,0.0
2926595,1차,1,객관식,0,0.0
2926595,1차,1,주관식,0,0.0
2926595,1차,1,T/F형,0,0.0
2926595,1차,1,약술형,0,0.0
2926595,1차,1,논술형,0,0.0
2926595,1차,1,구술,1,1.0
2926595,1차,1,기타,0,0.0
2927342,중간,6,객관식,6,1.0
2927342,중간,6,주관식,4,0.666667
2927342,중간,6,T/F형,2,0.333333
2927342,중간,6,약술형,3,0.5
2927342,중간,6,논술형,1,0.166667
2927342,중간,6,구술,0,0.0
2927342,중간,6,기타,0,0.0
2927342,기말,1,객관식,1,1.0
2927342,기말,1,주관식,0,0.0
2927342,기말,1,T/F형,0,0.0
2927342,기말,1,약술형,1,1.0
2927342,기말,1,논술형,1,1.0
2927342,기말,1,구술,0,0.0
2927342,기말,1,기타,0,0.0
2927577,기말,2,객관식,0,0.0
2927577,기말,2,주관식,2,1.0
2927577,기말,2,T/F형,0,0.0
2927577,기말,2,약술형,0,0.0
2927577,기말,2,논술형,1,0.5
2927577,기말,2,구술,0,0.0
2927577,기말,2,기타,0,0.0
2929859,중간,3,객관식,0,0.0
2929859,중간,3,주관식,3,1.0
2929859,중간,3,T/F형,0,0.0
2929859,중간,3,약술형,0,0.0
2929859,중간,3,논술형,0,0.0
2929859,중간,3,구술,0,0.0
2929859,중간,3,기타,0,0.0
2929859,1차,2,객관식,0,0.0
2929859,1차,2,주관식,1,0.5
2929859,1차,2,T/F형,0,0.0
2929859,1차,2,약술형,0,0.0
2929859,1차,2,논술형,0,0.0
2929859,1차,2,구술,0,0.0
2929859,1차,2,기타,0,0.0
2929859,기타,4,객관식,0,0.0
2929859,기타,4,주관식,3,0.75
2929859,기타,4,T/F형,0,0.0
2929859,기타,4,약술형,0,0.0
2929859,기타,4,논술형,0,0.0
2929859,기타,4,구술,0,0.0
2929859,기타,4,기타,0,0.0
2930539,중간,3,객관식,0,0.0
2930539,중간,3,주관식,3,1.0
2930539,중간,3,T/F형,0,0.0
2930539,중간,3,약술형,0,0.0
2930539,중간,3,논술형,0,0.0
2930539,중간,3,구술,0,0.0
2930539,중간,3,기타,0,0.0
2930539,1차,3,객관식,0,0.0
2930539,1차,3,주관식,1,0.333333
2930539,1차,3,T/F형,0,0.0
2930539,1차,3,약술형,0,0.0
2930539,1차,3,논술형,2,0.666667
2930539,1차,3,구술,0,0.0
2930539,1차,3,기타,0,0.0
2930540,기타,3,객관식,1,0.333333
2930540,기타,3,주관식,3,1.0
2930540,기타,3,T/F형,0,0.0
2930540,기타,3,약술형,1,0.333333
2930540,기타,3,논술형,0,0.0
2930540,기타,3,구술,0,0.0
2930540,기타,3,기타,0,0.0
2932026,중간,1,객관식,0,0.0
2932026,중간,1,주관식,0,0.0
2932026,중간,1,T/F형,0,0.0
2932026,중간,1,약술형,0,0.0
2932026,중간,1,논술형,0,0.0
2932026,중간,1,구술,0,0.0
2932026,중간,1,기타,1,1.0
2968216,중간,1,객관식,0,0.0
2968216,중간,1,주관식,0,0.0
2968216,중간,1,T/F형,0,0.0
2968216,중간,1,약술형,0,0.0
2968216,중간,1,논술형,1,1.0
2968216,중간,1,구술,0,0.0
2968216,중간,1,기타,0,0.0
2968216,기말,3,객관식,0,0.0
2968216,기말,3,주관식,0,0.0
2968216,기말,3,T/F형,0,0.0
2968216,기말,3,약술형,0,0.0
2968216,기말,3,논술형,3,1.0
2968216,기말,3,구술,0,0.0
2968216,기말,3,기타,0,0.0
2968219,중간,4,객관식,1,0.25
2968219,중간,4,주관식,3,0.75
2968219,중간,4,T/F형,0,0.0
2968219,중간,4,약술형,0,0.0
2968219,중간,4,논술형,1,0.25
2968219,중간,4,구술,0,0.0
2968219,중간,4,기타,0,0.0
2968219,기말,1,객관식,0,0.0
2968219,기말,1,주관식,0,0.0
2968219,기말,1,T/F형,0,0.0
2968219,기말,1,약술형,1,1.0
2968219,기말,1,논술형,1,1.0
2968219,기말,1,구술,0,0.0
2968219,기말,1,기타,0,0.0
2968259,중간,7,객관식,6,0.857143
2968259,중간,7,주관식,2,0.285714
2968259,중간,7,T/F형,2,0.285714
2968259,중간,7,약술형,0,0.0
2968259,중간,7,논술형,0,0.0
2968259,중간,7,구술,0,0.0
2968259,중간,7,기타,0,0.0
2968259,기말,4,객관식,4,1.0
2968259,기말,4,주관식,2,0.5
2968259,기말,4,T/F형,0,0.0
2968259,기말,4,약술형,1,0.25
2968259,기말,4,논술형,1,0.25
2968259,기말,4,구술,0,0.0
2968259,기말,4,기타,1,0.25
2968269,기타,1,객관식,0,0.0
2968269,기타,1,주관식,0,0.0
2968269,기타,1,T/F형,0,0.0
2968269,기타,1,약술형,0,0.0
2968269,기타,1,논술형,0,0.0
2968269,기타,1,구술,0,0.0
2968269,기타,1,기타,1,1.0
2968277,중간,5,객관식,0,0.0
2968277,중간,5,주관식,3,0.6
2968277,중간,5,T/F형,0,0.0
2968277,중간,5,약술형,2,0.4
2968277,중간,5,논술형,1,0.2
2968277,중간,5,구술,0,0.0
2968277,중간,5,기타,0,0.0
2968277,기말,1,객관식,0,0.0
2968277,기말,1,주관식,1,1.0
2968277,기말,1,T/F형,0,0.0
2968277,기말,1,약술형,0,0.0
2968277,기말,1,논술형,0,0.0
2968277,기말,1,구술,0,0.0
2968277,기말,1,기타,0,0.0
2968287,중간,1,객관식,0,0.0
2968287,중간,1,주관식,1,1.0
2968287,중간,1,T/F형,1,1.0
2968287,중간,1,약술형,1,1.0
2968287,중간,1,논술형,0,0.0
2968287,중간,1,구술,0,0.0
2968287,중간,1,기타,0,0.0
2968291,1차,1,객관식,0,0.0
2968291,1차,1,주관식,0,0.0
2968291,1차,1,T/F형,0,0.0
2968291,1차,1,약술형,0,0.0
2968291,1차,1,논술형,0,0.0
2968291,1차,1,구술,1,1.0
2968291,1차,1,기타,0,0.0
2968331,중간,3,객관식,1,0.333333
2968331,중간,3,주관식,1,0.333333
2968331,중간,3,T/F형,0,0.0
2968331,중간,3,약술형,0,0.0
2968331,중간,3,논술형,1,0.333333
2968331,중간,3,구술,0,0.0
2968331,중간,3,기타,0,0.0
2968332,중간,1,객관식,0,0.0
2968332,중간,1,주관식,1,1.0
2968332,중간,1,T/F형,0,0.0
2968332,중간,1,약술형,0,0.0
2968332,중간,1,논술형,0,0.0
2968332,중간,1,구술,0,0.0
2968332,중간,1,기타,0,0.0
2968341,중간,5,객관식,1,0.2
2968341,중간,5,주관식,1,0.2
2968341,중간,5,T/F형,4,0.8
2968341,중간,5,약술형,3,0.6
2968341,중간,5,논술형,4,0.8
2968341,중간,5,구술,0,0.0
2968341,중간,5,기타,0,0.0
2968341,기말,3,객관식,1,0.333333
2968341,기말,3,주관식,1,0.333333
2968341,기말,3,T/F형,2,0.666667
2968341,기말,3,약술형,2,0.666667
2968341,기말,3,논술형,2,0.666667
2968341,기말,3,구술,0,0.0
2968341,기말,3,기타,0,0.0
2968450,중간,8,객관식,8,1.0
2968450,중간,8,주관식,6,0.75
2968450,중간,8,T/F형,7,0.875
2968450,중간,8,약술형,7,0.875
2968450,중간,8,논술형,3,0.375
2968450,중간,8,구술,0,0.0
2968450,중간,8,기타,0,0.0
2968489,중간,1,객관식,1,1.0
2968489,중간,1,주관식,1,1.0
2968489,중간,1,T/F형,0,0.0
2968489,중간,1,약술형,0,0.0
2968489,중간,1,논술형,1,1.0
2968489,중간,1,구술,0,0.0
2968489,중간,1,기타,0,0.0
2968587,중간,1,객관식,0,0.0
2968587,중간,1,주관식,0,0.0
2968587,중간,1,T/F형,0,0.0
2968587,중간,1,약술형,0,0.0
2968587,중간,1,논술형,0,0.0
2968587,중간,1,구술,1,1.0
2968587,중간,1,기타,0,0.0
2970230,중간,1,객관식,0,0.0
2970230,중간,1,주관식,0,0.0
2970230,중간,1,T/F형,0,0.0
2970230,중간,1,약술형,0,0.0
2970230,중간,1,논술형,1,1.0
2970230,중간,1,구술,1,1.0
2970230,중간,1,기타,0,0.0
2970231,기타,1,객관식,0,0.0
2970231,기타,1,주관식,0,0.0
2970231,기타,1,T/F형,0,0.0
2970231,기타,1,약술형,0,0.0
2970231,기타,1,논술형,0,0.0
2970231,기타,1,구술,0,0.0
2970231,기타,1,기타,0,0.0
2970235,중간,2,객관식,2,1.0
2970235,중간,2,주관식,2,1.0
2970235,중간,2,T/F형,0,0.0
2970235,중간,2,약술형,0,0.0
2970235,중간,2,논술형,0,0.0
2970235,중간,2,구술,0,0.0
2970235,중간,2,기타,0,0.0
2974104,중간,4,객관식,0,0.0
2974104,중간,4,주관식,2,0.5
2974104,중간,4,T/F형,0,0.0
2974104,중간,4,약술형,1,0.25
2974104,중간,4,논술형,1,0.25
2974104,중간,4,구술,0,0.0
2974104,중간,4,기타,0,0.0
2974105,4차,1,객관식,0,0.0
2974105,4차,1,주관식,0,0.0
2974105,4차,1,T/F형,0,0.0
2974105,4차,1,약술형,0,0.0
2974105,4차,1,논술형,0,0.0
2974105,4차,1,구술,1,1.0
2974105,4차,1,기타,0,0.0
2974107,중간,5,객관식,3,0.6
2974107,중간,5,주관식,4,0.8
2974107,중간,5,T/F형,0,0.0
2974107,중간,5,약술형,0,0.0
2974107,중간,5,논술형,0,0.0
2974107,중간,5,구술,0,0.0
2974107,중간,5,기타,0,0.0
2974122,중간,2,객관식,2,1.0
2974122,중간,2,주관식,2,1.0
2974122,중간,2,T/F형,0,0.0
2974122,중간,2,약술형,1,0.5
2974122,중간,2,논술형,0,0.0
2974122,중간,2,구술,0,0.0
2974122,중간,2,기타,0,0.0
2980989,기타,3,객관식,0,0.0
2980989,기타,3,주관식,1,0.333333
2980989,기타,3,T/F형,0,0.0
2980989,기타,3,약술형,0,0.0
2980989,기타,3,논술형,2,0.666667
2980989,기타,3,구술,0,0.0
2980989,기타,3,기타,1,0.333333
2980990,기타,1,객관식,0,0.0
2980990,기타,1,주관식,0,0.0
2980990,기타,1,T/F형,0,0.0
2980990,기타,1,약술형,0,0.0
2980990,기타,1,논술형,0,0.0
2980990,기타,1,구술,0,0.0
2980990,기타,1,기타,1,1.0
2991090,중간,2,객관식,2,1.0
2991090,중간,2,주관식,2,1.0
2991090,중간,2,T/F형,0,0.0
2991090,중간,2,약술형,0,0.0
2991090,중간,2,논술형,0,0.0
2991090,중간,2,구술,0,0.0
2991090,중간,2,기타,0,0.0
2991090,기말,1,객관식,1,1.0
2991090,기말,1,주관식,0,0.0
2991090,기말,1,T/F형,0,0.0
2991090,기말,1,약술형,1,1.0
2991090,기말,1,논술형,0,0.0
2991090,기말,1,구술,0,0.0
2991090,기말,1,기타,0,0.0
2996822,기말,4,객관식,4,1.0
2996822,기말,4,주관식,4,1.0
2996822,기말,4,T/F형,0,0.0
2996822,기말,4,약술형,0,0.0
2996822,기말,4,논술형,0,0.0
2996822,기말,4,구술,0,0.0
2996822,기말,4,기타,0,0.0
3009996,중간,1,객관식,0,0.0
3009996,중간,1,주관식,0,0.0
3009996,중간,1,T/F형,0,0.0
3009996,중간,1,약술형,0,0.0
3009996,중간,1,논술형,0,0.0
3009996,중간,1,구술,0,0.0
3009996,중간,1,기타,1,1.0
3012024,중간,3,객관식,0,0.0
3012024,중간,3,주관식,3,1.0
3012024,중간,3,T/F형,0,0.0
3012024,중간,3,약술형,0,0.0
3012024,중간,3,논술형,0,0.0
3012024,중간,3,구술,0,0.0
3012024,중간,3,기타,0,0.0
3012024,1차,3,객관식,0,0.0
3012024,1차,3,주관식,3,1.0
3012024,1차,3,T/F형,0,0.0
3012024,1차,3,약술형,1,0.333333
3012024,1차,3,논술형,2,0.666667
3012024,1차,3,구술,0,0.0
3012024,1차,3,기타,0,0.0
3057925,중간,1,객관식,0,0.0
3057925,중간,1,주관식,0,0.0
3057925,중간,1,T/F형,0,0.0
3057925,중간,1,약술형,0,0.0
3057925,중간,1,논술형,0,0.0
3057925,중간,1,구술,0,0.0
3057925,중간,1,기타,1,1.0
3057929,중간,1,객관식,0,0.0
3057929,중간,1,주관식,0,0.0
3057929,중간,1,T/F형,0,0.0
3057929,중간,1,약술형,0,0.0
3057929,중간,1,논술형,1,1.0
3057929,중간,1,구술,0,0.0
3057929,중간,1,기타,0,0.0
3057931,기말,1,객관식,0,0.0
3057931,기말,1,주관식,1,1.0
3057931,기말,1,T/F형,0,0.0
3057931,기말,1,약술형,0,0.0
3057931,기말,1,논술형,0,0.0
3057931,기말,1,구술,1,1.0
3057931,기말,1,기타,1,1.0
3057931,기타,1,객관식,0,0.0
3057931,기타,1,주관식,0,0.0
3057931,기타,1,T/F형,0,0.0
3057931,기타,1,약술형,0,0.0
3057931,기타,1,논술형,0,0.0
3057931,기타,1,구술,0,0.0
3057931,기타,1,기타,1,1.0
3057946,중간,3,객관식,1,0.333333
3057946,중간,3,주관식,2,0.666667
3057946,중간,3,T/F형,0,0.0
3057946,중간,3,약술형,2,0.666667
3057946,중간,3,논술형,1,0.333333
3057946,중간,3,구술,0,0.0
3057946,중간,3,기타,0,0.0
3057947,중간,4,객관식,0,0.0
3057947,중간,4,주관식,2,0.5
3057947,중간,4,T/F형,0,0.0
3057947,중간,4,약술형,3,0.75
3057947,중간,4,논술형,0,0.0
3057947,중간,4,구술,0,0.0
3057947,중간,4,기타,0,0.0
3057960,중간,1,객관식,0,0.0
3057960,중간,1,주관식,1,1.0
3057960,중간,1,T/F형,0,0.0
3057960,중간,1,약술형,0,0.0
3057960,중간,1,논술형,0,0.0
3057960,중간,1,구술,0,0.0
3057960,중간,1,기타,0,0.0
3057961,중간,1,객관식,0,0.0
3057961,중간,1,주관식,1,1.0
3057961,중간,1,T/F형,0,0.0
3057961,중간,1,약술형,1,1.0
3057961,중간,1,논술형,0,0.0
3057961,중간,1,구술,0,0.0
3057961,중간,1,기타,0,0.0
3057963,중간,1,객관식,0,0.0
3057963,중간,1,주관식,1,1.0
3057963,중간,1,T/F형,0,0.0
3057963,중간,1,약술형,1,1.0
3057963,중간,1,논술형,0,0.0
3057963,중간,1,구술,0,0.0
3057963,중간,1,기타,0,0.0
3057964,중간,2,객관식,2,1.0
3057964,중간,2,주관식,1,0.5
3057964,중간,2,T/F형,0,0.0
3057964,중간,2,약술형,1,0.5
3057964,중간,2,논술형,1,0.5
3057964,중간,2,구술,0,0.0
3057964,중간,2,기타,0,0.0
3057965,중간,3,객관식,3,1.0
3057965,중간,3,주관식,0,0.0
3057965,중간,3,T/F형,2,0.666667
3057965,중간,3,약술형,0,0.0
3057965,중간,3,논술형,0,0.0
3057965,중간,3,구술,0,0.0
3057965,중간,3,기타,0,0.0
3057968,중간,3,객관식,1,0.333333
3057968,중간,3,주관식,2,0.666667
3057968,중간,3,T/F형,2,0.666667
3057968,중간,3,약술형,2,0.666667
3057968,중간,3,논술형,2,0.666667
3057968,중간,3,구술,0,0.0
3057968,중간,3,기타,0,0.0
3057970,중간,1,객관식,1,1.0
3057970,중간,1,주관식,1,1.0
3057970,중간,1,T/F형,0,0.0
3057970,중간,1,약술형,0,0.0
3057970,중간,1,논술형,0,0.0
3057970,중간,1,구술,0,0.0
3057970,중간,1,기타,0,0.0
3057972,중간,3,객관식,0,0.0
3057972,중간,3,주관식,2,0.666667
3057972,중간,3,T/F형,0,0.0
3057972,중간,3,약술형,1,0.333333
3057972,중간,3,논술형,0,0.0
3057972,중간,3,구술,0,0.0
3057972,중간,3,기타,0,0.0
3057973,중간,2,객관식,1,0.5
3057973,중간,2,주관식,2,1.0
3057973,중간,2,T/F형,1,0.5
3057973,중간,2,약술형,0,0.0
3057973,중간,2,논술형,0,0.0
3057973,중간,2,구술,0,0.0
3057973,중간,2,기타,0,0.0
3057976,중간,2,객관식,2,1.0
3057976,중간,2,주관식,2,1.0
3057976,중간,2,T/F형,2,1.0
3057976,중간,2,약술형,1,0.5
3057976,중간,2,논술형,0,0.0
3057976,중간,2,구술,0,0.0
3057976,중간,2,기타,1,0.5
3057978,중간,43,객관식,39,0.906977
3057978,중간,43,주관식,29,0.674419
3057978,중간,43,T/F형,0,0.0
3057978,중간,43,약술형,3,0.069767
3057978,중간,43,논술형,8,0.186047
3057978,중간,43,구술,0,0.0
3057978,중간,43,기타,1,0.023256
3057978,기타,1,객관식,0,0.0
3057978,기타,1,주관식,0,0.0
3057978,기타,1,T/F형,0,0.0
3057978,기타,1,약술형,0,0.0
3057978,기타,1,논술형,0,0.0
3057978,기타,1,구술,0,0.0
3057978,기타,1,기타,0,0.0
3057983,중간,10,객관식,10,1.0
3057983,중간,10,주관식,8,0.8
3057983,중간,10,T/F형,0,0.0
3057983,중간,10,약술형,0,0.0
3057983,중간,10,논술형,0,0.0
3057983,중간,10,구술,0,0.0
3057983,중간,10,기타,1,0.1
3057985,중간,3,객관식,3,1.0
3057985,중간,3,주관식,3,1.0
3057985,중간,3,T/F형,0,0.0
3057985,중간,3,약술형,2,0.666667
3057985,중간,3,논술형,2,0.666667
3057985,중간,3,구술,0,0.0
3057985,중간,3,기타,0,0.0
3057987,중간,7,객관식,1,0.142857
3057987,중간,7,주관식,3,0.428571
3057987,중간,7,T/F형,0,0.0
3057987,중간,7,약술형,0,0.0
3057987,중간,7,논술형,0,0.0
3057987,중간,7,구술,0,0.0
3057987,중간,7,기타,3,0.428571
3057995,중간,3,객관식,3,1.0
3057995,중간,3,주관식,3,1.0
3057995,중간,3,T/F형,0,0.0
3057995,중간,3,약술형,2,0.666667
3057995,중간,3,논술형,2,0.666667
3057995,중간,3,구술,0,0.0
3057995,중간,3,기타,0,0.0
3057998,중간,1,객관식,1,1.0
3057998,중간,1,주관식,0,0.0
3057998,중간,1,T/F형,0,0.0
3057998,중간,1,약술형,0,0.0
3057998,중간,1,논술형,0,0.0
3057998,중간,1,구술,0,0.0
3057998,중간,1,기타,0,0.0
3057999,중간,1,객관식,1,1.0
3057999,중간,1,주관식,1,1.0
3057999,중간,1,T/F형,1,1.0
3057999,중간,1,약술형,0,0.0
3057999,중간,1,논술형,0,0.0
3057999,중간,1,구술,0,0.0
3057999,중간,1,기타,0,0.0
3058004,중간,3,객관식,3,1.0
3058004,중간,3,주관식,3,1.0
3058004,중간,3,T/F형,2,0.666667
3058004,중간,3,약술형,0,0.0
3058004,중간,3,논술형,0,0.0
3058004,중간,3,구술,0,0.0
3058004,중간,3,기타,0,0.0
3058007,중간,1,객관식,1,1.0
3058007,중간,1,주관식,1,1.0
3058007,중간,1,T/F형,0,0.0
3058007,중간,1,약술형,0,0.0
3058007,중간,1,논술형,1,1.0
3058007,중간,1,구술,0,0.0
3058007,중간,1,기타,0,0.0
3058008,기타,1,객관식,0,0.0
3058008,기타,1,주관식,0,0.0
3058008,기타,1,T/F형,0,0.0
3058008,기타,1,약술형,0,0.0
3058008,기타,1,논술형,0,0.0
3058008,기타,1,구술,0,0.0
3058008,기타,1,기타,1,1.0
3058054,중간,1,객관식,0,0.0
3058054,중간,1,주관식,1,1.0
3058054,중간,1,T/F형,0,0.0
3058054,중간,1,약술형,1,1.0
3058054,중간,1,논술형,1,1.0
3058054,중간,1,구술,0,0.0
3058054,중간,1,기타,0,0.0
3058059,중간,1,객관식,0,0.0
3058059,중간,1,주관식,0,0.0
3058059,중간,1,T/F형,0,0.0
3058059,중간,1,약술형,0,0.0
3058059,중간,1,논술형,1,1.0
3058059,중간,1,구술,0,0.0
3058059,중간,1,기타,0,0.0
3058062,중간,1,객관식,0,0.0
3058062,중간,1,주관식,1,1.0
3058062,중간,1,T/F형,0,0.0
3058062,중간,1,약술형,0,0.0
3058062,중간,1,논술형,0,0.0
3058062,중간,1,구술,0,0.0
3058062,중간,1,기타,0,0.0
3058063,중간,2,객관식,2,1.0
3058063,중간,2,주관식,0,0.0
3058063,중간,2,T/F형,0,0.0
3058063,중간,2,약술형,0,0.0
3058063,중간,2,논술형,0,0.0
3058063,중간,2,구술,0,0.0
3058063,중간,2,기타,0,0.0
3058064,중간,3,객관식,0,0.0
3058064,중간,3,주관식,0,0.0
3058064,중간,3,T/F형,0,0.0
3058064,중간,3,약술형,0,0.0
3058064,중간,3,논술형,0,0.0
3058064,중간,3,구술,0,0.0
3058064,중간,3,기타,3,1.0
3058071,중간,2,객관식,2,1.0
3058071,중간,2,주관식,0,0.0
3058071,중간,2,T/F형,0,0.0
3058071,중간,2,약술형,0,0.0
3058071,중간,2,논술형,0,0.0
3058071,중간,2,구술,0,0.0
3058071,중간,2,기타,0,0.0
3058074,중간,2,객관식,1,0.5
3058074,중간,2,주관식,1,0.5
3058074,중간,2,T/F형,1,0.5
3058074,중간,2,약술형,2,1.0
3058074,중간,2,논술형,0,0.0
3058074,중간,2,구술,0,0.0
3058074,중간,2,기타,0,0.0
3058078,중간,4,객관식,0,0.0
3058078,중간,4,주관식,4,1.0
3058078,중간,4,T/F형,2,0.5
3058078,중간,4,약술형,1,0.25
3058078,중간,4,논술형,2,0.5
3058078,중간,4,구술,0,0.0
3058078,중간,4,기타,0,0.0
3058081,중간,3,객관식,3,1.0
3058081,중간,3,주관식,2,0.666667
3058081,중간,3,T/F형,0,0.0
3058081,중간,3,약술형,1,0.333333
3058081,중간,3,논술형,0,0.0
3058081,중간,3,구술,0,0.0
3058081,중간,3,기타,0,0.0
3058084,중간,1,객관식,1,1.0
3058084,중간,1,주관식,1,1.0
3058084,중간,1,T/F형,0,0.0
3058084,중간,1,약술형,0,0.0
3058084,중간,1,논술형,0,0.0
3058084,중간,1,구술,0,0.0
3058084,중간,1,기타,0,0.0
3058088,중간,3,객관식,0,0.0
3058088,중간,3,주관식,1,0.333333
3058088,중간,3,T/F형,0,0.0
3058088,중간,3,약술형,0,0.0
3058088,중간,3,논술형,2,0.666667
3058088,중간,3,구술,0,0.0
3058088,중간,3,기타,1,0.333333
3058089,1차,1,객관식,1,1.0
3058089,1차,1,주관식,1,1.0
3058089,1차,1,T/F형,0,0.0
3058089,1차,1,약술형,0,0.0
3058089,1차,1,논술형,0,0.0
3058089,1차,1,구술,0,0.0
3058089,1차,1,기타,0,0.0
3058090,중간,1,객관식,0,0.0
3058090,중간,1,주관식,0,0.0
3058090,중간,1,T/F형,0,0.0
3058090,중간,1,약술형,0,0.0
3058090,중간,1,논술형,1,1.0
3058090,중간,1,구술,0,0.0
3058090,중간,1,기타,0,0.0
3058093,중간,1,객관식,1,1.0
3058093,중간,1,주관식,0,0.0
3058093,중간,1,T/F형,1,1.0
3058093,중간,1,약술형,1,1.0
3058093,중간,1,논술형,0,0.0
3058093,중간,1,구술,0,0.0
3058093,중간,1,기타,1,1.0
3058094,중간,3,객관식,3,1.0
3058094,중간,3,주관식,2,0.666667
3058094,중간,3,T/F형,2,0.666667
3058094,중간,3,약술형,0,0.0
3058094,중간,3,논술형,1,0.333333
3058094,중간,3,구술,0,0.0
3058094,중간,3,기타,0,0.0
3058109,중간,2,객관식,0,0.0
3058109,중간,2,주관식,0,0.0
3058109,중간,2,T/F형,0,0.0
3058109,중간,2,약술형,0,0.0
3058109,중간,2,논술형,2,1.0
3058109,중간,2,구술,0,0.0
3058109,중간,2,기타,0,0.0
3058124,중간,1,객관식,0,0.0
3058124,중간,1,주관식,1,1.0
3058124,중간,1,T/F형,0,0.0
3058124,중간,1,약술형,0,0.0
3058124,중간,1,논술형,0,0.0
3058124,중간,1,구술,0,0.0
3058124,중간,1,기타,0,0.0
3058133,중간,2,객관식,2,1.0
3058133,중간,2,주관식,2,1.0
3058133,중간,2,T/F형,0,0.0
3058133,중간,2,약술형,0,0.0
3058133,중간,2,논술형,1,0.5
3058133,중간,2,구술,0,0.0
3058133,중간,2,기타,0,0.0
3058134,중간,1,객관식,0,0.0
3058134,중간,1,주관식,1,1.0
3058134,중간,1,T/F형,0,0.0
3058134,중간,1,약술형,0,0.0
3058134,중간,1,논술형,0,0.0
3058134,중간,1,구술,0,0.0
3058134,중간,1,기타,0,0.0
3058137,중간,1,객관식,0,0.0
3058137,중간,1,주관식,1,1.0
3058137,중간,1,T/F형,0,0.0
3058137,중간,1,약술형,0,0.0
3058137,중간,1,논술형,1,1.0
3058137,중간,1,구술,0,0.0
3058137,중간,1,기타,0,0.0
3058154,기타,1,객관식,0,0.0
3058154,기타,1,주관식,0,0.0
3058154,기타,1,T/F형,0,0.0
3058154,기타,1,약술형,0,0.0
3058154,기타,1,논술형,0,0.0
3058154,기타,1,구술,0,0.0
3058154,기타,1,기타,1,1.0
3058156,중간,1,객관식,0,0.0
3058156,중간,1,주관식,1,1.0
3058156,중간,1,T/F형,0,0.0
3058156,중간,1,약술형,0,0.0
3058156,중간,1,논술형,0,0.0
3058156,중간,1,구술,0,0.0
3058156,중간,1,기타,0,0.0
3058157,중간,1,객관식,0,0.0
3058157,중간,1,주관식,1,1.0
3058157,중간,1,T/F형,0,0.0
3058157,중간,1,약술형,0,0.0
3058157,중간,1,논술형,0,0.0
3058157,중간,1,구술,0,0.0
3058157,중간,1,기타,0,0.0
3058172,중간,1,객관식,0,0.0
3058172,중간,1,주관식,0,0.0
3058172,중간,1,T/F형,0,0.0
3058172,중간,1,약술형,0,0.0
3058172,중간,1,논술형,1,1.0
3058172,중간,1,구술,0,0.0
3058172,중간,1,기타,0,0.0
3058183,중간,1,객관식,1,1.0
3058183,중간,1,주관식,1,1.0
3058183,중간,1,T/F형,0,0.0
3058183,중간,1,약술형,0,0.0
3058183,중간,1,논술형,0,0.0
3058183,중간,1,구술,0,0.0
3058183,중간,1,기타,0,0.0
3058184,중간,1,객관식,0,0.0
3058184,중간,1,주관식,0,0.0
3058184,중간,1,T/F형,0,0.0
3058184,중간,1,약술형,0,0.0
3058184,중간,1,논술형,0,0.0
3058184,중간,1,구술,0,0.0
3058184,중간,1,기타,1,1.0
3058185,중간,1,객관식,1,1.0
3058185,중간,1,주관식,1,1.0
3058185,중간,1,T/F형,0,0.0
3058185,중간,1,약술형,1,1.0
3058185,중간,1,논술형,0,0.0
3058185,중간,1,구술,0,0.0
3058185,중간,1,기타,0,0.0
3058189,중간,7,객관식,0,0.0
3058189,중간,7,주관식,1,0.142857
3058189,중간,7,T/F형,0,0.0
3058189,중간,7,약술형,0,0.0
3058189,중간,7,논술형,7,1.0
3058189,중간,7,구술,0,0.0
3058189,중간,7,기타,0,0.0
3058190,중간,1,객관식,1,1.0
3058190,중간,1,주관식,1,1.0
3058190,중간,1,T/F형,0,0.0
3058190,중간,1,약술형,0,0.0
3058190,중간,1,논술형,0,0.0
3058190,중간,1,구술,0,0.0
3058190,중간,1,기타,0,0.0
3058193,기타,1,객관식,0,0.0
3058193,기타,1,주관식,0,0.0
3058193,기타,1,T/F형,0,0.0
3058193,기타,1,약술형,0,0.0
3058193,기타,1,논술형,0,0.0
3058193,기타,1,구술,0,0.0
3058193,기타,1,기타,1,1.0
3058194,중간,2,객관식,0,0.0
3058194,중간,2,주관식,1,0.5
3058194,중간,2,T/F형,1,0.5
3058194,중간,2,약술형,1,0.5
3058194,중간,2,논술형,0,0.0
3058194,중간,2,구술,0,0.0
3058194,중간,2,기타,1,0.5
3058195,중간,1,객관식,0,0.0
3058195,중간,1,주관식,1,1.0
3058195,중간,1,T/F형,0,0.0
3058195,중간,1,약술형,0,0.0
3058195,중간,1,논술형,0,0.0
3058195,중간,1,구술,0,0.0
3058195,중간,1,기타,0,0.0
3058196,중간,3,객관식,1,0.333333
3058196,중간,3,주관식,2,0.666667
3058196,중간,3,T/F형,0,0.0
3058196,중간,3,약술형,1,0.333333
3058196,중간,3,논술형,2,0.666667
3058196,중간,3,구술,0,0.0
3058196,중간,3,기타,0,0.0
3058202,중간,2,객관식,0,0.0
3058202,중간,2,주관식,2,1.0
3058202,중간,2,T/F형,0,0.0
3058202,중간,2,약술형,0,0.0
3058202,중간,2,논술형,0,0.0
3058202,중간,2,구술,0,0.0
3058202,중간,2,기타,0,0.0
3058204,중간,2,객관식,0,0.0
3058204,중간,2,주관식,0,0.0
3058204,중간,2,T/F형,0,0.0
3058204,중간,2,약술형,0,0.0
3058204,중간,2,논술형,2,1.0
3058204,중간,2,구술,0,0.0
3058204,중간,2,기타,0,0.0
3058205,중간,1,객관식,0,0.0
3058205,중간,1,주관식,1,1.0
3058205,중간,1,T/F형,0,0.0
3058205,중간,1,약술형,0,0.0
3058205,중간,1,논술형,0,0.0
3058205,중간,1,구술,0,0.0
3058205,중간,1,기타,0,0.0
3058221,중간,1,객관식,0,0.0
3058221,중간,1,주관식,0,0.0
3058221,중간,1,T/F형,0,0.0
3058221,중간,1,약술형,0,0.0
3058221,중간,1,논술형,1,1.0
3058221,중간,1,구술,0,0.0
3058221,중간,1,기타,1,1.0
3058222,중간,2,객관식,1,0.5
3058222,중간,2,주관식,2,1.0
3058222,중간,2,T/F형,0,0.0
3058222,중간,2,약술형,1,0.5
3058222,중간,2,논술형,0,0.0
3058222,중간,2,구술,0,0.0
3058222,중간,2,기타,0,0.0
3058226,중간,2,객관식,0,0.0
3058226,중간,2,주관식,0,0.0
3058226,중간,2,T/F형,0,0.0
3058226,중간,2,약술형,0,0.0
3058226,중간,2,논술형,2,1.0
3058226,중간,2,구술,0,0.0
3058226,중간,2,기타,0,0.0
3058227,중간,3,객관식,0,0.0
3058227,중간,3,주관식,1,0.333333
3058227,중간,3,T/F형,0,0.0
3058227,중간,3,약술형,0,0.0
3058227,중간,3,논술형,2,0.666667
3058227,중간,3,구술,0,0.0
3058227,중간,3,기타,0,0.0
3058228,중간,4,객관식,0,0.0
3058228,중간,4,주관식,1,0.25
3058228,중간,4,T/F형,0,0.0
3058228,중간,4,약술형,3,0.75
3058228,중간,4,논술형,0,0.0
3058228,중간,4,구술,0,0.0
3058228,중간,4,기타,0,0.0
3058231,중간,1,객관식,1,1.0
3058231,중간,1,주관식,1,1.0
3058231,중간,1,T/F형,0,0.0
3058231,중간,1,약술형,0,0.0
3058231,중간,1,논술형,0,0.0
3058231,중간,1,구술,0,0.0
3058231,중간,1,기타,0,0.0
3058232,중간,2,객관식,2,1.0
3058232,중간,2,주관식,1,0.5
3058232,중간,2,T/F형,0,0.0
3058232,중간,2,약술형,1,0.5
3058232,중간,2,논술형,0,0.0
3058232,중간,2,구술,0,0.0
3058232,중간,2,기타,0,0.0
3058235,1차,1,객관식,1,1.0
3058235,1차,1,주관식,0,0.0
3058235,1차,1,T/F형,0,0.0
3058235,1차,1,약술형,0,0.0
3058235,1차,1,논술형,0,0.0
3058235,1차,1,구술,0,0.0
3058235,1차,1,기타,0,0.0
3058236,중간,2,객관식,2,1.0
3058236,중간,2,주관식,2,1.0
3058236,중간,2,T/F형,1,0.5
3058236,중간,2,약술형,0,0.0
3058236,중간,2,논술형,0,0.0
3058236,중간,2,구술,0,0.0
3058236,중간,2,기타,1,0.5
3058240,중간,14,객관식,13,0.928571
3058240,중간,14,주관식,11,0.785714
3058240,중간,14,T/F형,0,0.0
3058240,중간,14,약술형,0,0.0
3058240,중간,14,논술형,0,0.0
3058240,중간,14,구술,0,0.0
3058240,중간,14,기타,1,0.071429
3058247,1차,1,객관식,0,0.0
3058247,1차,1,주관식,0,0.0
3058247,1차,1,T/F형,0,0.0
3058247,1차,1,약술형,0,0.0
3058247,1차,1,논술형,0,0.0
3058247,1차,1,구술,0,0.0
3058247,1차,1,기타,1,1.0
3058250,중간,3,객관식,3,1.0
3058250,중간,3,주관식,0,0.0
3058250,중간,3,T/F형,0,0.0
3058250,중간,3,약술형,0,0.0
3058250,중간,3,논술형,0,0.0
3058250,중간,3,구술,0,0.0
3058250,중간,3,기타,0,0.0
3058252,중간,3,객관식,2,0.666667
3058252,중간,3,주관식,1,0.333333
3058252,중간,3,T/F형,0,0.0
3058252,중간,3,약술형,1,0.333333
3058252,중간,3,논술형,0,0.0
3058252,중간,3,구술,0,0.0
3058252,중간,3,기타,0,0.0
3058253,중간,3,객관식,3,1.0
3058253,중간,3,주관식,3,1.0
3058253,중간,3,T/F형,0,0.0
3058253,중간,3,약술형,0,0.0
3058253,중간,3,논술형,0,0.0
3058253,중간,3,구술,0,0.0
3058253,중간,3,기타,0,0.0
3058254,중간,1,객관식,1,1.0
3058254,중간,1,주관식,0,0.0
3058254,중간,1,T/F형,1,1.0
3058254,중간,1,약술형,0,0.0
3058254,중간,1,논술형,0,0.0
3058254,중간,1,구술,0,0.0
3058254,중간,1,기타,0,0.0
3058258,중간,1,객관식,1,1.0
3058258,중간,1,주관식,1,1.0
3058258,중간,1,T/F형,1,1.0
3058258,중간,1,약술형,0,0.0
3058258,중간,1,논술형,1,1.0
3058258,중간,1,구술,0,0.0
3058258,중간,1,기타,0,0.0
3058266,중간,1,객관식,1,1.0
3058266,중간,1,주관식,1,1.0
3058266,중간,1,T/F형,0,0.0
3058266,중간,1,약술형,1,1.0
3058266,중간,1,논술형,0,0.0
3058266,중간,1,구술,0,0.0
3058266,중간,1,기타,0,0.0
3058270,중간,2,객관식,0,0.0
3058270,중간,2,주관식,2,1.0
3058270,중간,2,T/F형,0,0.0
3058270,중간,2,약술형,0,0.0
3058270,중간,2,논술형,0,0.0
3058270,중간,2,구술,0,0.0
3058270,중간,2,기타,0,0.0
3058271,중간,3,객관식,0,0.0
3058271,중간,3,주관식,2,0.666667
3058271,중간,3,T/F형,1,0.333333
3058271,중간,3,약술형,1,0.333333
3058271,중간,3,논술형,1,0.333333
3058271,중간,3,구술,0,0.0
3058271,중간,3,기타,0,0.0
3058272,중간,2,객관식,0,0.0
3058272,중간,2,주관식,2,1.0
3058272,중간,2,T/F형,0,0.0
3058272,중간,2,약술형,1,0.5
3058272,중간,2,논술형,0,0.0
3058272,중간,2,구술,0,0.0
3058272,중간,2,기타,0,0.0
3058274,중간,4,객관식,1,0.25
3058274,중간,4,주관식,4,1.0
3058274,중간,4,T/F형,4,1.0
3058274,중간,4,약술형,3,0.75
3058274,중간,4,논술형,1,0.25
3058274,중간,4,구술,0,0.0
3058274,중간,4,기타,0,0.0
3058278,중간,3,객관식,3,1.0
3058278,중간,3,주관식,3,1.0
3058278,중간,3,T/F형,0,0.0
3058278,중간,3,약술형,2,0.666667
3058278,중간,3,논술형,1,0.333333
3058278,중간,3,구술,0,0.0
3058278,중간,3,기타,0,0.0
3058287,중간,1,객관식,1,1.0
3058287,중간,1,주관식,1,1.0
3058287,중간,1,T/F형,0,0.0
3058287,중간,1,약술형,0,0.0
3058287,중간,1,논술형,1,1.0
3058287,중간,1,구술,0,0.0
3058287,중간,1,기타,0,0.0
3058291,중간,1,객관식,0,0.0
3058291,중간,1,주관식,0,0.0
3058291,중간,1,T/F형,1,1.0
3058291,중간,1,약술형,0,0.0
3058291,중간,1,논술형,1,1.0
3058291,중간,1,구술,0,0.0
3058291,중간,1,기타,0,0.0
3058292,중간,1,객관식,0,0.0
3058292,중간,1,주관식,1,1.0
3058292,중간,1,T/F형,0,0.0
3058292,중간,1,약술형,0,0.0
3058292,중간,1,논술형,1,1.0
3058292,중간,1,구술,0,0.0
3058292,중간,1,기타,0,0.0
3058293,중간,1,객관식,1,1.0
3058293,중간,1,주관식,0,0.0
3058293,중간,1,T/F형,0,0.0
3058293,중간,1,약술형,0,0.0
3058293,중간,1,논술형,0,0.0
3058293,중간,1,구술,0,0.0
3058293,중간,1,기타,0,0.0
3058294,중간,1,객관식,1,1.0
3058294,중간,1,주관식,1,1.0
3058294,중간,1,T/F형,0,0.0
3058294,중간,1,약술형,0,0.0
3058294,중간,1,논술형,0,0.0
3058294,중간,1,구술,0,0.0
3058294,중간,1,기타,0,0.0
3058296,중간,4,객관식,4,1.0
3058296,중간,4,주관식,4,1.0
3058296,중간,4,T/F형,4,1.0
3058296,중간,4,약술형,1,0.25
3058296,중간,4,논술형,1,0.25
3058296,중간,4,구술,0,0.0
3058296,중간,4,기타,1,0.25
3058297,중간,1,객관식,0,0.0
3058297,중간,1,주관식,0,0.0
3058297,중간,1,T/F형,0,0.0
3058297,중간,1,약술형,1,1.0
3058297,중간,1,논술형,0,0.0
3058297,중간,1,구술,0,0.0
3058297,중간,1,기타,0,0.0
3058305,중간,1,객관식,0,0.0
3058305,중간,1,주관식,1,1.0
3058305,중간,1,T/F형,1,1.0
3058305,중간,1,약술형,0,0.0
3058305,중간,1,논술형,0,0.0
3058305,중간,1,구술,0,0.0
3058305,중간,1,기타,0,0.0
3058325,중간,3,객관식,3,1.0
3058325,중간,3,주관식,3,1.0
3058325,중간,3,T/F형,0,0.0
3058325,중간,3,약술형,0,0.0
3058325,중간,3,논술형,0,0.0
3058325,중간,3,구술,0,0.0
3058325,중간,3,기타,0,0.0
3058326,중간,6,객관식,5,0.833333
3058326,중간,6,주관식,5,0.833333
3058326,중간,6,T/F형,1,0.166667
3058326,중간,6,약술형,3,0.5
3058326,중간,6,논술형,3,0.5
3058326,중간,6,구술,0,0.0
3058326,중간,6,기타,0,0.0
3058326,1차,1,객관식,0,0.0
3058326,1차,1,주관식,1,1.0
3058326,1차,1,T/F형,0,0.0
3058326,1차,1,약술형,0,0.0
3058326,1차,1,논술형,0,0.0
3058326,1차,1,구술,0,0.0
3058326,1차,1,기타,0,0.0
3058327,기타,1,객관식,0,0.0
3058327,기타,1,주관식,0,0.0
3058327,기타,1,T/F형,0,0.0
3058327,기타,1,약술형,0,0.0
3058327,기타,1,논술형,0,0.0
3058327,기타,1,구술,0,0.0
3058327,기타,1,기타,0,0.0
3058328,중간,1,객관식,1,1.0
3058328,중간,1,주관식,1,1.0
3058328,중간,1,T/F형,0,0.0
3058328,중간,1,약술형,1,1.0
3058328,중간,1,논술형,0,0.0
3058328,중간,1,구술,0,0.0
3058328,중간,1,기타,0,0.0
3058329,중간,7,객관식,0,0.0
3058329,중간,7,주관식,5,0.714286
3058329,중간,7,T/F형,0,0.0
3058329,중간,7,약술형,5,0.714286
3058329,중간,7,논술형,2,0.285714
3058329,중간,7,구술,0,0.0
3058329,중간,7,기타,1,0.142857
3058330,중간,1,객관식,1,1.0
3058330,중간,1,주관식,1,1.0
3058330,중간,1,T/F형,0,0.0
3058330,중간,1,약술형,0,0.0
3058330,중간,1,논술형,0,0.0
3058330,중간,1,구술,0,0.0
3058330,중간,1,기타,0,0.0
3058335,중간,3,객관식,0,0.0
3058335,중간,3,주관식,0,0.0
3058335,중간,3,T/F형,0,0.0
3058335,중간,3,약술형,0,0.0
3058335,중간,3,논술형,0,0.0
3058335,중간,3,구술,0,0.0
3058335,중간,3,기타,3,1.0
3058338,중간,1,객관식,1,1.0
3058338,중간,1,주관식,0,0.0
3058338,중간,1,T/F형,1,1.0
3058338,중간,1,약술형,1,1.0
3058338,중간,1,논술형,0,0.0
3058338,중간,1,구술,0,0.0
3058338,중간,1,기타,0,0.0
3058339,중간,2,객관식,2,1.0
3058339,중간,2,주관식,2,1.0
3058339,중간,2,T/F형,0,0.0
3058339,중간,2,약술형,0,0.0
3058339,중간,2,논술형,0,0.0
3058339,중간,2,구술,0,0.0
3058339,중간,2,기타,0,0.0
3058341,중간,1,객관식,1,1.0
3058341,중간,1,주관식,0,0.0
3058341,중간,1,T/F형,0,0.0
3058341,중간,1,약술형,0,0.0
3058341,중간,1,논술형,0,0.0
3058341,중간,1,구술,0,0.0
3058341,중간,1,기타,0,0.0
3058363,중간,1,객관식,0,0.0
3058363,중간,1,주관식,0,0.0
3058363,중간,1,T/F형,0,0.0
3058363,중간,1,약술형,0,0.0
3058363,중간,1,논술형,0,0.0
3058363,중간,1,구술,0,0.0
3058363,중간,1,기타,1,1.0
3058367,중간,1,객관식,0,0.0
3058367,중간,1,주관식,0,0.0
3058367,중간,1,T/F형,0,0.0
3058367,중간,1,약술형,0,0.0
3058367,중간,1,논술형,0,0.0
3058367,중간,1,구술,0,0.0
3058367,중간,1,기타,1,1.0
3058398,중간,1,객관식,1,1.0
3058398,중간,1,주관식,0,0.0
3058398,중간,1,T/F형,0,0.0
3058398,중간,1,약술형,0,0.0
3058398,중간,1,논술형,0,0.0
3058398,중간,1,구술,0,0.0
3058398,중간,1,기타,0,0.0
3058411,중간,1,객관식,0,0.0
3058411,중간,1,주관식,0,0.0
3058411,중간,1,T/F형,0,0.0
3058411,중간,1,약술형,1,1.0
3058411,중간,1,논술형,0,0.0
3058411,중간,1,구술,0,0.0
3058411,중간,1,기타,0,0.0
3058429,중간,2,객관식,2,1.0
3058429,중간,2,주관식,0,0.0
3058429,중간,2,T/F형,0,0.0
3058429,중간,2,약술형,0,0.0
3058429,중간,2,논술형,0,0.0
3058429,중간,2,구술,0,0.0
3058429,중간,2,기타,0,0.0
3058433,중간,4,객관식,4,1.0
3058433,중간,4,주관식,4,1.0
3058433,중간,4,T/F형,0,0.0
3058433,중간,4,약술형,0,0.0
3058433,중간,4,논술형,0,0.0
3058433,중간,4,구술,0,0.0
3058433,중간,4,기타,0,0.0
3058442,중간,1,객관식,0,0.0
3058442,중간,1,주관식,0,0.0
3058442,중간,1,T/F형,0,0.0
3058442,중간,1,약술형,0,0.0
3058442,중간,1,논술형,1,1.0
3058442,중간,1,구술,0,0.0
3058442,중간,1,기타,0,0.0
3058468,중간,2,객관식,0,0.0
3058468,중간,2,주관식,2,1.0
3058468,중간,2,T/F형,0,0.0
3058468,중간,2,약술형,0,0.0
3058468,중간,2,논술형,0,0.0
3058468,중간,2,구술,0,0.0
3058468,중간,2,기타,0,0.0
3058469,중간,5,객관식,1,0.2
3058469,중간,5,주관식,3,0.6
3058469,중간,5,T/F형,0,0.0
3058469,중간,5,약술형,0,0.0
3058469,중간,5,논술형,2,0.4
3058469,중간,5,구술,0,0.0
3058469,중간,5,기타,0,0.0
3058470,중간,2,객관식,1,0.5
3058470,중간,2,주관식,2,1.0
3058470,중간,2,T/F형,2,1.0
3058470,중간,2,약술형,0,0.0
3058470,중간,2,논술형,0,0.0
3058470,중간,2,구술,0,0.0
3058470,중간,2,기타,0,0.0
3058476,중간,3,객관식,0,0.0
3058476,중간,3,주관식,3,1.0
3058476,중간,3,T/F형,0,0.0
3058476,중간,3,약술형,2,0.666667
3058476,중간,3,논술형,1,0.333333
3058476,중간,3,구술,0,0.0
3058476,중간,3,기타,0,0.0
3058478,중간,2,객관식,1,0.5
3058478,중간,2,주관식,2,1.0
3058478,중간,2,T/F형,2,1.0
3058478,중간,2,약술형,0,0.0
3058478,중간,2,논술형,2,1.0
3058478,중간,2,구술,0,0.0
3058478,중간,2,기타,0,0.0
3058480,중간,1,객관식,0,0.0
3058480,중간,1,주관식,1,1.0
3058480,중간,1,T/F형,0,0.0
3058480,중간,1,약술형,0,0.0
3058480,중간,1,논술형,1,1.0
3058480,중간,1,구술,0,0.0
3058480,중간,1,기타,0,0.0
3058483,중간,1,객관식,0,0.0
3058483,중간,1,주관식,0,0.0
3058483,중간,1,T/F형,0,0.0
3058483,중간,1,약술형,0,0.0
3058483,중간,1,논술형,1,1.0
3058483,중간,1,구술,0,0.0
3058483,중간,1,기타,0,0.0
3058486,중간,1,객관식,0,0.0
3058486,중간,1,주관식,1,1.0
3058486,중간,1,T/F형,0,0.0
3058486,중간,1,약술형,0,0.0
3058486,중간,1,논술형,0,0.0
3058486,중간,1,구술,0,0.0
3058486,중간,1,기타,0,0.0
3058487,중간,6,객관식,0,0.0
3058487,중간,6,주관식,6,1.0
3058487,중간,6,T/F형,0,0.0
3058487,중간,6,약술형,2,0.333333
3058487,중간,6,논술형,3,0.5
3058487,중간,6,구술,0,0.0
3058487,중간,6,기타,0,0.0
3058489,중간,1,객관식,0,0.0
3058489,중간,1,주관식,0,0.0
3058489,중간,1,T/F형,0,0.0
3058489,중간,1,약술형,1,1.0
3058489,중간,1,논술형,1,1.0
3058489,중간,1,구술,0,0.0
3058489,중간,1,기타,0,0.0
3058490,중간,1,객관식,0,0.0
3058490,중간,1,주관식,1,1.0
3058490,중간,1,T/F형,0,0.0
3058490,중간,1,약술형,0,0.0
3058490,중간,1,논술형,0,0.0
3058490,중간,1,구술,0,0.0
3058490,중간,1,기타,0,0.0
3058491,기타,1,객관식,1,1.0
3058491,기타,1,주관식,0,0.0
3058491,기타,1,T/F형,1,1.0
3058491,기타,1,약술형,1,1.0
3058491,기타,1,논술형,0,0.0
3058491,기타,1,구술,0,0.0
3058491,기타,1,기타,0,0.0
3058493,중간,4,객관식,0,0.0
3058493,중간,4,주관식,1,0.25
3058493,중간,4,T/F형,3,0.75
3058493,중간,4,약술형,1,0.25
3058493,중간,4,논술형,2,0.5
3058493,중간,4,구술,0,0.0
3058493,중간,4,기타,0,0.0
3058497,중간,2,객관식,0,0.0
3058497,중간,2,주관식,2,1.0
3058497,중간,2,T/F형,0,0.0
3058497,중간,2,약술형,0,0.0
3058497,중간,2,논술형,1,0.5
3058497,중간,2,구술,0,0.0
3058497,중간,2,기타,0,0.0
3058500,중간,11,객관식,0,0.0
3058500,중간,11,주관식,7,0.636364
3058500,중간,11,T/F형,0,0.0
3058500,중간,11,약술형,2,0.181818
3058500,중간,11,논술형,5,0.454545
3058500,중간,11,구술,0,0.0
3058500,중간,11,기타,0,0.0
3058500,1차,2,객관식,0,0.0
3058500,1차,2,주관식,1,0.5
3058500,1차,2,T/F형,0,0.0
3058500,1차,2,약술형,0,0.0
3058500,1차,2,논술형,0,0.0
3058500,1차,2,구술,0,0.0
3058500,1차,2,기타,0,0.0
3058500,기타,1,객관식,0,0.0
3058500,기타,1,주관식,0,0.0
3058500,기타,1,T/F형,0,0.0
3058500,기타,1,약술형,0,0.0
3058500,기타,1,논술형,1,1.0
3058500,기타,1,구술,0,0.0
3058500,기타,1,기타,0,0.0
3058503,중간,1,객관식,1,1.0
3058503,중간,1,주관식,1,1.0
3058503,중간,1,T/F형,0,0.0
3058503,중간,1,약술형,0,0.0
3058503,중간,1,논술형,0,0.0
3058503,중간,1,구술,0,0.0
3058503,중간,1,기타,0,0.0
3065194,기타,1,객관식,0,0.0
3065194,기타,1,주관식,0,0.0
3065194,기타,1,T/F형,1,1.0
3065194,기타,1,약술형,0,0.0
3065194,기타,1,논술형,0,0.0
3065194,기타,1,구술,0,0.0
3065194,기타,1,기타,1,1.0
3068747,기타,1,객관식,0,0.0
3068747,기타,1,주관식,1,1.0
3068747,기타,1,T/F형,0,0.0
3068747,기타,1,약술형,1,1.0
3068747,기타,1,논술형,0,0.0
3068747,기타,1,구술,0,0.0
3068747,기타,1,기타,0,0.0
3068866,중간,3,객관식,3,1.0
3068866,중간,3,주관식,3,1.0
3068866,중간,3,T/F형,3,1.0
3068866,중간,3,약술형,1,0.333333
3068866,중간,3,논술형,0,0.0
3068866,중간,3,구술,0,0.0
3068866,중간,3,기타,0,0.0
3073268,중간,2,객관식,0,0.0
3073268,중간,2,주관식,1,0.5
3073268,중간,2,T/F형,2,1.0
3073268,중간,2,약술형,0,0.0
3073268,중간,2,논술형,1,0.5
3073268,중간,2,구술,0,0.0
3073268,중간,2,기타,0,0.0
3073269,중간,1,객관식,0,0.0
3073269,중간,1,주관식,1,1.0
3073269,중간,1,T/F형,0,0.0
3073269,중간,1,약술형,0,0.0
3073269,중간,1,논술형,0,0.0
3073269,중간,1,구술,0,0.0
3073269,중간,1,기타,0,0.0
3073273,중간,8,객관식,0,0.0
3073273,중간,8,주관식,7,0.875
3073273,중간,8,T/F형,0,0.0
3073273,중간,8,약술형,2,0.25
3073273,중간,8,논술형,2,0.25
3073273,중간,8,구술,0,0.0
3073273,중간,8,기타,0,0.0
3073998,중간,1,객관식,0,0.0
3073998,중간,1,주관식,1,1.0
3073998,중간,1,T/F형,0,0.0
3073998,중간,1,약술형,0,0.0
3073998,중간,1,논술형,0,0.0
3073998,중간,1,구술,0,0.0
3073998,중간,1,기타,0,0.0
3076525,중간,5,객관식,5,1.0
3076525,중간,5,주관식,0,0.0
3076525,중간,5,T/F형,0,0.0
3076525,중간,5,약술형,0,0.0
3076525,중간,5,논술형,0,0.0
3076525,중간,5,구술,0,0.0
3076525,중간,5,기타,0,0.0
3079910,중간,1,객관식,1,1.0
3079910,중간,1,주관식,1,1.0
3079910,중간,1,T/F형,1,1.0
3079910,중간,1,약술형,0,0.0
3079910,중간,1,논술형,0,0.0
3079910,중간,1,구술,0,0.0
3079910,중간,1,기타,0,0.0
3079911,중간,4,객관식,0,0.0
3079911,중간,4,주관식,0,0.0
3079911,중간,4,T/F형,3,0.75
3079911,중간,4,약술형,0,0.0
3079911,중간,4,논술형,0,0.0
3079911,중간,4,구술,0,0.0
3079911,중간,4,기타,1,0.25
3081077,중간,1,객관식,1,1.0
3081077,중간,1,주관식,1,1.0
3081077,중간,1,T/F형,0,0.0
3081077,중간,1,약술형,0,0.0
3081077,중간,1,논술형,0,0.0
3081077,중간,1,구술,0,0.0
3081077,중간,1,기타,0,0.0
3083754,중간,2,객관식,0,0.0
3083754,중간,2,주관식,2,1.0
3083754,중간,2,T/F형,0,0.0
3083754,중간,2,약술형,1,0.5
3083754,중간,2,논술형,1,0.5
3083754,중간,2,구술,0,0.0
3083754,중간,2,기타,0,0.0
3087891,중간,1,객관식,1,1.0
3087891,중간,1,주관식,1,1.0
3087891,중간,1,T/F형,0,0.0
3087891,중간,1,약술형,0,0.0
3087891,중간,1,논술형,0,0.0
3087891,중간,1,구술,0,0.0
3087891,중간,1,기타,0,0.0
3091353,기타,1,객관식,0,0.0
3091353,기타,1,주관식,0,0.0
3091353,기타,1,T/F형,0,0.0
3091353,기타,1,약술형,0,0.0
3091353,기타,1,논술형,0,0.0
3091353,기타,1,구술,0,0.0
3091353,기타,1,기타,0,0.0
3095853,중간,3,객관식,3,1.0
3095853,중간,3,주관식,3,1.0
3095853,중간,3,T/F형,0,0.0
3095853,중간,3,약술형,2,0.666667
3095853,중간,3,논술형,0,0.0
3095853,중간,3,구술,0,0.0
3095853,중간,3,기타,0,0.0
3095857,중간,1,객관식,0,0.0
3095857,중간,1,주관식,0,0.0
3095857,중간,1,T/F형,0,0.0
3095857,중간,1,약술형,0,0.0
3095857,중간,1,논술형,0,0.0
3095857,중간,1,구술,0,0.0
3095857,중간,1,기타,1,1.0
3095859,중간,1,객관식,0,0.0
3095859,중간,1,주관식,0,0.0
3095859,중간,1,T/F형,0,0.0
3095859,중간,1,약술형,0,0.0
3095859,중간,1,논술형,0,0.0
3095859,중간,1,구술,0,0.0
3095859,중간,1,기타,1,1.0
3095862,기타,1,객관식,0,0.0
3095862,기타,1,주관식,0,0.0
3095862,기타,1,T/F형,0,0.0
3095862,기타,1,약술형,0,0.0
3095862,기타,1,논술형,0,0.0
3095862,기타,1,구술,0,0.0
3095862,기타,1,기타,1,1.0
3095863,중간,1,객관식,0,0.0
3095863,중간,1,주관식,0,0.0
3095863,중간,1,T/F형,0,0.0
3095863,중간,1,약술형,0,0.0
3095863,중간,1,논술형,0,0.0
3095863,중간,1,구술,0,0.0
3095863,중간,1,기타,1,1.0
3096544,중간,1,객관식,1,1.0
3096544,중간,1,주관식,1,1.0
3096544,중간,1,T/F형,0,0.0
3096544,중간,1,약술형,0,0.0
3096544,중간,1,논술형,0,0.0
3096544,중간,1,구술,0,0.0
3096544,중간,1,기타,0,0.0
352725,중간,10,객관식,9,0.9
352725,중간,10,주관식,8,0.8
352725,중간,10,T/F형,0,0.0
352725,중간,10,약술형,1,0.1
352725,중간,10,논술형,4,0.4
352725,중간,10,구술,0,0.0
352725,중간,10,기타,0,0.0
352725,기말,4,객관식,4,1.0
352725,기말,4,주관식,1,0.25
352725,기말,4,T/F형,0,0.0
352725,기말,4,약술형,2,0.5
352725,기말,4,논술형,1,0.25
352725,기말,4,구술,0,0.0
352725,기말,4,기타,0,0.0
353193,기말,1,객관식,0,0.0
353193,기말,1,주관식,0,0.0
353193,기말,1,T/F형,0,0.0
353193,기말,1,약술형,0,0.0
353193,기말,1,논술형,1,1.0
353193,기말,1,구술,0,0.0
353193,기말,1,기타,0,0.0
353193,기타,1,객관식,0,0.0
353193,기타,1,주관식,0,0.0
353193,기타,1,T/F형,0,0.0
353193,기타,1,약술형,0,0.0
353193,기타,1,논술형,0,0.0
353193,기타,1,구술,0,0.0
353193,기타,1,기타,1,1.0
353871,중간,5,객관식,0,0.0
353871,중간,5,주관식,5,1.0
353871,중간,5,T/F형,0,0.0
353871,중간,5,약술형,0,0.0
353871,중간,5,논술형,1,0.2
353871,중간,5,구술,0,0.0
353871,중간,5,기타,0,0.0
353871,기말,3,객관식,0,0.0
353871,기말,3,주관식,2,0.666667
353871,기말,3,T/F형,0,0.0
353871,기말,3,약술형,2,0.666667
353871,기말,3,논술형,1,0.333333
353871,기말,3,구술,0,0.0
353871,기말,3,기타,0,0.0
353871,1차,1,객관식,0,0.0
353871,1차,1,주관식,0,0.0
353871,1차,1,T/F형,0,0.0
353871,1차,1,약술형,0,0.0
353871,1차,1,논술형,1,1.0
353871,1차,1,구술,0,0.0
353871,1차,1,기타,0,0.0
353879,중간,3,객관식,0,0.0
353879,중간,3,주관식,3,1.0
353879,중간,3,T/F형,0,0.0
353879,중간,3,약술형,0,0.0
353879,중간,3,논술형,0,0.0
353879,중간,3,구술,0,0.0
353879,중간,3,기타,0,0.0
353879,기말,1,객관식,0,0.0
353879,기말,1,주관식,1,1.0
353879,기말,1,T/F형,0,0.0
353879,기말,1,약술형,0,0.0
353879,기말,1,논술형,0,0.0
353879,기말,1,구술,0,0.0
353879,기말,1,기타,0,0.0
353911,중간,28,객관식,6,0.214286
353911,중간,28,주관식,22,0.785714
353911,중간,28,T/F형,1,0.035714
353911,중간,28,약술형,1,0.035714
353911,중간,28,논술형,2,0.071429
353911,중간,28,구술,0,0.0
353911,중간,28,기타,1,0.035714
353911,기말,13,객관식,2,0.153846
353911,기말,13,주관식,11,0.846154
353911,기말,13,T/F형,0,0.0
353911,기말,13,약술형,1,0.076923
353911,기말,13,논술형,2,0.153846
353911,기말,13,구술,0,0.0
353911,기말,13,기타,0,0.0
354761,중간,25,객관식,15,0.6
354761,중간,25,주관식,14,0.56
354761,중간,25,T/F형,1,0.04
354761,중간,25,약술형,5,0.2
354761,중간,25,논술형,7,0.28
354761,중간,25,구술,0,0.0
354761,중간,25,기타,0,0.0
354761,기말,20,객관식,10,0.5
354761,기말,20,주관식,9,0.45
354761,기말,20,T/F형,0,0.0
354761,기말,20,약술형,6,0.3
354761,기말,20,논술형,8,0.4
354761,기말,20,구술,0,0.0
354761,기말,20,기타,0,0.0
354761,1차,1,객관식,1,1.0
354761,1차,1,주관식,1,1.0
354761,1차,1,T/F형,0,0.0
354761,1차,1,약술형,0,0.0
354761,1차,1,논술형,0,0.0
354761,1차,1,구술,0,0.0
354761,1차,1,기타,0,0.0
354761,2차,2,객관식,1,0.5
354761,2차,2,주관식,2,1.0
354761,2차,2,T/F형,0,0.0
354761,2차,2,약술형,0,0.0
354761,2차,2,논술형,0,0.0
354761,2차,2,구술,0,0.0
354761,2차,2,기타,0,0.0
354776,중간,10,객관식,1,0.1
354776,중간,10,주관식,9,0.9
354776,중간,10,T/F형,0,0.0
354776,중간,10,약술형,5,0.5
354776,중간,10,논술형,6,0.6
354776,중간,10,구술,1,0.1
354776,중간,10,기타,1,0.1
354776,기말,84,객관식,3,0.035714
354776,기말,84,주관식,34,0.404762
354776,기말,84,T/F형,0,0.0
354776,기말,84,약술형,40,0.47619
354776,기말,84,논술형,60,0.714286
354776,기말,84,구술,2,0.02381
354776,기말,84,기타,2,0.02381
354776,기타,1,객관식,0,0.0
354776,기타,1,주관식,1,1.0
354776,기타,1,T/F형,0,0.0
354776,기타,1,약술형,1,1.0
354776,기타,1,논술형,1,1.0
354776,기타,1,구술,0,0.0
354776,기타,1,기타,0,0.0
355068,기타,1,객관식,0,0.0
355068,기타,1,주관식,1,1.0
355068,기타,1,T/F형,0,0.0
355068,기타,1,약술형,0,0.0
355068,기타,1,논술형,0,0.0
355068,기타,1,구술,0,0.0
355068,기타,1,기타,0,0.0
355125,기말,1,객관식,0,0.0
355125,기말,1,주관식,0,0.0
355125,기말,1,T/F형,0,0.0
355125,기말,1,약술형,1,1.0
355125,기말,1,논술형,1,1.0
355125,기말,1,구술,0,0.0
355125,기말,1,기타,0,0.0
355221,중간,2,객관식,1,0.5
355221,중간,2,주관식,0,0.0
355221,중간,2,T/F형,0,0.0
355221,중간,2,약술형,0,0.0
355221,중간,2,논술형,1,0.5
355221,중간,2,구술,0,0.0
355221,중간,2,기타,0,0.0
355221,기말,16,객관식,0,0.0
355221,기말,16,주관식,2,0.125
355221,기말,16,T/F형,0,0.0
355221,기말,16,약술형,0,0.0
355221,기말,16,논술형,13,0.8125
355221,기말,16,구술,0,0.0
355221,기말,16,기타,1,0.0625
355263,중간,1,객관식,0,0.0
355263,중간,1,주관식,0,0.0
355263,중간,1,T/F형,0,0.0
355263,중간,1,약술형,0,0.0
355263,중간,1,논술형,0,0.0
355263,중간,1,구술,0,0.0
355263,중간,1,기타,1,1.0
355522,1차,1,객관식,0,0.0
355522,1차,1,주관식,1,1.0
355522,1차,1,T/F형,0,0.0
355522,1차,1,약술형,0,0.0
355522,1차,1,논술형,0,0.0
355522,1차,1,구술,0,0.0
355522,1차,1,기타,0,0.0
355522,기타,4,객관식,0,0.0
355522,기타,4,주관식,0,0.0
355522,기타,4,T/F형,0,0.0
355522,기타,4,약술형,0,0.0
355522,기타,4,논술형,1,0.25
355522,기타,4,구술,1,0.25
355522,기타,4,기타,2,0.5
356040,중간,1,객관식,0,0.0
356040,중간,1,주관식,0,0.0
356040,중간,1,T/F형,0,0.0
356040,중간,1,약술형,0,0.0
356040,중간,1,논술형,1,1.0
356040,중간,1,구술,0,0.0
356040,중간,1,기타,0,0.0
356040,기말,3,객관식,1,0.333333
356040,기말,3,주관식,3,1.0
356040,기말,3,T/F형,0,0.0
356040,기말,3,약술형,1,0.333333
356040,기말,3,논술형,2,0.666667
356040,기말,3,구술,0,0.0
356040,기말,3,기타,0,0.0
356058,중간,1,객관식,0,0.0
356058,중간,1,주관식,0,0.0
356058,중간,1,T/F형,0,0.0
356058,중간,1,약술형,0,0.0
356058,중간,1,논술형,0,0.0
356058,중간,1,구술,1,1.0
356058,중간,1,기타,0,0.0
356058,기타,2,객관식,0,0.0
356058,기타,2,주관식,0,0.0
356058,기타,2,T/F형,0,0.0
356058,기타,2,약술형,0,0.0
356058,기타,2,논술형,0,0.0
356058,기타,2,구술,1,0.5
356058,기타,2,기타,0,0.0
356110,기말,1,객관식,0,0.0
356110,기말,1,주관식,0,0.0
356110,기말,1,T/F형,0,0.0
356110,기말,1,약술형,0,0.0
356110,기말,1,논술형,1,1.0
356110,기말,1,구술,0,0.0
356110,기말,1,기타,0,0.0
356110,기타,1,객관식,0,0.0
356110,기타,1,주관식,0,0.0
356110,기타,1,T/F형,0,0.0
356110,기타,1,약술형,0,0.0
356110,기타,1,논술형,0,0.0
356110,기타,1,구술,0,0.0
356110,기타,1,기타,1,1.0
356128,중간,1,객관식,0,0.0
356128,중간,1,주관식,1,1.0
356128,중간,1,T/F형,0,0.0
356128,중간,1,약술형,0,0.0
356128,중간,1,논술형,0,0.0
356128,중간,1,구술,0,0.0
356128,중간,1,기타,0,0.0
356129,중간,2,객관식,0,0.0
356129,중간,2,주관식,1,0.5
356129,중간,2,T/F형,0,0.0
356129,중간,2,약술형,1,0.5
356129,중간,2,논술형,1,0.5
356129,중간,2,구술,0,0.0
356129,중간,2,기타,1,0.5
42259,중간,1,객관식,0,0.0
42259,중간,1,주관식,0,0.0
42259,중간,1,T/F형,0,0.0
42259,중간,1,약술형,0,0.0
42259,중간,1,논술형,1,1.0
42259,중간,1,구술,0,0.0
42259,중간,1,기타,0,0.0
42259,기말,4,객관식,0,0.0
42259,기말,4,주관식,0,0.0
42259,기말,4,T/F형,0,0.0
42259,기말,4,약술형,0,0.0
42259,기말,4,논술형,3,0.75
42259,기말,4,구술,0,0.0
42259,기말,4,기타,0,0.0
42259,기타,1,객관식,0,0.0
42259,기타,1,주관식,1,1.0
42259,기타,1,T/F형,0,0.0
42259,기타,1,약술형,0,0.0
42259,기타,1,논술형,0,0.0
42259,기타,1,구술,0,0.0
42259,기타,1,기타,0,0.0
42277,중간,10,객관식,0,0.0
42277,중간,10,주관식,9,0.9
42277,중간,10,T/F형,0,0.0
42277,중간,10,약술형,2,0.2
42277,중간,10,논술형,1,0.1
42277,중간,10,구술,0,0.0
42277,중간,10,기타,0,0.0
42277,기말,5,객관식,0,0.0
42277,기말,5,주관식,3,0.6
42277,기말,5,T/F형,0,0.0
42277,기말,5,약술형,1,0.2
42277,기말,5,논술형,2,0.4
42277,기말,5,구술,0,0.0
42277,기말,5,기타,0,0.0
42278,중간,6,객관식,0,0.0
42278,중간,6,주관식,4,0.666667
42278,중간,6,T/F형,1,0.166667
42278,중간,6,약술형,0,0.0
42278,중간,6,논술형,1,0.166667
42278,중간,6,구술,0,0.0
42278,중간,6,기타,0,0.0
42278,기말,2,객관식,0,0.0
42278,기말,2,주관식,2,1.0
42278,기말,2,T/F형,0,0.0
42278,기말,2,약술형,0,0.0
42278,기말,2,논술형,0,0.0
42278,기말,2,구술,0,0.0
42278,기말,2,기타,0,0.0
42279,중간,5,객관식,0,0.0
42279,중간,5,주관식,5,1.0
42279,중간,5,T/F형,3,0.6
42279,중간,5,약술형,2,0.4
42279,중간,5,논술형,2,0.4
42279,중간,5,구술,0,0.0
42279,중간,5,기타,0,0.0
42282,중간,2,객관식,0,0.0
42282,중간,2,주관식,2,1.0
42282,중간,2,T/F형,0,0.0
42282,중간,2,약술형,0,0.0
42282,중간,2,논술형,0,0.0
42282,중간,2,구술,0,0.0
42282,중간,2,기타,0,0.0
42282,기말,1,객관식,0,0.0
42282,기말,1,주관식,0,0.0
42282,기말,1,T/F형,0,0.0
42282,기말,1,약술형,0,0.0
42282,기말,1,논술형,1,1.0
42282,기말,1,구술,0,0.0
42282,기말,1,기타,0,0.0
42282,1차,15,객관식,0,0.0
42282,1차,15,주관식,13,0.866667
42282,1차,15,T/F형,0,0.0
42282,1차,15,약술형,1,0.066667
42282,1차,15,논술형,3,0.2
42282,1차,15,구술,0,0.0
42282,1차,15,기타,0,0.0
42282,2차,4,객관식,0,0.0
42282,2차,4,주관식,2,0.5
42282,2차,4,T/F형,0,0.0
42282,2차,4,약술형,1,0.25
42282,2차,4,논술형,2,0.5
42282,2차,4,구술,0,0.0
42282,2차,4,기타,0,0.0
42282,3차,6,객관식,0,0.0
42282,3차,6,주관식,4,0.666667
42282,3차,6,T/F형,0,0.0
42282,3차,6,약술형,0,0.0
42282,3차,6,논술형,3,0.5
42282,3차,6,구술,0,0.0
42282,3차,6,기타,0,0.0
42284,중간,5,객관식,0,0.0
42284,중간,5,주관식,3,0.6
42284,중간,5,T/F형,0,0.0
42284,중간,5,약술형,0,0.0
42284,중간,5,논술형,2,0.4
42284,중간,5,구술,0,0.0
42284,중간,5,기타,0,0.0
42284,기말,1,객관식,0,0.0
42284,기말,1,주관식,1,1.0
42284,기말,1,T/F형,0,0.0
42284,기말,1,약술형,0,0.0
42284,기말,1,논술형,0,0.0
42284,기말,1,구술,0,0.0
42284,기말,1,기타,0,0.0
42284,1차,3,객관식,0,0.0
42284,1차,3,주관식,2,0.666667
42284,1차,3,T/F형,0,0.0
42284,1차,3,약술형,0,0.0
42284,1차,3,논술형,1,0.333333
42284,1차,3,구술,0,0.0
42284,1차,3,기타,0,0.0
42290,중간,19,객관식,0,0.0
42290,중간,19,주관식,13,0.684211
42290,중간,19,T/F형,0,0.0
42290,중간,19,약술형,3,0.157895
42290,중간,19,논술형,4,0.210526
42290,중간,19,구술,0,0.0
42290,중간,19,기타,0,0.0
42290,기말,9,객관식,0,0.0
42290,기말,9,주관식,6,0.666667
42290,기말,9,T/F형,0,0.0
42290,기말,9,약술형,0,0.0
42290,기말,9,논술형,3,0.333333
42290,기말,9,구술,0,0.0
42290,기말,9,기타,0,0.0
42291,중간,5,객관식,0,0.0
42291,중간,5,주관식,4,0.8
42291,중간,5,T/F형,0,0.0
42291,중간,5,약술형,0,0.0
42291,중간,5,논술형,2,0.4
42291,중간,5,구술,0,0.0
42291,중간,5,기타,0,0.0
42291,기말,1,객관식,0,0.0
42291,기말,1,주관식,1,1.0
42291,기말,1,T/F형,0,0.0
42291,기말,1,약술형,0,0.0
42291,기말,1,논술형,1,1.0
42291,기말,1,구술,0,0.0
42291,기말,1,기타,0,0.0
42294,중간,5,객관식,0,0.0
42294,중간,5,주관식,5,1.0
42294,중간,5,T/F형,0,0.0
42294,중간,5,약술형,0,0.0
42294,중간,5,논술형,2,0.4
42294,중간,5,구술,0,0.0
42294,중간,5,기타,0,0.0
42294,기말,4,객관식,1,0.25
42294,기말,4,주관식,3,0.75
42294,기말,4,T/F형,1,0.25
42294,기말,4,약술형,0,0.0
42294,기말,4,논술형,0,0.0
42294,기말,4,구술,0,0.0
42294,기말,4,기타,1,0.25
42294,1차,1,객관식,0,0.0
42294,1차,1,주관식,1,1.0
42294,1차,1,T/F형,0,0.0
42294,1차,1,약술형,0,0.0
42294,1차,1,논술형,0,0.0
42294,1차,1,구술,0,0.0
42294,1차,1,기타,0,0.0
42297,중간,16,객관식,0,0.0
42297,중간,16,주관식,14,0.875
42297,중간,16,T/F형,0,0.0
42297,중간,16,약술형,2,0.125
42297,중간,16,논술형,5,0.3125
42297,중간,16,구술,0,0.0
42297,중간,16,기타,0,0.0
42297,기말,4,객관식,0,0.0
42297,기말,4,주관식,2,0.5
42297,기말,4,T/F형,0,0.0
42297,기말,4,약술형,0,0.0
42297,기말,4,논술형,3,0.75
42297,기말,4,구술,0,0.0
42297,기말,4,기타,0,0.0
42297,기타,1,객관식,0,0.0
42297,기타,1,주관식,0,0.0
42297,기타,1,T/F형,0,0.0
42297,기타,1,약술형,0,0.0
42297,기타,1,논술형,1,1.0
42297,기타,1,구술,0,0.0
42297,기타,1,기타,0,0.0
42340,중간,3,객관식,0,0.0
42340,중간,3,주관식,2,0.666667
42340,중간,3,T/F형,0,0.0
42340,중간,3,약술형,0,0.0
42340,중간,3,논술형,0,0.0
42340,중간,3,구술,0,0.0
42340,중간,3,기타,1,0.333333
42354,중간,13,객관식,1,0.076923
42354,중간,13,주관식,11,0.846154
42354,중간,13,T/F형,0,0.0
42354,중간,13,약술형,0,0.0
42354,중간,13,논술형,4,0.307692
42354,중간,13,구술,0,0.0
42354,중간,13,기타,0,0.0
42354,기말,6,객관식,0,0.0
42354,기말,6,주관식,6,1.0
42354,기말,6,T/F형,0,0.0
42354,기말,6,약술형,0,0.0
42354,기말,6,논술형,0,0.0
42354,기말,6,구술,0,0.0
42354,기말,6,기타,0,0.0
42356,중간,25,객관식,1,0.04
42356,중간,25,주관식,17,0.68
42356,중간,25,T/F형,0,0.0
42356,중간,25,약술형,0,0.0
42356,중간,25,논술형,8,0.32
42356,중간,25,구술,0,0.0
42356,중간,25,기타,0,0.0
42356,기말,7,객관식,0,0.0
42356,기말,7,주관식,4,0.571429
42356,기말,7,T/F형,0,0.0
42356,기말,7,약술형,1,0.142857
42356,기말,7,논술형,4,0.571429
42356,기말,7,구술,0,0.0
42356,기말,7,기타,0,0.0
42358,중간,6,객관식,0,0.0
42358,중간,6,주관식,5,0.833333
42358,중간,6,T/F형,1,0.166667
42358,중간,6,약술형,0,0.0
42358,중간,6,논술형,2,0.333333
42358,중간,6,구술,0,0.0
42358,중간,6,기타,0,0.0
42358,1차,1,객관식,0,0.0
42358,1차,1,주관식,1,1.0
42358,1차,1,T/F형,0,0.0
42358,1차,1,약술형,0,0.0
42358,1차,1,논술형,0,0.0
42358,1차,1,구술,0,0.0
42358,1차,1,기타,0,0.0
42365,중간,17,객관식,3,0.176471
42365,중간,17,주관식,14,0.823529
42365,중간,17,T/F형,11,0.647059
42365,중간,17,약술형,1,0.058824
42365,중간,17,논술형,2,0.117647
42365,중간,17,구술,0,0.0
42365,중간,17,기타,0,0.0
42365,기말,5,객관식,1,0.2
42365,기말,5,주관식,5,1.0
42365,기말,5,T/F형,4,0.8
42365,기말,5,약술형,0,0.0
42365,기말,5,논술형,0,0.0
42365,기말,5,구술,0,0.0
42365,기말,5,기타,0,0.0
42413,기말,3,객관식,0,0.0
42413,기말,3,주관식,3,1.0
42413,기말,3,T/F형,0,0.0
42413,기말,3,약술형,0,0.0
42413,기말,3,논술형,0,0.0
42413,기말,3,구술,0,0.0
42413,기말,3,기타,0,0.0
42421,중간,2,객관식,0,0.0
42421,중간,2,주관식,2,1.0
42421,중간,2,T/F형,1,0.5
42421,중간,2,약술형,0,0.0
42421,중간,2,논술형,0,0.0
42421,중간,2,구술,0,0.0
42421,중간,2,기타,0,0.0
42455,중간,2,객관식,0,0.0
42455,중간,2,주관식,0,0.0
42455,중간,2,T/F형,0,0.0
42455,중간,2,약술형,1,0.5
42455,중간,2,논술형,2,1.0
42455,중간,2,구술,0,0.0
42455,중간,2,기타,0,0.0
42455,기말,3,객관식,0,0.0
42455,기말,3,주관식,0,0.0
42455,기말,3,T/F형,0,0.0
42455,기말,3,약술형,1,0.333333
42455,기말,3,논술형,1,0.333333
42455,기말,3,구술,0,0.0
42455,기말,3,기타,1,0.333333
42455,기타,1,객관식,0,0.0
42455,기타,1,주관식,0,0.0
42455,기타,1,T/F형,0,0.0
42455,기타,1,약술형,0,0.0
42455,기타,1,논술형,1,1.0
42455,기타,1,구술,0,0.0
42455,기타,1,기타,0,0.0
42485,중간,1,객관식,1,1.0
42485,중간,1,주관식,1,1.0
42485,중간,1,T/F형,0,0.0
42485,중간,1,약술형,0,0.0
42485,중간,1,논술형,1,1.0
42485,중간,1,구술,0,0.0
42485,중간,1,기타,0,0.0
42485,기말,2,객관식,0,0.0
42485,기말,2,주관식,0,0.0
42485,기말,2,T/F형,0,0.0
42485,기말,2,약술형,0,0.0
42485,기말,2,논술형,2,1.0
42485,기말,2,구술,0,0.0
42485,기말,2,기타,0,0.0
42486,기말,2,객관식,0,0.0
42486,기말,2,주관식,1,0.5
42486,기말,2,T/F형,0,0.0
42486,기말,2,약술형,0,0.0
42486,기말,2,논술형,0,0.0
42486,기말,2,구술,0,0.0
42486,기말,2,기타,1,0.5
42486,1차,1,객관식,0,0.0
42486,1차,1,주관식,0,0.0
42486,1차,1,T/F형,0,0.0
42486,1차,1,약술형,0,0.0
42486,1차,1,논술형,0,0.0
42486,1차,1,구술,0,0.0
42486,1차,1,기타,1,1.0
42486,기타,5,객관식,0,0.0
42486,기타,5,주관식,0,0.0
42486,기타,5,T/F형,0,0.0
42486,기타,5,약술형,0,0.0
42486,기타,5,논술형,0,0.0
42486,기타,5,구술,0,0.0
42486,기타,5,기타,5,1.0
42489,중간,10,객관식,10,1.0
42489,중간,10,주관식,10,1.0
42489,중간,10,T/F형,0,0.0
42489,중간,10,약술형,7,0.7
42489,중간,10,논술형,6,0.6
42489,중간,10,구술,1,0.1
42489,중간,10,기타,0,0.0
42489,기말,6,객관식,6,1.0
42489,기말,6,주관식,6,1.0
42489,기말,6,T/F형,0,0.0
42489,기말,6,약술형,6,1.0
42489,기말,6,논술형,3,0.5
42489,기말,6,구술,0,0.0
42489,기말,6,기타,0,0.0
42560,중간,13,객관식,1,0.076923
42560,중간,13,주관식,7,0.538462
42560,중간,13,T/F형,0,0.0
42560,중간,13,약술형,5,0.384615
42560,중간,13,논술형,11,0.846154
42560,중간,13,구술,0,0.0
42560,중간,13,기타,1,0.076923
42560,기말,10,객관식,1,0.1
42560,기말,10,주관식,4,0.4
42560,기말,10,T/F형,0,0.0
42560,기말,10,약술형,4,0.4
42560,기말,10,논술형,10,1.0
42560,기말,10,구술,0,0.0
42560,기말,10,기타,0,0.0
42593,중간,6,객관식,0,0.0
42593,중간,6,주관식,1,0.166667
42593,중간,6,T/F형,0,0.0
42593,중간,6,약술형,2,0.333333
42593,중간,6,논술형,6,1.0
42593,중간,6,구술,0,0.0
42593,중간,6,기타,0,0.0
42763,중간,11,객관식,0,0.0
42763,중간,11,주관식,4,0.363636
42763,중간,11,T/F형,0,0.0
42763,중간,11,약술형,2,0.181818
42763,중간,11,논술형,7,0.636364
42763,중간,11,구술,0,0.0
42763,중간,11,기타,0,0.0
42763,기말,4,객관식,0,0.0
42763,기말,4,주관식,0,0.0
42763,기말,4,T/F형,0,0.0
42763,기말,4,약술형,2,0.5
42763,기말,4,논술형,3,0.75
42763,기말,4,구술,0,0.0
42763,기말,4,기타,0,0.0
42772,중간,2,객관식,0,0.0
42772,중간,2,주관식,2,1.0
42772,중간,2,T/F형,0,0.0
42772,중간,2,약술형,2,1.0
42772,중간,2,논술형,0,0.0
42772,중간,2,구술,0,0.0
42772,중간,2,기타,0,0.0
42772,기말,2,객관식,1,0.5
42772,기말,2,주관식,1,0.5
42772,기말,2,T/F형,0,0.0
42772,기말,2,약술형,1,0.5
42772,기말,2,논술형,0,0.0
42772,기말,2,구술,0,0.0
42772,기말,2,기타,0,0.0
42792,중간,14,객관식,0,0.0
42792,중간,14,주관식,5,0.357143
42792,중간,14,T/F형,0,0.0
42792,중간,14,약술형,4,0.285714
42792,중간,14,논술형,9,0.642857
42792,중간,14,구술,0,0.0
42792,중간,14,기타,0,0.0
42792,기말,9,객관식,0,0.0
42792,기말,9,주관식,1,0.111111
42792,기말,9,T/F형,0,0.0
42792,기말,9,약술형,3,0.333333
42792,기말,9,논술형,6,0.666667
42792,기말,9,구술,0,0.0
42792,기말,9,기타,0,0.0
42792,1차,1,객관식,0,0.0
42792,1차,1,주관식,1,1.0
42792,1차,1,T/F형,0,0.0
42792,1차,1,약술형,0,0.0
42792,1차,1,논술형,1,1.0
42792,1차,1,구술,0,0.0
42792,1차,1,기타,0,0.0
42822,중간,39,객관식,35,0.897436
42822,중간,39,주관식,33,0.846154
42822,중간,39,T/F형,1,0.025641
42822,중간,39,약술형,4,0.102564
42822,중간,39,논술형,5,0.128205
42822,중간,39,구술,0,0.0
42822,중간,39,기타,3,0.076923
42822,기말,16,객관식,14,0.875
42822,기말,16,주관식,13,0.8125
42822,기말,16,T/F형,0,0.0
42822,기말,16,약술형,2,0.125
42822,기말,16,논술형,2,0.125
42822,기말,16,구술,0,0.0
42822,기말,16,기타,1,0.0625
42822,2차,1,객관식,1,1.0
42822,2차,1,주관식,1,1.0
42822,2차,1,T/F형,0,0.0
42822,2차,1,약술형,0,0.0
42822,2차,1,논술형,0,0.0
42822,2차,1,구술,0,0.0
42822,2차,1,기타,0,0.0
42822,기타,1,객관식,1,1.0
42822,기타,1,주관식,0,0.0
42822,기타,1,T/F형,1,1.0
42822,기타,1,약술형,1,1.0
42822,기타,1,논술형,0,0.0
42822,기타,1,구술,0,0.0
42822,기타,1,기타,0,0.0
42827,중간,38,객관식,6,0.157895
42827,중간,38,주관식,29,0.763158
42827,중간,38,T/F형,0,0.0
42827,중간,38,약술형,6,0.157895
42827,중간,38,논술형,8,0.210526
42827,중간,38,구술,0,0.0
42827,중간,38,기타,0,0.0
42827,기말,26,객관식,5,0.192308
42827,기말,26,주관식,16,0.615385
42827,기말,26,T/F형,0,0.0
42827,기말,26,약술형,5,0.192308
42827,기말,26,논술형,10,0.384615
42827,기말,26,구술,0,0.0
42827,기말,26,기타,0,0.0
42827,3차,1,객관식,0,0.0
42827,3차,1,주관식,0,0.0
42827,3차,1,T/F형,0,0.0
42827,3차,1,약술형,0,0.0
42827,3차,1,논술형,0,0.0
42827,3차,1,구술,0,0.0
42827,3차,1,기타,1,1.0
42843,중간,11,객관식,10,0.909091
42843,중간,11,주관식,9,0.818182
42843,중간,11,T/F형,1,0.090909
42843,중간,11,약술형,3,0.272727
42843,중간,11,논술형,0,0.0
42843,중간,11,구술,0,0.0
42843,중간,11,기타,0,0.0
42843,기말,5,객관식,4,0.8
42843,기말,5,주관식,3,0.6
42843,기말,5,T/F형,0,0.0
42843,기말,5,약술형,2,0.4
42843,기말,5,논술형,0,0.0
42843,기말,5,구술,0,0.0
42843,기말,5,기타,0,0.0
42843,1차,2,객관식,2,1.0
42843,1차,2,주관식,1,0.5
42843,1차,2,T/F형,0,0.0
42843,1차,2,약술형,1,0.5
42843,1차,2,논술형,0,0.0
42843,1차,2,구술,0,0.0
42843,1차,2,기타,0,0.0
42843,2차,2,객관식,2,1.0
42843,2차,2,주관식,2,1.0
42843,2차,2,T/F형,0,0.0
42843,2차,2,약술형,1,0.5
42843,2차,2,논술형,0,0.0
42843,2차,2,구술,0,0.0
42843,2차,2,기타,0,0.0
42843,3차,3,객관식,3,1.0
42843,3차,3,주관식,1,0.333333
42843,3차,3,T/F형,0,0.0
42843,3차,3,약술형,0,0.0
42843,3차,3,논술형,0,0.0
42843,3차,3,구술,0,0.0
42843,3차,3,기타,0,0.0
42844,중간,115,객관식,3,0.026087
42844,중간,115,주관식,42,0.365217
42844,중간,115,T/F형,0,0.0
42844,중간,115,약술형,43,0.373913
42844,중간,115,논술형,39,0.33913
42844,중간,115,구술,0,0.0
42844,중간,115,기타,2,0.017391
42844,기말,106,객관식,0,0.0
42844,기말,106,주관식,29,0.273585
42844,기말,106,T/F형,0,0.0
42844,기말,106,약술형,9,0.084906
42844,기말,106,논술형,82,0.773585
42844,기말,106,구술,0,0.0
42844,기말,106,기타,0,0.0
42846,중간,8,객관식,1,0.125
42846,중간,8,주관식,6,0.75
42846,중간,8,T/F형,3,0.375
42846,중간,8,약술형,4,0.5
42846,중간,8,논술형,4,0.5
42846,중간,8,구술,0,0.0
42846,중간,8,기타,0,0.0
42846,기말,6,객관식,0,0.0
42846,기말,6,주관식,5,0.833333
42846,기말,6,T/F형,3,0.5
42846,기말,6,약술형,4,0.666667
42846,기말,6,논술형,4,0.666667
42846,기말,6,구술,0,0.0
42846,기말,6,기타,0,0.0
42850,중간,1,객관식,1,1.0
42850,중간,1,주관식,1,1.0
42850,중간,1,T/F형,0,0.0
42850,중간,1,약술형,0,0.0
42850,중간,1,논술형,0,0.0
42850,중간,1,구술,0,0.0
42850,중간,1,기타,0,0.0
42850,2차,1,객관식,0,0.0
42850,2차,1,주관식,1,1.0
42850,2차,1,T/F형,0,0.0
42850,2차,1,약술형,0,0.0
42850,2차,1,논술형,0,0.0
42850,2차,1,구술,0,0.0
42850,2차,1,기타,0,0.0
42860,중간,1,객관식,0,0.0
42860,중간,1,주관식,0,0.0
42860,중간,1,T/F형,1,1.0
42860,중간,1,약술형,1,1.0
42860,중간,1,논술형,0,0.0
42860,중간,1,구술,0,0.0
42860,중간,1,기타,0,0.0
42880,중간,29,객관식,27,0.931034
42880,중간,29,주관식,0,0.0
42880,중간,29,T/F형,0,0.0
42880,중간,29,약술형,0,0.0
42880,중간,29,논술형,0,0.0
42880,중간,29,구술,0,0.0
42880,중간,29,기타,0,0.0
42880,기말,10,객관식,10,1.0
42880,기말,10,주관식,0,0.0
42880,기말,10,T/F형,0,0.0
42880,기말,10,약술형,0,0.0
42880,기말,10,논술형,0,0.0
42880,기말,10,구술,0,0.0
42880,기말,10,기타,0,0.0
42880,기타,1,객관식,1,1.0
42880,기타,1,주관식,0,0.0
42880,기타,1,T/F형,0,0.0
42880,기타,1,약술형,0,0.0
42880,기타,1,논술형,0,0.0
42880,기타,1,구술,0,0.0
42880,기타,1,기타,0,0.0
42884,중간,1,객관식,1,1.0
42884,중간,1,주관식,1,1.0
42884,중간,1,T/F형,0,0.0
42884,중간,1,약술형,0,0.0
42884,중간,1,논술형,0,0.0
42884,중간,1,구술,0,0.0
42884,중간,1,기타,0,0.0
42884,기말,19,객관식,18,0.947368
42884,기말,19,주관식,2,0.105263
42884,기말,19,T/F형,0,0.0
42884,기말,19,약술형,0,0.0
42884,기말,19,논술형,0,0.0
42884,기말,19,구술,0,0.0
42884,기말,19,기타,0,0.0
42887,중간,20,객관식,19,0.95
42887,중간,20,주관식,18,0.9
42887,중간,20,T/F형,2,0.1
42887,중간,20,약술형,4,0.2
42887,중간,20,논술형,1,0.05
42887,중간,20,구술,0,0.0
42887,중간,20,기타,0,0.0
42887,기말,10,객관식,7,0.7
42887,기말,10,주관식,4,0.4
42887,기말,10,T/F형,3,0.3
42887,기말,10,약술형,2,0.2
42887,기말,10,논술형,1,0.1
42887,기말,10,구술,0,0.0
42887,기말,10,기타,0,0.0
42887,1차,5,객관식,0,0.0
42887,1차,5,주관식,3,0.6
42887,1차,5,T/F형,0,0.0
42887,1차,5,약술형,1,0.2
42887,1차,5,논술형,4,0.8
42887,1차,5,구술,0,0.0
42887,1차,5,기타,0,0.0
42893,기말,2,객관식,2,1.0
42893,기말,2,주관식,0,0.0
42893,기말,2,T/F형,0,0.0
42893,기말,2,약술형,0,0.0
42893,기말,2,논술형,0,0.0
42893,기말,2,구술,0,0.0
42893,기말,2,기타,0,0.0
42894,중간,19,객관식,17,0.894737
42894,중간,19,주관식,0,0.0
42894,중간,19,T/F형,10,0.526316
42894,중간,19,약술형,0,0.0
42894,중간,19,논술형,0,0.0
42894,중간,19,구술,0,0.0
42894,중간,19,기타,1,0.052632
42894,기말,10,객관식,10,1.0
42894,기말,10,주관식,0,0.0
42894,기말,10,T/F형,7,0.7
42894,기말,10,약술형,0,0.0
42894,기말,10,논술형,0,0.0
42894,기말,10,구술,0,0.0
42894,기말,10,기타,0,0.0
42911,중간,46,객관식,44,0.956522
42911,중간,46,주관식,44,0.956522
42911,중간,46,T/F형,2,0.043478
42911,중간,46,약술형,16,0.347826
42911,중간,46,논술형,2,0.043478
42911,중간,46,구술,0,0.0
42911,중간,46,기타,1,0.021739
42911,기말,36,객관식,36,1.0
42911,기말,36,주관식,31,0.861111
42911,기말,36,T/F형,1,0.027778
42911,기말,36,약술형,23,0.638889
42911,기말,36,논술형,1,0.027778
42911,기말,36,구술,0,0.0
42911,기말,36,기타,1,0.027778
42918,중간,7,객관식,4,0.571429
42918,중간,7,주관식,2,0.285714
42918,중간,7,T/F형,3,0.428571
42918,중간,7,약술형,0,0.0
42918,중간,7,논술형,2,0.285714
42918,중간,7,구술,0,0.0
42918,중간,7,기타,2,0.285714
42918,기말,40,객관식,35,0.875
42918,기말,40,주관식,4,0.1
42918,기말,40,T/F형,16,0.4
42918,기말,40,약술형,0,0.0
42918,기말,40,논술형,0,0.0
42918,기말,40,구술,0,0.0
42918,기말,40,기타,0,0.0
42918,1차,11,객관식,8,0.727273
42918,1차,11,주관식,1,0.090909
42918,1차,11,T/F형,3,0.272727
42918,1차,11,약술형,0,0.0
42918,1차,11,논술형,0,0.0
42918,1차,11,구술,0,0.0
42918,1차,11,기타,0,0.0
42918,2차,6,객관식,4,0.666667
42918,2차,6,주관식,0,0.0
42918,2차,6,T/F형,3,0.5
42918,2차,6,약술형,0,0.0
42918,2차,6,논술형,0,0.0
42918,2차,6,구술,0,0.0
42918,2차,6,기타,0,0.0
42918,3차,5,객관식,2,0.4
42918,3차,5,주관식,0,0.0
42918,3차,5,T/F형,3,0.6
42918,3차,5,약술형,0,0.0
42918,3차,5,논술형,0,0.0
42918,3차,5,구술,0,0.0
42918,3차,5,기타,0,0.0
42918,4차,4,객관식,1,0.25
42918,4차,4,주관식,0,0.0
42918,4차,4,T/F형,2,0.5
42918,4차,4,약술형,0,0.0
42918,4차,4,논술형,0,0.0
42918,4차,4,구술,0,0.0
42918,4차,4,기타,0,0.0
42946,중간,5,객관식,5,1.0
42946,중간,5,주관식,4,0.8
42946,중간,5,T/F형,1,0.2
42946,중간,5,약술형,3,0.6
42946,중간,5,논술형,3,0.6
42946,중간,5,구술,0,0.0
42946,중간,5,기타,0,0.0
42946,기말,5,객관식,0,0.0
42946,기말,5,주관식,3,0.6
42946,기말,5,T/F형,1,0.2
42946,기말,5,약술형,3,0.6
42946,기말,5,논술형,1,0.2
42946,기말,5,구술,0,0.0
42946,기말,5,기타,0,0.0
42947,중간,4,객관식,3,0.75
42947,중간,4,주관식,4,1.0
42947,중간,4,T/F형,2,0.5
42947,중간,4,약술형,2,0.5
42947,중간,4,논술형,3,0.75
42947,중간,4,구술,0,0.0
42947,중간,4,기타,0,0.0
42947,기말,1,객관식,1,1.0
42947,기말,1,주관식,1,1.0
42947,기말,1,T/F형,0,0.0
42947,기말,1,약술형,1,1.0
42947,기말,1,논술형,0,0.0
42947,기말,1,구술,0,0.0
42947,기말,1,기타,0,0.0
42965,기말,4,객관식,0,0.0
42965,기말,4,주관식,2,0.5
42965,기말,4,T/F형,0,0.0
42965,기말,4,약술형,1,0.25
42965,기말,4,논술형,3,0.75
42965,기말,4,구술,0,0.0
42965,기말,4,기타,0,0.0
42965,1차,10,객관식,1,0.1
42965,1차,10,주관식,9,0.9
42965,1차,10,T/F형,0,0.0
42965,1차,10,약술형,1,0.1
42965,1차,10,논술형,1,0.1
42965,1차,10,구술,0,0.0
42965,1차,10,기타,0,0.0
42965,2차,4,객관식,0,0.0
42965,2차,4,주관식,3,0.75
42965,2차,4,T/F형,0,0.0
42965,2차,4,약술형,2,0.5
42965,2차,4,논술형,2,0.5
42965,2차,4,구술,0,0.0
42965,2차,4,기타,0,0.0
42965,3차,2,객관식,0,0.0
42965,3차,2,주관식,2,1.0
42965,3차,2,T/F형,0,0.0
42965,3차,2,약술형,0,0.0
42965,3차,2,논술형,0,0.0
42965,3차,2,구술,0,0.0
42965,3차,2,기타,0,0.0
42966,중간,12,객관식,1,0.083333
42966,중간,12,주관식,10,0.833333
42966,중간,12,T/F형,0,0.0
42966,중간,12,약술형,1,0.083333
42966,중간,12,논술형,2,0.166667
42966,중간,12,구술,0,0.0
42966,중간,12,기타,0,0.0
42966,기말,8,객관식,0,0.0
42966,기말,8,주관식,7,0.875
42966,기말,8,T/F형,0,0.0
42966,기말,8,약술형,2,0.25
42966,기말,8,논술형,1,0.125
42966,기말,8,구술,0,0.0
42966,기말,8,기타,0,0.0
42966,2차,1,객관식,0,0.0
42966,2차,1,주관식,1,1.0
42966,2차,1,T/F형,0,0.0
42966,2차,1,약술형,0,0.0
42966,2차,1,논술형,0,0.0
42966,2차,1,구술,0,0.0
42966,2차,1,기타,0,0.0
42978,중간,1,객관식,0,0.0
42978,중간,1,주관식,0,0.0
42978,중간,1,T/F형,0,0.0
42978,중간,1,약술형,0,0.0
42978,중간,1,논술형,1,1.0
42978,중간,1,구술,0,0.0
42978,중간,1,기타,0,0.0
42978,기말,2,객관식,0,0.0
42978,기말,2,주관식,0,0.0
42978,기말,2,T/F형,0,0.0
42978,기말,2,약술형,0,0.0
42978,기말,2,논술형,2,1.0
42978,기말,2,구술,0,0.0
42978,기말,2,기타,0,0.0
42980,중간,3,객관식,1,0.333333
42980,중간,3,주관식,0,0.0
42980,중간,3,T/F형,0,0.0
42980,중간,3,약술형,0,0.0
42980,중간,3,논술형,2,0.666667
42980,중간,3,구술,0,0.0
42980,중간,3,기타,0,0.0
42997,기말,1,객관식,0,0.0
42997,기말,1,주관식,0,0.0
42997,기말,1,T/F형,0,0.0
42997,기말,1,약술형,0,0.0
42997,기말,1,논술형,1,1.0
42997,기말,1,구술,0,0.0
42997,기말,1,기타,0,0.0
43000,중간,6,객관식,0,0.0
43000,중간,6,주관식,2,0.333333
43000,중간,6,T/F형,0,0.0
43000,중간,6,약술형,0,0.0
43000,중간,6,논술형,4,0.666667
43000,중간,6,구술,0,0.0
43000,중간,6,기타,0,0.0
43023,중간,6,객관식,1,0.166667
43023,중간,6,주관식,3,0.5
43023,중간,6,T/F형,5,0.833333
43023,중간,6,약술형,2,0.333333
43023,중간,6,논술형,2,0.333333
43023,중간,6,구술,0,0.0
43023,중간,6,기타,0,0.0
43023,기말,3,객관식,0,0.0
43023,기말,3,주관식,1,0.333333
43023,기말,3,T/F형,2,0.666667
43023,기말,3,약술형,0,0.0
43023,기말,3,논술형,2,0.666667
43023,기말,3,구술,0,0.0
43023,기말,3,기타,0,0.0
43026,중간,5,객관식,0,0.0
43026,중간,5,주관식,3,0.6
43026,중간,5,T/F형,0,0.0
43026,중간,5,약술형,1,0.2
43026,중간,5,논술형,4,0.8
43026,중간,5,구술,0,0.0
43026,중간,5,기타,0,0.0
43026,기말,5,객관식,0,0.0
43026,기말,5,주관식,3,0.6
43026,기말,5,T/F형,0,0.0
43026,기말,5,약술형,0,0.0
43026,기말,5,논술형,1,0.2
43026,기말,5,구술,0,0.0
43026,기말,5,기타,0,0.0
43060,중간,3,객관식,1,0.333333
43060,중간,3,주관식,3,1.0
43060,중간,3,T/F형,0,0.0
43060,중간,3,약술형,1,0.333333
43060,중간,3,논술형,0,0.0
43060,중간,3,구술,0,0.0
43060,중간,3,기타,0,0.0
43063,중간,13,객관식,0,0.0
43063,중간,13,주관식,13,1.0
43063,중간,13,T/F형,0,0.0
43063,중간,13,약술형,5,0.384615
43063,중간,13,논술형,7,0.538462
43063,중간,13,구술,0,0.0
43063,중간,13,기타,0,0.0
43063,기말,1,객관식,0,0.0
43063,기말,1,주관식,1,1.0
43063,기말,1,T/F형,0,0.0
43063,기말,1,약술형,1,1.0
43063,기말,1,논술형,1,1.0
43063,기말,1,구술,0,0.0
43063,기말,1,기타,0,0.0
43073,중간,1,객관식,1,1.0
43073,중간,1,주관식,1,1.0
43073,중간,1,T/F형,0,0.0
43073,중간,1,약술형,1,1.0
43073,중간,1,논술형,0,0.0
43073,중간,1,구술,0,0.0
43073,중간,1,기타,0,0.0
43073,기말,1,객관식,1,1.0
43073,기말,1,주관식,1,1.0
43073,기말,1,T/F형,0,0.0
43073,기말,1,약술형,1,1.0
43073,기말,1,논술형,0,0.0
43073,기말,1,구술,0,0.0
43073,기말,1,기타,0,0.0
43086,중간,8,객관식,0,0.0
43086,중간,8,주관식,6,0.75
43086,중간,8,T/F형,5,0.625
43086,중간,8,약술형,5,0.625
43086,중간,8,논술형,5,0.625
43086,중간,8,구술,0,0.0
43086,중간,8,기타,0,0.0
43086,기말,4,객관식,0,0.0
43086,기말,4,주관식,3,0.75
43086,기말,4,T/F형,2,0.5
43086,기말,4,약술형,4,1.0
43086,기말,4,논술형,3,0.75
43086,기말,4,구술,0,0.0
43086,기말,4,기타,0,0.0
43089,중간,12,객관식,1,0.083333
43089,중간,12,주관식,8,0.666667
43089,중간,12,T/F형,0,0.0
43089,중간,12,약술형,6,0.5
43089,중간,12,논술형,8,0.666667
43089,중간,12,구술,0,0.0
43089,중간,12,기타,0,0.0
43089,기말,10,객관식,0,0.0
43089,기말,10,주관식,9,0.9
43089,기말,10,T/F형,0,0.0
43089,기말,10,약술형,4,0.4
43089,기말,10,논술형,5,0.5
43089,기말,10,구술,1,0.1
43089,기말,10,기타,1,0.1
43091,중간,6,객관식,4,0.666667
43091,중간,6,주관식,2,0.333333
43091,중간,6,T/F형,0,0.0
43091,중간,6,약술형,2,0.333333
43091,중간,6,논술형,1,0.166667
43091,중간,6,구술,1,0.166667
43091,중간,6,기타,1,0.166667
43091,기말,1,객관식,1,1.0
43091,기말,1,주관식,0,0.0
43091,기말,1,T/F형,0,0.0
43091,기말,1,약술형,0,0.0
43091,기말,1,논술형,1,1.0
43091,기말,1,구술,0,0.0
43091,기말,1,기타,0,0.0
43095,기말,15,객관식,0,0.0
43095,기말,15,주관식,8,0.533333
43095,기말,15,T/F형,0,0.0
43095,기말,15,약술형,6,0.4
43095,기말,15,논술형,7,0.466667
43095,기말,15,구술,0,0.0
43095,기말,15,기타,1,0.066667
43095,기타,1,객관식,0,0.0
43095,기타,1,주관식,1,1.0
43095,기타,1,T/F형,0,0.0
43095,기타,1,약술형,0,0.0
43095,기타,1,논술형,0,0.0
43095,기타,1,구술,0,0.0
43095,기타,1,기타,0,0.0
43097,중간,6,객관식,3,0.5
43097,중간,6,주관식,3,0.5
43097,중간,6,T/F형,0,0.0
43097,중간,6,약술형,2,0.333333
43097,중간,6,논술형,1,0.166667
43097,중간,6,구술,0,0.0
43097,중간,6,기타,1,0.166667
43097,기말,2,객관식,0,0.0
43097,기말,2,주관식,1,0.5
43097,기말,2,T/F형,0,0.0
43097,기말,2,약술형,1,0.5
43097,기말,2,논술형,0,0.0
43097,기말,2,구술,0,0.0
43097,기말,2,기타,0,0.0
43099,기말,5,객관식,5,1.0
43099,기말,5,주관식,5,1.0
43099,기말,5,T/F형,0,0.0
43099,기말,5,약술형,1,0.2
43099,기말,5,논술형,4,0.8
43099,기말,5,구술,0,0.0
43099,기말,5,기타,0,0.0
43158,기말,4,객관식,4,1.0
43158,기말,4,주관식,0,0.0
43158,기말,4,T/F형,1,0.25
43158,기말,4,약술형,0,0.0
43158,기말,4,논술형,0,0.0
43158,기말,4,구술,0,0.0
43158,기말,4,기타,0,0.0
43412,중간,3,객관식,0,0.0
43412,중간,3,주관식,3,1.0
43412,중간,3,T/F형,0,0.0
43412,중간,3,약술형,0,0.0
43412,중간,3,논술형,1,0.333333
43412,중간,3,구술,0,0.0
43412,중간,3,기타,0,0.0
43412,기말,4,객관식,0,0.0
43412,기말,4,주관식,3,0.75
43412,기말,4,T/F형,0,0.0
43412,기말,4,약술형,1,0.25
43412,기말,4,논술형,2,0.5
43412,기말,4,구술,0,0.0
43412,기말,4,기타,0,0.0
43431,기말,3,객관식,1,0.333333
43431,기말,3,주관식,2,0.666667
43431,기말,3,T/F형,0,0.0
43431,기말,3,약술형,1,0.333333
43431,기말,3,논술형,2,0.666667
43431,기말,3,구술,0,0.0
43431,기말,3,기타,0,0.0
43437,중간,3,객관식,2,0.666667
43437,중간,3,주관식,3,1.0
43437,중간,3,T/F형,0,0.0
43437,중간,3,약술형,0,0.0
43437,중간,3,논술형,1,0.333333
43437,중간,3,구술,0,0.0
43437,중간,3,기타,0,0.0
43437,기말,2,객관식,0,0.0
43437,기말,2,주관식,2,1.0
43437,기말,2,T/F형,0,0.0
43437,기말,2,약술형,0,0.0
43437,기말,2,논술형,0,0.0
43437,기말,2,구술,0,0.0
43437,기말,2,기타,0,0.0
43445,중간,1,객관식,0,0.0
43445,중간,1,주관식,1,1.0
43445,중간,1,T/F형,0,0.0
43445,중간,1,약술형,0,0.0
43445,중간,1,논술형,0,0.0
43445,중간,1,구술,0,0.0
43445,중간,1,기타,0,0.0
43466,중간,8,객관식,0,0.0
43466,중간,8,주관식,1,0.125
43466,중간,8,T/F형,0,0.0
43466,중간,8,약술형,0,0.0
43466,중간,8,논술형,0,0.0
43466,중간,8,구술,0,0.0
43466,중간,8,기타,7,0.875
43466,기말,9,객관식,0,0.0
43466,기말,9,주관식,1,0.111111
43466,기말,9,T/F형,0,0.0
43466,기말,9,약술형,0,0.0
43466,기말,9,논술형,0,0.0
43466,기말,9,구술,0,0.0
43466,기말,9,기타,5,0.555556
43510,중간,2,객관식,1,0.5
43510,중간,2,주관식,2,1.0
43510,중간,2,T/F형,0,0.0
43510,중간,2,약술형,0,0.0
43510,중간,2,논술형,0,0.0
43510,중간,2,구술,0,0.0
43510,중간,2,기타,0,0.0
43510,기말,1,객관식,0,0.0
43510,기말,1,주관식,1,1.0
43510,기말,1,T/F형,0,0.0
43510,기말,1,약술형,0,0.0
43510,기말,1,논술형,0,0.0
43510,기말,1,구술,0,0.0
43510,기말,1,기타,0,0.0
43584,중간,8,객관식,4,0.5
43584,중간,8,주관식,8,1.0
43584,중간,8,T/F형,1,0.125
43584,중간,8,약술형,2,0.25
43584,중간,8,논술형,3,0.375
43584,중간,8,구술,0,0.0
43584,중간,8,기타,0,0.0
43584,기말,1,객관식,0,0.0
43584,기말,1,주관식,0,0.0
43584,기말,1,T/F형,0,0.0
43584,기말,1,약술형,0,0.0
43584,기말,1,논술형,0,0.0
43584,기말,1,구술,0,0.0
43584,기말,1,기타,0,0.0
43617,중간,4,객관식,0,0.0
43617,중간,4,주관식,2,0.5
43617,중간,4,T/F형,0,0.0
43617,중간,4,약술형,0,0.0
43617,중간,4,논술형,3,0.75
43617,중간,4,구술,0,0.0
43617,중간,4,기타,1,0.25
43617,기말,2,객관식,0,0.0
43617,기말,2,주관식,2,1.0
43617,기말,2,T/F형,0,0.0
43617,기말,2,약술형,0,0.0
43617,기말,2,논술형,0,0.0
43617,기말,2,구술,0,0.0
43617,기말,2,기타,0,0.0
43652,중간,9,객관식,8,0.888889
43652,중간,9,주관식,5,0.555556
43652,중간,9,T/F형,3,0.333333
43652,중간,9,약술형,3,0.333333
43652,중간,9,논술형,0,0.0
43652,중간,9,구술,0,0.0
43652,중간,9,기타,0,0.0
43652,기말,46,객관식,32,0.695652
43652,기말,46,주관식,33,0.717391
43652,기말,46,T/F형,17,0.369565
43652,기말,46,약술형,30,0.652174
43652,기말,46,논술형,5,0.108696
43652,기말,46,구술,0,0.0
43652,기말,46,기타,0,0.0
43652,기타,1,객관식,0,0.0
43652,기타,1,주관식,0,0.0
43652,기타,1,T/F형,0,0.0
43652,기타,1,약술형,0,0.0
43652,기타,1,논술형,0,0.0
43652,기타,1,구술,1,1.0
43652,기타,1,기타,0,0.0
43653,중간,2,객관식,0,0.0
43653,중간,2,주관식,1,0.5
43653,중간,2,T/F형,0,0.0
43653,중간,2,약술형,0,0.0
43653,중간,2,논술형,1,0.5
43653,중간,2,구술,0,0.0
43653,중간,2,기타,0,0.0
43653,기말,59,객관식,0,0.0
43653,기말,59,주관식,19,0.322034
43653,기말,59,T/F형,0,0.0
43653,기말,59,약술형,6,0.101695
43653,기말,59,논술형,40,0.677966
43653,기말,59,구술,0,0.0
43653,기말,59,기타,0,0.0
43653,2차,1,객관식,0,0.0
43653,2차,1,주관식,1,1.0
43653,2차,1,T/F형,0,0.0
43653,2차,1,약술형,0,0.0
43653,2차,1,논술형,0,0.0
43653,2차,1,구술,0,0.0
43653,2차,1,기타,0,0.0
43657,중간,92,객관식,24,0.26087
43657,중간,92,주관식,77,0.836957
43657,중간,92,T/F형,13,0.141304
43657,중간,92,약술형,23,0.25
43657,중간,92,논술형,13,0.141304
43657,중간,92,구술,0,0.0
43657,중간,92,기타,2,0.021739
43657,기말,2,객관식,0,0.0
43657,기말,2,주관식,2,1.0
43657,기말,2,T/F형,1,0.5
43657,기말,2,약술형,0,0.0
43657,기말,2,논술형,0,0.0
43657,기말,2,구술,0,0.0
43657,기말,2,기타,0,0.0
43659,중간,3,객관식,0,0.0
43659,중간,3,주관식,0,0.0
43659,중간,3,T/F형,0,0.0
43659,중간,3,약술형,0,0.0
43659,중간,3,논술형,2,0.666667
43659,중간,3,구술,0,0.0
43659,중간,3,기타,1,0.333333
43659,기말,4,객관식,0,0.0
43659,기말,4,주관식,1,0.25
43659,기말,4,T/F형,0,0.0
43659,기말,4,약술형,0,0.0
43659,기말,4,논술형,4,1.0
43659,기말,4,구술,0,0.0
43659,기말,4,기타,0,0.0
43659,1차,1,객관식,0,0.0
43659,1차,1,주관식,0,0.0
43659,1차,1,T/F형,0,0.0
43659,1차,1,약술형,0,0.0
43659,1차,1,논술형,1,1.0
43659,1차,1,구술,0,0.0
43659,1차,1,기타,0,0.0
43659,기타,7,객관식,1,0.142857
43659,기타,7,주관식,0,0.0
43659,기타,7,T/F형,0,0.0
43659,기타,7,약술형,1,0.142857
43659,기타,7,논술형,5,0.714286
43659,기타,7,구술,0,0.0
43659,기타,7,기타,1,0.142857
43661,중간,15,객관식,0,0.0
43661,중간,15,주관식,0,0.0
43661,중간,15,T/F형,1,0.066667
43661,중간,15,약술형,1,0.066667
43661,중간,15,논술형,10,0.666667
43661,중간,15,구술,0,0.0
43661,중간,15,기타,4,0.266667
43661,기말,9,객관식,0,0.0
43661,기말,9,주관식,0,0.0
43661,기말,9,T/F형,0,0.0
43661,기말,9,약술형,0,0.0
43661,기말,9,논술형,9,1.0
43661,기말,9,구술,0,0.0
43661,기말,9,기타,0,0.0
43661,기타,1,객관식,0,0.0
43661,기타,1,주관식,0,0.0
43661,기타,1,T/F형,0,0.0
43661,기타,1,약술형,0,0.0
43661,기타,1,논술형,0,0.0
43661,기타,1,구술,0,0.0
43661,기타,1,기타,0,0.0
43662,기말,3,객관식,0,0.0
43662,기말,3,주관식,1,0.333333
43662,기말,3,T/F형,0,0.0
43662,기말,3,약술형,0,0.0
43662,기말,3,논술형,1,0.333333
43662,기말,3,구술,0,0.0
43662,기말,3,기타,1,0.333333
43662,1차,1,객관식,0,0.0
43662,1차,1,주관식,0,0.0
43662,1차,1,T/F형,0,0.0
43662,1차,1,약술형,0,0.0
43662,1차,1,논술형,0,0.0
43662,1차,1,구술,0,0.0
43662,1차,1,기타,1,1.0
43666,기말,4,객관식,0,0.0
43666,기말,4,주관식,0,0.0
43666,기말,4,T/F형,0,0.0
43666,기말,4,약술형,0,0.0
43666,기말,4,논술형,3,0.75
43666,기말,4,구술,0,0.0
43666,기말,4,기타,0,0.0
43666,기타,6,객관식,0,0.0
43666,기타,6,주관식,0,0.0
43666,기타,6,T/F형,0,0.0
43666,기타,6,약술형,1,0.166667
43666,기타,6,논술형,2,0.333333
43666,기타,6,구술,0,0.0
43666,기타,6,기타,2,0.333333
43667,중간,28,객관식,26,0.928571
43667,중간,28,주관식,22,0.785714
43667,중간,28,T/F형,1,0.035714
43667,중간,28,약술형,5,0.178571
43667,중간,28,논술형,2,0.071429
43667,중간,28,구술,0,0.0
43667,중간,28,기타,0,0.0
43667,기말,8,객관식,8,1.0
43667,기말,8,주관식,2,0.25
43667,기말,8,T/F형,0,0.0
43667,기말,8,약술형,0,0.0
43667,기말,8,논술형,0,0.0
43667,기말,8,구술,0,0.0
43667,기말,8,기타,0,0.0
43685,중간,27,객관식,18,0.666667
43685,중간,27,주관식,15,0.555556
43685,중간,27,T/F형,14,0.518519
43685,중간,27,약술형,1,0.037037
43685,중간,27,논술형,1,0.037037
43685,중간,27,구술,0,0.0
43685,중간,27,기타,3,0.111111
43685,기말,3,객관식,2,0.666667
43685,기말,3,주관식,0,0.0
43685,기말,3,T/F형,2,0.666667
43685,기말,3,약술형,0,0.0
43685,기말,3,논술형,2,0.666667
43685,기말,3,구술,0,0.0
43685,기말,3,기타,0,0.0
43685,기타,3,객관식,2,0.666667
43685,기타,3,주관식,2,0.666667
43685,기타,3,T/F형,3,1.0
43685,기타,3,약술형,2,0.666667
43685,기타,3,논술형,0,0.0
43685,기타,3,구술,0,0.0
43685,기타,3,기타,0,0.0
43694,중간,43,객관식,30,0.697674
43694,중간,43,주관식,40,0.930233
43694,중간,43,T/F형,2,0.046512
43694,중간,43,약술형,4,0.093023
43694,중간,43,논술형,1,0.023256
43694,중간,43,구술,0,0.0
43694,중간,43,기타,3,0.069767
43694,기말,20,객관식,14,0.7
43694,기말,20,주관식,18,0.9
43694,기말,20,T/F형,3,0.15
43694,기말,20,약술형,4,0.2
43694,기말,20,논술형,3,0.15
43694,기말,20,구술,0,0.0
43694,기말,20,기타,2,0.1
43694,1차,1,객관식,1,1.0
43694,1차,1,주관식,1,1.0
43694,1차,1,T/F형,0,0.0
43694,1차,1,약술형,0,0.0
43694,1차,1,논술형,0,0.0
43694,1차,1,구술,0,0.0
43694,1차,1,기타,0,0.0
43694,2차,1,객관식,0,0.0
43694,2차,1,주관식,1,1.0
43694,2차,1,T/F형,0,0.0
43694,2차,1,약술형,0,0.0
43694,2차,1,논술형,0,0.0
43694,2차,1,구술,0,0.0
43694,2차,1,기타,0,0.0
43694,기타,1,객관식,0,0.0
43694,기타,1,주관식,0,0.0
43694,기타,1,T/F형,0,0.0
43694,기타,1,약술형,0,0.0
43694,기타,1,논술형,1,1.0
43694,기타,1,구술,0,0.0
43694,기타,1,기타,0,0.0
43695,중간,22,객관식,18,0.818182
43695,중간,22,주관식,9,0.409091
43695,중간,22,T/F형,3,0.136364
43695,중간,22,약술형,0,0.0
43695,중간,22,논술형,7,0.318182
43695,중간,22,구술,0,0.0
43695,중간,22,기타,0,0.0
43695,기말,9,객관식,1,0.111111
43695,기말,9,주관식,0,0.0
43695,기말,9,T/F형,0,0.0
43695,기말,9,약술형,0,0.0
43695,기말,9,논술형,8,0.888889
43695,기말,9,구술,0,0.0
43695,기말,9,기타,0,0.0
43695,1차,8,객관식,8,1.0
43695,1차,8,주관식,1,0.125
43695,1차,8,T/F형,0,0.0
43695,1차,8,약술형,1,0.125
43695,1차,8,논술형,2,0.25
43695,1차,8,구술,0,0.0
43695,1차,8,기타,0,0.0
43695,기타,1,객관식,0,0.0
43695,기타,1,주관식,0,0.0
43695,기타,1,T/F형,0,0.0
43695,기타,1,약술형,0,0.0
43695,기타,1,논술형,0,0.0
43695,기타,1,구술,0,0.0
43695,기타,1,기타,1,1.0
43697,중간,20,객관식,4,0.2
43697,중간,20,주관식,13,0.65
43697,중간,20,T/F형,3,0.15
43697,중간,20,약술형,1,0.05
43697,중간,20,논술형,1,0.05
43697,중간,20,구술,0,0.0
43697,중간,20,기타,8,0.4
43697,기말,1,객관식,0,0.0
43697,기말,1,주관식,0,0.0
43697,기말,1,T/F형,0,0.0
43697,기말,1,약술형,0,0.0
43697,기말,1,논술형,1,1.0
43697,기말,1,구술,0,0.0
43697,기말,1,기타,0,0.0
43697,1차,6,객관식,1,0.166667
43697,1차,6,주관식,4,0.666667
43697,1차,6,T/F형,1,0.166667
43697,1차,6,약술형,0,0.0
43697,1차,6,논술형,2,0.333333
43697,1차,6,구술,0,0.0
43697,1차,6,기타,1,0.166667
43697,2차,2,객관식,0,0.0
43697,2차,2,주관식,0,0.0
43697,2차,2,T/F형,0,0.0
43697,2차,2,약술형,0,0.0
43697,2차,2,논술형,1,0.5
43697,2차,2,구술,0,0.0
43697,2차,2,기타,1,0.5
43697,4차,1,객관식,0,0.0
43697,4차,1,주관식,1,1.0
43697,4차,1,T/F형,0,0.0
43697,4차,1,약술형,0,0.0
43697,4차,1,논술형,0,0.0
43697,4차,1,구술,0,0.0
43697,4차,1,기타,0,0.0
43697,기타,3,객관식,0,0.0
43697,기타,3,주관식,1,0.333333
43697,기타,3,T/F형,0,0.0
43697,기타,3,약술형,0,0.0
43697,기타,3,논술형,0,0.0
43697,기타,3,구술,0,0.0
43697,기타,3,기타,0,0.0
43698,중간,17,객관식,10,0.588235
43698,중간,17,주관식,12,0.705882
43698,중간,17,T/F형,0,0.0
43698,중간,17,약술형,2,0.117647
43698,중간,17,논술형,1,0.058824
43698,중간,17,구술,0,0.0
43698,중간,17,기타,0,0.0
43698,기말,1,객관식,1,1.0
43698,기말,1,주관식,0,0.0
43698,기말,1,T/F형,0,0.0
43698,기말,1,약술형,0,0.0
43698,기말,1,논술형,0,0.0
43698,기말,1,구술,0,0.0
43698,기말,1,기타,0,0.0
43698,1차,6,객관식,5,0.833333
43698,1차,6,주관식,5,0.833333
43698,1차,6,T/F형,0,0.0
43698,1차,6,약술형,1,0.166667
43698,1차,6,논술형,0,0.0
43698,1차,6,구술,0,0.0
43698,1차,6,기타,1,0.166667
43698,기타,4,객관식,3,0.75
43698,기타,4,주관식,3,0.75
43698,기타,4,T/F형,0,0.0
43698,기타,4,약술형,1,0.25
43698,기타,4,논술형,0,0.0
43698,기타,4,구술,0,0.0
43698,기타,4,기타,1,0.25
43712,중간,2,객관식,0,0.0
43712,중간,2,주관식,0,0.0
43712,중간,2,T/F형,0,0.0
43712,중간,2,약술형,0,0.0
43712,중간,2,논술형,0,0.0
43712,중간,2,구술,0,0.0
43712,중간,2,기타,2,1.0
43712,기말,3,객관식,0,0.0
43712,기말,3,주관식,1,0.333333
43712,기말,3,T/F형,0,0.0
43712,기말,3,약술형,0,0.0
43712,기말,3,논술형,1,0.333333
43712,기말,3,구술,1,0.333333
43712,기말,3,기타,0,0.0
43713,중간,30,객관식,3,0.1
43713,중간,30,주관식,22,0.733333
43713,중간,30,T/F형,0,0.0
43713,중간,30,약술형,10,0.333333
43713,중간,30,논술형,10,0.333333
43713,중간,30,구술,2,0.066667
43713,중간,30,기타,0,0.0
43713,기말,11,객관식,2,0.181818
43713,기말,11,주관식,8,0.727273
43713,기말,11,T/F형,0,0.0
43713,기말,11,약술형,0,0.0
43713,기말,11,논술형,2,0.181818
43713,기말,11,구술,0,0.0
43713,기말,11,기타,0,0.0
43720,중간,13,객관식,1,0.076923
43720,중간,13,주관식,5,0.384615
43720,중간,13,T/F형,0,0.0
43720,중간,13,약술형,3,0.230769
43720,중간,13,논술형,7,0.538462
43720,중간,13,구술,0,0.0
43720,중간,13,기타,0,0.0
43720,기말,6,객관식,0,0.0
43720,기말,6,주관식,1,0.166667
43720,기말,6,T/F형,0,0.0
43720,기말,6,약술형,1,0.166667
43720,기말,6,논술형,4,0.666667
43720,기말,6,구술,0,0.0
43720,기말,6,기타,0,0.0
43732,중간,2,객관식,0,0.0
43732,중간,2,주관식,2,1.0
43732,중간,2,T/F형,0,0.0
43732,중간,2,약술형,0,0.0
43732,중간,2,논술형,0,0.0
43732,중간,2,구술,0,0.0
43732,중간,2,기타,0,0.0
43743,중간,6,객관식,2,0.333333
43743,중간,6,주관식,6,1.0
43743,중간,6,T/F형,0,0.0
43743,중간,6,약술형,1,0.166667
43743,중간,6,논술형,0,0.0
43743,중간,6,구술,0,0.0
43743,중간,6,기타,0,0.0
43743,기말,2,객관식,1,0.5
43743,기말,2,주관식,2,1.0
43743,기말,2,T/F형,0,0.0
43743,기말,2,약술형,0,0.0
43743,기말,2,논술형,0,0.0
43743,기말,2,구술,0,0.0
43743,기말,2,기타,0,0.0
43756,중간,4,객관식,1,0.25
43756,중간,4,주관식,2,0.5
43756,중간,4,T/F형,0,0.0
43756,중간,4,약술형,0,0.0
43756,중간,4,논술형,0,0.0
43756,중간,4,구술,0,0.0
43756,중간,4,기타,1,0.25
43760,중간,15,객관식,4,0.266667
43760,중간,15,주관식,14,0.933333
43760,중간,15,T/F형,0,0.0
43760,중간,15,약술형,1,0.066667
43760,중간,15,논술형,0,0.0
43760,중간,15,구술,0,0.0
43760,중간,15,기타,1,0.066667
43760,기말,9,객관식,2,0.222222
43760,기말,9,주관식,8,0.888889
43760,기말,9,T/F형,0,0.0
43760,기말,9,약술형,3,0.333333
43760,기말,9,논술형,0,0.0
43760,기말,9,구술,0,0.0
43760,기말,9,기타,0,0.0
43760,1차,1,객관식,1,1.0
43760,1차,1,주관식,1,1.0
43760,1차,1,T/F형,1,1.0
43760,1차,1,약술형,0,0.0
43760,1차,1,논술형,0,0.0
43760,1차,1,구술,0,0.0
43760,1차,1,기타,0,0.0
43760,2차,1,객관식,1,1.0
43760,2차,1,주관식,1,1.0
43760,2차,1,T/F형,0,0.0
43760,2차,1,약술형,0,0.0
43760,2차,1,논술형,0,0.0
43760,2차,1,구술,0,0.0
43760,2차,1,기타,0,0.0
43780,중간,21,객관식,19,0.904762
43780,중간,21,주관식,18,0.857143
43780,중간,21,T/F형,0,0.0
43780,중간,21,약술형,5,0.238095
43780,중간,21,논술형,4,0.190476
43780,중간,21,구술,0,0.0
43780,중간,21,기타,0,0.0
43780,기말,5,객관식,4,0.8
43780,기말,5,주관식,5,1.0
43780,기말,5,T/F형,0,0.0
43780,기말,5,약술형,2,0.4
43780,기말,5,논술형,0,0.0
43780,기말,5,구술,0,0.0
43780,기말,5,기타,0,0.0
43780,1차,2,객관식,2,1.0
43780,1차,2,주관식,0,0.0
43780,1차,2,T/F형,0,0.0
43780,1차,2,약술형,0,0.0
43780,1차,2,논술형,0,0.0
43780,1차,2,구술,0,0.0
43780,1차,2,기타,0,0.0
43802,중간,6,객관식,0,0.0
43802,중간,6,주관식,5,0.833333
43802,중간,6,T/F형,0,0.0
43802,중간,6,약술형,0,0.0
43802,중간,6,논술형,0,0.0
43802,중간,6,구술,0,0.0
43802,중간,6,기타,1,0.166667
43802,기말,1,객관식,0,0.0
43802,기말,1,주관식,1,1.0
43802,기말,1,T/F형,0,0.0
43802,기말,1,약술형,0,0.0
43802,기말,1,논술형,1,1.0
43802,기말,1,구술,0,0.0
43802,기말,1,기타,0,0.0
43804,중간,18,객관식,0,0.0
43804,중간,18,주관식,11,0.611111
43804,중간,18,T/F형,16,0.888889
43804,중간,18,약술형,2,0.111111
43804,중간,18,논술형,7,0.388889
43804,중간,18,구술,0,0.0
43804,중간,18,기타,0,0.0
43804,기말,17,객관식,1,0.058824
43804,기말,17,주관식,11,0.647059
43804,기말,17,T/F형,15,0.882353
43804,기말,17,약술형,0,0.0
43804,기말,17,논술형,7,0.411765
43804,기말,17,구술,0,0.0
43804,기말,17,기타,0,0.0
43830,중간,36,객관식,32,0.888889
43830,중간,36,주관식,33,0.916667
43830,중간,36,T/F형,0,0.0
43830,중간,36,약술형,17,0.472222
43830,중간,36,논술형,1,0.027778
43830,중간,36,구술,0,0.0
43830,중간,36,기타,4,0.111111
43830,기말,24,객관식,22,0.916667
43830,기말,24,주관식,21,0.875
43830,기말,24,T/F형,0,0.0
43830,기말,24,약술형,11,0.458333
43830,기말,24,논술형,3,0.125
43830,기말,24,구술,0,0.0
43830,기말,24,기타,3,0.125
43830,1차,1,객관식,1,1.0
43830,1차,1,주관식,0,0.0
43830,1차,1,T/F형,0,0.0
43830,1차,1,약술형,1,1.0
43830,1차,1,논술형,1,1.0
43830,1차,1,구술,0,0.0
43830,1차,1,기타,0,0.0
43830,기타,1,객관식,1,1.0
43830,기타,1,주관식,1,1.0
43830,기타,1,T/F형,0,0.0
43830,기타,1,약술형,0,0.0
43830,기타,1,논술형,0,0.0
43830,기타,1,구술,0,0.0
43830,기타,1,기타,0,0.0
43849,중간,5,객관식,2,0.4
43849,중간,5,주관식,5,1.0
43849,중간,5,T/F형,4,0.8
43849,중간,5,약술형,2,0.4
43849,중간,5,논술형,3,0.6
43849,중간,5,구술,0,0.0
43849,중간,5,기타,1,0.2
43849,기말,9,객관식,2,0.222222
43849,기말,9,주관식,9,1.0
43849,기말,9,T/F형,1,0.111111
43849,기말,9,약술형,5,0.555556
43849,기말,9,논술형,3,0.333333
43849,기말,9,구술,0,0.0
43849,기말,9,기타,0,0.0
43874,중간,9,객관식,1,0.111111
43874,중간,9,주관식,9,1.0
43874,중간,9,T/F형,0,0.0
43874,중간,9,약술형,7,0.777778
43874,중간,9,논술형,5,0.555556
43874,중간,9,구술,0,0.0
43874,중간,9,기타,0,0.0
43874,기말,11,객관식,5,0.454545
43874,기말,11,주관식,7,0.636364
43874,기말,11,T/F형,0,0.0
43874,기말,11,약술형,6,0.545455
43874,기말,11,논술형,4,0.363636
43874,기말,11,구술,0,0.0
43874,기말,11,기타,0,0.0
43874,2차,1,객관식,1,1.0
43874,2차,1,주관식,0,0.0
43874,2차,1,T/F형,0,0.0
43874,2차,1,약술형,0,0.0
43874,2차,1,논술형,0,0.0
43874,2차,1,구술,0,0.0
43874,2차,1,기타,0,0.0
43874,기타,1,객관식,0,0.0
43874,기타,1,주관식,0,0.0
43874,기타,1,T/F형,0,0.0
43874,기타,1,약술형,0,0.0
43874,기타,1,논술형,1,1.0
43874,기타,1,구술,0,0.0
43874,기타,1,기타,1,1.0
43891,기말,1,객관식,0,0.0
43891,기말,1,주관식,0,0.0
43891,기말,1,T/F형,0,0.0
43891,기말,1,약술형,0,0.0
43891,기말,1,논술형,0,0.0
43891,기말,1,구술,1,1.0
43891,기말,1,기타,0,0.0
43909,중간,6,객관식,6,1.0
43909,중간,6,주관식,3,0.5
43909,중간,6,T/F형,0,0.0
43909,중간,6,약술형,4,0.666667
43909,중간,6,논술형,0,0.0
43909,중간,6,구술,0,0.0
43909,중간,6,기타,0,0.0
43950,중간,2,객관식,0,0.0
43950,중간,2,주관식,1,0.5
43950,중간,2,T/F형,1,0.5
43950,중간,2,약술형,2,1.0
43950,중간,2,논술형,2,1.0
43950,중간,2,구술,0,0.0
43950,중간,2,기타,0,0.0
43950,기말,6,객관식,4,0.666667
43950,기말,6,주관식,5,0.833333
43950,기말,6,T/F형,5,0.833333
43950,기말,6,약술형,4,0.666667
43950,기말,6,논술형,4,0.666667
43950,기말,6,구술,0,0.0
43950,기말,6,기타,0,0.0
43955,중간,3,객관식,1,0.333333
43955,중간,3,주관식,2,0.666667
43955,중간,3,T/F형,0,0.0
43955,중간,3,약술형,1,0.333333
43955,중간,3,논술형,2,0.666667
43955,중간,3,구술,0,0.0
43955,중간,3,기타,0,0.0
43955,기말,2,객관식,1,0.5
43955,기말,2,주관식,1,0.5
43955,기말,2,T/F형,0,0.0
43955,기말,2,약술형,1,0.5
43955,기말,2,논술형,0,0.0
43955,기말,2,구술,0,0.0
43955,기말,2,기타,0,0.0
43959,기타,2,객관식,0,0.0
43959,기타,2,주관식,0,0.0
43959,기타,2,T/F형,0,0.0
43959,기타,2,약술형,0,0.0
43959,기타,2,논술형,1,0.5
43959,기타,2,구술,0,0.0
43959,기타,2,기타,1,0.5
44013,중간,29,객관식,0,0.0
44013,중간,29,주관식,14,0.482759
44013,중간,29,T/F형,0,0.0
44013,중간,29,약술형,0,0.0
44013,중간,29,논술형,17,0.586207
44013,중간,29,구술,0,0.0
44013,중간,29,기타,0,0.0
44013,1차,1,객관식,0,0.0
44013,1차,1,주관식,1,1.0
44013,1차,1,T/F형,0,0.0
44013,1차,1,약술형,0,0.0
44013,1차,1,논술형,0,0.0
44013,1차,1,구술,0,0.0
44013,1차,1,기타,0,0.0
44013,2차,1,객관식,0,0.0
44013,2차,1,주관식,1,1.0
44013,2차,1,T/F형,0,0.0
44013,2차,1,약술형,0,0.0
44013,2차,1,논술형,0,0.0
44013,2차,1,구술,0,0.0
44013,2차,1,기타,0,0.0
44015,중간,6,객관식,0,0.0
44015,중간,6,주관식,3,0.5
44015,중간,6,T/F형,0,0.0
44015,중간,6,약술형,0,0.0
44015,중간,6,논술형,3,0.5
44015,중간,6,구술,0,0.0
44015,중간,6,기타,0,0.0
44015,기말,13,객관식,0,0.0
44015,기말,13,주관식,6,0.461538
44015,기말,13,T/F형,0,0.0
44015,기말,13,약술형,1,0.076923
44015,기말,13,논술형,6,0.461538
44015,기말,13,구술,0,0.0
44015,기말,13,기타,0,0.0
44016,중간,10,객관식,0,0.0
44016,중간,10,주관식,6,0.6
44016,중간,10,T/F형,0,0.0
44016,중간,10,약술형,0,0.0
44016,중간,10,논술형,3,0.3
44016,중간,10,구술,0,0.0
44016,중간,10,기타,0,0.0
44016,기말,1,객관식,0,0.0
44016,기말,1,주관식,0,0.0
44016,기말,1,T/F형,0,0.0
44016,기말,1,약술형,0,0.0
44016,기말,1,논술형,1,1.0
44016,기말,1,구술,0,0.0
44016,기말,1,기타,0,0.0
44016,기타,1,객관식,0,0.0
44016,기타,1,주관식,0,0.0
44016,기타,1,T/F형,0,0.0
44016,기타,1,약술형,0,0.0
44016,기타,1,논술형,0,0.0
44016,기타,1,구술,1,1.0
44016,기타,1,기타,0,0.0
44018,중간,3,객관식,0,0.0
44018,중간,3,주관식,1,0.333333
44018,중간,3,T/F형,0,0.0
44018,중간,3,약술형,0,0.0
44018,중간,3,논술형,1,0.333333
44018,중간,3,구술,0,0.0
44018,중간,3,기타,0,0.0
44018,1차,1,객관식,0,0.0
44018,1차,1,주관식,0,0.0
44018,1차,1,T/F형,0,0.0
44018,1차,1,약술형,0,0.0
44018,1차,1,논술형,1,1.0
44018,1차,1,구술,0,0.0
44018,1차,1,기타,0,0.0
44019,중간,4,객관식,2,0.5
44019,중간,4,주관식,4,1.0
44019,중간,4,T/F형,1,0.25
44019,중간,4,약술형,0,0.0
44019,중간,4,논술형,0,0.0
44019,중간,4,구술,0,0.0
44019,중간,4,기타,0,0.0
44019,기말,2,객관식,0,0.0
44019,기말,2,주관식,1,0.5
44019,기말,2,T/F형,0,0.0
44019,기말,2,약술형,1,0.5
44019,기말,2,논술형,1,0.5
44019,기말,2,구술,0,0.0
44019,기말,2,기타,0,0.0
44019,1차,4,객관식,2,0.5
44019,1차,4,주관식,4,1.0
44019,1차,4,T/F형,0,0.0
44019,1차,4,약술형,1,0.25
44019,1차,4,논술형,1,0.25
44019,1차,4,구술,0,0.0
44019,1차,4,기타,0,0.0
44019,2차,2,객관식,2,1.0
44019,2차,2,주관식,2,1.0
44019,2차,2,T/F형,0,0.0
44019,2차,2,약술형,1,0.5
44019,2차,2,논술형,0,0.0
44019,2차,2,구술,0,0.0
44019,2차,2,기타,0,0.0
44019,3차,1,객관식,1,1.0
44019,3차,1,주관식,1,1.0
44019,3차,1,T/F형,0,0.0
44019,3차,1,약술형,1,1.0
44019,3차,1,논술형,0,0.0
44019,3차,1,구술,0,0.0
44019,3차,1,기타,0,0.0
44019,4차,1,객관식,1,1.0
44019,4차,1,주관식,1,1.0
44019,4차,1,T/F형,0,0.0
44019,4차,1,약술형,1,1.0
44019,4차,1,논술형,0,0.0
44019,4차,1,구술,0,0.0
44019,4차,1,기타,0,0.0
44019,기타,2,객관식,2,1.0
44019,기타,2,주관식,1,0.5
44019,기타,2,T/F형,0,0.0
44019,기타,2,약술형,1,0.5
44019,기타,2,논술형,0,0.0
44019,기타,2,구술,0,0.0
44019,기타,2,기타,0,0.0
44021,기말,1,객관식,0,0.0
44021,기말,1,주관식,0,0.0
44021,기말,1,T/F형,0,0.0
44021,기말,1,약술형,0,0.0
44021,기말,1,논술형,1,1.0
44021,기말,1,구술,0,0.0
44021,기말,1,기타,0,0.0
44021,1차,2,객관식,1,0.5
44021,1차,2,주관식,1,0.5
44021,1차,2,T/F형,0,0.0
44021,1차,2,약술형,0,0.0
44021,1차,2,논술형,0,0.0
44021,1차,2,구술,0,0.0
44021,1차,2,기타,0,0.0
44021,2차,1,객관식,0,0.0
44021,2차,1,주관식,0,0.0
44021,2차,1,T/F형,0,0.0
44021,2차,1,약술형,0,0.0
44021,2차,1,논술형,1,1.0
44021,2차,1,구술,0,0.0
44021,2차,1,기타,0,0.0
44021,기타,3,객관식,0,0.0
44021,기타,3,주관식,0,0.0
44021,기타,3,T/F형,0,0.0
44021,기타,3,약술형,0,0.0
44021,기타,3,논술형,1,0.333333
44021,기타,3,구술,0,0.0
44021,기타,3,기타,2,0.666667
44025,기말,7,객관식,1,0.142857
44025,기말,7,주관식,2,0.285714
44025,기말,7,T/F형,0,0.0
44025,기말,7,약술형,2,0.285714
44025,기말,7,논술형,7,1.0
44025,기말,7,구술,0,0.0
44025,기말,7,기타,1,0.142857
44046,중간,2,객관식,2,1.0
44046,중간,2,주관식,1,0.5
44046,중간,2,T/F형,0,0.0
44046,중간,2,약술형,0,0.0
44046,중간,2,논술형,0,0.0
44046,중간,2,구술,0,0.0
44046,중간,2,기타,0,0.0
44046,기말,16,객관식,15,0.9375
44046,기말,16,주관식,9,0.5625
44046,기말,16,T/F형,1,0.0625
44046,기말,16,약술형,1,0.0625
44046,기말,16,논술형,1,0.0625
44046,기말,16,구술,0,0.0
44046,기말,16,기타,0,0.0
44046,1차,2,객관식,0,0.0
44046,1차,2,주관식,0,0.0
44046,1차,2,T/F형,0,0.0
44046,1차,2,약술형,0,0.0
44046,1차,2,논술형,2,1.0
44046,1차,2,구술,0,0.0
44046,1차,2,기타,0,0.0
44052,중간,15,객관식,13,0.866667
44052,중간,15,주관식,3,0.2
44052,중간,15,T/F형,6,0.4
44052,중간,15,약술형,0,0.0
44052,중간,15,논술형,0,0.0
44052,중간,15,구술,0,0.0
44052,중간,15,기타,1,0.066667
44052,1차,5,객관식,4,0.8
44052,1차,5,주관식,1,0.2
44052,1차,5,T/F형,0,0.0
44052,1차,5,약술형,0,0.0
44052,1차,5,논술형,0,0.0
44052,1차,5,구술,1,0.2
44052,1차,5,기타,0,0.0
44052,기타,3,객관식,0,0.0
44052,기타,3,주관식,0,0.0
44052,기타,3,T/F형,0,0.0
44052,기타,3,약술형,0,0.0
44052,기타,3,논술형,2,0.666667
44052,기타,3,구술,0,0.0
44052,기타,3,기타,1,0.333333
44058,중간,35,객관식,14,0.4
44058,중간,35,주관식,31,0.885714
44058,중간,35,T/F형,18,0.514286
44058,중간,35,약술형,3,0.085714
44058,중간,35,논술형,2,0.057143
44058,중간,35,구술,0,0.0
44058,중간,35,기타,0,0.0
44058,기말,7,객관식,3,0.428571
44058,기말,7,주관식,7,1.0
44058,기말,7,T/F형,5,0.714286
44058,기말,7,약술형,0,0.0
44058,기말,7,논술형,1,0.142857
44058,기말,7,구술,0,0.0
44058,기말,7,기타,0,0.0
44105,중간,14,객관식,10,0.714286
44105,중간,14,주관식,4,0.285714
44105,중간,14,T/F형,0,0.0
44105,중간,14,약술형,0,0.0
44105,중간,14,논술형,1,0.071429
44105,중간,14,구술,0,0.0
44105,중간,14,기타,0,0.0
44105,기말,13,객관식,3,0.230769
44105,기말,13,주관식,6,0.461538
44105,기말,13,T/F형,0,0.0
44105,기말,13,약술형,1,0.076923
44105,기말,13,논술형,4,0.307692
44105,기말,13,구술,0,0.0
44105,기말,13,기타,0,0.0
44105,1차,1,객관식,0,0.0
44105,1차,1,주관식,1,1.0
44105,1차,1,T/F형,0,0.0
44105,1차,1,약술형,0,0.0
44105,1차,1,논술형,0,0.0
44105,1차,1,구술,0,0.0
44105,1차,1,기타,0,0.0
44105,2차,1,객관식,0,0.0
44105,2차,1,주관식,1,1.0
44105,2차,1,T/F형,0,0.0
44105,2차,1,약술형,0,0.0
44105,2차,1,논술형,0,0.0
44105,2차,1,구술,0,0.0
44105,2차,1,기타,0,0.0
44106,중간,10,객관식,5,0.5
44106,중간,10,주관식,5,0.5
44106,중간,10,T/F형,0,0.0
44106,중간,10,약술형,0,0.0
44106,중간,10,논술형,2,0.2
44106,중간,10,구술,0,0.0
44106,중간,10,기타,0,0.0
44106,기말,2,객관식,2,1.0
44106,기말,2,주관식,0,0.0
44106,기말,2,T/F형,0,0.0
44106,기말,2,약술형,0,0.0
44106,기말,2,논술형,0,0.0
44106,기말,2,구술,0,0.0
44106,기말,2,기타,0,0.0
44110,중간,2,객관식,2,1.0
44110,중간,2,주관식,1,0.5
44110,중간,2,T/F형,0,0.0
44110,중간,2,약술형,0,0.0
44110,중간,2,논술형,0,0.0
44110,중간,2,구술,0,0.0
44110,중간,2,기타,0,0.0
44110,기말,3,객관식,2,0.666667
44110,기말,3,주관식,1,0.333333
44110,기말,3,T/F형,0,0.0
44110,기말,3,약술형,0,0.0
44110,기말,3,논술형,0,0.0
44110,기말,3,구술,0,0.0
44110,기말,3,기타,0,0.0
44113,중간,5,객관식,5,1.0
44113,중간,5,주관식,1,0.2
44113,중간,5,T/F형,0,0.0
44113,중간,5,약술형,0,0.0
44113,중간,5,논술형,0,0.0
44113,중간,5,구술,0,0.0
44113,중간,5,기타,0,0.0
44113,기말,1,객관식,1,1.0
44113,기말,1,주관식,0,0.0
44113,기말,1,T/F형,0,0.0
44113,기말,1,약술형,0,0.0
44113,기말,1,논술형,0,0.0
44113,기말,1,구술,0,0.0
44113,기말,1,기타,0,0.0
44117,기말,1,객관식,1,1.0
44117,기말,1,주관식,1,1.0
44117,기말,1,T/F형,0,0.0
44117,기말,1,약술형,0,0.0
44117,기말,1,논술형,0,0.0
44117,기말,1,구술,0,0.0
44117,기말,1,기타,0,0.0
44121,기말,1,객관식,1,1.0
44121,기말,1,주관식,1,1.0
44121,기말,1,T/F형,0,0.0
44121,기말,1,약술형,0,0.0
44121,기말,1,논술형,0,0.0
44121,기말,1,구술,0,0.0
44121,기말,1,기타,0,0.0
44124,중간,25,객관식,5,0.2
44124,중간,25,주관식,15,0.6
44124,중간,25,T/F형,18,0.72
44124,중간,25,약술형,5,0.2
44124,중간,25,논술형,7,0.28
44124,중간,25,구술,0,0.0
44124,중간,25,기타,1,0.04
44124,기말,8,객관식,2,0.25
44124,기말,8,주관식,5,0.625
44124,기말,8,T/F형,6,0.75
44124,기말,8,약술형,0,0.0
44124,기말,8,논술형,3,0.375
44124,기말,8,구술,0,0.0
44124,기말,8,기타,0,0.0
44127,중간,29,객관식,8,0.275862
44127,중간,29,주관식,24,0.827586
44127,중간,29,T/F형,14,0.482759
44127,중간,29,약술형,4,0.137931
44127,중간,29,논술형,4,0.137931
44127,중간,29,구술,0,0.0
44127,중간,29,기타,0,0.0
44127,기말,18,객관식,4,0.222222
44127,기말,18,주관식,12,0.666667
44127,기말,18,T/F형,1,0.055556
44127,기말,18,약술형,1,0.055556
44127,기말,18,논술형,3,0.166667
44127,기말,18,구술,0,0.0
44127,기말,18,기타,0,0.0
44127,기타,2,객관식,1,0.5
44127,기타,2,주관식,1,0.5
44127,기타,2,T/F형,1,0.5
44127,기타,2,약술형,0,0.0
44127,기타,2,논술형,0,0.0
44127,기타,2,구술,0,0.0
44127,기타,2,기타,0,0.0
44130,중간,17,객관식,3,0.176471
44130,중간,17,주관식,15,0.882353
44130,중간,17,T/F형,0,0.0
44130,중간,17,약술형,0,0.0
44130,중간,17,논술형,3,0.176471
44130,중간,17,구술,0,0.0
44130,중간,17,기타,0,0.0
44130,기말,5,객관식,0,0.0
44130,기말,5,주관식,5,1.0
44130,기말,5,T/F형,0,0.0
44130,기말,5,약술형,0,0.0
44130,기말,5,논술형,1,0.2
44130,기말,5,구술,0,0.0
44130,기말,5,기타,0,0.0
44130,1차,1,객관식,0,0.0
44130,1차,1,주관식,1,1.0
44130,1차,1,T/F형,0,0.0
44130,1차,1,약술형,0,0.0
44130,1차,1,논술형,1,1.0
44130,1차,1,구술,0,0.0
44130,1차,1,기타,0,0.0
44132,중간,22,객관식,1,0.045455
44132,중간,22,주관식,15,0.681818
44132,중간,22,T/F형,0,0.0
44132,중간,22,약술형,1,0.045455
44132,중간,22,논술형,9,0.409091
44132,중간,22,구술,0,0.0
44132,중간,22,기타,0,0.0
44132,기말,2,객관식,0,0.0
44132,기말,2,주관식,2,1.0
44132,기말,2,T/F형,0,0.0
44132,기말,2,약술형,0,0.0
44132,기말,2,논술형,0,0.0
44132,기말,2,구술,0,0.0
44132,기말,2,기타,0,0.0
44144,중간,3,객관식,0,0.0
44144,중간,3,주관식,1,0.333333
44144,중간,3,T/F형,0,0.0
44144,중간,3,약술형,0,0.0
44144,중간,3,논술형,2,0.666667
44144,중간,3,구술,0,0.0
44144,중간,3,기타,0,0.0
44144,기말,12,객관식,0,0.0
44144,기말,12,주관식,10,0.833333
44144,기말,12,T/F형,0,0.0
44144,기말,12,약술형,0,0.0
44144,기말,12,논술형,2,0.166667
44144,기말,12,구술,0,0.0
44144,기말,12,기타,0,0.0
44147,기타,1,객관식,0,0.0
44147,기타,1,주관식,0,0.0
44147,기타,1,T/F형,0,0.0
44147,기타,1,약술형,0,0.0
44147,기타,1,논술형,0,0.0
44147,기타,1,구술,0,0.0
44147,기타,1,기타,0,0.0
44166,중간,1,객관식,1,1.0
44166,중간,1,주관식,1,1.0
44166,중간,1,T/F형,0,0.0
44166,중간,1,약술형,1,1.0
44166,중간,1,논술형,0,0.0
44166,중간,1,구술,0,0.0
44166,중간,1,기타,0,0.0
44167,중간,9,객관식,4,0.444444
44167,중간,9,주관식,7,0.777778
44167,중간,9,T/F형,5,0.555556
44167,중간,9,약술형,2,0.222222
44167,중간,9,논술형,4,0.444444
44167,중간,9,구술,0,0.0
44167,중간,9,기타,0,0.0
44167,기말,3,객관식,2,0.666667
44167,기말,3,주관식,1,0.333333
44167,기말,3,T/F형,0,0.0
44167,기말,3,약술형,0,0.0
44167,기말,3,논술형,0,0.0
44167,기말,3,구술,0,0.0
44167,기말,3,기타,0,0.0
44170,중간,12,객관식,8,0.666667
44170,중간,12,주관식,10,0.833333
44170,중간,12,T/F형,4,0.333333
44170,중간,12,약술형,0,0.0
44170,중간,12,논술형,0,0.0
44170,중간,12,구술,0,0.0
44170,중간,12,기타,0,0.0
44170,기말,7,객관식,6,0.857143
44170,기말,7,주관식,6,0.857143
44170,기말,7,T/F형,6,0.857143
44170,기말,7,약술형,0,0.0
44170,기말,7,논술형,2,0.285714
44170,기말,7,구술,0,0.0
44170,기말,7,기타,0,0.0
44170,2차,2,객관식,2,1.0
44170,2차,2,주관식,1,0.5
44170,2차,2,T/F형,0,0.0
44170,2차,2,약술형,0,0.0
44170,2차,2,논술형,1,0.5
44170,2차,2,구술,0,0.0
44170,2차,2,기타,0,0.0
44170,기타,1,객관식,0,0.0
44170,기타,1,주관식,1,1.0
44170,기타,1,T/F형,0,0.0
44170,기타,1,약술형,0,0.0
44170,기타,1,논술형,0,0.0
44170,기타,1,구술,0,0.0
44170,기타,1,기타,0,0.0
44185,기말,3,객관식,0,0.0
44185,기말,3,주관식,3,1.0
44185,기말,3,T/F형,1,0.333333
44185,기말,3,약술형,1,0.333333
44185,기말,3,논술형,1,0.333333
44185,기말,3,구술,0,0.0
44185,기말,3,기타,0,0.0
44192,중간,17,객관식,3,0.176471
44192,중간,17,주관식,11,0.647059
44192,중간,17,T/F형,13,0.764706
44192,중간,17,약술형,9,0.529412
44192,중간,17,논술형,5,0.294118
44192,중간,17,구술,0,0.0
44192,중간,17,기타,0,0.0
44192,기말,7,객관식,0,0.0
44192,기말,7,주관식,7,1.0
44192,기말,7,T/F형,6,0.857143
44192,기말,7,약술형,4,0.571429
44192,기말,7,논술형,1,0.142857
44192,기말,7,구술,0,0.0
44192,기말,7,기타,0,0.0
44212,중간,5,객관식,5,1.0
44212,중간,5,주관식,4,0.8
44212,중간,5,T/F형,4,0.8
44212,중간,5,약술형,4,0.8
44212,중간,5,논술형,4,0.8
44212,중간,5,구술,0,0.0
44212,중간,5,기타,0,0.0
44212,기말,3,객관식,3,1.0
44212,기말,3,주관식,3,1.0
44212,기말,3,T/F형,2,0.666667
44212,기말,3,약술형,2,0.666667
44212,기말,3,논술형,1,0.333333
44212,기말,3,구술,0,0.0
44212,기말,3,기타,0,0.0
44293,중간,1,객관식,0,0.0
44293,중간,1,주관식,1,1.0
44293,중간,1,T/F형,0,0.0
44293,중간,1,약술형,0,0.0
44293,중간,1,논술형,0,0.0
44293,중간,1,구술,0,0.0
44293,중간,1,기타,0,0.0
44405,중간,3,객관식,1,0.333333
44405,중간,3,주관식,0,0.0
44405,중간,3,T/F형,0,0.0
44405,중간,3,약술형,1,0.333333
44405,중간,3,논술형,1,0.333333
44405,중간,3,구술,0,0.0
44405,중간,3,기타,0,0.0
44405,기말,1,객관식,0,0.0
44405,기말,1,주관식,1,1.0
44405,기말,1,T/F형,0,0.0
44405,기말,1,약술형,0,0.0
44405,기말,1,논술형,0,0.0
44405,기말,1,구술,0,0.0
44405,기말,1,기타,0,0.0
44405,기타,2,객관식,0,0.0
44405,기타,2,주관식,0,0.0
44405,기타,2,T/F형,0,0.0
44405,기타,2,약술형,0,0.0
44405,기타,2,논술형,0,0.0
44405,기타,2,구술,0,0.0
44405,기타,2,기타,2,1.0
44426,중간,1,객관식,0,0.0
44426,중간,1,주관식,1,1.0
44426,중간,1,T/F형,0,0.0
44426,중간,1,약술형,1,1.0
44426,중간,1,논술형,0,0.0
44426,중간,1,구술,0,0.0
44426,중간,1,기타,0,0.0
44426,기말,3,객관식,3,1.0
44426,기말,3,주관식,2,0.666667
44426,기말,3,T/F형,0,0.0
44426,기말,3,약술형,2,0.666667
44426,기말,3,논술형,0,0.0
44426,기말,3,구술,0,0.0
44426,기말,3,기타,0,0.0
44532,중간,73,객관식,7,0.09589
44532,중간,73,주관식,38,0.520548
44532,중간,73,T/F형,0,0.0
44532,중간,73,약술형,15,0.205479
44532,중간,73,논술형,26,0.356164
44532,중간,73,구술,0,0.0
44532,중간,73,기타,1,0.013699
44532,기말,40,객관식,3,0.075
44532,기말,40,주관식,16,0.4
44532,기말,40,T/F형,0,0.0
44532,기말,40,약술형,10,0.25
44532,기말,40,논술형,18,0.45
44532,기말,40,구술,1,0.025
44532,기말,40,기타,1,0.025
44539,중간,1,객관식,1,1.0
44539,중간,1,주관식,0,0.0
44539,중간,1,T/F형,1,1.0
44539,중간,1,약술형,0,0.0
44539,중간,1,논술형,0,0.0
44539,중간,1,구술,0,0.0
44539,중간,1,기타,0,0.0
44539,기말,1,객관식,1,1.0
44539,기말,1,주관식,0,0.0
44539,기말,1,T/F형,0,0.0
44539,기말,1,약술형,0,0.0
44539,기말,1,논술형,0,0.0
44539,기말,1,구술,0,0.0
44539,기말,1,기타,0,0.0
44541,중간,40,객관식,33,0.825
44541,중간,40,주관식,33,0.825
44541,중간,40,T/F형,0,0.0
44541,중간,40,약술형,2,0.05
44541,중간,40,논술형,4,0.1
44541,중간,40,구술,0,0.0
44541,중간,40,기타,0,0.0
44541,기말,23,객관식,19,0.826087
44541,기말,23,주관식,16,0.695652
44541,기말,23,T/F형,0,0.0
44541,기말,23,약술형,2,0.086957
44541,기말,23,논술형,3,0.130435
44541,기말,23,구술,0,0.0
44541,기말,23,기타,0,0.0
44545,중간,19,객관식,0,0.0
44545,중간,19,주관식,2,0.105263
44545,중간,19,T/F형,0,0.0
44545,중간,19,약술형,0,0.0
44545,중간,19,논술형,1,0.052632
44545,중간,19,구술,0,0.0
44545,중간,19,기타,15,0.789474
44545,기말,7,객관식,1,0.142857
44545,기말,7,주관식,1,0.142857
44545,기말,7,T/F형,0,0.0
44545,기말,7,약술형,0,0.0
44545,기말,7,논술형,0,0.0
44545,기말,7,구술,0,0.0
44545,기말,7,기타,5,0.714286
44570,중간,8,객관식,1,0.125
44570,중간,8,주관식,5,0.625
44570,중간,8,T/F형,1,0.125
44570,중간,8,약술형,3,0.375
44570,중간,8,논술형,1,0.125
44570,중간,8,구술,0,0.0
44570,중간,8,기타,0,0.0
44570,기말,6,객관식,4,0.666667
44570,기말,6,주관식,5,0.833333
44570,기말,6,T/F형,4,0.666667
44570,기말,6,약술형,3,0.5
44570,기말,6,논술형,0,0.0
44570,기말,6,구술,0,0.0
44570,기말,6,기타,0,0.0
44570,2차,1,객관식,0,0.0
44570,2차,1,주관식,1,1.0
44570,2차,1,T/F형,0,0.0
44570,2차,1,약술형,0,0.0
44570,2차,1,논술형,0,0.0
44570,2차,1,구술,0,0.0
44570,2차,1,기타,0,0.0
44570,기타,1,객관식,0,0.0
44570,기타,1,주관식,1,1.0
44570,기타,1,T/F형,0,0.0
44570,기타,1,약술형,0,0.0
44570,기타,1,논술형,0,0.0
44570,기타,1,구술,0,0.0
44570,기타,1,기타,0,0.0
44630,중간,2,객관식,2,1.0
44630,중간,2,주관식,0,0.0
44630,중간,2,T/F형,0,0.0
44630,중간,2,약술형,1,0.5
44630,중간,2,논술형,1,0.5
44630,중간,2,구술,0,0.0
44630,중간,2,기타,0,0.0
44630,기말,2,객관식,1,0.5
44630,기말,2,주관식,1,0.5
44630,기말,2,T/F형,1,0.5
44630,기말,2,약술형,0,0.0
44630,기말,2,논술형,1,0.5
44630,기말,2,구술,0,0.0
44630,기말,2,기타,0,0.0
44694,기말,1,객관식,0,0.0
44694,기말,1,주관식,1,1.0
44694,기말,1,T/F형,0,0.0
44694,기말,1,약술형,0,0.0
44694,기말,1,논술형,0,0.0
44694,기말,1,구술,0,0.0
44694,기말,1,기타,0,0.0
44712,중간,17,객관식,0,0.0
44712,중간,17,주관식,16,0.941176
44712,중간,17,T/F형,0,0.0
44712,중간,17,약술형,10,0.588235
44712,중간,17,논술형,7,0.411765
44712,중간,17,구술,0,0.0
44712,중간,17,기타,0,0.0
44712,기말,9,객관식,0,0.0
44712,기말,9,주관식,7,0.777778
44712,기말,9,T/F형,0,0.0
44712,기말,9,약술형,1,0.111111
44712,기말,9,논술형,0,0.0
44712,기말,9,구술,0,0.0
44712,기말,9,기타,0,0.0
44954,중간,4,객관식,4,1.0
44954,중간,4,주관식,1,0.25
44954,중간,4,T/F형,3,0.75
44954,중간,4,약술형,0,0.0
44954,중간,4,논술형,0,0.0
44954,중간,4,구술,0,0.0
44954,중간,4,기타,0,0.0
44977,중간,4,객관식,1,0.25
44977,중간,4,주관식,3,0.75
44977,중간,4,T/F형,0,0.0
44977,중간,4,약술형,0,0.0
44977,중간,4,논술형,1,0.25
44977,중간,4,구술,0,0.0
44977,중간,4,기타,0,0.0
44977,기말,3,객관식,0,0.0
44977,기말,3,주관식,3,1.0
44977,기말,3,T/F형,0,0.0
44977,기말,3,약술형,0,0.0
44977,기말,3,논술형,0,0.0
44977,기말,3,구술,0,0.0
44977,기말,3,기타,0,0.0
44996,중간,23,객관식,3,0.130435
44996,중간,23,주관식,15,0.652174
44996,중간,23,T/F형,0,0.0
44996,중간,23,약술형,8,0.347826
44996,중간,23,논술형,6,0.26087
44996,중간,23,구술,0,0.0
44996,중간,23,기타,1,0.043478
44996,기말,14,객관식,2,0.142857
44996,기말,14,주관식,13,0.928571
44996,기말,14,T/F형,1,0.071429
44996,기말,14,약술형,2,0.142857
44996,기말,14,논술형,2,0.142857
44996,기말,14,구술,1,0.071429
44996,기말,14,기타,0,0.0
45014,중간,1,객관식,0,0.0
45014,중간,1,주관식,1,1.0
45014,중간,1,T/F형,0,0.0
45014,중간,1,약술형,0,0.0
45014,중간,1,논술형,1,1.0
45014,중간,1,구술,0,0.0
45014,중간,1,기타,0,0.0
45206,중간,1,객관식,0,0.0
45206,중간,1,주관식,0,0.0
45206,중간,1,T/F형,0,0.0
45206,중간,1,약술형,0,0.0
45206,중간,1,논술형,0,0.0
45206,중간,1,구술,1,1.0
45206,중간,1,기타,1,1.0
45206,기말,1,객관식,0,0.0
45206,기말,1,주관식,0,0.0
45206,기말,1,T/F형,0,0.0
45206,기말,1,약술형,0,0.0
45206,기말,1,논술형,0,0.0
45206,기말,1,구술,0,0.0
45206,기말,1,기타,1,1.0
45220,중간,5,객관식,1,0.2
45220,중간,5,주관식,2,0.4
45220,중간,5,T/F형,0,0.0
45220,중간,5,약술형,2,0.4
45220,중간,5,논술형,1,0.2
45220,중간,5,구술,0,0.0
45220,중간,5,기타,0,0.0
45220,기말,1,객관식,0,0.0
45220,기말,1,주관식,1,1.0
45220,기말,1,T/F형,0,0.0
45220,기말,1,약술형,0,0.0
45220,기말,1,논술형,0,0.0
45220,기말,1,구술,0,0.0
45220,기말,1,기타,0,0.0
45293,중간,2,객관식,0,0.0
45293,중간,2,주관식,1,0.5
45293,중간,2,T/F형,0,0.0
45293,중간,2,약술형,0,0.0
45293,중간,2,논술형,0,0.0
45293,중간,2,구술,0,0.0
45293,중간,2,기타,0,0.0
45293,기말,4,객관식,0,0.0
45293,기말,4,주관식,3,0.75
45293,기말,4,T/F형,0,0.0
45293,기말,4,약술형,1,0.25
45293,기말,4,논술형,0,0.0
45293,기말,4,구술,0,0.0
45293,기말,4,기타,0,0.0
45314,중간,4,객관식,0,0.0
45314,중간,4,주관식,2,0.5
45314,중간,4,T/F형,0,0.0
45314,중간,4,약술형,0,0.0
45314,중간,4,논술형,2,0.5
45314,중간,4,구술,0,0.0
45314,중간,4,기타,0,0.0
45314,기말,2,객관식,0,0.0
45314,기말,2,주관식,2,1.0
45314,기말,2,T/F형,0,0.0
45314,기말,2,약술형,0,0.0
45314,기말,2,논술형,0,0.0
45314,기말,2,구술,0,0.0
45314,기말,2,기타,0,0.0
45454,1차,1,객관식,0,0.0
45454,1차,1,주관식,0,0.0
45454,1차,1,T/F형,0,0.0
45454,1차,1,약술형,0,0.0
45454,1차,1,논술형,0,0.0
45454,1차,1,구술,0,0.0
45454,1차,1,기타,1,1.0
45454,2차,1,객관식,0,0.0
45454,2차,1,주관식,0,0.0
45454,2차,1,T/F형,0,0.0
45454,2차,1,약술형,0,0.0
45454,2차,1,논술형,0,0.0
45454,2차,1,구술,0,0.0
45454,2차,1,기타,1,1.0
45454,기타,3,객관식,0,0.0
45454,기타,3,주관식,0,0.0
45454,기타,3,T/F형,0,0.0
45454,기타,3,약술형,0,0.0
45454,기타,3,논술형,0,0.0
45454,기타,3,구술,1,0.333333
45454,기타,3,기타,1,0.333333
45500,중간,4,객관식,3,0.75
45500,중간,4,주관식,4,1.0
45500,중간,4,T/F형,0,0.0
45500,중간,4,약술형,1,0.25
45500,중간,4,논술형,1,0.25
45500,중간,4,구술,0,0.0
45500,중간,4,기타,0,0.0
45500,기말,2,객관식,2,1.0
45500,기말,2,주관식,2,1.0
45500,기말,2,T/F형,2,1.0
45500,기말,2,약술형,2,1.0
45500,기말,2,논술형,2,1.0
45500,기말,2,구술,0,0.0
45500,기말,2,기타,0,0.0
45512,기말,2,객관식,0,0.0
45512,기말,2,주관식,0,0.0
45512,기말,2,T/F형,0,0.0
45512,기말,2,약술형,0,0.0
45512,기말,2,논술형,0,0.0
45512,기말,2,구술,0,0.0
45512,기말,2,기타,1,0.5
45537,중간,1,객관식,0,0.0
45537,중간,1,주관식,0,0.0
45537,중간,1,T/F형,0,0.0
45537,중간,1,약술형,0,0.0
45537,중간,1,논술형,1,1.0
45537,중간,1,구술,0,0.0
45537,중간,1,기타,0,0.0
45537,기말,21,객관식,0,0.0
45537,기말,21,주관식,5,0.238095
45537,기말,21,T/F형,0,0.0
45537,기말,21,약술형,2,0.095238
45537,기말,21,논술형,17,0.809524
45537,기말,21,구술,0,0.0
45537,기말,21,기타,0,0.0
45537,1차,1,객관식,0,0.0
45537,1차,1,주관식,1,1.0
45537,1차,1,T/F형,0,0.0
45537,1차,1,약술형,0,0.0
45537,1차,1,논술형,0,0.0
45537,1차,1,구술,0,0.0
45537,1차,1,기타,1,1.0
45615,중간,30,객관식,1,0.033333
45615,중간,30,주관식,28,0.933333
45615,중간,30,T/F형,0,0.0
45615,중간,30,약술형,6,0.2
45615,중간,30,논술형,1,0.033333
45615,중간,30,구술,0,0.0
45615,중간,30,기타,0,0.0
45615,기말,2,객관식,0,0.0
45615,기말,2,주관식,2,1.0
45615,기말,2,T/F형,0,0.0
45615,기말,2,약술형,0,0.0
45615,기말,2,논술형,0,0.0
45615,기말,2,구술,0,0.0
45615,기말,2,기타,0,0.0
45803,중간,14,객관식,14,1.0
45803,중간,14,주관식,1,0.071429
45803,중간,14,T/F형,0,0.0
45803,중간,14,약술형,2,0.142857
45803,중간,14,논술형,3,0.214286
45803,중간,14,구술,0,0.0
45803,중간,14,기타,0,0.0
45803,기말,14,객관식,14,1.0
45803,기말,14,주관식,6,0.428571
45803,기말,14,T/F형,0,0.0
45803,기말,14,약술형,1,0.071429
45803,기말,14,논술형,3,0.214286
45803,기말,14,구술,0,0.0
45803,기말,14,기타,0,0.0
45835,기말,6,객관식,0,0.0
45835,기말,6,주관식,2,0.333333
45835,기말,6,T/F형,0,0.0
45835,기말,6,약술형,2,0.333333
45835,기말,6,논술형,4,0.666667
45835,기말,6,구술,0,0.0
45835,기말,6,기타,0,0.0
46059,중간,1,객관식,0,0.0
46059,중간,1,주관식,0,0.0
46059,중간,1,T/F형,0,0.0
46059,중간,1,약술형,0,0.0
46059,중간,1,논술형,0,0.0
46059,중간,1,구술,0,0.0
46059,중간,1,기타,1,1.0
46059,기말,13,객관식,0,0.0
46059,기말,13,주관식,2,0.153846
46059,기말,13,T/F형,0,0.0
46059,기말,13,약술형,1,0.076923
46059,기말,13,논술형,11,0.846154
46059,기말,13,구술,0,0.0
46059,기말,13,기타,0,0.0
46063,중간,11,객관식,1,0.090909
46063,중간,11,주관식,10,0.909091
46063,중간,11,T/F형,7,0.636364
46063,중간,11,약술형,0,0.0
46063,중간,11,논술형,4,0.363636
46063,중간,11,구술,0,0.0
46063,중간,11,기타,0,0.0
46063,기말,6,객관식,0,0.0
46063,기말,6,주관식,5,0.833333
46063,기말,6,T/F형,5,0.833333
46063,기말,6,약술형,0,0.0
46063,기말,6,논술형,3,0.5
46063,기말,6,구술,0,0.0
46063,기말,6,기타,0,0.0
46063,1차,1,객관식,1,1.0
46063,1차,1,주관식,1,1.0
46063,1차,1,T/F형,0,0.0
46063,1차,1,약술형,0,0.0
46063,1차,1,논술형,0,0.0
46063,1차,1,구술,0,0.0
46063,1차,1,기타,1,1.0
46091,1차,1,객관식,1,1.0
46091,1차,1,주관식,1,1.0
46091,1차,1,T/F형,0,0.0
46091,1차,1,약술형,0,0.0
46091,1차,1,논술형,0,0.0
46091,1차,1,구술,0,0.0
46091,1차,1,기타,0,0.0
46091,2차,1,객관식,0,0.0
46091,2차,1,주관식,0,0.0
46091,2차,1,T/F형,0,0.0
46091,2차,1,약술형,1,1.0
46091,2차,1,논술형,0,0.0
46091,2차,1,구술,0,0.0
46091,2차,1,기타,0,0.0
46556,중간,6,객관식,0,0.0
46556,중간,6,주관식,0,0.0
46556,중간,6,T/F형,0,0.0
46556,중간,6,약술형,0,0.0
46556,중간,6,논술형,1,0.166667
46556,중간,6,구술,0,0.0
46556,중간,6,기타,5,0.833333
46556,기말,23,객관식,0,0.0
46556,기말,23,주관식,11,0.478261
46556,기말,23,T/F형,0,0.0
46556,기말,23,약술형,2,0.086957
46556,기말,23,논술형,14,0.608696
46556,기말,23,구술,0,0.0
46556,기말,23,기타,0,0.0
46655,중간,1,객관식,0,0.0
46655,중간,1,주관식,1,1.0
46655,중간,1,T/F형,0,0.0
46655,중간,1,약술형,0,0.0
46655,중간,1,논술형,1,1.0
46655,중간,1,구술,0,0.0
46655,중간,1,기타,0,0.0
46682,중간,1,객관식,1,1.0
46682,중간,1,주관식,0,0.0
46682,중간,1,T/F형,0,0.0
46682,중간,1,약술형,0,0.0
46682,중간,1,논술형,0,0.0
46682,중간,1,구술,0,0.0
46682,중간,1,기타,0,0.0
46699,중간,1,객관식,0,0.0
46699,중간,1,주관식,0,0.0
46699,중간,1,T/F형,0,0.0
46699,중간,1,약술형,0,0.0
46699,중간,1,논술형,1,1.0
46699,중간,1,구술,0,0.0
46699,중간,1,기타,0,0.0
46699,기말,4,객관식,0,0.0
46699,기말,4,주관식,4,1.0
46699,기말,4,T/F형,0,0.0
46699,기말,4,약술형,1,0.25
46699,기말,4,논술형,0,0.0
46699,기말,4,구술,0,0.0
46699,기말,4,기타,0,0.0
46719,중간,5,객관식,2,0.4
46719,중간,5,주관식,3,0.6
46719,중간,5,T/F형,0,0.0
46719,중간,5,약술형,3,0.6
46719,중간,5,논술형,1,0.2
46719,중간,5,구술,0,0.0
46719,중간,5,기타,0,0.0
46719,기말,2,객관식,0,0.0
46719,기말,2,주관식,0,0.0
46719,기말,2,T/F형,0,0.0
46719,기말,2,약술형,0,0.0
46719,기말,2,논술형,0,0.0
46719,기말,2,구술,0,0.0
46719,기말,2,기타,2,1.0
46719,기타,1,객관식,0,0.0
46719,기타,1,주관식,1,1.0
46719,기타,1,T/F형,0,0.0
46719,기타,1,약술형,0,0.0
46719,기타,1,논술형,0,0.0
46719,기타,1,구술,0,0.0
46719,기타,1,기타,0,0.0
46727,중간,2,객관식,0,0.0
46727,중간,2,주관식,0,0.0
46727,중간,2,T/F형,0,0.0
46727,중간,2,약술형,0,0.0
46727,중간,2,논술형,1,0.5
46727,중간,2,구술,0,0.0
46727,중간,2,기타,1,0.5
46727,기말,1,객관식,0,0.0
46727,기말,1,주관식,0,0.0
46727,기말,1,T/F형,0,0.0
46727,기말,1,약술형,0,0.0
46727,기말,1,논술형,0,0.0
46727,기말,1,구술,0,0.0
46727,기말,1,기타,1,1.0
46727,기타,5,객관식,0,0.0
46727,기타,5,주관식,0,0.0
46727,기타,5,T/F형,0,0.0
46727,기타,5,약술형,0,0.0
46727,기타,5,논술형,1,0.2
46727,기타,5,구술,0,0.0
46727,기타,5,기타,4,0.8
46794,중간,2,객관식,0,0.0
46794,중간,2,주관식,0,0.0
46794,중간,2,T/F형,0,0.0
46794,중간,2,약술형,0,0.0
46794,중간,2,논술형,0,0.0
46794,중간,2,구술,0,0.0
46794,중간,2,기타,2,1.0
46794,기말,3,객관식,0,0.0
46794,기말,3,주관식,0,0.0
46794,기말,3,T/F형,0,0.0
46794,기말,3,약술형,0,0.0
46794,기말,3,논술형,2,0.666667
46794,기말,3,구술,0,0.0
46794,기말,3,기타,0,0.0
47171,중간,1,객관식,1,1.0
47171,중간,1,주관식,0,0.0
47171,중간,1,T/F형,1,1.0
47171,중간,1,약술형,1,1.0
47171,중간,1,논술형,1,1.0
47171,중간,1,구술,0,0.0
47171,중간,1,기타,0,0.0
47171,기말,2,객관식,2,1.0
47171,기말,2,주관식,1,0.5
47171,기말,2,T/F형,1,0.5
47171,기말,2,약술형,2,1.0
47171,기말,2,논술형,2,1.0
47171,기말,2,구술,1,0.5
47171,기말,2,기타,1,0.5
483775,중간,15,객관식,7,0.466667
483775,중간,15,주관식,4,0.266667
483775,중간,15,T/F형,6,0.4
483775,중간,15,약술형,6,0.4
483775,중간,15,논술형,4,0.266667
483775,중간,15,구술,0,0.0
483775,중간,15,기타,0,0.0
483775,기말,4,객관식,1,0.25
483775,기말,4,주관식,1,0.25
483775,기말,4,T/F형,2,0.5
483775,기말,4,약술형,0,0.0
483775,기말,4,논술형,1,0.25
483775,기말,4,구술,0,0.0
483775,기말,4,기타,0,0.0
483784,중간,49,객관식,46,0.938776
483784,중간,49,주관식,2,0.040816
483784,중간,49,T/F형,0,0.0
483784,중간,49,약술형,0,0.0
483784,중간,49,논술형,0,0.0
483784,중간,49,구술,0,0.0
483784,중간,49,기타,0,0.0
483784,기말,40,객관식,37,0.925
483784,기말,40,주관식,2,0.05
483784,기말,40,T/F형,0,0.0
483784,기말,40,약술형,1,0.025
483784,기말,40,논술형,0,0.0
483784,기말,40,구술,0,0.0
483784,기말,40,기타,0,0.0
483784,1차,1,객관식,1,1.0
483784,1차,1,주관식,0,0.0
483784,1차,1,T/F형,0,0.0
483784,1차,1,약술형,0,0.0
483784,1차,1,논술형,0,0.0
483784,1차,1,구술,0,0.0
483784,1차,1,기타,0,0.0
483842,중간,3,객관식,0,0.0
483842,중간,3,주관식,3,1.0
483842,중간,3,T/F형,3,1.0
483842,중간,3,약술형,0,0.0
483842,중간,3,논술형,0,0.0
483842,중간,3,구술,0,0.0
483842,중간,3,기타,0,0.0
483842,기말,1,객관식,0,0.0
483842,기말,1,주관식,1,1.0
483842,기말,1,T/F형,1,1.0
483842,기말,1,약술형,1,1.0
483842,기말,1,논술형,0,0.0
483842,기말,1,구술,0,0.0
483842,기말,1,기타,0,0.0
483842,기타,1,객관식,0,0.0
483842,기타,1,주관식,0,0.0
483842,기타,1,T/F형,0,0.0
483842,기타,1,약술형,0,0.0
483842,기타,1,논술형,1,1.0
483842,기타,1,구술,0,0.0
483842,기타,1,기타,0,0.0
484283,중간,2,객관식,2,1.0
484283,중간,2,주관식,2,1.0
484283,중간,2,T/F형,0,0.0
484283,중간,2,약술형,0,0.0
484283,중간,2,논술형,0,0.0
484283,중간,2,구술,0,0.0
484283,중간,2,기타,0,0.0
484381,중간,7,객관식,0,0.0
484381,중간,7,주관식,1,0.142857
484381,중간,7,T/F형,0,0.0
484381,중간,7,약술형,5,0.714286
484381,중간,7,논술형,3,0.428571
484381,중간,7,구술,0,0.0
484381,중간,7,기타,0,0.0
484381,기말,2,객관식,1,0.5
484381,기말,2,주관식,0,0.0
484381,기말,2,T/F형,0,0.0
484381,기말,2,약술형,0,0.0
484381,기말,2,논술형,1,0.5
484381,기말,2,구술,0,0.0
484381,기말,2,기타,0,0.0
484384,중간,19,객관식,0,0.0
484384,중간,19,주관식,13,0.684211
484384,중간,19,T/F형,0,0.0
484384,중간,19,약술형,7,0.368421
484384,중간,19,논술형,5,0.263158
484384,중간,19,구술,1,0.052632
484384,중간,19,기타,0,0.0
484384,기말,15,객관식,0,0.0
484384,기말,15,주관식,5,0.333333
484384,기말,15,T/F형,0,0.0
484384,기말,15,약술형,6,0.4
484384,기말,15,논술형,8,0.533333
484384,기말,15,구술,0,0.0
484384,기말,15,기타,0,0.0
484384,1차,2,객관식,2,1.0
484384,1차,2,주관식,1,0.5
484384,1차,2,T/F형,0,0.0
484384,1차,2,약술형,0,0.0
484384,1차,2,논술형,0,0.0
484384,1차,2,구술,0,0.0
484384,1차,2,기타,0,0.0
484384,2차,1,객관식,0,0.0
484384,2차,1,주관식,0,0.0
484384,2차,1,T/F형,0,0.0
484384,2차,1,약술형,0,0.0
484384,2차,1,논술형,1,1.0
484384,2차,1,구술,0,0.0
484384,2차,1,기타,0,0.0
484384,기타,1,객관식,0,0.0
484384,기타,1,주관식,1,1.0
484384,기타,1,T/F형,0,0.0
484384,기타,1,약술형,0,0.0
484384,기타,1,논술형,0,0.0
484384,기타,1,구술,0,0.0
484384,기타,1,기타,0,0.0
484639,중간,6,객관식,1,0.166667
484639,중간,6,주관식,3,0.5
484639,중간,6,T/F형,4,0.666667
484639,중간,6,약술형,1,0.166667
484639,중간,6,논술형,4,0.666667
484639,중간,6,구술,0,0.0
484639,중간,6,기타,0,0.0
484639,기말,3,객관식,0,0.0
484639,기말,3,주관식,3,1.0
484639,기말,3,T/F형,1,0.333333
484639,기말,3,약술형,1,0.333333
484639,기말,3,논술형,1,0.333333
484639,기말,3,구술,0,0.0
484639,기말,3,기타,0,0.0
484707,기말,1,객관식,0,0.0
484707,기말,1,주관식,0,0.0
484707,기말,1,T/F형,0,0.0
484707,기말,1,약술형,0,0.0
484707,기말,1,논술형,0,0.0
484707,기말,1,구술,0,0.0
484707,기말,1,기타,1,1.0
484752,중간,3,객관식,0,0.0
484752,중간,3,주관식,3,1.0
484752,중간,3,T/F형,0,0.0
484752,중간,3,약술형,0,0.0
484752,중간,3,논술형,1,0.333333
484752,중간,3,구술,0,0.0
484752,중간,3,기타,0,0.0
484752,기말,2,객관식,0,0.0
484752,기말,2,주관식,0,0.0
484752,기말,2,T/F형,0,0.0
484752,기말,2,약술형,0,0.0
484752,기말,2,논술형,1,0.5
484752,기말,2,구술,0,0.0
484752,기말,2,기타,0,0.0
484752,기타,1,객관식,0,0.0
484752,기타,1,주관식,1,1.0
484752,기타,1,T/F형,0,0.0
484752,기타,1,약술형,0,0.0
484752,기타,1,논술형,0,0.0
484752,기타,1,구술,0,0.0
484752,기타,1,기타,0,0.0
484785,기타,1,객관식,0,0.0
484785,기타,1,주관식,0,0.0
484785,기타,1,T/F형,0,0.0
484785,기타,1,약술형,0,0.0
484785,기타,1,논술형,0,0.0
484785,기타,1,구술,0,0.0
484785,기타,1,기타,1,1.0
485115,중간,15,객관식,2,0.133333
485115,중간,15,주관식,12,0.8
485115,중간,15,T/F형,0,0.0
485115,중간,15,약술형,3,0.2
485115,중간,15,논술형,6,0.4
485115,중간,15,구술,0,0.0
485115,중간,15,기타,0,0.0
485115,기말,12,객관식,0,0.0
485115,기말,12,주관식,10,0.833333
485115,기말,12,T/F형,0,0.0
485115,기말,12,약술형,2,0.166667
485115,기말,12,논술형,3,0.25
485115,기말,12,구술,0,0.0
485115,기말,12,기타,0,0.0
485115,4차,1,객관식,1,1.0
485115,4차,1,주관식,0,0.0
485115,4차,1,T/F형,0,0.0
485115,4차,1,약술형,0,0.0
485115,4차,1,논술형,0,0.0
485115,4차,1,구술,0,0.0
485115,4차,1,기타,0,0.0
486349,기말,5,객관식,0,0.0
486349,기말,5,주관식,0,0.0
486349,기말,5,T/F형,0,0.0
486349,기말,5,약술형,5,1.0
486349,기말,5,논술형,1,0.2
486349,기말,5,구술,0,0.0
486349,기말,5,기타,0,0.0
486545,중간,1,객관식,1,1.0
486545,중간,1,주관식,1,1.0
486545,중간,1,T/F형,0,0.0
486545,중간,1,약술형,1,1.0
486545,중간,1,논술형,1,1.0
486545,중간,1,구술,0,0.0
486545,중간,1,기타,0,0.0
486702,중간,10,객관식,0,0.0
486702,중간,10,주관식,2,0.2
486702,중간,10,T/F형,0,0.0
486702,중간,10,약술형,0,0.0
486702,중간,10,논술형,8,0.8
486702,중간,10,구술,0,0.0
486702,중간,10,기타,1,0.1
486702,기말,10,객관식,0,0.0
486702,기말,10,주관식,3,0.3
486702,기말,10,T/F형,0,0.0
486702,기말,10,약술형,1,0.1
486702,기말,10,논술형,8,0.8
486702,기말,10,구술,0,0.0
486702,기말,10,기타,0,0.0
486867,중간,1,객관식,0,0.0
486867,중간,1,주관식,1,1.0
486867,중간,1,T/F형,0,0.0
486867,중간,1,약술형,1,1.0
486867,중간,1,논술형,0,0.0
486867,중간,1,구술,0,0.0
486867,중간,1,기타,0,0.0
486868,중간,2,객관식,0,0.0
486868,중간,2,주관식,1,0.5
486868,중간,2,T/F형,0,0.0
486868,중간,2,약술형,2,1.0
486868,중간,2,논술형,0,0.0
486868,중간,2,구술,0,0.0
486868,중간,2,기타,1,0.5
486868,기말,6,객관식,0,0.0
486868,기말,6,주관식,3,0.5
486868,기말,6,T/F형,0,0.0
486868,기말,6,약술형,3,0.5
486868,기말,6,논술형,3,0.5
486868,기말,6,구술,0,0.0
486868,기말,6,기타,0,0.0
487142,기말,4,객관식,0,0.0
487142,기말,4,주관식,2,0.5
487142,기말,4,T/F형,0,0.0
487142,기말,4,약술형,0,0.0
487142,기말,4,논술형,3,0.75
487142,기말,4,구술,0,0.0
487142,기말,4,기타,0,0.0
487531,중간,31,객관식,1,0.032258
487531,중간,31,주관식,9,0.290323
487531,중간,31,T/F형,0,0.0
487531,중간,31,약술형,22,0.709677
487531,중간,31,논술형,9,0.290323
487531,중간,31,구술,2,0.064516
487531,중간,31,기타,0,0.0
487531,기말,24,객관식,0,0.0
487531,기말,24,주관식,8,0.333333
487531,기말,24,T/F형,0,0.0
487531,기말,24,약술형,15,0.625
487531,기말,24,논술형,13,0.541667
487531,기말,24,구술,0,0.0
487531,기말,24,기타,0,0.0
488935,중간,30,객관식,29,0.966667
488935,중간,30,주관식,29,0.966667
488935,중간,30,T/F형,9,0.3
488935,중간,30,약술형,7,0.233333
488935,중간,30,논술형,4,0.133333
488935,중간,30,구술,0,0.0
488935,중간,30,기타,0,0.0
488935,기말,10,객관식,9,0.9
488935,기말,10,주관식,9,0.9
488935,기말,10,T/F형,0,0.0
488935,기말,10,약술형,5,0.5
488935,기말,10,논술형,4,0.4
488935,기말,10,구술,0,0.0
488935,기말,10,기타,0,0.0
488949,중간,11,객관식,0,0.0
488949,중간,11,주관식,6,0.545455
488949,중간,11,T/F형,0,0.0
488949,중간,11,약술형,0,0.0
488949,중간,11,논술형,5,0.454545
488949,중간,11,구술,0,0.0
488949,중간,11,기타,0,0.0
488949,기말,4,객관식,0,0.0
488949,기말,4,주관식,2,0.5
488949,기말,4,T/F형,0,0.0
488949,기말,4,약술형,0,0.0
488949,기말,4,논술형,1,0.25
488949,기말,4,구술,0,0.0
488949,기말,4,기타,0,0.0
488969,중간,3,객관식,0,0.0
488969,중간,3,주관식,2,0.666667
488969,중간,3,T/F형,1,0.333333
488969,중간,3,약술형,0,0.0
488969,중간,3,논술형,1,0.333333
488969,중간,3,구술,0,0.0
488969,중간,3,기타,0,0.0
488969,기말,1,객관식,0,0.0
488969,기말,1,주관식,0,0.0
488969,기말,1,T/F형,1,1.0
488969,기말,1,약술형,0,0.0
488969,기말,1,논술형,1,1.0
488969,기말,1,구술,0,0.0
488969,기말,1,기타,0,0.0
488969,1차,2,객관식,1,0.5
488969,1차,2,주관식,1,0.5
488969,1차,2,T/F형,1,0.5
488969,1차,2,약술형,0,0.0
488969,1차,2,논술형,1,0.5
488969,1차,2,구술,0,0.0
488969,1차,2,기타,0,0.0
489006,중간,5,객관식,0,0.0
489006,중간,5,주관식,4,0.8
489006,중간,5,T/F형,3,0.6
489006,중간,5,약술형,1,0.2
489006,중간,5,논술형,2,0.4
489006,중간,5,구술,0,0.0
489006,중간,5,기타,0,0.0
489006,기말,5,객관식,1,0.2
489006,기말,5,주관식,5,1.0
489006,기말,5,T/F형,3,0.6
489006,기말,5,약술형,1,0.2
489006,기말,5,논술형,0,0.0
489006,기말,5,구술,0,0.0
489006,기말,5,기타,0,0.0
490405,중간,20,객관식,4,0.2
490405,중간,20,주관식,17,0.85
490405,중간,20,T/F형,2,0.1
490405,중간,20,약술형,2,0.1
490405,중간,20,논술형,5,0.25
490405,중간,20,구술,0,0.0
490405,중간,20,기타,2,0.1
490405,기말,7,객관식,0,0.0
490405,기말,7,주관식,3,0.428571
490405,기말,7,T/F형,0,0.0
490405,기말,7,약술형,1,0.142857
490405,기말,7,논술형,0,0.0
490405,기말,7,구술,0,0.0
490405,기말,7,기타,1,0.142857
490996,중간,8,객관식,1,0.125
490996,중간,8,주관식,6,0.75
490996,중간,8,T/F형,0,0.0
490996,중간,8,약술형,1,0.125
490996,중간,8,논술형,2,0.25
490996,중간,8,구술,0,0.0
490996,중간,8,기타,0,0.0
490996,기말,6,객관식,0,0.0
490996,기말,6,주관식,5,0.833333
490996,기말,6,T/F형,0,0.0
490996,기말,6,약술형,0,0.0
490996,기말,6,논술형,1,0.166667
490996,기말,6,구술,0,0.0
490996,기말,6,기타,0,0.0
490997,기말,1,객관식,0,0.0
490997,기말,1,주관식,1,1.0
490997,기말,1,T/F형,0,0.0
490997,기말,1,약술형,0,0.0
490997,기말,1,논술형,0,0.0
490997,기말,1,구술,0,0.0
490997,기말,1,기타,0,0.0
491020,중간,4,객관식,4,1.0
491020,중간,4,주관식,0,0.0
491020,중간,4,T/F형,0,0.0
491020,중간,4,약술형,0,0.0
491020,중간,4,논술형,0,0.0
491020,중간,4,구술,0,0.0
491020,중간,4,기타,0,0.0
491020,기말,1,객관식,0,0.0
491020,기말,1,주관식,1,1.0
491020,기말,1,T/F형,0,0.0
491020,기말,1,약술형,0,0.0
491020,기말,1,논술형,0,0.0
491020,기말,1,구술,0,0.0
491020,기말,1,기타,0,0.0
491048,중간,5,객관식,4,0.8
491048,중간,5,주관식,4,0.8
491048,중간,5,T/F형,4,0.8
491048,중간,5,약술형,2,0.4
491048,중간,5,논술형,1,0.2
491048,중간,5,구술,0,0.0
491048,중간,5,기타,0,0.0
491048,기말,3,객관식,3,1.0
491048,기말,3,주관식,1,0.333333
491048,기말,3,T/F형,1,0.333333
491048,기말,3,약술형,1,0.333333
491048,기말,3,논술형,0,0.0
491048,기말,3,구술,0,0.0
491048,기말,3,기타,1,0.333333
491048,1차,1,객관식,1,1.0
491048,1차,1,주관식,0,0.0
491048,1차,1,T/F형,0,0.0
491048,1차,1,약술형,0,0.0
491048,1차,1,논술형,0,0.0
491048,1차,1,구술,0,0.0
491048,1차,1,기타,0,0.0
491239,중간,1,객관식,0,0.0
491239,중간,1,주관식,0,0.0
491239,중간,1,T/F형,0,0.0
491239,중간,1,약술형,0,0.0
491239,중간,1,논술형,1,1.0
491239,중간,1,구술,0,0.0
491239,중간,1,기타,0,0.0
491239,기말,22,객관식,0,0.0
491239,기말,22,주관식,4,0.181818
491239,기말,22,T/F형,0,0.0
491239,기말,22,약술형,1,0.045455
491239,기말,22,논술형,18,0.818182
491239,기말,22,구술,0,0.0
491239,기말,22,기타,0,0.0
491498,기말,4,객관식,3,0.75
491498,기말,4,주관식,3,0.75
491498,기말,4,T/F형,0,0.0
491498,기말,4,약술형,1,0.25
491498,기말,4,논술형,4,1.0
491498,기말,4,구술,0,0.0
491498,기말,4,기타,0,0.0
491552,중간,3,객관식,1,0.333333
491552,중간,3,주관식,0,0.0
491552,중간,3,T/F형,0,0.0
491552,중간,3,약술형,0,0.0
491552,중간,3,논술형,0,0.0
491552,중간,3,구술,0,0.0
491552,중간,3,기타,1,0.333333
491552,기말,3,객관식,0,0.0
491552,기말,3,주관식,0,0.0
491552,기말,3,T/F형,0,0.0
491552,기말,3,약술형,0,0.0
491552,기말,3,논술형,0,0.0
491552,기말,3,구술,0,0.0
491552,기말,3,기타,3,1.0
491552,1차,3,객관식,0,0.0
491552,1차,3,주관식,0,0.0
491552,1차,3,T/F형,0,0.0
491552,1차,3,약술형,0,0.0
491552,1차,3,논술형,0,0.0
491552,1차,3,구술,0,0.0
491552,1차,3,기타,3,1.0
491552,기타,21,객관식,0,0.0
491552,기타,21,주관식,1,0.047619
491552,기타,21,T/F형,0,0.0
491552,기타,21,약술형,1,0.047619
491552,기타,21,논술형,1,0.047619
491552,기타,21,구술,0,0.0
491552,기타,21,기타,18,0.857143
491585,중간,1,객관식,0,0.0
491585,중간,1,주관식,1,1.0
491585,중간,1,T/F형,0,0.0
491585,중간,1,약술형,0,0.0
491585,중간,1,논술형,0,0.0
491585,중간,1,구술,0,0.0
491585,중간,1,기타,0,0.0
491585,기말,2,객관식,1,0.5
491585,기말,2,주관식,2,1.0
491585,기말,2,T/F형,0,0.0
491585,기말,2,약술형,1,0.5
491585,기말,2,논술형,1,0.5
491585,기말,2,구술,0,0.0
491585,기말,2,기타,0,0.0
50763,중간,5,객관식,1,0.2
50763,중간,5,주관식,3,0.6
50763,중간,5,T/F형,0,0.0
50763,중간,5,약술형,2,0.4
50763,중간,5,논술형,3,0.6
50763,중간,5,구술,0,0.0
50763,중간,5,기타,0,0.0
50804,중간,4,객관식,0,0.0
50804,중간,4,주관식,0,0.0
50804,중간,4,T/F형,0,0.0
50804,중간,4,약술형,0,0.0
50804,중간,4,논술형,4,1.0
50804,중간,4,구술,0,0.0
50804,중간,4,기타,0,0.0
50804,기말,5,객관식,0,0.0
50804,기말,5,주관식,0,0.0
50804,기말,5,T/F형,0,0.0
50804,기말,5,약술형,0,0.0
50804,기말,5,논술형,4,0.8
50804,기말,5,구술,0,0.0
50804,기말,5,기타,1,0.2
77401,중간,2,객관식,0,0.0
77401,중간,2,주관식,1,0.5
77401,중간,2,T/F형,0,0.0
77401,중간,2,약술형,0,0.0
77401,중간,2,논술형,1,0.5
77401,중간,2,구술,0,0.0
77401,중간,2,기타,0,0.0
77401,기말,3,객관식,0,0.0
77401,기말,3,주관식,0,0.0
77401,기말,3,T/F형,0,0.0
77401,기말,3,약술형,0,0.0
77401,기말,3,논술형,2,0.666667
77401,기말,3,구술,0,0.0
77401,기말,3,기타,1,0.333333
77401,4차,1,객관식,0,0.0
77401,4차,1,주관식,0,0.0
77401,4차,1,T/F형,0,0.0
77401,4차,1,약술형,0,0.0
77401,4차,1,논술형,0,0.0
77401,4차,1,구술,0,0.0
77401,4차,1,기타,1,1.0
77401,기타,5,객관식,0,0.0
77401,기타,5,주관식,0,0.0
77401,기타,5,T/F형,0,0.0
77401,기타,5,약술형,0,0.0
77401,기타,5,논술형,3,0.6
77401,기타,5,구술,0,0.0
77401,기타,5,기타,2,0.4
77435,중간,1,객관식,0,0.0
77435,중간,1,주관식,0,0.0
77435,중간,1,T/F형,0,0.0
77435,중간,1,약술형,0,0.0
77435,중간,1,논술형,1,1.0
77435,중간,1,구술,0,0.0
77435,중간,1,기타,0,0.0
77435,기말,1,객관식,0,0.0
77435,기말,1,주관식,0,0.0
77435,기말,1,T/F형,0,0.0
77435,기말,1,약술형,0,0.0
77435,기말,1,논술형,1,1.0
77435,기말,1,구술,0,0.0
77435,기말,1,기타,0,0.0
77445,중간,12,객관식,1,0.083333
77445,중간,12,주관식,5,0.416667
77445,중간,12,T/F형,0,0.0
77445,중간,12,약술형,3,0.25
77445,중간,12,논술형,5,0.416667
77445,중간,12,구술,0,0.0
77445,중간,12,기타,0,0.0
77445,기말,3,객관식,0,0.0
77445,기말,3,주관식,1,0.333333
77445,기말,3,T/F형,0,0.0
77445,기말,3,약술형,1,0.333333
77445,기말,3,논술형,2,0.666667
77445,기말,3,구술,0,0.0
77445,기말,3,기타,0,0.0
77446,중간,4,객관식,0,0.0
77446,중간,4,주관식,4,1.0
77446,중간,4,T/F형,0,0.0
77446,중간,4,약술형,1,0.25
77446,중간,4,논술형,0,0.0
77446,중간,4,구술,0,0.0
77446,중간,4,기타,0,0.0
77446,기말,1,객관식,0,0.0
77446,기말,1,주관식,1,1.0
77446,기말,1,T/F형,0,0.0
77446,기말,1,약술형,1,1.0
77446,기말,1,논술형,0,0.0
77446,기말,1,구술,0,0.0
77446,기말,1,기타,0,0.0
77448,중간,7,객관식,0,0.0
77448,중간,7,주관식,6,0.857143
77448,중간,7,T/F형,0,0.0
77448,중간,7,약술형,2,0.285714
77448,중간,7,논술형,1,0.142857
77448,중간,7,구술,0,0.0
77448,중간,7,기타,0,0.0
77448,기말,2,객관식,0,0.0
77448,기말,2,주관식,2,1.0
77448,기말,2,T/F형,0,0.0
77448,기말,2,약술형,0,0.0
77448,기말,2,논술형,1,0.5
77448,기말,2,구술,0,0.0
77448,기말,2,기타,0,0.0
77452,중간,13,객관식,1,0.076923
77452,중간,13,주관식,10,0.769231
77452,중간,13,T/F형,0,0.0
77452,중간,13,약술형,0,0.0
77452,중간,13,논술형,3,0.230769
77452,중간,13,구술,0,0.0
77452,중간,13,기타,0,0.0
77452,기말,5,객관식,0,0.0
77452,기말,5,주관식,4,0.8
77452,기말,5,T/F형,0,0.0
77452,기말,5,약술형,0,0.0
77452,기말,5,논술형,0,0.0
77452,기말,5,구술,0,0.0
77452,기말,5,기타,0,0.0
77452,2차,1,객관식,0,0.0
77452,2차,1,주관식,1,1.0
77452,2차,1,T/F형,0,0.0
77452,2차,1,약술형,0,0.0
77452,2차,1,논술형,0,0.0
77452,2차,1,구술,0,0.0
77452,2차,1,기타,0,0.0
77500,중간,11,객관식,7,0.636364
77500,중간,11,주관식,7,0.636364
77500,중간,11,T/F형,0,0.0
77500,중간,11,약술형,1,0.090909
77500,중간,11,논술형,4,0.363636
77500,중간,11,구술,0,0.0
77500,중간,11,기타,0,0.0
77500,기말,13,객관식,1,0.076923
77500,기말,13,주관식,7,0.538462
77500,기말,13,T/F형,0,0.0
77500,기말,13,약술형,5,0.384615
77500,기말,13,논술형,5,0.384615
77500,기말,13,구술,0,0.0
77500,기말,13,기타,0,0.0
77565,기말,9,객관식,0,0.0
77565,기말,9,주관식,8,0.888889
77565,기말,9,T/F형,0,0.0
77565,기말,9,약술형,2,0.222222
77565,기말,9,논술형,2,0.222222
77565,기말,9,구술,0,0.0
77565,기말,9,기타,0,0.0
77566,중간,5,객관식,0,0.0
77566,중간,5,주관식,0,0.0
77566,중간,5,T/F형,0,0.0
77566,중간,5,약술형,0,0.0
77566,중간,5,논술형,5,1.0
77566,중간,5,구술,0,0.0
77566,중간,5,기타,0,0.0
77571,중간,19,객관식,16,0.842105
77571,중간,19,주관식,9,0.473684
77571,중간,19,T/F형,14,0.736842
77571,중간,19,약술형,1,0.052632
77571,중간,19,논술형,8,0.421053
77571,중간,19,구술,0,0.0
77571,중간,19,기타,1,0.052632
77571,기말,2,객관식,2,1.0
77571,기말,2,주관식,2,1.0
77571,기말,2,T/F형,2,1.0
77571,기말,2,약술형,1,0.5
77571,기말,2,논술형,0,0.0
77571,기말,2,구술,0,0.0
77571,기말,2,기타,0,0.0
77582,중간,21,객관식,18,0.857143
77582,중간,21,주관식,16,0.761905
77582,중간,21,T/F형,1,0.047619
77582,중간,21,약술형,0,0.0
77582,중간,21,논술형,0,0.0
77582,중간,21,구술,0,0.0
77582,중간,21,기타,0,0.0
77582,기말,11,객관식,11,1.0
77582,기말,11,주관식,4,0.363636
77582,기말,11,T/F형,0,0.0
77582,기말,11,약술형,0,0.0
77582,기말,11,논술형,0,0.0
77582,기말,11,구술,0,0.0
77582,기말,11,기타,0,0.0
77582,1차,2,객관식,2,1.0
77582,1차,2,주관식,1,0.5
77582,1차,2,T/F형,0,0.0
77582,1차,2,약술형,0,0.0
77582,1차,2,논술형,0,0.0
77582,1차,2,구술,0,0.0
77582,1차,2,기타,0,0.0
77582,2차,1,객관식,0,0.0
77582,2차,1,주관식,0,0.0
77582,2차,1,T/F형,0,0.0
77582,2차,1,약술형,0,0.0
77582,2차,1,논술형,0,0.0
77582,2차,1,구술,0,0.0
77582,2차,1,기타,1,1.0
77582,3차,1,객관식,1,1.0
77582,3차,1,주관식,1,1.0
77582,3차,1,T/F형,0,0.0
77582,3차,1,약술형,0,0.0
77582,3차,1,논술형,0,0.0
77582,3차,1,구술,0,0.0
77582,3차,1,기타,0,0.0
77582,기타,1,객관식,0,0.0
77582,기타,1,주관식,1,1.0
77582,기타,1,T/F형,0,0.0
77582,기타,1,약술형,0,0.0
77582,기타,1,논술형,0,0.0
77582,기타,1,구술,0,0.0
77582,기타,1,기타,0,0.0
77679,중간,8,객관식,2,0.25
77679,중간,8,주관식,8,1.0
77679,중간,8,T/F형,6,0.75
77679,중간,8,약술형,2,0.25
77679,중간,8,논술형,0,0.0
77679,중간,8,구술,0,0.0
77679,중간,8,기타,0,0.0
77679,기말,2,객관식,0,0.0
77679,기말,2,주관식,1,0.5
77679,기말,2,T/F형,1,0.5
77679,기말,2,약술형,0,0.0
77679,기말,2,논술형,1,0.5
77679,기말,2,구술,0,0.0
77679,기말,2,기타,0,0.0
77692,중간,10,객관식,10,1.0
77692,중간,10,주관식,9,0.9
77692,중간,10,T/F형,0,0.0
77692,중간,10,약술형,6,0.6
77692,중간,10,논술형,3,0.3
77692,중간,10,구술,0,0.0
77692,중간,10,기타,0,0.0
77692,기말,5,객관식,5,1.0
77692,기말,5,주관식,5,1.0
77692,기말,5,T/F형,0,0.0
77692,기말,5,약술형,2,0.4
77692,기말,5,논술형,2,0.4
77692,기말,5,구술,0,0.0
77692,기말,5,기타,0,0.0
77837,중간,7,객관식,0,0.0
77837,중간,7,주관식,4,0.571429
77837,중간,7,T/F형,0,0.0
77837,중간,7,약술형,1,0.142857
77837,중간,7,논술형,1,0.142857
77837,중간,7,구술,0,0.0
77837,중간,7,기타,0,0.0
77837,기말,2,객관식,0,0.0
77837,기말,2,주관식,2,1.0
77837,기말,2,T/F형,0,0.0
77837,기말,2,약술형,1,0.5
77837,기말,2,논술형,1,0.5
77837,기말,2,구술,0,0.0
77837,기말,2,기타,0,0.0
77840,중간,3,객관식,0,0.0
77840,중간,3,주관식,2,0.666667
77840,중간,3,T/F형,0,0.0
77840,중간,3,약술형,0,0.0
77840,중간,3,논술형,2,0.666667
77840,중간,3,구술,0,0.0
77840,중간,3,기타,0,0.0
77840,기말,1,객관식,0,0.0
77840,기말,1,주관식,0,0.0
77840,기말,1,T/F형,0,0.0
77840,기말,1,약술형,0,0.0
77840,기말,1,논술형,1,1.0
77840,기말,1,구술,0,0.0
77840,기말,1,기타,0,0.0
77855,중간,5,객관식,2,0.4
77855,중간,5,주관식,4,0.8
77855,중간,5,T/F형,0,0.0
77855,중간,5,약술형,2,0.4
77855,중간,5,논술형,4,0.8
77855,중간,5,구술,0,0.0
77855,중간,5,기타,1,0.2
77855,기말,3,객관식,0,0.0
77855,기말,3,주관식,3,1.0
77855,기말,3,T/F형,0,0.0
77855,기말,3,약술형,2,0.666667
77855,기말,3,논술형,1,0.333333
77855,기말,3,구술,0,0.0
77855,기말,3,기타,0,0.0
77884,중간,15,객관식,5,0.333333
77884,중간,15,주관식,12,0.8
77884,중간,15,T/F형,1,0.066667
77884,중간,15,약술형,5,0.333333
77884,중간,15,논술형,2,0.133333
77884,중간,15,구술,0,0.0
77884,중간,15,기타,0,0.0
77884,기말,11,객관식,1,0.090909
77884,기말,11,주관식,9,0.818182
77884,기말,11,T/F형,0,0.0
77884,기말,11,약술형,3,0.272727
77884,기말,11,논술형,4,0.363636
77884,기말,11,구술,0,0.0
77884,기말,11,기타,0,0.0
77897,중간,18,객관식,15,0.833333
77897,중간,18,주관식,15,0.833333
77897,중간,18,T/F형,15,0.833333
77897,중간,18,약술형,6,0.333333
77897,중간,18,논술형,8,0.444444
77897,중간,18,구술,0,0.0
77897,중간,18,기타,0,0.0
77897,기말,9,객관식,7,0.777778
77897,기말,9,주관식,9,1.0
77897,기말,9,T/F형,4,0.444444
77897,기말,9,약술형,3,0.333333
77897,기말,9,논술형,5,0.555556
77897,기말,9,구술,0,0.0
77897,기말,9,기타,1,0.111111
77911,중간,26,객관식,26,1.0
77911,중간,26,주관식,17,0.653846
77911,중간,26,T/F형,1,0.038462
77911,중간,26,약술형,7,0.269231
77911,중간,26,논술형,5,0.192308
77911,중간,26,구술,0,0.0
77911,중간,26,기타,0,0.0
77911,기말,16,객관식,15,0.9375
77911,기말,16,주관식,6,0.375
77911,기말,16,T/F형,0,0.0
77911,기말,16,약술형,1,0.0625
77911,기말,16,논술형,0,0.0
77911,기말,16,구술,0,0.0
77911,기말,16,기타,0,0.0
77947,중간,7,객관식,0,0.0
77947,중간,7,주관식,5,0.714286
77947,중간,7,T/F형,0,0.0
77947,중간,7,약술형,1,0.142857
77947,중간,7,논술형,4,0.571429
77947,중간,7,구술,0,0.0
77947,중간,7,기타,0,0.0
77947,기말,3,객관식,0,0.0
77947,기말,3,주관식,3,1.0
77947,기말,3,T/F형,0,0.0
77947,기말,3,약술형,0,0.0
77947,기말,3,논술형,0,0.0
77947,기말,3,구술,0,0.0
77947,기말,3,기타,0,0.0
77948,중간,10,객관식,0,0.0
77948,중간,10,주관식,9,0.9
77948,중간,10,T/F형,0,0.0
77948,중간,10,약술형,0,0.0
77948,중간,10,논술형,2,0.2
77948,중간,10,구술,0,0.0
77948,중간,10,기타,0,0.0
77948,기말,2,객관식,0,0.0
77948,기말,2,주관식,1,0.5
77948,기말,2,T/F형,0,0.0
77948,기말,2,약술형,0,0.0
77948,기말,2,논술형,1,0.5
77948,기말,2,구술,0,0.0
77948,기말,2,기타,0,0.0
77952,중간,24,객관식,1,0.041667
77952,중간,24,주관식,16,0.666667
77952,중간,24,T/F형,0,0.0
77952,중간,24,약술형,2,0.083333
77952,중간,24,논술형,9,0.375
77952,중간,24,구술,0,0.0
77952,중간,24,기타,0,0.0
77952,기말,13,객관식,1,0.076923
77952,기말,13,주관식,9,0.692308
77952,기말,13,T/F형,1,0.076923
77952,기말,13,약술형,1,0.076923
77952,기말,13,논술형,3,0.230769
77952,기말,13,구술,0,0.0
77952,기말,13,기타,0,0.0
77957,중간,3,객관식,0,0.0
77957,중간,3,주관식,3,1.0
77957,중간,3,T/F형,0,0.0
77957,중간,3,약술형,1,0.333333
77957,중간,3,논술형,1,0.333333
77957,중간,3,구술,0,0.0
77957,중간,3,기타,0,0.0
77957,기말,1,객관식,0,0.0
77957,기말,1,주관식,1,1.0
77957,기말,1,T/F형,0,0.0
77957,기말,1,약술형,0,0.0
77957,기말,1,논술형,1,1.0
77957,기말,1,구술,0,0.0
77957,기말,1,기타,0,0.0
77957,2차,1,객관식,1,1.0
77957,2차,1,주관식,1,1.0
77957,2차,1,T/F형,0,0.0
77957,2차,1,약술형,0,0.0
77957,2차,1,논술형,1,1.0
77957,2차,1,구술,0,0.0
77957,2차,1,기타,0,0.0
77983,중간,4,객관식,1,0.25
77983,중간,4,주관식,3,0.75
77983,중간,4,T/F형,0,0.0
77983,중간,4,약술형,0,0.0
77983,중간,4,논술형,0,0.0
77983,중간,4,구술,0,0.0
77983,중간,4,기타,0,0.0
78004,중간,2,객관식,1,0.5
78004,중간,2,주관식,1,0.5
78004,중간,2,T/F형,0,0.0
78004,중간,2,약술형,0,0.0
78004,중간,2,논술형,0,0.0
78004,중간,2,구술,0,0.0
78004,중간,2,기타,0,0.0
78004,기말,2,객관식,0,0.0
78004,기말,2,주관식,2,1.0
78004,기말,2,T/F형,0,0.0
78004,기말,2,약술형,0,0.0
78004,기말,2,논술형,0,0.0
78004,기말,2,구술,0,0.0
78004,기말,2,기타,0,0.0
78013,중간,4,객관식,0,0.0
78013,중간,4,주관식,1,0.25
78013,중간,4,T/F형,0,0.0
78013,중간,4,약술형,0,0.0
78013,중간,4,논술형,4,1.0
78013,중간,4,구술,0,0.0
78013,중간,4,기타,1,0.25
78013,기말,3,객관식,0,0.0
78013,기말,3,주관식,0,0.0
78013,기말,3,T/F형,0,0.0
78013,기말,3,약술형,0,0.0
78013,기말,3,논술형,3,1.0
78013,기말,3,구술,0,0.0
78013,기말,3,기타,0,0.0
78018,중간,5,객관식,3,0.6
78018,중간,5,주관식,4,0.8
78018,중간,5,T/F형,0,0.0
78018,중간,5,약술형,2,0.4
78018,중간,5,논술형,1,0.2
78018,중간,5,구술,0,0.0
78018,중간,5,기타,0,0.0
78018,기말,4,객관식,1,0.25
78018,기말,4,주관식,3,0.75
78018,기말,4,T/F형,0,0.0
78018,기말,4,약술형,1,0.25
78018,기말,4,논술형,0,0.0
78018,기말,4,구술,0,0.0
78018,기말,4,기타,0,0.0
78018,기타,1,객관식,0,0.0
78018,기타,1,주관식,1,1.0
78018,기타,1,T/F형,0,0.0
78018,기타,1,약술형,0,0.0
78018,기타,1,논술형,0,0.0
78018,기타,1,구술,0,0.0
78018,기타,1,기타,0,0.0
78045,중간,11,객관식,0,0.0
78045,중간,11,주관식,3,0.272727
78045,중간,11,T/F형,0,0.0
78045,중간,11,약술형,0,0.0
78045,중간,11,논술형,9,0.818182
78045,중간,11,구술,0,0.0
78045,중간,11,기타,0,0.0
78045,기말,6,객관식,0,0.0
78045,기말,6,주관식,0,0.0
78045,기말,6,T/F형,0,0.0
78045,기말,6,약술형,0,0.0
78045,기말,6,논술형,5,0.833333
78045,기말,6,구술,0,0.0
78045,기말,6,기타,0,0.0
78054,중간,23,객관식,19,0.826087
78054,중간,23,주관식,21,0.913043
78054,중간,23,T/F형,0,0.0
78054,중간,23,약술형,3,0.130435
78054,중간,23,논술형,1,0.043478
78054,중간,23,구술,1,0.043478
78054,중간,23,기타,0,0.0
78054,기말,21,객관식,14,0.666667
78054,기말,21,주관식,16,0.761905
78054,기말,21,T/F형,0,0.0
78054,기말,21,약술형,3,0.142857
78054,기말,21,논술형,5,0.238095
78054,기말,21,구술,0,0.0
78054,기말,21,기타,1,0.047619
78056,중간,6,객관식,5,0.833333
78056,중간,6,주관식,5,0.833333
78056,중간,6,T/F형,3,0.5
78056,중간,6,약술형,1,0.166667
78056,중간,6,논술형,0,0.0
78056,중간,6,구술,0,0.0
78056,중간,6,기타,0,0.0
78056,기말,3,객관식,1,0.333333
78056,기말,3,주관식,2,0.666667
78056,기말,3,T/F형,0,0.0
78056,기말,3,약술형,2,0.666667
78056,기말,3,논술형,2,0.666667
78056,기말,3,구술,0,0.0
78056,기말,3,기타,0,0.0
78056,2차,1,객관식,1,1.0
78056,2차,1,주관식,1,1.0
78056,2차,1,T/F형,1,1.0
78056,2차,1,약술형,0,0.0
78056,2차,1,논술형,0,0.0
78056,2차,1,구술,0,0.0
78056,2차,1,기타,0,0.0
78059,중간,19,객관식,6,0.315789
78059,중간,19,주관식,19,1.0
78059,중간,19,T/F형,0,0.0
78059,중간,19,약술형,3,0.157895
78059,중간,19,논술형,1,0.052632
78059,중간,19,구술,0,0.0
78059,중간,19,기타,0,0.0
78059,기말,8,객관식,2,0.25
78059,기말,8,주관식,7,0.875
78059,기말,8,T/F형,0,0.0
78059,기말,8,약술형,1,0.125
78059,기말,8,논술형,1,0.125
78059,기말,8,구술,0,0.0
78059,기말,8,기타,0,0.0
78093,기말,1,객관식,0,0.0
78093,기말,1,주관식,0,0.0
78093,기말,1,T/F형,0,0.0
78093,기말,1,약술형,0,0.0
78093,기말,1,논술형,0,0.0
78093,기말,1,구술,0,0.0
78093,기말,1,기타,1,1.0
78111,중간,3,객관식,0,0.0
78111,중간,3,주관식,0,0.0
78111,중간,3,T/F형,0,0.0
78111,중간,3,약술형,3,1.0
78111,중간,3,논술형,2,0.666667
78111,중간,3,구술,1,0.333333
78111,중간,3,기타,0,0.0
78111,기말,4,객관식,3,0.75
78111,기말,4,주관식,2,0.5
78111,기말,4,T/F형,0,0.0
78111,기말,4,약술형,3,0.75
78111,기말,4,논술형,1,0.25
78111,기말,4,구술,0,0.0
78111,기말,4,기타,0,0.0
78143,중간,11,객관식,1,0.090909
78143,중간,11,주관식,6,0.545455
78143,중간,11,T/F형,0,0.0
78143,중간,11,약술형,0,0.0
78143,중간,11,논술형,5,0.454545
78143,중간,11,구술,0,0.0
78143,중간,11,기타,0,0.0
78143,기말,1,객관식,0,0.0
78143,기말,1,주관식,1,1.0
78143,기말,1,T/F형,0,0.0
78143,기말,1,약술형,0,0.0
78143,기말,1,논술형,0,0.0
78143,기말,1,구술,0,0.0
78143,기말,1,기타,0,0.0
78143,2차,1,객관식,0,0.0
78143,2차,1,주관식,1,1.0
78143,2차,1,T/F형,0,0.0
78143,2차,1,약술형,1,1.0
78143,2차,1,논술형,1,1.0
78143,2차,1,구술,0,0.0
78143,2차,1,기타,0,0.0
78152,기말,4,객관식,4,1.0
78152,기말,4,주관식,4,1.0
78152,기말,4,T/F형,0,0.0
78152,기말,4,약술형,0,0.0
78152,기말,4,논술형,1,0.25
78152,기말,4,구술,0,0.0
78152,기말,4,기타,0,0.0
78154,기말,1,객관식,1,1.0
78154,기말,1,주관식,1,1.0
78154,기말,1,T/F형,0,0.0
78154,기말,1,약술형,0,0.0
78154,기말,1,논술형,0,0.0
78154,기말,1,구술,0,0.0
78154,기말,1,기타,0,0.0
78161,중간,9,객관식,0,0.0
78161,중간,9,주관식,7,0.777778
78161,중간,9,T/F형,0,0.0
78161,중간,9,약술형,2,0.222222
78161,중간,9,논술형,4,0.444444
78161,중간,9,구술,0,0.0
78161,중간,9,기타,0,0.0
78161,기말,5,객관식,0,0.0
78161,기말,5,주관식,4,0.8
78161,기말,5,T/F형,0,0.0
78161,기말,5,약술형,1,0.2
78161,기말,5,논술형,1,0.2
78161,기말,5,구술,0,0.0
78161,기말,5,기타,0,0.0
78168,중간,1,객관식,1,1.0
78168,중간,1,주관식,0,0.0
78168,중간,1,T/F형,1,1.0
78168,중간,1,약술형,0,0.0
78168,중간,1,논술형,1,1.0
78168,중간,1,구술,0,0.0
78168,중간,1,기타,0,0.0
78168,기타,1,객관식,1,1.0
78168,기타,1,주관식,0,0.0
78168,기타,1,T/F형,0,0.0
78168,기타,1,약술형,0,0.0
78168,기타,1,논술형,0,0.0
78168,기타,1,구술,0,0.0
78168,기타,1,기타,0,0.0
78169,중간,9,객관식,7,0.777778
78169,중간,9,주관식,8,0.888889
78169,중간,9,T/F형,7,0.777778
78169,중간,9,약술형,2,0.222222
78169,중간,9,논술형,1,0.111111
78169,중간,9,구술,0,0.0
78169,중간,9,기타,0,0.0
78169,기말,4,객관식,2,0.5
78169,기말,4,주관식,2,0.5
78169,기말,4,T/F형,2,0.5
78169,기말,4,약술형,1,0.25
78169,기말,4,논술형,0,0.0
78169,기말,4,구술,0,0.0
78169,기말,4,기타,0,0.0
78174,기말,1,객관식,1,1.0
78174,기말,1,주관식,1,1.0
78174,기말,1,T/F형,0,0.0
78174,기말,1,약술형,0,0.0
78174,기말,1,논술형,0,0.0
78174,기말,1,구술,0,0.0
78174,기말,1,기타,0,0.0
78183,중간,12,객관식,0,0.0
78183,중간,12,주관식,9,0.75
78183,중간,12,T/F형,0,0.0
78183,중간,12,약술형,2,0.166667
78183,중간,12,논술형,1,0.083333
78183,중간,12,구술,0,0.0
78183,중간,12,기타,0,0.0
78183,기말,16,객관식,0,0.0
78183,기말,16,주관식,4,0.25
78183,기말,16,T/F형,0,0.0
78183,기말,16,약술형,1,0.0625
78183,기말,16,논술형,11,0.6875
78183,기말,16,구술,0,0.0
78183,기말,16,기타,0,0.0
78233,중간,3,객관식,0,0.0
78233,중간,3,주관식,2,0.666667
78233,중간,3,T/F형,0,0.0
78233,중간,3,약술형,2,0.666667
78233,중간,3,논술형,3,1.0
78233,중간,3,구술,0,0.0
78233,중간,3,기타,0,0.0
78247,중간,4,객관식,0,0.0
78247,중간,4,주관식,3,0.75
78247,중간,4,T/F형,3,0.75
78247,중간,4,약술형,1,0.25
78247,중간,4,논술형,1,0.25
78247,중간,4,구술,0,0.0
78247,중간,4,기타,0,0.0
78247,기말,1,객관식,0,0.0
78247,기말,1,주관식,0,0.0
78247,기말,1,T/F형,0,0.0
78247,기말,1,약술형,1,1.0
78247,기말,1,논술형,0,0.0
78247,기말,1,구술,0,0.0
78247,기말,1,기타,0,0.0
78254,중간,90,객관식,4,0.044444
78254,중간,90,주관식,48,0.533333
78254,중간,90,T/F형,0,0.0
78254,중간,90,약술형,38,0.422222
78254,중간,90,논술형,31,0.344444
78254,중간,90,구술,0,0.0
78254,중간,90,기타,0,0.0
78254,기말,39,객관식,1,0.025641
78254,기말,39,주관식,13,0.333333
78254,기말,39,T/F형,0,0.0
78254,기말,39,약술형,21,0.538462
78254,기말,39,논술형,17,0.435897
78254,기말,39,구술,0,0.0
78254,기말,39,기타,0,0.0
78282,기말,2,객관식,0,0.0
78282,기말,2,주관식,1,0.5
78282,기말,2,T/F형,0,0.0
78282,기말,2,약술형,1,0.5
78282,기말,2,논술형,2,1.0
78282,기말,2,구술,0,0.0
78282,기말,2,기타,0,0.0
78299,중간,14,객관식,14,1.0
78299,중간,14,주관식,8,0.571429
78299,중간,14,T/F형,0,0.0
78299,중간,14,약술형,3,0.214286
78299,중간,14,논술형,1,0.071429
78299,중간,14,구술,0,0.0
78299,중간,14,기타,0,0.0
78299,기말,8,객관식,6,0.75
78299,기말,8,주관식,5,0.625
78299,기말,8,T/F형,0,0.0
78299,기말,8,약술형,1,0.125
78299,기말,8,논술형,1,0.125
78299,기말,8,구술,0,0.0
78299,기말,8,기타,0,0.0
78299,1차,1,객관식,1,1.0
78299,1차,1,주관식,0,0.0
78299,1차,1,T/F형,0,0.0
78299,1차,1,약술형,0,0.0
78299,1차,1,논술형,0,0.0
78299,1차,1,구술,0,0.0
78299,1차,1,기타,0,0.0
78362,중간,9,객관식,9,1.0
78362,중간,9,주관식,9,1.0
78362,중간,9,T/F형,1,0.111111
78362,중간,9,약술형,3,0.333333
78362,중간,9,논술형,4,0.444444
78362,중간,9,구술,0,0.0
78362,중간,9,기타,0,0.0
78362,기말,2,객관식,2,1.0
78362,기말,2,주관식,2,1.0
78362,기말,2,T/F형,0,0.0
78362,기말,2,약술형,1,0.5
78362,기말,2,논술형,2,1.0
78362,기말,2,구술,0,0.0
78362,기말,2,기타,0,0.0
78463,중간,6,객관식,0,0.0
78463,중간,6,주관식,4,0.666667
78463,중간,6,T/F형,0,0.0
78463,중간,6,약술형,0,0.0
78463,중간,6,논술형,1,0.166667
78463,중간,6,구술,0,0.0
78463,중간,6,기타,0,0.0
78463,기말,5,객관식,0,0.0
78463,기말,5,주관식,3,0.6
78463,기말,5,T/F형,0,0.0
78463,기말,5,약술형,0,0.0
78463,기말,5,논술형,1,0.2
78463,기말,5,구술,0,0.0
78463,기말,5,기타,0,0.0
78463,기타,1,객관식,0,0.0
78463,기타,1,주관식,1,1.0
78463,기타,1,T/F형,0,0.0
78463,기타,1,약술형,0,0.0
78463,기타,1,논술형,0,0.0
78463,기타,1,구술,0,0.0
78463,기타,1,기타,0,0.0
784784,기말,1,객관식,0,0.0
784784,기말,1,주관식,1,1.0
784784,기말,1,T/F형,0,0.0
784784,기말,1,약술형,1,1.0
784784,기말,1,논술형,0,0.0
784784,기말,1,구술,0,0.0
784784,기말,1,기타,0,0.0
784839,중간,1,객관식,0,0.0
784839,중간,1,주관식,1,1.0
784839,중간,1,T/F형,0,0.0
784839,중간,1,약술형,0,0.0
784839,중간,1,논술형,0,0.0
784839,중간,1,구술,0,0.0
784839,중간,1,기타,0,0.0
784839,기말,3,객관식,1,0.333333
784839,기말,3,주관식,2,0.666667
784839,기말,3,T/F형,2,0.666667
784839,기말,3,약술형,2,0.666667
784839,기말,3,논술형,2,0.666667
784839,기말,3,구술,0,0.0
784839,기말,3,기타,0,0.0
784913,기말,1,객관식,0,0.0
784913,기말,1,주관식,1,1.0
784913,기말,1,T/F형,1,1.0
784913,기말,1,약술형,0,0.0
784913,기말,1,논술형,0,0.0
784913,기말,1,구술,0,0.0
784913,기말,1,기타,0,0.0
78491,중간,7,객관식,0,0.0
78491,중간,7,주관식,0,0.0
78491,중간,7,T/F형,0,0.0
78491,중간,7,약술형,3,0.428571
78491,중간,7,논술형,6,0.857143
78491,중간,7,구술,0,0.0
78491,중간,7,기타,0,0.0
78491,기말,2,객관식,0,0.0
78491,기말,2,주관식,0,0.0
78491,기말,2,T/F형,0,0.0
78491,기말,2,약술형,0,0.0
78491,기말,2,논술형,2,1.0
78491,기말,2,구술,0,0.0
78491,기말,2,기타,0,0.0
785331,기말,2,객관식,0,0.0
785331,기말,2,주관식,1,0.5
785331,기말,2,T/F형,0,0.0
785331,기말,2,약술형,0,0.0
785331,기말,2,논술형,2,1.0
785331,기말,2,구술,1,0.5
785331,기말,2,기타,0,0.0
785532,중간,3,객관식,0,0.0
785532,중간,3,주관식,1,0.333333
785532,중간,3,T/F형,0,0.0
785532,중간,3,약술형,1,0.333333
785532,중간,3,논술형,0,0.0
785532,중간,3,구술,0,0.0
785532,중간,3,기타,0,0.0
78568,중간,17,객관식,0,0.0
78568,중간,17,주관식,13,0.764706
78568,중간,17,T/F형,0,0.0
78568,중간,17,약술형,0,0.0
78568,중간,17,논술형,9,0.529412
78568,중간,17,구술,0,0.0
78568,중간,17,기타,0,0.0
78568,기말,9,객관식,0,0.0
78568,기말,9,주관식,5,0.555556
78568,기말,9,T/F형,0,0.0
78568,기말,9,약술형,0,0.0
78568,기말,9,논술형,4,0.444444
78568,기말,9,구술,0,0.0
78568,기말,9,기타,0,0.0
78575,중간,1,객관식,0,0.0
78575,중간,1,주관식,1,1.0
78575,중간,1,T/F형,0,0.0
78575,중간,1,약술형,0,0.0
78575,중간,1,논술형,0,0.0
78575,중간,1,구술,0,0.0
78575,중간,1,기타,0,0.0
78575,기말,1,객관식,0,0.0
78575,기말,1,주관식,0,0.0
78575,기말,1,T/F형,0,0.0
78575,기말,1,약술형,0,0.0
78575,기말,1,논술형,1,1.0
78575,기말,1,구술,0,0.0
78575,기말,1,기타,0,0.0
785919,기타,1,객관식,0,0.0
785919,기타,1,주관식,0,0.0
785919,기타,1,T/F형,0,0.0
785919,기타,1,약술형,0,0.0
785919,기타,1,논술형,0,0.0
785919,기타,1,구술,0,0.0
785919,기타,1,기타,1,1.0
786141,중간,4,객관식,0,0.0
786141,중간,4,주관식,2,0.5
786141,중간,4,T/F형,0,0.0
786141,중간,4,약술형,0,0.0
786141,중간,4,논술형,2,0.5
786141,중간,4,구술,0,0.0
786141,중간,4,기타,0,0.0
786141,기말,3,객관식,0,0.0
786141,기말,3,주관식,3,1.0
786141,기말,3,T/F형,0,0.0
786141,기말,3,약술형,0,0.0
786141,기말,3,논술형,0,0.0
786141,기말,3,구술,0,0.0
786141,기말,3,기타,0,0.0
786591,기말,34,객관식,2,0.058824
786591,기말,34,주관식,11,0.323529
786591,기말,34,T/F형,0,0.0
786591,기말,34,약술형,6,0.176471
786591,기말,34,논술형,26,0.764706
786591,기말,34,구술,0,0.0
786591,기말,34,기타,0,0.0
786716,중간,19,객관식,16,0.842105
786716,중간,19,주관식,14,0.736842
786716,중간,19,T/F형,0,0.0
786716,중간,19,약술형,2,0.105263
786716,중간,19,논술형,3,0.157895
786716,중간,19,구술,1,0.052632
786716,중간,19,기타,0,0.0
786716,기말,11,객관식,9,0.818182
786716,기말,11,주관식,9,0.818182
786716,기말,11,T/F형,1,0.090909
786716,기말,11,약술형,0,0.0
786716,기말,11,논술형,2,0.181818
786716,기말,11,구술,0,0.0
786716,기말,11,기타,0,0.0
786716,1차,1,객관식,0,0.0
786716,1차,1,주관식,0,0.0
786716,1차,1,T/F형,0,0.0
786716,1차,1,약술형,0,0.0
786716,1차,1,논술형,0,0.0
786716,1차,1,구술,0,0.0
786716,1차,1,기타,1,1.0
786716,기타,1,객관식,1,1.0
786716,기타,1,주관식,1,1.0
786716,기타,1,T/F형,0,0.0
786716,기타,1,약술형,0,0.0
786716,기타,1,논술형,0,0.0
786716,기타,1,구술,0,0.0
786716,기타,1,기타,0,0.0
78715,중간,2,객관식,0,0.0
78715,중간,2,주관식,1,0.5
78715,중간,2,T/F형,0,0.0
78715,중간,2,약술형,0,0.0
78715,중간,2,논술형,1,0.5
78715,중간,2,구술,0,0.0
78715,중간,2,기타,0,0.0
78715,기말,3,객관식,0,0.0
78715,기말,3,주관식,2,0.666667
78715,기말,3,T/F형,0,0.0
78715,기말,3,약술형,0,0.0
78715,기말,3,논술형,2,0.666667
78715,기말,3,구술,0,0.0
78715,기말,3,기타,0,0.0
787491,중간,2,객관식,1,0.5
787491,중간,2,주관식,2,1.0
787491,중간,2,T/F형,1,0.5
787491,중간,2,약술형,1,0.5
787491,중간,2,논술형,1,0.5
787491,중간,2,구술,0,0.0
787491,중간,2,기타,0,0.0
787491,기말,2,객관식,1,0.5
787491,기말,2,주관식,1,0.5
787491,기말,2,T/F형,0,0.0
787491,기말,2,약술형,1,0.5
787491,기말,2,논술형,1,0.5
787491,기말,2,구술,0,0.0
787491,기말,2,기타,0,0.0
787499,중간,5,객관식,0,0.0
787499,중간,5,주관식,5,1.0
787499,중간,5,T/F형,0,0.0
787499,중간,5,약술형,0,0.0
787499,중간,5,논술형,1,0.2
787499,중간,5,구술,0,0.0
787499,중간,5,기타,0,0.0
787499,기말,6,객관식,0,0.0
787499,기말,6,주관식,1,0.166667
787499,기말,6,T/F형,0,0.0
787499,기말,6,약술형,1,0.166667
787499,기말,6,논술형,5,0.833333
787499,기말,6,구술,0,0.0
787499,기말,6,기타,0,0.0
787499,기타,1,객관식,0,0.0
787499,기타,1,주관식,0,0.0
787499,기타,1,T/F형,0,0.0
787499,기타,1,약술형,0,0.0
787499,기타,1,논술형,0,0.0
787499,기타,1,구술,0,0.0
787499,기타,1,기타,1,1.0
787565,중간,4,객관식,1,0.25
787565,중간,4,주관식,1,0.25
787565,중간,4,T/F형,0,0.0
787565,중간,4,약술형,0,0.0
787565,중간,4,논술형,1,0.25
787565,중간,4,구술,0,0.0
787565,중간,4,기타,2,0.5
787565,기말,3,객관식,1,0.333333
787565,기말,3,주관식,1,0.333333
787565,기말,3,T/F형,0,0.0
787565,기말,3,약술형,1,0.333333
787565,기말,3,논술형,2,0.666667
787565,기말,3,구술,0,0.0
787565,기말,3,기타,0,0.0
787745,중간,4,객관식,1,0.25
787745,중간,4,주관식,1,0.25
787745,중간,4,T/F형,4,1.0
787745,중간,4,약술형,2,0.5
787745,중간,4,논술형,1,0.25
787745,중간,4,구술,0,0.0
787745,중간,4,기타,0,0.0
788521,기말,2,객관식,0,0.0
788521,기말,2,주관식,0,0.0
788521,기말,2,T/F형,0,0.0
788521,기말,2,약술형,0,0.0
788521,기말,2,논술형,1,0.5
788521,기말,2,구술,0,0.0
788521,기말,2,기타,1,0.5
78856,중간,8,객관식,7,0.875
78856,중간,8,주관식,8,1.0
78856,중간,8,T/F형,6,0.75
78856,중간,8,약술형,1,0.125
78856,중간,8,논술형,0,0.0
78856,중간,8,구술,0,0.0
78856,중간,8,기타,0,0.0
78856,기말,6,객관식,6,1.0
78856,기말,6,주관식,6,1.0
78856,기말,6,T/F형,5,0.833333
78856,기말,6,약술형,1,0.166667
78856,기말,6,논술형,0,0.0
78856,기말,6,구술,0,0.0
78856,기말,6,기타,0,0.0
78856,2차,1,객관식,1,1.0
78856,2차,1,주관식,1,1.0
78856,2차,1,T/F형,0,0.0
78856,2차,1,약술형,0,0.0
78856,2차,1,논술형,0,0.0
78856,2차,1,구술,0,0.0
78856,2차,1,기타,0,0.0
80418,중간,8,객관식,0,0.0
80418,중간,8,주관식,6,0.75
80418,중간,8,T/F형,0,0.0
80418,중간,8,약술형,0,0.0
80418,중간,8,논술형,0,0.0
80418,중간,8,구술,0,0.0
80418,중간,8,기타,1,0.125
80418,기말,3,객관식,0,0.0
80418,기말,3,주관식,3,1.0
80418,기말,3,T/F형,1,0.333333
80418,기말,3,약술형,1,0.333333
80418,기말,3,논술형,0,0.0
80418,기말,3,구술,0,0.0
80418,기말,3,기타,0,0.0
83750,중간,4,객관식,2,0.5
83750,중간,4,주관식,3,0.75
83750,중간,4,T/F형,3,0.75
83750,중간,4,약술형,1,0.25
83750,중간,4,논술형,0,0.0
83750,중간,4,구술,0,0.0
83750,중간,4,기타,0,0.0
83750,기말,1,객관식,0,0.0
83750,기말,1,주관식,1,1.0
83750,기말,1,T/F형,1,1.0
83750,기말,1,약술형,1,1.0
83750,기말,1,논술형,0,0.0
83750,기말,1,구술,0,0.0
83750,기말,1,기타,0,0.0
86106,중간,7,객관식,0,0.0
86106,중간,7,주관식,5,0.714286
86106,중간,7,T/F형,0,0.0
86106,중간,7,약술형,1,0.142857
86106,중간,7,논술형,1,0.142857
86106,중간,7,구술,0,0.0
86106,중간,7,기타,0,0.0
86106,기말,16,객관식,4,0.25
86106,기말,16,주관식,12,0.75
86106,기말,16,T/F형,0,0.0
86106,기말,16,약술형,5,0.3125
86106,기말,16,논술형,1,0.0625
86106,기말,16,구술,0,0.0
86106,기말,16,기타,0,0.0
96507,중간,4,객관식,0,0.0
96507,중간,4,주관식,2,0.5
96507,중간,4,T/F형,0,0.0
96507,중간,4,약술형,0,0.0
96507,중간,4,논술형,2,0.5
96507,중간,4,구술,0,0.0
96507,중간,4,기타,0,0.0
96507,기말,6,객관식,0,0.0
96507,기말,6,주관식,4,0.666667
96507,기말,6,T/F형,0,0.0
96507,기말,6,약술형,0,0.0
96507,기말,6,논술형,1,0.166667
96507,기말,6,구술,0,0.0
96507,기말,6,기타,0,0.0
97467,중간,2,객관식,1,0.5
97467,중간,2,주관식,1,0.5
97467,중간,2,T/F형,0,0.0
97467,중간,2,약술형,0,0.0
97467,중간,2,논술형,1,0.5
97467,중간,2,구술,0,0.0
97467,중간,2,기타,0,0.0
97467,기말,1,객관식,0,0.0
97467,기말,1,주관식,1,1.0
97467,기말,1,T/F형,0,0.0
97467,기말,1,약술형,1,1.0
97467,기말,1,논술형,1,1.0
97467,기말,1,구술,0,0.0
97467,기말,1,기타,0,0.0
97467,1차,4,객관식,0,0.0
97467,1차,4,주관식,4,1.0
97467,1차,4,T/F형,0,0.0
97467,1차,4,약술형,3,0.75
97467,1차,4,논술형,1,0.25
97467,1차,4,구술,0,0.0
97467,1차,4,기타,0,0.0
97467,2차,2,객관식,0,0.0
97467,2차,2,주관식,1,0.5
97467,2차,2,T/F형,0,0.0
97467,2차,2,약술형,0,0.0
97467,2차,2,논술형,1,0.5
97467,2차,2,구술,0,0.0
97467,2차,2,기타,0,0.0
98093,중간,20,객관식,13,0.65
98093,중간,20,주관식,16,0.8
98093,중간,20,T/F형,3,0.15
98093,중간,20,약술형,3,0.15
98093,중간,20,논술형,9,0.45
98093,중간,20,구술,0,0.0
98093,중간,20,기타,1,0.05
98093,기말,1,객관식,0,0.0
98093,기말,1,주관식,0,0.0
98093,기말,1,T/F형,0,0.0
98093,기말,1,약술형,0,0.0
98093,기말,1,논술형,0,0.0
98093,기말,1,구술,0,0.0
98093,기말,1,기타,0,0.0
98093,1차,1,객관식,0,0.0
98093,1차,1,주관식,0,0.0
98093,1차,1,T/F형,0,0.0
98093,1차,1,약술형,0,0.0
98093,1차,1,논술형,0,0.0
98093,1차,1,구술,0,0.0
98093,1차,1,기타,1,1.0
98093,기타,2,객관식,1,0.5
98093,기타,2,주관식,0,0.0
98093,기타,2,T/F형,0,0.0
98093,기타,2,약술형,0,0.0
98093,기타,2,논술형,0,0.0
98093,기타,2,구술,0,0.0
98093,기타,2,기타,1,0.5
989902,중간,6,객관식,0,0.0
989902,중간,6,주관식,1,0.166667
989902,중간,6,T/F형,0,0.0
989902,중간,6,약술형,0,0.0
989902,중간,6,논술형,5,0.833333
989902,중간,6,구술,0,0.0
989902,중간,6,기타,0,0.0
989902,기말,18,객관식,0,0.0
989902,기말,18,주관식,5,0.277778
989902,기말,18,T/F형,0,0.0
989902,기말,18,약술형,0,0.0
989902,기말,18,논술형,14,0.777778
989902,기말,18,구술,0,0.0
989902,기말,18,기타,0,0.0
990132,중간,9,객관식,4,0.444444
990132,중간,9,주관식,8,0.888889
990132,중간,9,T/F형,0,0.0
990132,중간,9,약술형,0,0.0
990132,중간,9,논술형,4,0.444444
990132,중간,9,구술,0,0.0
990132,중간,9,기타,0,0.0
990160,중간,2,객관식,0,0.0
990160,중간,2,주관식,2,1.0
990160,중간,2,T/F형,0,0.0
990160,중간,2,약술형,0,0.0
990160,중간,2,논술형,0,0.0
990160,중간,2,구술,0,0.0
990160,중간,2,기타,0,0.0
990208,중간,13,객관식,11,0.846154
990208,중간,13,주관식,11,0.846154
990208,중간,13,T/F형,11,0.846154
990208,중간,13,약술형,6,0.461538
990208,중간,13,논술형,0,0.0
990208,중간,13,구술,0,0.0
990208,중간,13,기타,1,0.076923
990208,기말,3,객관식,2,0.666667
990208,기말,3,주관식,3,1.0
990208,기말,3,T/F형,3,1.0
990208,기말,3,약술형,0,0.0
990208,기말,3,논술형,1,0.333333
990208,기말,3,구술,0,0.0
990208,기말,3,기타,0,0.0
990210,중간,1,객관식,0,0.0
990210,중간,1,주관식,0,0.0
990210,중간,1,T/F형,0,0.0
990210,중간,1,약술형,1,1.0
990210,중간,1,논술형,0,0.0
990210,중간,1,구술,0,0.0
990210,중간,1,기타,0,0.0
990210,1차,1,객관식,0,0.0
990210,1차,1,주관식,0,0.0
990210,1차,1,T/F형,0,0.0
990210,1차,1,약술형,0,0.0
990210,1차,1,논술형,0,0.0
990210,1차,1,구술,0,0.0
990210,1차,1,기타,1,1.0
990210,기타,1,객관식,0,0.0
990210,기타,1,주관식,0,0.0
990210,기타,1,T/F형,0,0.0
990210,기타,1,약술형,0,0.0
990210,기타,1,논술형,0,0.0
990210,기타,1,구술,0,0.0
990210,기타,1,기타,1,1.0
990374,중간,8,객관식,7,0.875
990374,중간,8,주관식,4,0.5
990374,중간,8,T/F형,1,0.125
990374,중간,8,약술형,3,0.375
990374,중간,8,논술형,0,0.0
990374,중간,8,구술,0,0.0
990374,중간,8,기타,0,0.0
990374,기말,3,객관식,3,1.0
990374,기말,3,주관식,1,0.333333
990374,기말,3,T/F형,0,0.0
990374,기말,3,약술형,1,0.333333
990374,기말,3,논술형,0,0.0
990374,기말,3,구술,0,0.0
990374,기말,3,기타,0,0.0
990376,중간,19,객관식,0,0.0
990376,중간,19,주관식,2,0.105263
990376,중간,19,T/F형,0,0.0
990376,중간,19,약술형,8,0.421053
990376,중간,19,논술형,17,0.894737
990376,중간,19,구술,0,0.0
990376,중간,19,기타,1,0.052632
990376,기말,28,객관식,0,0.0
990376,기말,28,주관식,9,0.321429
990376,기말,28,T/F형,0,0.0
990376,기말,28,약술형,10,0.357143
990376,기말,28,논술형,26,0.928571
990376,기말,28,구술,0,0.0
990376,기말,28,기타,0,0.0
990400,중간,3,객관식,3,1.0
990400,중간,3,주관식,0,0.0
990400,중간,3,T/F형,0,0.0
990400,중간,3,약술형,2,0.666667
990400,중간,3,논술형,1,0.333333
990400,중간,3,구술,0,0.0
990400,중간,3,기타,0,0.0
990400,기말,1,객관식,1,1.0
990400,기말,1,주관식,0,0.0
990400,기말,1,T/F형,0,0.0
990400,기말,1,약술형,1,1.0
990400,기말,1,논술형,1,1.0
990400,기말,1,구술,0,0.0
990400,기말,1,기타,0,0.0
990468,중간,3,객관식,0,0.0
990468,중간,3,주관식,0,0.0
990468,중간,3,T/F형,0,0.0
990468,중간,3,약술형,0,0.0
990468,중간,3,논술형,1,0.333333
990468,중간,3,구술,0,0.0
990468,중간,3,기타,2,0.666667
990468,기타,1,객관식,0,0.0
990468,기타,1,주관식,0,0.0
990468,기타,1,T/F형,0,0.0
990468,기타,1,약술형,0,0.0
990468,기타,1,논술형,0,0.0
990468,기타,1,구술,0,0.0
990468,기타,1,기타,1,1.0
990497,중간,1,객관식,0,0.0
990497,중간,1,주관식,0,0.0
990497,중간,1,T/F형,0,0.0
990497,중간,1,약술형,0,0.0
990497,중간,1,논술형,0,0.0
990497,중간,1,구술,0,0.0
990497,중간,1,기타,0,0.0
990497,기말,5,객관식,0,0.0
990497,기말,5,주관식,0,0.0
990497,기말,5,T/F형,0,0.0
990497,기말,5,약술형,0,0.0
990497,기말,5,논술형,0,0.0
990497,기말,5,구술,0,0.0
990497,기말,5,기타,4,0.8
990513,기말,30,객관식,1,0.033333
990513,기말,30,주관식,20,0.666667
990513,기말,30,T/F형,0,0.0
990513,기말,30,약술형,6,0.2
990513,기말,30,논술형,22,0.733333
990513,기말,30,구술,1,0.033333
990513,기말,30,기타,0,0.0
990519,중간,9,객관식,0,0.0
990519,중간,9,주관식,5,0.555556
990519,중간,9,T/F형,0,0.0
990519,중간,9,약술형,5,0.555556
990519,중간,9,논술형,1,0.111111
990519,중간,9,구술,0,0.0
990519,중간,9,기타,0,0.0
990519,기말,42,객관식,1,0.02381
990519,기말,42,주관식,18,0.428571
990519,기말,42,T/F형,0,0.0
990519,기말,42,약술형,12,0.285714
990519,기말,42,논술형,16,0.380952
990519,기말,42,구술,0,0.0
990519,기말,42,기타,1,0.02381
990519,1차,1,객관식,0,0.0
990519,1차,1,주관식,1,1.0
990519,1차,1,T/F형,0,0.0
990519,1차,1,약술형,0,0.0
990519,1차,1,논술형,0,0.0
990519,1차,1,구술,0,0.0
990519,1차,1,기타,0,0.0
990519,기타,1,객관식,0,0.0
990519,기타,1,주관식,0,0.0
990519,기타,1,T/F형,0,0.0
990519,기타,1,약술형,1,1.0
990519,기타,1,논술형,0,0.0
990519,기타,1,구술,0,0.0
990519,기타,1,기타,0,0.0
990610,중간,13,객관식,12,0.923077
990610,중간,13,주관식,1,0.076923
990610,중간,13,T/F형,4,0.307692
990610,중간,13,약술형,0,0.0
990610,중간,13,논술형,0,0.0
990610,중간,13,구술,0,0.0
990610,중간,13,기타,0,0.0
990610,기말,6,객관식,6,1.0
990610,기말,6,주관식,1,0.166667
990610,기말,6,T/F형,1,0.166667
990610,기말,6,약술형,0,0.0
990610,기말,6,논술형,0,0.0
990610,기말,6,구술,0,0.0
990610,기말,6,기타,0,0.0
990610,기타,1,객관식,1,1.0
990610,기타,1,주관식,0,0.0
990610,기타,1,T/F형,1,1.0
990610,기타,1,약술형,0,0.0
990610,기타,1,논술형,0,0.0
990610,기타,1,구술,0,0.0
990610,기타,1,기타,1,1.0
990704,중간,1,객관식,1,1.0
990704,중간,1,주관식,1,1.0
990704,중간,1,T/F형,0,0.0
990704,중간,1,약술형,0,0.0
990704,중간,1,논술형,0,0.0
990704,중간,1,구술,0,0.0
990704,중간,1,기타,0,0.0
990704,기말,1,객관식,0,0.0
990704,기말,1,주관식,0,0.0
990704,기말,1,T/F형,0,0.0
990704,기말,1,약술형,0,0.0
990704,기말,1,논술형,1,1.0
990704,기말,1,구술,0,0.0
990704,기말,1,기타,0,0.0
990730,중간,2,객관식,2,1.0
990730,중간,2,주관식,0,0.0
990730,중간,2,T/F형,0,0.0
990730,중간,2,약술형,0,0.0
990730,중간,2,논술형,0,0.0
990730,중간,2,구술,0,0.0
990730,중간,2,기타,0,0.0
990730,기말,1,객관식,0,0.0
990730,기말,1,주관식,1,1.0
990730,기말,1,T/F형,0,0.0
990730,기말,1,약술형,0,0.0
990730,기말,1,논술형,0,0.0
990730,기말,1,구술,0,0.0
990730,기말,1,기타,0,0.0
990730,1차,1,객관식,1,1.0
990730,1차,1,주관식,0,0.0
990730,1차,1,T/F형,0,0.0
990730,1차,1,약술형,0,0.0
990730,1차,1,논술형,0,0.0
990730,1차,1,구술,0,0.0
990730,1차,1,기타,0,0.0
990772,중간,9,객관식,8,0.888889
990772,중간,9,주관식,7,0.777778
990772,중간,9,T/F형,3,0.333333
990772,중간,9,약술형,3,0.333333
990772,중간,9,논술형,1,0.111111
990772,중간,9,구술,0,0.0
990772,중간,9,기타,0,0.0
990772,기말,2,객관식,2,1.0
990772,기말,2,주관식,2,1.0
990772,기말,2,T/F형,0,0.0
990772,기말,2,약술형,1,0.5
990772,기말,2,논술형,2,1.0
990772,기말,2,구술,0,0.0
990772,기말,2,기타,0,0.0
990875,1차,5,객관식,1,0.2
990875,1차,5,주관식,5,1.0
990875,1차,5,T/F형,1,0.2
990875,1차,5,약술형,1,0.2
990875,1차,5,논술형,0,0.0
990875,1차,5,구술,0,0.0
990875,1차,5,기타,0,0.0
990875,2차,2,객관식,1,0.5
990875,2차,2,주관식,2,1.0
990875,2차,2,T/F형,0,0.0
990875,2차,2,약술형,1,0.5
990875,2차,2,논술형,0,0.0
990875,2차,2,구술,0,0.0
990875,2차,2,기타,0,0.0
990875,3차,1,객관식,0,0.0
990875,3차,1,주관식,1,1.0
990875,3차,1,T/F형,0,0.0
990875,3차,1,약술형,0,0.0
990875,3차,1,논술형,0,0.0
990875,3차,1,구술,0,0.0
990875,3차,1,기타,0,0.0
990875,4차,2,객관식,1,0.5
990875,4차,2,주관식,2,1.0
990875,4차,2,T/F형,0,0.0
990875,4차,2,약술형,1,0.5
990875,4차,2,논술형,0,0.0
990875,4차,2,구술,0,0.0
990875,4차,2,기타,0,0.0
990887,중간,18,객관식,1,0.055556
990887,중간,18,주관식,6,0.333333
990887,중간,18,T/F형,2,0.111111
990887,중간,18,약술형,2,0.111111
990887,중간,18,논술형,3,0.166667
990887,중간,18,구술,0,0.0
990887,중간,18,기타,7,0.388889
990887,기말,24,객관식,6,0.25
990887,기말,24,주관식,16,0.666667
990887,기말,24,T/F형,10,0.416667
990887,기말,24,약술형,1,0.041667
990887,기말,24,논술형,2,0.083333
990887,기말,24,구술,0,0.0
990887,기말,24,기타,5,0.208333
990975,중간,2,객관식,0,0.0
990975,중간,2,주관식,0,0.0
990975,중간,2,T/F형,0,0.0
990975,중간,2,약술형,0,0.0
990975,중간,2,논술형,0,0.0
990975,중간,2,구술,0,0.0
990975,중간,2,기타,1,0.5
990975,기타,1,객관식,0,0.0
990975,기타,1,주관식,0,0.0
990975,기타,1,T/F형,0,0.0
990975,기타,1,약술형,0,0.0
990975,기타,1,논술형,0,0.0
990975,기타,1,구술,0,0.0
990975,기타,1,기타,1,1.0
990986,중간,69,객관식,64,0.927536
990986,중간,69,주관식,55,0.797101
990986,중간,69,T/F형,3,0.043478
990986,중간,69,약술형,15,0.217391
990986,중간,69,논술형,16,0.231884
990986,중간,69,구술,0,0.0
990986,중간,69,기타,0,0.0
990986,기말,18,객관식,15,0.833333
990986,기말,18,주관식,14,0.777778
990986,기말,18,T/F형,0,0.0
990986,기말,18,약술형,5,0.277778
990986,기말,18,논술형,4,0.222222
990986,기말,18,구술,0,0.0
990986,기말,18,기타,1,0.055556
990989,중간,10,객관식,10,1.0
990989,중간,10,주관식,0,0.0
990989,중간,10,T/F형,0,0.0
990989,중간,10,약술형,0,0.0
990989,중간,10,논술형,0,0.0
990989,중간,10,구술,0,0.0
990989,중간,10,기타,0,0.0
990989,기말,9,객관식,2,0.222222
990989,기말,9,주관식,7,0.777778
990989,기말,9,T/F형,0,0.0
990989,기말,9,약술형,0,0.0
990989,기말,9,논술형,0,0.0
990989,기말,9,구술,0,0.0
990989,기말,9,기타,1,0.111111
990994,중간,17,객관식,0,0.0
990994,중간,17,주관식,9,0.529412
990994,중간,17,T/F형,0,0.0
990994,중간,17,약술형,14,0.823529
990994,중간,17,논술형,13,0.764706
990994,중간,17,구술,0,0.0
990994,중간,17,기타,0,0.0
990994,기말,63,객관식,0,0.0
990994,기말,63,주관식,19,0.301587
990994,기말,63,T/F형,0,0.0
990994,기말,63,약술형,12,0.190476
990994,기말,63,논술형,51,0.809524
990994,기말,63,구술,0,0.0
990994,기말,63,기타,0,0.0
991003,중간,54,객관식,47,0.87037
991003,중간,54,주관식,32,0.592593
991003,중간,54,T/F형,31,0.574074
991003,중간,54,약술형,14,0.259259
991003,중간,54,논술형,13,0.240741
991003,중간,54,구술,0,0.0
991003,중간,54,기타,0,0.0
991003,기말,60,객관식,36,0.6
991003,기말,60,주관식,36,0.6
991003,기말,60,T/F형,29,0.483333
991003,기말,60,약술형,24,0.4
991003,기말,60,논술형,11,0.183333
991003,기말,60,구술,1,0.016667
991003,기말,60,기타,0,0.0
991003,1차,1,객관식,0,0.0
991003,1차,1,주관식,1,1.0
991003,1차,1,T/F형,1,1.0
991003,1차,1,약술형,0,0.0
991003,1차,1,논술형,1,1.0
991003,1차,1,구술,0,0.0
991003,1차,1,기타,0,0.0
991003,3차,1,객관식,1,1.0
991003,3차,1,주관식,1,1.0
991003,3차,1,T/F형,1,1.0
991003,3차,1,약술형,0,0.0
991003,3차,1,논술형,0,0.0
991003,3차,1,구술,0,0.0
991003,3차,1,기타,0,0.0
991007,중간,3,객관식,0,0.0
991007,중간,3,주관식,0,0.0
991007,중간,3,T/F형,0,0.0
991007,중간,3,약술형,0,0.0
991007,중간,3,논술형,1,0.333333
991007,중간,3,구술,0,0.0
991007,중간,3,기타,1,0.333333
991007,기말,1,객관식,0,0.0
991007,기말,1,주관식,0,0.0
991007,기말,1,T/F형,0,0.0
991007,기말,1,약술형,0,0.0
991007,기말,1,논술형,0,0.0
991007,기말,1,구술,0,0.0
991007,기말,1,기타,1,1.0
991007,기타,17,객관식,0,0.0
991007,기타,17,주관식,0,0.0
991007,기타,17,T/F형,1,0.058824
991007,기타,17,약술형,0,0.0
991007,기타,17,논술형,1,0.058824
991007,기타,17,구술,1,0.058824
991007,기타,17,기타,13,0.764706
991009,기타,10,객관식,0,0.0
991009,기타,10,주관식,0,0.0
991009,기타,10,T/F형,2,0.2
991009,기타,10,약술형,0,0.0
991009,기타,10,논술형,0,0.0
991009,기타,10,구술,0,0.0
991009,기타,10,기타,8,0.8
991031,중간,18,객관식,3,0.166667
991031,중간,18,주관식,13,0.722222
991031,중간,18,T/F형,0,0.0
991031,중간,18,약술형,13,0.722222
991031,중간,18,논술형,11,0.611111
991031,중간,18,구술,0,0.0
991031,중간,18,기타,0,0.0
991031,기말,9,객관식,1,0.111111
991031,기말,9,주관식,5,0.555556
991031,기말,9,T/F형,0,0.0
991031,기말,9,약술형,8,0.888889
991031,기말,9,논술형,5,0.555556
991031,기말,9,구술,0,0.0
991031,기말,9,기타,0,0.0
991031,2차,1,객관식,0,0.0
991031,2차,1,주관식,1,1.0
991031,2차,1,T/F형,0,0.0
991031,2차,1,약술형,0,0.0
991031,2차,1,논술형,0,0.0
991031,2차,1,구술,0,0.0
991031,2차,1,기타,0,0.0
991522,중간,19,객관식,1,0.052632
991522,중간,19,주관식,13,0.684211
991522,중간,19,T/F형,1,0.052632
991522,중간,19,약술형,0,0.0
991522,중간,19,논술형,2,0.105263
991522,중간,19,구술,0,0.0
991522,중간,19,기타,0,0.0
991522,기말,7,객관식,0,0.0
991522,기말,7,주관식,3,0.428571
991522,기말,7,T/F형,0,0.0
991522,기말,7,약술형,1,0.142857
991522,기말,7,논술형,2,0.285714
991522,기말,7,구술,0,0.0
991522,기말,7,기타,0,0.0
991522,2차,1,객관식,0,0.0
991522,2차,1,주관식,0,0.0
991522,2차,1,T/F형,0,0.0
991522,2차,1,약술형,0,0.0
991522,2차,1,논술형,1,1.0
991522,2차,1,구술,0,0.0
991522,2차,1,기타,0,0.0
991523,중간,18,객관식,0,0.0
991523,중간,18,주관식,13,0.722222
991523,중간,18,T/F형,0,0.0
991523,중간,18,약술형,2,0.111111
991523,중간,18,논술형,8,0.444444
991523,중간,18,구술,1,0.055556
991523,중간,18,기타,0,0.0
991523,기말,5,객관식,0,0.0
991523,기말,5,주관식,4,0.8
991523,기말,5,T/F형,0,0.0
991523,기말,5,약술형,1,0.2
991523,기말,5,논술형,0,0.0
991523,기말,5,구술,0,0.0
991523,기말,5,기타,0,0.0
991525,기말,11,객관식,0,0.0
991525,기말,11,주관식,8,0.727273
991525,기말,11,T/F형,0,0.0
991525,기말,11,약술형,1,0.090909
991525,기말,11,논술형,4,0.363636
991525,기말,11,구술,0,0.0
991525,기말,11,기타,0,0.0
991528,중간,17,객관식,0,0.0
991528,중간,17,주관식,12,0.705882
991528,중간,17,T/F형,0,0.0
991528,중간,17,약술형,5,0.294118
991528,중간,17,논술형,6,0.352941
991528,중간,17,구술,0,0.0
991528,중간,17,기타,0,0.0
991528,기말,7,객관식,0,0.0
991528,기말,7,주관식,4,0.571429
991528,기말,7,T/F형,0,0.0
991528,기말,7,약술형,3,0.428571
991528,기말,7,논술형,4,0.571429
991528,기말,7,구술,0,0.0
991528,기말,7,기타,0,0.0
991606,중간,4,객관식,0,0.0
991606,중간,4,주관식,1,0.25
991606,중간,4,T/F형,0,0.0
991606,중간,4,약술형,0,0.0
991606,중간,4,논술형,1,0.25
991606,중간,4,구술,0,0.0
991606,중간,4,기타,0,0.0
991606,기말,1,객관식,0,0.0
991606,기말,1,주관식,1,1.0
991606,기말,1,T/F형,0,0.0
991606,기말,1,약술형,0,0.0
991606,기말,1,논술형,0,0.0
991606,기말,1,구술,0,0.0
991606,기말,1,기타,0,0.0
991641,중간,2,객관식,0,0.0
991641,중간,2,주관식,1,0.5
991641,중간,2,T/F형,0,0.0
991641,중간,2,약술형,0,0.0
991641,중간,2,논술형,0,0.0
991641,중간,2,구술,0,0.0
991641,중간,2,기타,1,0.5
991641,기말,1,객관식,0,0.0
991641,기말,1,주관식,0,0.0
991641,기말,1,T/F형,0,0.0
991641,기말,1,약술형,0,0.0
991641,기말,1,논술형,0,0.0
991641,기말,1,구술,0,0.0
991641,기말,1,기타,1,1.0
992297,중간,6,객관식,0,0.0
992297,중간,6,주관식,3,0.5
992297,중간,6,T/F형,0,0.0
992297,중간,6,약술형,0,0.0
992297,중간,6,논술형,5,0.833333
992297,중간,6,구술,0,0.0
992297,중간,6,기타,0,0.0
992297,기말,11,객관식,1,0.090909
992297,기말,11,주관식,1,0.090909
992297,기말,11,T/F형,0,0.0
992297,기말,11,약술형,0,0.0
992297,기말,11,논술형,9,0.818182
992297,기말,11,구술,0,0.0
992297,기말,11,기타,0,0.0
992357,중간,3,객관식,0,0.0
992357,중간,3,주관식,3,1.0
992357,중간,3,T/F형,0,0.0
992357,중간,3,약술형,0,0.0
992357,중간,3,논술형,0,0.0
992357,중간,3,구술,0,0.0
992357,중간,3,기타,0,0.0
992357,기말,1,객관식,0,0.0
992357,기말,1,주관식,1,1.0
992357,기말,1,T/F형,0,0.0
992357,기말,1,약술형,0,0.0
992357,기말,1,논술형,0,0.0
992357,기말,1,구술,0,0.0
992357,기말,1,기타,0,0.0
992477,기말,1,객관식,0,0.0
992477,기말,1,주관식,1,1.0
992477,기말,1,T/F형,0,0.0
992477,기말,1,약술형,0,0.0
992477,기말,1,논술형,0,0.0
992477,기말,1,구술,0,0.0
992477,기말,1,기타,0,0.0
992509,중간,4,객관식,0,0.0
992509,중간,4,주관식,4,1.0
992509,중간,4,T/F형,0,0.0
992509,중간,4,약술형,1,0.25
992509,중간,4,논술형,0,0.0
992509,중간,4,구술,0,0.0
992509,중간,4,기타,0,0.0
992509,기말,1,객관식,0,0.0
992509,기말,1,주관식,1,1.0
992509,기말,1,T/F형,0,0.0
992509,기말,1,약술형,0,0.0
992509,기말,1,논술형,0,0.0
992509,기말,1,구술,0,0.0
992509,기말,1,기타,0,0.0
992645,기타,2,객관식,2,1.0
992645,기타,2,주관식,0,0.0
992645,기타,2,T/F형,0,0.0
992645,기타,2,약술형,0,0.0
992645,기타,2,논술형,0,0.0
992645,기타,2,구술,0,0.0
992645,기타,2,기타,0,0.0
992649,중간,4,객관식,4,1.0
992649,중간,4,주관식,4,1.0
992649,중간,4,T/F형,1,0.25
992649,중간,4,약술형,3,0.75
992649,중간,4,논술형,1,0.25
992649,중간,4,구술,0,0.0
992649,중간,4,기타,0,0.0
992649,기말,5,객관식,5,1.0
992649,기말,5,주관식,5,1.0
992649,기말,5,T/F형,1,0.2
992649,기말,5,약술형,5,1.0
992649,기말,5,논술형,1,0.2
992649,기말,5,구술,0,0.0
992649,기말,5,기타,0,0.0
992945,중간,3,객관식,0,0.0
992945,중간,3,주관식,2,0.666667
992945,중간,3,T/F형,0,0.0
992945,중간,3,약술형,0,0.0
992945,중간,3,논술형,2,0.666667
992945,중간,3,구술,0,0.0
992945,중간,3,기타,0,0.0
993114,중간,1,객관식,0,0.0
993114,중간,1,주관식,1,1.0
993114,중간,1,T/F형,0,0.0
993114,중간,1,약술형,0,0.0
993114,중간,1,논술형,0,0.0
993114,중간,1,구술,0,0.0
993114,중간,1,기타,0,0.0
993114,1차,1,객관식,1,1.0
993114,1차,1,주관식,0,0.0
993114,1차,1,T/F형,0,0.0
993114,1차,1,약술형,0,0.0
993114,1차,1,논술형,0,0.0
993114,1차,1,구술,0,0.0
993114,1차,1,기타,0,0.0
993115,중간,2,객관식,0,0.0
993115,중간,2,주관식,2,1.0
993115,중간,2,T/F형,0,0.0
993115,중간,2,약술형,0,0.0
993115,중간,2,논술형,0,0.0
993115,중간,2,구술,0,0.0
993115,중간,2,기타,0,0.0
993404,중간,15,객관식,3,0.2
993404,중간,15,주관식,13,0.866667
993404,중간,15,T/F형,8,0.533333
993404,중간,15,약술형,4,0.266667
993404,중간,15,논술형,2,0.133333
993404,중간,15,구술,0,0.0
993404,중간,15,기타,0,0.0
993404,기말,3,객관식,1,0.333333
993404,기말,3,주관식,3,1.0
993404,기말,3,T/F형,2,0.666667
993404,기말,3,약술형,1,0.333333
993404,기말,3,논술형,1,0.333333
993404,기말,3,구술,0,0.0
993404,기말,3,기타,0,0.0
993442,중간,20,객관식,0,0.0
993442,중간,20,주관식,14,0.7
993442,중간,20,T/F형,0,0.0
993442,중간,20,약술형,1,0.05
993442,중간,20,논술형,10,0.5
993442,중간,20,구술,0,0.0
993442,중간,20,기타,0,0.0
993442,기말,9,객관식,0,0.0
993442,기말,9,주관식,6,0.666667
993442,기말,9,T/F형,0,0.0
993442,기말,9,약술형,1,0.111111
993442,기말,9,논술형,4,0.444444
993442,기말,9,구술,0,0.0
993442,기말,9,기타,0,0.0
993442,1차,1,객관식,0,0.0
993442,1차,1,주관식,1,1.0
993442,1차,1,T/F형,0,0.0
993442,1차,1,약술형,0,0.0
993442,1차,1,논술형,0,0.0
993442,1차,1,구술,0,0.0
993442,1차,1,기타,0,0.0
993824,중간,3,객관식,3,1.0
993824,중간,3,주관식,2,0.666667
993824,중간,3,T/F형,0,0.0
993824,중간,3,약술형,1,0.333333
993824,중간,3,논술형,0,0.0
993824,중간,3,구술,0,0.0
993824,중간,3,기타,0,0.0
993824,기말,17,객관식,17,1.0
993824,기말,17,주관식,0,0.0
993824,기말,17,T/F형,0,0.0
993824,기말,17,약술형,0,0.0
993824,기말,17,논술형,0,0.0
993824,기말,17,구술,0,0.0
993824,기말,17,기타,0,0.0
993842,중간,2,객관식,1,0.5
993842,중간,2,주관식,0,0.0
993842,중간,2,T/F형,0,0.0
993842,중간,2,약술형,1,0.5
993842,중간,2,논술형,1,0.5
993842,중간,2,구술,0,0.0
993842,중간,2,기타,0,0.0
993842,기타,1,객관식,0,0.0
993842,기타,1,주관식,0,0.0
993842,기타,1,T/F형,0,0.0
993842,기타,1,약술형,0,0.0
993842,기타,1,논술형,1,1.0
993842,기타,1,구술,0,0.0
993842,기타,1,기타,0,0.0
993846,중간,3,객관식,0,0.0
993846,중간,3,주관식,2,0.666667
993846,중간,3,T/F형,0,0.0
993846,중간,3,약술형,1,0.333333
993846,중간,3,논술형,1,0.333333
993846,중간,3,구술,0,0.0
993846,중간,3,기타,0,0.0
993846,기말,1,객관식,0,0.0
993846,기말,1,주관식,1,1.0
993846,기말,1,T/F형,1,1.0
993846,기말,1,약술형,0,0.0
993846,기말,1,논술형,1,1.0
993846,기말,1,구술,0,0.0
993846,기말,1,기타,0,0.0
994028,중간,5,객관식,2,0.4
994028,중간,5,주관식,4,0.8
994028,중간,5,T/F형,0,0.0
994028,중간,5,약술형,1,0.2
994028,중간,5,논술형,1,0.2
994028,중간,5,구술,0,0.0
994028,중간,5,기타,0,0.0
994028,기말,4,객관식,3,0.75
994028,기말,4,주관식,4,1.0
994028,기말,4,T/F형,1,0.25
994028,기말,4,약술형,2,0.5
994028,기말,4,논술형,0,0.0
994028,기말,4,구술,0,0.0
994028,기말,4,기타,0,0.0
994369,중간,1,객관식,0,0.0
994369,중간,1,주관식,1,1.0
994369,중간,1,T/F형,0,0.0
994369,중간,1,약술형,0,0.0
994369,중간,1,논술형,0,0.0
994369,중간,1,구술,0,0.0
994369,중간,1,기타,0,0.0
994369,기말,5,객관식,0,0.0
994369,기말,5,주관식,1,0.2
994369,기말,5,T/F형,0,0.0
994369,기말,5,약술형,4,0.8
994369,기말,5,논술형,3,0.6
994369,기말,5,구술,0,0.0
994369,기말,5,기타,0,0.0
