lecture_id,exam_knowhow,rating_average,rating_count,rating_5_count,rating_4_count,rating_3_count,rating_2_count,rating_1_count,assignment_response_count,assignment_없음_count,assignment_없음_ratio,assignment_보통_count,assignment_보통_ratio,assignment_많음_count,assignment_많음_ratio,teamwork_response_count,teamwork_없음_count,teamwork_없음_ratio,teamwork_보통_count,teamwork_보통_ratio,teamwork_많음_count,teamwork_많음_ratio,grading_response_count,grading_너그러움_count,grading_너그러움_ratio,grading_보통_count,grading_보통_ratio,grading_깐깐함_count,grading_깐깐함_ratio,attendance_response_count,attendance_반영안함_count,attendance_반영안함_ratio,attendance_전자출결_count,attendance_전자출결_ratio,attendance_지정좌석_count,attendance_지정좌석_ratio,attendance_직접호명_count,attendance_직접호명_ratio,attendance_복합적_count,attendance_복합적_ratio,exam_response_count,exam_없음_count,exam_없음_ratio,exam_once_count,exam_once_ratio,exam_twice_count,exam_twice_ratio,exam_three_times_count,exam_three_times_ratio,exam_four_plus_count,exam_four_plus_ratio
103298,전반적으로 수업시간에 다루었던 슬라이드 내용 + 강의하시면서 부가적으로,4.15,61,28,21,8,1,3,60,52,0.866667,8,0.133333,0,0.0,60,55,0.916667,5,0.083333,0,0.0,60,18,0.3,34,0.566667,8,0.133333,60,2,0.033333,35,0.583333,0,0.0,22,0.366667,1,0.016667,60,0,0.0,1,0.016667,59,0.983333,0,0.0,0,0.0
103300,그냥 수업 교안에 있는 질문들 위주로 공부하면 될듯?,3.32,90,20,25,24,6,15,91,52,0.571429,28,0.307692,11,0.120879,91,79,0.868132,11,0.120879,1,0.010989,91,8,0.087912,48,0.527473,35,0.384615,91,16,0.175824,39,0.428571,0,0.0,33,0.362637,3,0.032967,91,9,0.098901,1,0.010989,81,0.89011,0,0.0,0,0.0
103304,교수님께서 직관을 강조하시는 만큼 이해는 필수입니다 그러나 직관만을 강조,4.63,156,111,34,10,0,1,156,1,0.00641,81,0.519231,74,0.474359,156,148,0.948718,8,0.051282,0,0.0,156,24,0.153846,71,0.455128,61,0.391026,156,9,0.057692,12,0.076923,0,0.0,130,0.833333,5,0.032051,156,1,0.00641,0,0.0,155,0.99359,0,0.0,0,0.0
103313,,2.46,13,1,1,4,4,3,13,1,0.076923,1,0.076923,11,0.846154,13,8,0.615385,3,0.230769,2,0.153846,13,3,0.230769,6,0.461538,4,0.307692,13,1,0.076923,0,0.0,0,0.0,10,0.769231,2,0.153846,13,11,0.846154,0,0.0,1,0.076923,0,0.0,1,0.076923
103316,"교수님이 강조하신 문제, 평소에 풀어주신 문제, 과제나 퀴즈 문제, 교수",4.89,80,73,5,2,0,0,80,46,0.575,32,0.4,2,0.025,80,77,0.9625,2,0.025,1,0.0125,80,54,0.675,24,0.3,2,0.025,80,9,0.1125,2,0.025,0,0.0,55,0.6875,14,0.175,80,1,0.0125,0,0.0,68,0.85,2,0.025,9,0.1125
103317,summary sheet를 지참해도 돼서 난이도 자체는 쉬운편입니다. 다,4.26,43,22,14,4,2,1,43,2,0.046512,21,0.488372,20,0.465116,43,31,0.72093,10,0.232558,2,0.046512,43,12,0.27907,19,0.44186,12,0.27907,43,2,0.046512,17,0.395349,0,0.0,23,0.534884,1,0.023256,43,0,0.0,0,0.0,42,0.976744,0,0.0,1,0.023256
103370,,4.7,33,26,4,3,0,0,33,2,0.060606,25,0.757576,6,0.181818,33,0,0.0,17,0.515152,16,0.484848,33,29,0.878788,4,0.121212,0,0.0,33,4,0.121212,6,0.181818,0,0.0,23,0.69697,0,0.0,33,21,0.636364,0,0.0,12,0.363636,0,0.0,0,0.0
103381,모든 그래프에 집중하세요 이론도 잘 외우세요,4.57,56,40,12,1,2,1,56,34,0.607143,22,0.392857,0,0.0,56,55,0.982143,1,0.017857,0,0.0,56,47,0.839286,8,0.142857,1,0.017857,56,1,0.017857,6,0.107143,0,0.0,47,0.839286,2,0.035714,56,0,0.0,1,0.017857,55,0.982143,0,0.0,0,0.0
103393,퀴즈1 3문제가 나왔다 총점 40점 1번 꼬리 2개 10점 2번 꼬리 4,4.51,91,60,21,7,2,1,91,15,0.164835,45,0.494505,31,0.340659,91,81,0.89011,9,0.098901,1,0.010989,91,49,0.538462,42,0.461538,0,0.0,91,1,0.010989,36,0.395604,0,0.0,50,0.549451,4,0.043956,91,0,0.0,0,0.0,35,0.384615,46,0.505495,10,0.10989
103412,비교 서술하는 문제가 많이 나옵니다 예시는 기억나는 대로만 적었어요,4.46,151,89,44,16,2,0,151,20,0.13245,126,0.834437,5,0.033113,151,23,0.152318,127,0.84106,1,0.006623,151,31,0.205298,82,0.543046,38,0.251656,151,0,0.0,4,0.02649,0,0.0,146,0.966887,1,0.006623,151,7,0.046358,22,0.145695,122,0.807947,0,0.0,0,0.0
103497,,0,0,0,0,0,0,0,0,0,0.0,0,0.0,0,0.0,0,0,0.0,0,0.0,0,0.0,0,0,0.0,0,0.0,0,0.0,0,0,0.0,0,0.0,0,0.0,0,0.0,0,0.0,0,0,0.0,0,0.0,0,0.0,0,0.0,0,0.0
103508,"시험 시간동안 타이핑해서 내는 것인데, 줌도 안켜고 그냥 각자 알아서 하",4,37,14,12,8,3,0,37,3,0.081081,30,0.810811,4,0.108108,37,6,0.162162,6,0.162162,25,0.675676,37,18,0.486486,19,0.513514,0,0.0,37,0,0.0,15,0.405405,1,0.027027,15,0.405405,6,0.162162,37,3,0.081081,29,0.783784,4,0.108108,1,0.027027,0,0.0
103522,퀴즈 꼼꼼하게 보세요! 퀴즈가 기말고사에 거의 대부분 나온다고 보시면 됩,4.08,62,23,26,10,1,2,62,6,0.096774,44,0.709677,12,0.193548,62,17,0.274194,38,0.612903,7,0.112903,62,16,0.258065,38,0.612903,8,0.129032,62,1,0.016129,42,0.677419,0,0.0,15,0.241935,4,0.064516,62,0,0.0,28,0.451613,31,0.5,0,0.0,3,0.048387
103534,"기말고사 문제의 절반은 수업 교안, 절반은 학생들의 국가발표 내용을 출제",4.53,79,53,16,9,1,0,79,20,0.253165,58,0.734177,1,0.012658,79,3,0.037975,69,0.873418,7,0.088608,79,47,0.594937,31,0.392405,1,0.012658,79,0,0.0,5,0.063291,0,0.0,62,0.78481,12,0.151899,79,0,0.0,6,0.075949,68,0.860759,0,0.0,5,0.063291
103544,교재중에 참깨cake인가(참깨빵인 줄알았는데 묵같은 개념인듯) 그 문제,3.93,41,15,15,5,5,1,41,36,0.878049,4,0.097561,1,0.02439,41,30,0.731707,10,0.243902,1,0.02439,41,12,0.292683,25,0.609756,4,0.097561,41,1,0.02439,14,0.341463,0,0.0,18,0.439024,8,0.195122,41,0,0.0,2,0.04878,38,0.926829,0,0.0,1,0.02439
103554,,3.83,6,2,3,0,0,1,6,0,0.0,2,0.333333,4,0.666667,6,6,1.0,0,0.0,0,0.0,6,1,0.166667,4,0.666667,1,0.166667,6,0,0.0,0,0.0,0,0.0,6,1.0,0,0.0,6,5,0.833333,1,0.166667,0,0.0,0,0.0,0,0.0
103557,,0,0,0,0,0,0,0,0,0,0.0,0,0.0,0,0.0,0,0,0.0,0,0.0,0,0.0,0,0,0.0,0,0.0,0,0.0,0,0,0.0,0,0.0,0,0.0,0,0.0,0,0.0,0,0,0.0,0,0.0,0,0.0,0,0.0,0,0.0
103560,,3.2,5,1,0,3,1,0,5,0,0.0,4,0.8,1,0.2,5,5,1.0,0,0.0,0,0.0,5,2,0.4,3,0.6,0,0.0,5,0,0.0,0,0.0,0,0.0,5,1.0,0,0.0,5,3,0.6,0,0.0,2,0.4,0,0.0,0,0.0
103642,"중간고사는 책 기본 예제, 개념 위주로 공부하시면 됩니다.",4.81,132,115,11,5,0,1,132,96,0.727273,36,0.272727,0,0.0,132,126,0.954545,6,0.045455,0,0.0,132,102,0.772727,28,0.212121,2,0.015152,132,37,0.280303,55,0.416667,1,0.007576,35,0.265152,4,0.030303,132,0,0.0,1,0.007576,103,0.780303,28,0.212121,0,0.0
103670,,0,0,0,0,0,0,0,0,0,0.0,0,0.0,0,0.0,0,0,0.0,0,0.0,0,0.0,0,0,0.0,0,0.0,0,0.0,0,0,0.0,0,0.0,0,0.0,0,0.0,0,0.0,0,0,0.0,0,0.0,0,0.0,0,0.0,0,0.0
103673,,4.78,9,8,0,1,0,0,9,8,0.888889,1,0.111111,0,0.0,9,9,1.0,0,0.0,0,0.0,9,9,1.0,0,0.0,0,0.0,9,1,0.111111,1,0.111111,0,0.0,7,0.777778,0,0.0,9,0,0.0,7,0.777778,2,0.222222,0,0.0,0,0.0
103676,"수업하고 복습 꾸준히 하시고요, C 코드 작성하는 문제의 경우 정말로 C",4.3,37,18,14,4,0,1,37,1,0.027027,31,0.837838,5,0.135135,37,29,0.783784,8,0.216216,0,0.0,37,13,0.351351,20,0.540541,4,0.108108,37,5,0.135135,21,0.567568,0,0.0,11,0.297297,0,0.0,37,0,0.0,0,0.0,36,0.972973,1,0.027027,0,0.0
103684,"색깔 있는 부분을 보되, 색깔 부분이 무엇에 대한 답인지까지 외우면 좋음",4.47,114,78,20,10,4,2,114,0,0.0,68,0.596491,46,0.403509,114,71,0.622807,41,0.359649,2,0.017544,114,50,0.438596,60,0.526316,4,0.035088,114,4,0.035088,63,0.552632,1,0.008772,38,0.333333,8,0.070175,114,15,0.131579,58,0.508772,40,0.350877,0,0.0,1,0.008772
103689,책 문법 파트 예시 위주로 외우세요 제공되는 문법교안도 예시 위주로 외우,3.97,380,163,116,51,27,23,380,11,0.028947,231,0.607895,138,0.363158,380,342,0.9,37,0.097368,1,0.002632,380,156,0.410526,191,0.502632,33,0.086842,380,3,0.007895,19,0.05,0,0.0,353,0.928947,5,0.013158,380,55,0.144737,256,0.673684,65,0.171053,0,0.0,4,0.010526
103691,중간인지 기말인지 애매한 그 중간쯤에 시험을 한 번 보십니다 개념도 물어,3.96,350,142,102,74,15,17,349,4,0.011461,104,0.297994,241,0.690544,349,205,0.587393,128,0.366762,16,0.045845,349,109,0.312321,184,0.527221,56,0.160458,349,1,0.002865,96,0.275072,1,0.002865,228,0.653295,23,0.065903,349,30,0.08596,269,0.770774,47,0.13467,1,0.002865,2,0.005731
103692,맞춤법 시험을 봅니다. 사전강의와 교재에서 시험에 나오실 부분을 거의 직,3.27,253,66,63,44,33,47,253,7,0.027668,165,0.652174,81,0.320158,253,133,0.525692,109,0.43083,11,0.043478,253,51,0.201581,142,0.561265,60,0.237154,253,2,0.007905,6,0.023715,5,0.019763,222,0.87747,18,0.071146,253,10,0.039526,171,0.675889,59,0.233202,3,0.011858,10,0.039526
103693,"인용, 주석, 참고문헌, 문장부호, 추가로 나누어주신 프린트까지 범위에",4.16,572,279,176,68,29,20,567,8,0.014109,330,0.582011,229,0.40388,567,88,0.155203,275,0.485009,204,0.359788,567,189,0.333333,317,0.559083,61,0.107584,567,2,0.003527,34,0.059965,8,0.014109,498,0.878307,25,0.044092,567,61,0.107584,405,0.714286,95,0.167549,5,0.008818,1,0.001764
103694,교수님이 주신 자료 꼼꼼히 봐야 합니다. 교수님께서 해설하실 때 녹음하는,3.82,202,67,60,56,9,10,202,2,0.009901,73,0.361386,127,0.628713,202,82,0.405941,116,0.574257,4,0.019802,202,38,0.188119,133,0.658416,31,0.153465,202,0,0.0,3,0.014851,1,0.00495,197,0.975248,1,0.00495,202,1,0.00495,151,0.747525,40,0.19802,4,0.019802,6,0.029703
103727,생각보다 족보 탑니다 전날에 내용 정리해서 달달 외우심 됩니다,3.83,145,47,49,35,5,9,145,12,0.082759,107,0.737931,26,0.17931,145,24,0.165517,80,0.551724,41,0.282759,145,41,0.282759,85,0.586207,19,0.131034,145,0,0.0,8,0.055172,0,0.0,132,0.910345,5,0.034483,145,2,0.013793,119,0.82069,22,0.151724,1,0.006897,1,0.006897
103732,"미디어는 사람들에게 좋은 것을 주고 있는가, 혹은 사람들이 좋아하는 것을",4.58,284,199,61,17,3,4,284,86,0.302817,197,0.693662,1,0.003521,284,257,0.90493,24,0.084507,3,0.010563,284,180,0.633803,100,0.352113,4,0.014085,284,5,0.017606,29,0.102113,1,0.003521,244,0.859155,5,0.017606,284,5,0.017606,238,0.838028,40,0.140845,0,0.0,1,0.003521
103747,,2.83,12,3,2,1,2,4,12,0,0.0,2,0.166667,10,0.833333,12,3,0.25,5,0.416667,4,0.333333,12,3,0.25,3,0.25,6,0.5,12,0,0.0,11,0.916667,0,0.0,0,0.0,1,0.083333,12,2,0.166667,8,0.666667,2,0.166667,0,0.0,0,0.0
103749,각자 개인의 생각을 논리정연하게 서술하시면 됩니다. 듀이와 피터스의 의,4,5,1,3,1,0,0,5,0,0.0,3,0.6,2,0.4,5,3,0.6,2,0.4,0,0.0,5,5,1.0,0,0.0,0,0.0,5,0,0.0,0,0.0,0,0.0,5,1.0,0,0.0,5,2,0.4,0,0.0,3,0.6,0,0.0,0,0.0
103771,팀플 조장 안해도 A+ 받을수 있어요 !! 개인과제가 중요합니다. 피드백,4.06,378,160,134,52,12,20,378,8,0.021164,156,0.412698,214,0.566138,378,6,0.015873,107,0.283069,265,0.701058,378,138,0.365079,214,0.566138,26,0.068783,378,0,0.0,28,0.074074,6,0.015873,322,0.851852,22,0.058201,378,348,0.920635,3,0.007937,23,0.060847,4,0.010582,0,0.0
103774,중간고사때 만들었던 보고서를 토대로 PPT 만드는 것이 시험입니다. 시험,4.5,139,99,22,10,4,4,139,82,0.589928,53,0.381295,4,0.028777,139,122,0.877698,17,0.122302,0,0.0,139,81,0.582734,50,0.359712,8,0.057554,139,7,0.05036,85,0.611511,2,0.014388,34,0.244604,11,0.079137,139,11,0.079137,4,0.028777,124,0.892086,0,0.0,0,0.0
103778,중간은 맞춤법 문제가 많이 나오는데 이 교수님은 족보 필수입니다. 쌩으로,4.39,422,237,127,46,11,1,422,29,0.06872,284,0.672986,109,0.258294,422,183,0.433649,232,0.549763,7,0.016588,422,179,0.424171,230,0.545024,13,0.030806,422,2,0.004739,23,0.054502,0,0.0,389,0.921801,8,0.018957,422,9,0.021327,342,0.810427,69,0.163507,2,0.004739,0,0.0
103780,문법 고치는 시험이랑 참고문헌 작성하는 시험입니다. 문장 안에서 3개,3.91,361,147,105,64,19,26,361,11,0.030471,221,0.612188,129,0.357341,361,302,0.836565,56,0.155125,3,0.00831,361,155,0.429363,189,0.523546,17,0.047091,361,2,0.00554,138,0.382271,3,0.00831,174,0.481994,44,0.121884,361,15,0.041551,294,0.814404,50,0.138504,1,0.00277,1,0.00277
103782,"범위는 교수님께서 알려주신 내용에서 나오기 때문에, 수업 시간에 절대 졸",4.07,316,130,115,48,8,15,315,36,0.114286,182,0.577778,97,0.307937,315,156,0.495238,155,0.492063,4,0.012698,315,111,0.352381,169,0.536508,35,0.111111,315,3,0.009524,12,0.038095,0,0.0,292,0.926984,8,0.025397,315,14,0.044444,260,0.825397,39,0.12381,2,0.006349,0,0.0
103796,감쇠진동 비감쇠진동 등 수업에서 자세히 안다룬거 나올 수도 있으니깐 수업,4.41,215,122,66,22,3,2,215,34,0.15814,106,0.493023,75,0.348837,215,113,0.525581,80,0.372093,22,0.102326,215,74,0.344186,131,0.609302,10,0.046512,215,2,0.009302,20,0.093023,21,0.097674,160,0.744186,12,0.055814,215,0,0.0,35,0.162791,179,0.832558,0,0.0,1,0.004651
103803,웹워크 꾸준히 하시고 교수님이 수업 한단원 끝날때마다 풀어보면 좋을만한,4.43,196,122,50,16,2,6,196,41,0.209184,142,0.72449,13,0.066327,196,176,0.897959,20,0.102041,0,0.0,196,66,0.336735,105,0.535714,25,0.127551,196,15,0.076531,43,0.219388,0,0.0,106,0.540816,32,0.163265,196,1,0.005102,18,0.091837,167,0.852041,8,0.040816,2,0.010204
103816,중간 고사 이번년도부터 공통 시험이라 에타에 공통 족보 무료로 풀린 거,4.57,438,287,117,32,0,2,437,31,0.070938,339,0.775744,67,0.153318,437,396,0.906178,40,0.091533,1,0.002288,437,196,0.448513,235,0.537757,6,0.01373,437,23,0.052632,263,0.601831,2,0.004577,81,0.185355,68,0.155606,437,2,0.004577,45,0.102975,383,0.87643,0,0.0,7,0.016018
103818,"60분에 70문제, 타임어택, 다 푸는건 불가능. 책에 있는 예제 반복해",4.25,138,70,43,19,2,4,137,4,0.029197,109,0.79562,24,0.175182,137,116,0.846715,21,0.153285,0,0.0,137,44,0.321168,90,0.656934,3,0.021898,137,4,0.029197,64,0.467153,2,0.014599,52,0.379562,15,0.109489,137,1,0.007299,52,0.379562,84,0.613139,0,0.0,0,0.0
103918,대부분의 문제가 기출에서 이미 나온 유형을 벗어나지 않음 11~13년도,4.11,188,87,61,22,9,9,188,31,0.164894,33,0.175532,124,0.659574,188,165,0.87766,21,0.111702,2,0.010638,188,96,0.510638,85,0.452128,7,0.037234,188,55,0.292553,89,0.473404,0,0.0,39,0.207447,5,0.026596,188,0,0.0,9,0.047872,144,0.765957,0,0.0,35,0.18617
103929,,0,0,0,0,0,0,0,0,0,0.0,0,0.0,0,0.0,0,0,0.0,0,0.0,0,0.0,0,0,0.0,0,0.0,0,0.0,0,0,0.0,0,0.0,0,0.0,0,0.0,0,0.0,0,0,0.0,0,0.0,0,0.0,0,0.0,0,0.0
104072,과제는 교수님이 수업시간에 말씀하신 내용 바탕으로 본인의 말로 풀어서 설,4,12,5,4,2,0,1,12,1,0.083333,8,0.666667,3,0.25,12,0,0.0,10,0.833333,2,0.166667,12,4,0.333333,7,0.583333,1,0.083333,12,0,0.0,6,0.5,0,0.0,6,0.5,0,0.0,12,0,0.0,2,0.166667,8,0.666667,0,0.0,2,0.166667
104116,시험 1주일 전에 개별 도안을 나눠주십니다. 도안 보고 개별적로 패치해서,3,1,0,0,1,0,0,1,0,0.0,1,1.0,0,0.0,1,0,0.0,0,0.0,1,1.0,1,0,0.0,1,1.0,0,0.0,1,0,0.0,0,0.0,0,0.0,1,1.0,0,0.0,1,0,0.0,0,0.0,1,1.0,0,0.0,0,0.0
104183,작년엔 와이파이 안했다던데 올해부터 와이파이가 들어가더니 시험에 무지큰비,3.87,47,20,14,5,3,5,47,1,0.021277,34,0.723404,12,0.255319,47,44,0.93617,3,0.06383,0,0.0,47,24,0.510638,19,0.404255,4,0.085106,47,6,0.12766,6,0.12766,0,0.0,31,0.659574,4,0.085106,47,0,0.0,0,0.0,19,0.404255,24,0.510638,4,0.085106
104219,객관식은 정말 전 범위 골고루 다양한 부분에서 나옵니다. PPT만 보고,3.06,33,5,6,13,4,5,33,0,0.0,32,0.969697,1,0.030303,33,0,0.0,30,0.909091,3,0.090909,33,7,0.212121,13,0.393939,13,0.393939,33,2,0.060606,0,0.0,0,0.0,31,0.939394,0,0.0,33,0,0.0,28,0.848485,5,0.151515,0,0.0,0,0.0
104224,생각보다 저는 어렵다고 느꼈습니다. 글로 보니까 헷갈리더라구요. 참거짓,3.95,368,159,103,62,16,28,368,21,0.057065,275,0.747283,72,0.195652,368,332,0.902174,34,0.092391,2,0.005435,368,252,0.684783,106,0.288043,10,0.027174,368,34,0.092391,230,0.625,0,0.0,86,0.233696,18,0.048913,368,7,0.019022,5,0.013587,106,0.288043,206,0.559783,44,0.119565
104818,나눠주시는 파일이랑 수업 내용 잘 들어두세요 문제는 7문제고(extra,3.66,76,20,27,16,9,4,76,1,0.013158,28,0.368421,47,0.618421,76,18,0.236842,23,0.302632,35,0.460526,76,10,0.131579,57,0.75,9,0.118421,76,1,0.013158,6,0.078947,0,0.0,67,0.881579,2,0.026316,76,0,0.0,24,0.315789,51,0.671053,0,0.0,1,0.013158
104819,• 우선 기말 일주일 전에 손바닥만한 종이를 나눠주시면서 오픈북 참고용,3.48,176,40,61,38,17,20,176,1,0.005682,49,0.278409,126,0.715909,176,22,0.125,69,0.392045,85,0.482955,176,32,0.181818,102,0.579545,42,0.238636,176,2,0.011364,17,0.096591,0,0.0,150,0.852273,7,0.039773,176,20,0.113636,125,0.710227,29,0.164773,1,0.005682,1,0.005682
105714,-객관식 39문항 + 서술형 6문항 -시험은 오전 9:30~10:50으로,3.89,89,30,33,15,8,3,89,18,0.202247,63,0.707865,8,0.089888,89,79,0.88764,10,0.11236,0,0.0,89,26,0.292135,49,0.550562,14,0.157303,89,13,0.146067,55,0.617978,0,0.0,12,0.134831,9,0.101124,89,4,0.044944,66,0.741573,19,0.213483,0,0.0,0,0.0
105736,중간고사를 5월 연휴 때 본 만큼 시험이 상당히 늦습니다. 또 교수님께서,1.79,48,4,1,7,5,31,48,3,0.0625,32,0.666667,13,0.270833,48,44,0.916667,3,0.0625,1,0.020833,48,1,0.020833,17,0.354167,30,0.625,48,8,0.166667,7,0.145833,0,0.0,4,0.083333,29,0.604167,48,0,0.0,0,0.0,45,0.9375,3,0.0625,0,0.0
105743,,0,0,0,0,0,0,0,0,0,0.0,0,0.0,0,0.0,0,0,0.0,0,0.0,0,0.0,0,0,0.0,0,0.0,0,0.0,0,0,0.0,0,0.0,0,0.0,0,0.0,0,0.0,0,0,0.0,0,0.0,0,0.0,0,0.0,0,0.0
105776,"이번 학기부터 오픈북이 아님. 어느정도 공부해야 되고, 객관식문제는 현장",4.55,71,54,7,7,1,2,71,52,0.732394,17,0.239437,2,0.028169,71,21,0.295775,44,0.619718,6,0.084507,71,51,0.71831,16,0.225352,4,0.056338,71,6,0.084507,8,0.112676,1,0.014085,37,0.521127,19,0.267606,71,16,0.225352,35,0.492958,20,0.28169,0,0.0,0,0.0
105785,족보를 매우 많이 타는 시험입니다. 족보를 반드시 구하셔서 족보 선지를,3.95,148,44,64,33,3,4,147,127,0.863946,19,0.129252,1,0.006803,147,144,0.979592,3,0.020408,0,0.0,147,39,0.265306,95,0.646259,13,0.088435,147,8,0.054422,71,0.482993,0,0.0,46,0.312925,22,0.14966,147,5,0.034014,1,0.006803,102,0.693878,4,0.027211,35,0.238095
105936,,3.97,36,17,7,7,4,1,36,1,0.027778,8,0.222222,27,0.75,36,14,0.388889,10,0.277778,12,0.333333,36,15,0.416667,18,0.5,3,0.083333,36,0,0.0,9,0.25,0,0.0,21,0.583333,6,0.166667,36,36,1.0,0,0.0,0,0.0,0,0.0,0,0.0
105968,수업 열심히 듣고 예제 풀어보면 가능함. 문제 진짜 쉬웠음.,4.71,42,33,8,0,0,1,42,19,0.452381,23,0.547619,0,0.0,42,36,0.857143,6,0.142857,0,0.0,42,15,0.357143,27,0.642857,0,0.0,42,17,0.404762,7,0.166667,0,0.0,14,0.333333,4,0.095238,42,0,0.0,5,0.119048,37,0.880952,0,0.0,0,0.0
105987,,0,0,0,0,0,0,0,0,0,0.0,0,0.0,0,0.0,0,0,0.0,0,0.0,0,0.0,0,0,0.0,0,0.0,0,0.0,0,0,0.0,0,0.0,0,0.0,0,0.0,0,0.0,0,0,0.0,0,0.0,0,0.0,0,0.0,0,0.0
106018,개념에 대해 서술하는 문제가나오고 교안 중에 문제올라와있는거 그대로 한,4.13,15,7,5,2,0,1,15,5,0.333333,9,0.6,1,0.066667,15,14,0.933333,0,0.0,1,0.066667,15,10,0.666667,5,0.333333,0,0.0,15,1,0.066667,7,0.466667,0,0.0,6,0.4,1,0.066667,15,1,0.066667,0,0.0,14,0.933333,0,0.0,0,0.0
106019,중간고사는 주관식 시험과 글쓰기 시험으로 이루어져 있다. 기말고사는 대체,3.73,321,108,100,64,15,34,320,3,0.009375,165,0.515625,152,0.475,320,184,0.575,129,0.403125,7,0.021875,320,37,0.115625,147,0.459375,136,0.425,320,3,0.009375,101,0.315625,148,0.4625,51,0.159375,17,0.053125,320,9,0.028125,117,0.365625,128,0.4,11,0.034375,55,0.171875
106024,"✅ 5지선다 20문항, 4지선다 10문항이었으며 종종 4점배점이 껴있었습",4.16,906,461,249,120,30,46,906,223,0.246137,545,0.601545,138,0.152318,906,852,0.940397,48,0.05298,6,0.006623,906,330,0.364238,514,0.567329,62,0.068433,906,118,0.130243,630,0.695364,3,0.003311,61,0.067329,94,0.103753,906,6,0.006623,14,0.015453,884,0.975717,1,0.001104,1,0.001104
107359,사례형으로 나오니 법학답안지 어떻게 쓰는지 익혀가셔야 돼요,4.26,160,82,53,16,3,6,160,54,0.3375,103,0.64375,3,0.01875,160,28,0.175,128,0.8,4,0.025,160,28,0.175,98,0.6125,34,0.2125,160,8,0.05,75,0.46875,0,0.0,61,0.38125,16,0.1,160,0,0.0,114,0.7125,46,0.2875,0,0.0,0,0.0
108403,"중간고사는 국립국어원 전자사전만을 활용하여 문장 속에서 맞춤법 고치기,",4.3,344,208,75,34,9,18,343,13,0.037901,228,0.664723,102,0.297376,343,59,0.172012,215,0.626822,69,0.201166,343,146,0.425656,162,0.472303,35,0.102041,343,48,0.139942,32,0.093294,28,0.081633,186,0.542274,49,0.142857,343,24,0.069971,254,0.740525,58,0.169096,5,0.014577,2,0.005831
108868,"총 문제는 30문제로 30분만에 풀어야 합니다만, 열심히 공부하면 타임어",4.41,195,114,60,14,0,7,195,38,0.194872,154,0.789744,3,0.015385,195,119,0.610256,72,0.369231,4,0.020513,195,110,0.564103,78,0.4,7,0.035897,195,2,0.010256,41,0.210256,1,0.005128,142,0.728205,9,0.046154,195,1,0.005128,13,0.066667,180,0.923077,1,0.005128,0,0.0
108987,"일단 도면 공부하기 전에 법/제도 강의가 있는데, 여기서 객관식이랑 서술",4.77,56,43,13,0,0,0,56,20,0.357143,35,0.625,1,0.017857,56,50,0.892857,6,0.107143,0,0.0,56,29,0.517857,26,0.464286,1,0.017857,56,2,0.035714,31,0.553571,0,0.0,21,0.375,2,0.035714,56,0,0.0,7,0.125,49,0.875,0,0.0,0,0.0
108991,T/F문제 주관식문제 서술형문제 그래프그리기 문제 다양하게 나옵니다. 딱,4.33,129,66,41,21,1,0,129,24,0.186047,90,0.697674,15,0.116279,129,116,0.899225,12,0.093023,1,0.007752,129,34,0.263566,72,0.55814,23,0.178295,129,0,0.0,94,0.728682,0,0.0,20,0.155039,15,0.116279,129,2,0.015504,0,0.0,126,0.976744,0,0.0,1,0.007752
109019,마지막 과제 팀플로 리포트 쓰는 건데 무조건 팀원들끼리 날 잡아서 줌이든,2.97,420,70,107,84,57,102,423,1,0.002364,94,0.222222,328,0.775414,423,131,0.309693,240,0.567376,52,0.122931,423,31,0.073286,114,0.269504,278,0.65721,423,6,0.014184,190,0.449173,115,0.271868,87,0.205674,25,0.059102,423,283,0.669031,26,0.061466,59,0.13948,14,0.033097,41,0.096927
109039,,4.94,17,16,1,0,0,0,17,15,0.882353,1,0.058824,1,0.058824,17,14,0.823529,1,0.058824,2,0.117647,17,15,0.882353,2,0.117647,0,0.0,17,2,0.117647,4,0.235294,0,0.0,11,0.647059,0,0.0,17,16,0.941176,0,0.0,1,0.058824,0,0.0,0,0.0
109140,수업시간에 풀어준거랑 과제에서 거의 다 나옵니다 그거 제대로 복습해가시면,4.63,56,39,14,2,1,0,56,8,0.142857,48,0.857143,0,0.0,56,53,0.946429,0,0.0,3,0.053571,56,34,0.607143,21,0.375,1,0.017857,56,2,0.035714,36,0.642857,0,0.0,15,0.267857,3,0.053571,56,0,0.0,32,0.571429,24,0.428571,0,0.0,0,0.0
109161,"자료 많이 긁어서 ppt 작성하면 돼요. 1,2,3차 과제는 30분도 덜",2.82,38,11,5,4,2,16,38,0,0.0,11,0.289474,27,0.710526,38,35,0.921053,3,0.078947,0,0.0,38,12,0.315789,16,0.421053,10,0.263158,38,4,0.105263,29,0.763158,0,0.0,2,0.052632,3,0.078947,38,36,0.947368,1,0.026316,1,0.026316,0,0.0,0,0.0
109162,"교재 여러 번 읽어보시고, 수업시간에 강조하신 내용 위주로 보시면 됩니다",4.71,266,211,39,12,2,2,266,107,0.402256,148,0.556391,11,0.041353,266,211,0.793233,55,0.206767,0,0.0,266,143,0.537594,117,0.43985,6,0.022556,266,9,0.033835,120,0.451128,43,0.161654,79,0.296992,15,0.056391,266,17,0.06391,10,0.037594,206,0.774436,14,0.052632,19,0.071429
109429,"전체 패러그래프를 주고 오류를 찾는 문제 35점, Sentence Typ",4.16,245,119,74,34,8,10,246,7,0.028455,178,0.723577,61,0.247967,246,190,0.772358,52,0.211382,4,0.01626,246,77,0.313008,107,0.434959,62,0.252033,246,1,0.004065,41,0.166667,0,0.0,188,0.764228,16,0.065041,246,28,0.113821,77,0.313008,114,0.463415,13,0.052846,14,0.056911
114011,뒤에 서술형 문제가 배점이 크니 시간 분배 적절히 하셔야 할 것 같아요.,3.83,47,14,14,16,3,0,47,6,0.12766,36,0.765957,5,0.106383,47,6,0.12766,32,0.680851,9,0.191489,47,12,0.255319,32,0.680851,3,0.06383,47,1,0.021277,18,0.382979,0,0.0,23,0.489362,5,0.106383,47,2,0.042553,13,0.276596,32,0.680851,0,0.0,0,0.0
120416,이번학기 A+ 최종등수 한손가락안에 들었습니다. 이원영 교수님이 원래 족,4.24,102,45,41,12,3,1,102,1,0.009804,67,0.656863,34,0.333333,102,91,0.892157,11,0.107843,0,0.0,102,20,0.196078,67,0.656863,15,0.147059,102,12,0.117647,38,0.372549,0,0.0,39,0.382353,13,0.127451,102,0,0.0,0,0.0,100,0.980392,1,0.009804,1,0.009804
120496,교재 위주로 공부하면 크게 어렵지는 않습니다. 수업 시간 강의 내용에 밑,4.79,217,186,20,8,3,0,217,70,0.322581,140,0.645161,7,0.032258,217,63,0.290323,152,0.700461,2,0.009217,217,159,0.732719,54,0.248848,4,0.018433,217,5,0.023041,68,0.313364,39,0.179724,94,0.43318,11,0.050691,217,9,0.041475,147,0.677419,46,0.211982,12,0.0553,3,0.013825
120533,시험 교안이 엄청 많지만 여기서는 나오는 문 그렇게 많지 않고 수업 중에,4.05,148,54,57,30,5,2,148,40,0.27027,104,0.702703,4,0.027027,148,134,0.905405,13,0.087838,1,0.006757,148,86,0.581081,58,0.391892,4,0.027027,148,6,0.040541,42,0.283784,0,0.0,94,0.635135,6,0.040541,148,0,0.0,128,0.864865,20,0.135135,0,0.0,0,0.0
120624,교수님께서 아캠에 올리신 강의 내용 위주로 나옵니다. 자유롭게 보는 퀴즈,3.69,206,69,62,36,21,18,206,11,0.053398,149,0.723301,46,0.223301,206,5,0.024272,144,0.699029,57,0.276699,206,53,0.257282,90,0.436893,63,0.305825,206,4,0.019417,24,0.116505,0,0.0,170,0.825243,8,0.038835,206,72,0.349515,66,0.320388,48,0.23301,15,0.072816,5,0.024272
120802,교수님이 강조하시는 부분이랑 주요 개념 정도만 공부해도 충분히 좋은 성적,3.94,198,69,67,48,10,4,198,31,0.156566,144,0.727273,23,0.116162,198,29,0.146465,163,0.823232,6,0.030303,198,84,0.424242,98,0.494949,16,0.080808,198,1,0.005051,72,0.363636,1,0.005051,107,0.540404,17,0.085859,198,8,0.040404,164,0.828283,24,0.121212,1,0.005051,1,0.005051
120809,제가 노베라 노베 기준으로 말씀 드리겠습니다 중간처럼 단어만 빡세게 외워,4.44,85,54,18,10,2,1,85,74,0.870588,11,0.129412,0,0.0,85,79,0.929412,6,0.070588,0,0.0,85,56,0.658824,27,0.317647,2,0.023529,85,5,0.058824,25,0.294118,0,0.0,53,0.623529,2,0.023529,85,0,0.0,35,0.411765,50,0.588235,0,0.0,0,0.0
120833,"23년도 1학기 기준으로, 다소 많은 내용을 묻는 서술형 문제 6개를 미",3.7,169,56,43,46,12,12,169,19,0.112426,124,0.733728,26,0.153846,169,124,0.733728,44,0.260355,1,0.005917,169,102,0.60355,63,0.372781,4,0.023669,169,4,0.023669,39,0.230769,0,0.0,110,0.650888,16,0.094675,169,0,0.0,39,0.230769,126,0.745562,4,0.023669,0,0.0
120851,"족보 사서 거기 있는 문제 답 외우시면 좀 쉬울 것 같고, 전체적으로 ~",3.29,673,127,178,216,68,84,673,122,0.181278,538,0.799406,13,0.019316,673,611,0.907875,60,0.089153,2,0.002972,673,103,0.153046,430,0.63893,140,0.208024,673,54,0.080238,450,0.668648,0,0.0,124,0.18425,45,0.066865,673,2,0.002972,295,0.438336,376,0.558692,0,0.0,0,0.0
120875,시험 안 보고 수업도 거의 안 합니다 연극이나 영화보고 오시면 돼요 아캠,4.87,95,86,6,3,0,0,95,89,0.936842,5,0.052632,1,0.010526,95,86,0.905263,9,0.094737,0,0.0,95,93,0.978947,2,0.021053,0,0.0,95,31,0.326316,18,0.189474,0,0.0,41,0.431579,5,0.052632,95,92,0.968421,0,0.0,3,0.031579,0,0.0,0,0.0
120888,글쓸때 교수님이 원하는 스타일을 정확히 파악해라!!,4.35,232,132,66,24,3,7,232,2,0.008621,82,0.353448,148,0.637931,232,91,0.392241,98,0.422414,43,0.185345,232,77,0.331897,135,0.581897,20,0.086207,232,1,0.00431,21,0.090517,0,0.0,143,0.616379,67,0.288793,232,167,0.719828,9,0.038793,49,0.211207,0,0.0,7,0.030172
120901,여기 있는 기출들에 대한 답안 작성해보면 좋을 거 같습니다. 완전 똑같이,4.58,307,209,69,27,1,1,307,14,0.045603,234,0.762215,59,0.192182,307,264,0.859935,36,0.117264,7,0.022801,307,140,0.456026,162,0.527687,5,0.016287,307,3,0.009772,44,0.143322,1,0.003257,245,0.798046,14,0.045603,307,0,0.0,1,0.003257,305,0.993485,1,0.003257,0,0.0
120954,여름계절 수강했습니다. 분반별로 정말 중요한 문제는 공통으로 나오고 기출,3.22,436,105,102,92,56,81,436,11,0.025229,169,0.387615,256,0.587156,436,177,0.405963,173,0.396789,86,0.197248,436,109,0.25,236,0.541284,91,0.208716,436,5,0.011468,48,0.110092,4,0.009174,351,0.805046,28,0.06422,436,2,0.004587,290,0.665138,142,0.325688,2,0.004587,0,0.0
120955,계절학기로 들은 사람입니다. 제가 겪은 수업 한정 모든 것을 알려드립니다,4.23,1139,542,381,168,28,20,1139,151,0.132572,891,0.782265,97,0.085162,1139,959,0.841967,165,0.144864,15,0.013169,1139,383,0.33626,683,0.599649,73,0.064091,1139,96,0.084284,570,0.500439,0,0.0,349,0.306409,124,0.108867,1139,13,0.011414,955,0.838455,163,0.143108,4,0.003512,4,0.003512
120992,교수님이 하시는 말씀 주차별로 그대로 받아적어놓고 파일 한 개로 만들어,4.93,591,564,17,8,0,2,591,238,0.402707,350,0.592217,3,0.005076,591,562,0.950931,29,0.049069,0,0.0,591,556,0.940778,34,0.05753,1,0.001692,591,20,0.033841,187,0.316413,1,0.001692,362,0.612521,21,0.035533,591,312,0.527919,53,0.089679,218,0.368866,7,0.011844,1,0.001692
1325151,"o/x, 객관식, 주관식, 논술형 등 문제 유형이 다양하게 나와요. 모든",4.82,229,193,30,6,0,0,229,75,0.327511,153,0.668122,1,0.004367,229,217,0.947598,12,0.052402,0,0.0,229,171,0.746725,55,0.240175,3,0.0131,229,6,0.026201,111,0.484716,0,0.0,82,0.358079,30,0.131004,229,1,0.004367,162,0.707424,65,0.283843,0,0.0,1,0.004367
1325340,개념문제 30~40퍼 정도에 나머지 계산문제로 나왔던 걸로 기억합니다.,4.45,89,55,23,9,0,2,89,12,0.134831,73,0.820225,4,0.044944,89,7,0.078652,80,0.898876,2,0.022472,89,36,0.404494,47,0.52809,6,0.067416,89,1,0.011236,16,0.179775,0,0.0,63,0.707865,9,0.101124,89,0,0.0,1,0.011236,79,0.88764,0,0.0,9,0.101124
1325475,수업시간에 필기하시는 거 보지말고 교안을 꼼꼼하게 외우세요,4.09,195,85,54,47,7,2,195,44,0.225641,114,0.584615,37,0.189744,195,172,0.882051,22,0.112821,1,0.005128,195,143,0.733333,52,0.266667,0,0.0,195,6,0.030769,44,0.225641,0,0.0,129,0.661538,16,0.082051,195,59,0.302564,38,0.194872,93,0.476923,0,0.0,5,0.025641
1325707,올려주시는 기출 문제만 봐도 충분했습니다. 아래는 T/F 문제로 출제되었,4.22,9,3,5,1,0,0,9,4,0.444444,5,0.555556,0,0.0,9,0,0.0,9,1.0,0,0.0,9,7,0.777778,2,0.222222,0,0.0,9,5,0.555556,3,0.333333,0,0.0,1,0.111111,0,0.0,9,0,0.0,0,0.0,9,1.0,0,0.0,0,0.0
1325743,,3.74,58,26,9,11,6,6,58,3,0.051724,31,0.534483,24,0.413793,58,12,0.206897,24,0.413793,22,0.37931,58,40,0.689655,16,0.275862,2,0.034483,58,3,0.051724,11,0.189655,0,0.0,38,0.655172,6,0.103448,58,38,0.655172,2,0.034483,16,0.275862,0,0.0,2,0.034483
1325784,가르쳐 주신 곳에서 다 나오긴 하지만 꼼꼼하게 봐야함 과제는 당연히 다,4.03,80,35,22,16,4,3,80,9,0.1125,64,0.8,7,0.0875,80,74,0.925,6,0.075,0,0.0,80,25,0.3125,46,0.575,9,0.1125,80,3,0.0375,27,0.3375,0,0.0,34,0.425,16,0.2,80,1,0.0125,0,0.0,76,0.95,2,0.025,1,0.0125
1326526,기말고사 정보가 많이 없길래 적어봅니다. 이게 답이 확실한지는 모르겠는데,3.98,270,103,100,42,8,17,270,6,0.022222,133,0.492593,131,0.485185,270,242,0.896296,27,0.1,1,0.003704,270,47,0.174074,200,0.740741,23,0.085185,270,40,0.148148,167,0.618519,0,0.0,44,0.162963,19,0.07037,270,1,0.003704,30,0.111111,239,0.885185,0,0.0,0,0.0
1326635,문법시험인데 피피티 외우고 책도 보면 좋음. 피피티랑 책에 없는거 나오는,4.13,273,113,101,44,12,3,273,13,0.047619,107,0.391941,153,0.56044,273,207,0.758242,65,0.238095,1,0.003663,273,71,0.260073,178,0.652015,24,0.087912,273,3,0.010989,33,0.120879,0,0.0,233,0.85348,4,0.014652,273,17,0.062271,213,0.78022,37,0.135531,2,0.007326,4,0.014652
1326732,"중간 범위는 개념을 단순히 암기해도 충분함, 객관식 20 주관식 4문제로",4.36,380,222,103,35,8,12,380,265,0.697368,108,0.284211,7,0.018421,380,359,0.944737,19,0.05,2,0.005263,380,128,0.336842,242,0.636842,10,0.026316,380,67,0.176316,251,0.660526,1,0.002632,33,0.086842,28,0.073684,380,0,0.0,7,0.018421,373,0.981579,0,0.0,0,0.0
1327401,같이 수강한 친구랑 예상문제 만들어서 공부했어요!,3.55,11,3,3,3,1,1,11,0,0.0,8,0.727273,3,0.272727,11,10,0.909091,0,0.0,1,0.090909,11,2,0.181818,9,0.818182,0,0.0,11,0,0.0,0,0.0,0,0.0,11,1.0,0,0.0,11,0,0.0,0,0.0,11,1.0,0,0.0,0,0.0
1327584,"과제에서 나온 문제도 많지만, 교과서 기본 예제에서 나온 문제가 많았습니",4.54,63,45,11,3,4,0,63,0,0.0,39,0.619048,24,0.380952,63,55,0.873016,7,0.111111,1,0.015873,63,44,0.698413,18,0.285714,1,0.015873,63,0,0.0,33,0.52381,0,0.0,29,0.460317,1,0.015873,63,0,0.0,0,0.0,63,1.0,0,0.0,0,0.0
1327861,,5,3,3,0,0,0,0,3,0,0.0,2,0.666667,1,0.333333,3,3,1.0,0,0.0,0,0.0,3,1,0.333333,1,0.333333,1,0.333333,3,0,0.0,0,0.0,0,0.0,3,1.0,0,0.0,3,3,1.0,0,0.0,0,0.0,0,0.0,0,0.0
1327906,,0,0,0,0,0,0,0,0,0,0.0,0,0.0,0,0.0,0,0,0.0,0,0.0,0,0.0,0,0,0.0,0,0.0,0,0.0,0,0,0.0,0,0.0,0,0.0,0,0.0,0,0.0,0,0,0.0,0,0.0,0,0.0,0,0.0,0,0.0
1328963,세세하게 보기보다는 기본적인 개념을 잘 알고 계셔야 하고 리딩 과제와 연,4.07,60,29,19,5,1,6,60,2,0.033333,14,0.233333,44,0.733333,60,2,0.033333,6,0.1,52,0.866667,60,6,0.1,33,0.55,21,0.35,60,0,0.0,28,0.466667,15,0.25,14,0.233333,3,0.05,60,8,0.133333,34,0.566667,17,0.283333,0,0.0,1,0.016667
1328964,강평에서 큰것위주로 정리하라 하는데 개인적으로 강의 듣고 스스로 정리하는,3.39,188,53,36,55,19,25,187,173,0.925134,14,0.074866,0,0.0,187,174,0.930481,13,0.069519,0,0.0,187,87,0.465241,95,0.508021,5,0.026738,187,25,0.13369,122,0.652406,0,0.0,34,0.181818,6,0.032086,187,5,0.026738,140,0.748663,41,0.219251,0,0.0,1,0.005348
1329580,,4.75,4,3,1,0,0,0,4,0,0.0,3,0.75,1,0.25,4,4,1.0,0,0.0,0,0.0,4,3,0.75,1,0.25,0,0.0,4,0,0.0,1,0.25,0,0.0,2,0.5,1,0.25,4,2,0.5,1,0.25,1,0.25,0,0.0,0,0.0
1329608,,4.5,2,1,1,0,0,0,2,0,0.0,2,1.0,0,0.0,2,0,0.0,2,1.0,0,0.0,2,1,0.5,1,0.5,0,0.0,2,0,0.0,0,0.0,0,0.0,2,1.0,0,0.0,2,0,0.0,0,0.0,2,1.0,0,0.0,0,0.0
1329640,빈칸채우기는 교재에 있는거 그대로 나오고 필기부분 듣는거 빠짐없이 다 쓰,3.87,23,6,9,7,1,0,23,2,0.086957,12,0.521739,9,0.391304,23,13,0.565217,10,0.434783,0,0.0,23,9,0.391304,13,0.565217,1,0.043478,23,0,0.0,2,0.086957,1,0.043478,20,0.869565,0,0.0,23,0,0.0,0,0.0,23,1.0,0,0.0,0,0.0
1329646,Isc 과목이라 시험 문제 쉽습니다. 잘 외우고 이해하면 됩니다,4.78,23,19,3,1,0,0,23,2,0.086957,20,0.869565,1,0.043478,23,9,0.391304,14,0.608696,0,0.0,23,18,0.782609,4,0.173913,1,0.043478,23,0,0.0,2,0.086957,0,0.0,21,0.913043,0,0.0,23,0,0.0,1,0.043478,22,0.956522,0,0.0,0,0.0
1329667,,3.33,3,1,0,1,1,0,3,0,0.0,1,0.333333,2,0.666667,3,1,0.333333,2,0.666667,0,0.0,3,1,0.333333,1,0.333333,1,0.333333,3,0,0.0,0,0.0,0,0.0,3,1.0,0,0.0,3,0,0.0,0,0.0,3,1.0,0,0.0,0,0.0
1329670,교수님이 올려 주신 동영상을 잘 봐야 해요 교수님이 교재대로 많은 빈칸,4.67,3,2,1,0,0,0,3,1,0.333333,1,0.333333,1,0.333333,3,1,0.333333,2,0.666667,0,0.0,3,2,0.666667,1,0.333333,0,0.0,3,0,0.0,0,0.0,0,0.0,2,0.666667,1,0.333333,3,0,0.0,2,0.666667,1,0.333333,0,0.0,0,0.0
1329674,"스크립트 다 외우시면 됩니다. 특히 개념이 중요하며, 자신의 의견이나 예",3.67,3,2,0,0,0,1,3,0,0.0,1,0.333333,2,0.666667,3,3,1.0,0,0.0,0,0.0,3,1,0.333333,1,0.333333,1,0.333333,3,1,0.333333,0,0.0,0,0.0,2,0.666667,0,0.0,3,0,0.0,0,0.0,3,1.0,0,0.0,0,0.0
1329675,시험내용이 다 책에서 나와 문제 입니다!!잘 외우시고 좋은 성적이 받을,5,1,1,0,0,0,0,1,0,0.0,1,1.0,0,0.0,1,1,1.0,0,0.0,0,0.0,1,1,1.0,0,0.0,0,0.0,1,0,0.0,0,0.0,0,0.0,1,1.0,0,0.0,1,0,0.0,1,1.0,0,0.0,0,0.0,0,0.0
1329702,중간고사는 3명이나 4명 학생들 교수님이 주는 주제로 3000글자 정도,4.08,13,5,4,4,0,0,13,0,0.0,5,0.384615,8,0.615385,13,1,0.076923,9,0.692308,3,0.230769,13,4,0.307692,7,0.538462,2,0.153846,13,0,0.0,0,0.0,0,0.0,11,0.846154,2,0.153846,13,0,0.0,7,0.538462,6,0.461538,0,0.0,0,0.0
1611803,시험은 전부 교수님이 수업시간 및 복습시 강조한 사항이 전부 그대로 문제,4.58,128,88,31,6,1,2,128,27,0.210938,101,0.789062,0,0.0,128,38,0.296875,90,0.703125,0,0.0,128,66,0.515625,62,0.484375,0,0.0,128,27,0.210938,65,0.507812,0,0.0,27,0.210938,9,0.070312,128,0,0.0,0,0.0,128,1.0,0,0.0,0,0.0
1611859,강의 내용 이해 + 준수한 코딩실력 교수님이 수업중간에 이런 문제 나올,3.59,56,13,20,13,7,3,56,0,0.0,29,0.517857,27,0.482143,56,51,0.910714,5,0.089286,0,0.0,56,5,0.089286,13,0.232143,38,0.678571,56,1,0.017857,0,0.0,0,0.0,54,0.964286,1,0.017857,56,0,0.0,0,0.0,56,1.0,0,0.0,0,0.0
1611860,수업 시간 열심히 듣고 피피티 이해하는것이 중요. 이해만한다면 모든문제가,4.76,33,25,8,0,0,0,33,0,0.0,1,0.030303,32,0.969697,33,33,1.0,0,0.0,0,0.0,33,10,0.30303,22,0.666667,1,0.030303,33,0,0.0,0,0.0,0,0.0,33,1.0,0,0.0,33,0,0.0,0,0.0,31,0.939394,1,0.030303,1,0.030303
1611865,수업자료랑 올려주신 논문 읽어보면 어렵지 않게 풀 수 있고 교수님도 성적,4.66,38,27,9,2,0,0,38,9,0.236842,25,0.657895,4,0.105263,38,17,0.447368,19,0.5,2,0.052632,38,19,0.5,19,0.5,0,0.0,38,5,0.131579,22,0.578947,0,0.0,8,0.210526,3,0.078947,38,0,0.0,1,0.026316,37,0.973684,0,0.0,0,0.0
1611867,시험은 따로 없고 마지막 주행으로 결정됨 아무리 연습때 잘해도 마지막,2.79,28,6,5,4,3,10,28,11,0.392857,10,0.357143,7,0.25,28,0,0.0,6,0.214286,22,0.785714,28,14,0.5,9,0.321429,5,0.178571,28,3,0.107143,12,0.428571,0,0.0,8,0.285714,5,0.178571,28,23,0.821429,4,0.142857,1,0.035714,0,0.0,0,0.0
1611878,기말고사는 매우 간단한 개념이 출제되고 시험 범위 또한 매우 좁기 때문에,4,42,19,10,8,4,1,42,39,0.928571,3,0.071429,0,0.0,42,39,0.928571,3,0.071429,0,0.0,42,26,0.619048,16,0.380952,0,0.0,42,0,0.0,3,0.071429,0,0.0,39,0.928571,0,0.0,42,0,0.0,1,0.02381,41,0.97619,0,0.0,0,0.0
1611890,,4.86,7,6,1,0,0,0,7,0,0.0,1,0.142857,6,0.857143,7,6,0.857143,1,0.142857,0,0.0,7,5,0.714286,2,0.285714,0,0.0,7,0,0.0,2,0.285714,0,0.0,5,0.714286,0,0.0,7,5,0.714286,0,0.0,2,0.285714,0,0.0,0,0.0
1611893,,4.29,7,3,3,1,0,0,7,1,0.142857,2,0.285714,4,0.571429,7,3,0.428571,1,0.142857,3,0.428571,7,4,0.571429,3,0.428571,0,0.0,7,1,0.142857,2,0.285714,0,0.0,4,0.571429,0,0.0,7,7,1.0,0,0.0,0,0.0,0,0.0,0,0.0
1611894,,5,3,3,0,0,0,0,3,0,0.0,3,1.0,0,0.0,3,3,1.0,0,0.0,0,0.0,3,3,1.0,0,0.0,0,0.0,3,0,0.0,0,0.0,0,0.0,3,1.0,0,0.0,3,2,0.666667,0,0.0,1,0.333333,0,0.0,0,0.0
1611904,교수님이 내주시는 프린트 공부하고 수업 들으면 푸는 데 아무 문제 없어요,4.04,122,45,42,30,5,0,122,2,0.016393,98,0.803279,22,0.180328,122,48,0.393443,70,0.57377,4,0.032787,122,57,0.467213,61,0.5,4,0.032787,122,2,0.016393,17,0.139344,0,0.0,99,0.811475,4,0.032787,122,41,0.336066,45,0.368852,35,0.286885,0,0.0,1,0.008197
1611905,채점 기준을 몰라서 어떻게 써야 좋은 점수를 받는지는 모름. 다만 각 문,4.43,331,195,92,37,5,2,331,54,0.163142,257,0.776435,20,0.060423,331,302,0.912387,25,0.075529,4,0.012085,331,108,0.326284,210,0.634441,13,0.039275,331,7,0.021148,232,0.700906,0,0.0,78,0.23565,14,0.042296,331,4,0.012085,68,0.205438,256,0.773414,2,0.006042,1,0.003021
1611923,매우쉬움 100점만점에 평균 92점 아주간단한 계산문제 매주 나오는 퀴즈,3.57,178,41,67,37,19,14,178,22,0.123596,115,0.646067,41,0.230337,178,138,0.775281,39,0.219101,1,0.005618,178,29,0.162921,86,0.483146,63,0.353933,178,5,0.02809,35,0.196629,0,0.0,127,0.713483,11,0.061798,178,4,0.022472,20,0.11236,144,0.808989,2,0.011236,8,0.044944
1611939,매주찍는 실습과제와 감상문으로 평가 됩니다. 출석잘하고 김상문은 교수님이,4.13,32,15,9,6,1,1,32,3,0.09375,15,0.46875,14,0.4375,32,28,0.875,4,0.125,0,0.0,32,18,0.5625,10,0.3125,4,0.125,32,1,0.03125,7,0.21875,0,0.0,21,0.65625,3,0.09375,32,17,0.53125,10,0.3125,5,0.15625,0,0.0,0,0.0
1611975,Ppt 에서 대부분 나옵니다. 4선지 고르기 ox 생각보다 헷갈리는거,3.39,28,6,7,9,4,2,28,1,0.035714,5,0.178571,22,0.785714,28,7,0.25,11,0.392857,10,0.357143,28,3,0.107143,11,0.392857,14,0.5,28,2,0.071429,14,0.5,1,0.035714,10,0.357143,1,0.035714,28,3,0.107143,12,0.428571,12,0.428571,0,0.0,1,0.035714
1611993,달랑 한 문제이지만 수업 시작부터 중간고사까지 배운 모든 내용이 집약되어,4.33,45,27,11,3,3,1,45,35,0.777778,10,0.222222,0,0.0,45,41,0.911111,3,0.066667,1,0.022222,45,17,0.377778,28,0.622222,0,0.0,45,0,0.0,14,0.311111,0,0.0,27,0.6,4,0.088889,45,5,0.111111,3,0.066667,37,0.822222,0,0.0,0,0.0
1611996,,0,0,0,0,0,0,0,0,0,0.0,0,0.0,0,0.0,0,0,0.0,0,0.0,0,0.0,0,0,0.0,0,0.0,0,0.0,0,0,0.0,0,0.0,0,0.0,0,0.0,0,0.0,0,0,0.0,0,0.0,0,0.0,0,0.0,0,0.0
1612015,수업시간에 자유의지에 대해 배우는데 자유의지의 개념을 정확히 이해해서 그,4.83,29,24,5,0,0,0,29,5,0.172414,20,0.689655,4,0.137931,29,13,0.448276,16,0.551724,0,0.0,29,25,0.862069,4,0.137931,0,0.0,29,0,0.0,2,0.068966,0,0.0,26,0.896552,1,0.034483,29,19,0.655172,3,0.103448,7,0.241379,0,0.0,0,0.0
1612034,시험은 대부분 단답형이고 중국어가 많이 출제되나 단답형이라 노베인 저도,3.63,75,25,19,17,6,8,75,14,0.186667,39,0.52,22,0.293333,75,3,0.04,60,0.8,12,0.16,75,7,0.093333,35,0.466667,33,0.44,75,1,0.013333,23,0.306667,1,0.013333,34,0.453333,16,0.213333,75,0,0.0,6,0.08,68,0.906667,0,0.0,1,0.013333
1612035,주신 프린트를 먼저 외우고 자신만의 언어로 만드는게 필요합니다,4,13,6,2,4,1,0,13,0,0.0,1,0.076923,12,0.923077,13,8,0.615385,5,0.384615,0,0.0,13,2,0.153846,6,0.461538,5,0.384615,13,1,0.076923,1,0.076923,0,0.0,7,0.538462,4,0.307692,13,0,0.0,6,0.461538,7,0.538462,0,0.0,0,0.0
1612043,필기에서 많이 나오고 영상 볼 때도 특징 연출 내용 써 놓으면 좋아요.,4.63,56,39,13,4,0,0,56,47,0.839286,9,0.160714,0,0.0,56,52,0.928571,4,0.071429,0,0.0,56,26,0.464286,30,0.535714,0,0.0,56,0,0.0,6,0.107143,0,0.0,49,0.875,1,0.017857,56,0,0.0,9,0.160714,47,0.839286,0,0.0,0,0.0
1612046,,3.5,4,1,2,0,0,1,4,1,0.25,3,0.75,0,0.0,4,4,1.0,0,0.0,0,0.0,4,1,0.25,3,0.75,0,0.0,4,0,0.0,0,0.0,0,0.0,3,0.75,1,0.25,4,0,0.0,1,0.25,3,0.75,0,0.0,0,0.0
1612049,,0,0,0,0,0,0,0,0,0,0.0,0,0.0,0,0.0,0,0,0.0,0,0.0,0,0.0,0,0,0.0,0,0.0,0,0.0,0,0,0.0,0,0.0,0,0.0,0,0.0,0,0.0,0,0,0.0,0,0.0,0,0.0,0,0.0,0,0.0
1612051,,4.96,25,24,1,0,0,0,25,2,0.08,19,0.76,4,0.16,25,23,0.92,2,0.08,0,0.0,25,17,0.68,8,0.32,0,0.0,25,2,0.08,6,0.24,0,0.0,16,0.64,1,0.04,25,0,0.0,1,0.04,24,0.96,0,0.0,0,0.0
1612052,,5,2,2,0,0,0,0,2,2,1.0,0,0.0,0,0.0,2,2,1.0,0,0.0,0,0.0,2,2,1.0,0,0.0,0,0.0,2,0,0.0,1,0.5,0,0.0,1,0.5,0,0.0,2,0,0.0,1,0.5,1,0.5,0,0.0,0,0.0
1612105,자잘자잘한거 외우지 말고 크게크게 흐름을 외우세요,3.46,41,9,11,14,4,3,41,13,0.317073,28,0.682927,0,0.0,41,7,0.170732,33,0.804878,1,0.02439,41,9,0.219512,29,0.707317,3,0.073171,41,0,0.0,18,0.439024,0,0.0,19,0.463415,4,0.097561,41,0,0.0,3,0.073171,38,0.926829,0,0.0,0,0.0
1612122,1차 퀴즈에 대한 시험 정보임다 괜찮슴다 모두 풀 수 잇슴다 근데 내,3.82,107,44,26,20,8,9,107,1,0.009346,59,0.551402,47,0.439252,107,93,0.869159,13,0.121495,1,0.009346,107,19,0.17757,59,0.551402,29,0.271028,107,14,0.130841,8,0.074766,0,0.0,75,0.700935,10,0.093458,107,0,0.0,0,0.0,33,0.308411,69,0.64486,5,0.046729
1612199,중간고사 없고 휴강하십니다. 과제도 영상학과 전공에 비해서는 많은 편은,4.73,11,8,3,0,0,0,11,1,0.090909,6,0.545455,4,0.363636,11,0,0.0,4,0.363636,7,0.636364,11,7,0.636364,4,0.363636,0,0.0,11,0,0.0,1,0.090909,1,0.090909,9,0.818182,0,0.0,11,10,0.909091,0,0.0,1,0.090909,0,0.0,0,0.0
1612228,"중간고사 때는 400점 만점이었는데 책에서 반 이상 출제, 나머지 반 중",4.44,63,39,16,6,1,1,63,2,0.031746,52,0.825397,9,0.142857,63,61,0.968254,1,0.015873,1,0.015873,63,28,0.444444,33,0.52381,2,0.031746,63,1,0.015873,30,0.47619,0,0.0,10,0.15873,22,0.349206,63,1,0.015873,0,0.0,61,0.968254,1,0.015873,0,0.0
1612232,개념을 잘 숙지하여 객관식이나 TF문제만 잘 맞춰도 평균은 갈 수 있다,3.67,66,27,17,7,3,12,66,1,0.015152,49,0.742424,16,0.242424,66,61,0.924242,5,0.075758,0,0.0,66,19,0.287879,47,0.712121,0,0.0,66,2,0.030303,40,0.606061,4,0.060606,13,0.19697,7,0.106061,66,0,0.0,0,0.0,65,0.984848,0,0.0,1,0.015152
1612233,회로에 대한 정량 정성적 이해 너무 지엽적이진 않음. 마전2 정도,4.73,48,38,7,3,0,0,48,7,0.145833,39,0.8125,2,0.041667,48,41,0.854167,7,0.145833,0,0.0,48,29,0.604167,19,0.395833,0,0.0,48,1,0.020833,34,0.708333,3,0.0625,9,0.1875,1,0.020833,48,0,0.0,0,0.0,48,1.0,0,0.0,0,0.0
1612243,딘아의 강세를 외워야하고 수업시간에 나눠주신 프린트와 교재에서 짚어주신,4.89,28,25,3,0,0,0,28,20,0.714286,7,0.25,1,0.035714,28,28,1.0,0,0.0,0,0.0,28,22,0.785714,6,0.214286,0,0.0,28,0,0.0,15,0.535714,0,0.0,11,0.392857,2,0.071429,28,0,0.0,0,0.0,25,0.892857,0,0.0,3,0.107143
1612245,"총 50문제 나왔고 시간은 70분 준듯. 온라인 시험이고 오픈북인데, 교",4.17,216,96,74,35,8,3,216,205,0.949074,10,0.046296,1,0.00463,216,200,0.925926,15,0.069444,1,0.00463,216,63,0.291667,130,0.601852,23,0.106481,216,5,0.023148,43,0.199074,0,0.0,157,0.726852,11,0.050926,216,2,0.009259,14,0.064815,200,0.925926,0,0.0,0,0.0
1612254,考试问题是填空题和叙述题。老师平时强调的基本都会考，除此以外，好好听课考试前多翻,4.59,34,24,8,1,0,1,34,16,0.470588,17,0.5,1,0.029412,34,5,0.147059,26,0.764706,3,0.088235,34,20,0.588235,13,0.382353,1,0.029412,34,0,0.0,2,0.058824,0,0.0,31,0.911765,1,0.029412,34,0,0.0,0,0.0,34,1.0,0,0.0,0,0.0
1612256,기말고사는 아캠으로 보는거랑 서술형 두 문제가 나오는데 아캠으로 보는거는,4.43,262,163,60,31,4,4,262,24,0.091603,129,0.492366,109,0.416031,262,174,0.664122,67,0.255725,21,0.080153,262,162,0.618321,95,0.362595,5,0.019084,262,20,0.076336,116,0.442748,0,0.0,104,0.396947,22,0.083969,262,6,0.022901,148,0.564885,105,0.400763,2,0.007634,1,0.003817
1612277,"문제 난이도가 높지 않아서, 사실 영어가 익숙한 분들이라면 따로 크게 공",4.85,193,170,19,3,0,1,193,52,0.26943,137,0.709845,4,0.020725,193,141,0.73057,49,0.253886,3,0.015544,193,146,0.756477,44,0.227979,3,0.015544,193,2,0.010363,13,0.067358,0,0.0,174,0.901554,4,0.020725,193,9,0.046632,56,0.290155,109,0.564767,4,0.020725,15,0.07772
1612305,법학 답안지 형식으로 작성해야하니까 미리 어떤 목차로 작성할지 구상해놓고,3.5,164,43,49,41,9,22,164,101,0.615854,59,0.359756,4,0.02439,164,154,0.939024,10,0.060976,0,0.0,164,105,0.640244,57,0.347561,2,0.012195,164,6,0.036585,44,0.268293,0,0.0,59,0.359756,55,0.335366,164,0,0.0,57,0.347561,106,0.646341,0,0.0,1,0.006098
1612336,,0,0,0,0,0,0,0,0,0,0.0,0,0.0,0,0.0,0,0,0.0,0,0.0,0,0.0,0,0,0.0,0,0.0,0,0.0,0,0,0.0,0,0.0,0,0.0,0,0.0,0,0.0,0,0,0.0,0,0.0,0,0.0,0,0.0,0,0.0
1612339,,0,0,0,0,0,0,0,0,0,0.0,0,0.0,0,0.0,0,0,0.0,0,0.0,0,0.0,0,0,0.0,0,0.0,0,0.0,0,0,0.0,0,0.0,0,0.0,0,0.0,0,0.0,0,0,0.0,0,0.0,0,0.0,0,0.0,0,0.0
1612343,,4.5,2,1,1,0,0,0,2,0,0.0,2,1.0,0,0.0,2,0,0.0,2,1.0,0,0.0,2,1,0.5,1,0.5,0,0.0,2,0,0.0,0,0.0,0,0.0,2,1.0,0,0.0,2,0,0.0,0,0.0,2,1.0,0,0.0,0,0.0
1612354,"시험이 없습니다 , 대신 보고서를 작성해야 한다, 보고서의 형식이 수업",4.56,9,7,0,2,0,0,9,0,0.0,6,0.666667,3,0.333333,9,8,0.888889,1,0.111111,0,0.0,9,6,0.666667,3,0.333333,0,0.0,9,0,0.0,3,0.333333,0,0.0,5,0.555556,1,0.111111,9,7,0.777778,0,0.0,2,0.222222,0,0.0,0,0.0
1612361,"문제3까지 있고, 강의에서 있는 내용이어서 큰 문제가 아닙니다. 하지만",3.6,5,2,1,0,2,0,5,0,0.0,2,0.4,3,0.6,5,0,0.0,4,0.8,1,0.2,5,2,0.4,2,0.4,1,0.2,5,0,0.0,0,0.0,0,0.0,4,0.8,1,0.2,5,1,0.2,2,0.4,2,0.4,0,0.0,0,0.0
1612363,"문제 풀이 위주로 공부해야 과제, 시험 모두 해결하실 수 있습니다. 연습",3.76,271,73,98,72,18,10,271,73,0.269373,173,0.638376,25,0.092251,271,236,0.870849,35,0.129151,0,0.0,271,76,0.280443,179,0.660517,16,0.059041,271,6,0.02214,123,0.453875,0,0.0,127,0.468635,15,0.055351,271,0,0.0,1,0.00369,261,0.9631,0,0.0,9,0.03321
1688560,중간고사와 유사합니다. 저는 재수강이라 수업도 아예 안듣고 ppt만 시험,4.14,248,126,67,31,12,12,248,50,0.201613,145,0.584677,53,0.21371,248,144,0.580645,93,0.375,11,0.044355,248,96,0.387097,126,0.508065,26,0.104839,248,0,0.0,91,0.366935,2,0.008065,148,0.596774,7,0.028226,248,3,0.012097,8,0.032258,232,0.935484,0,0.0,5,0.020161
1688564,각 사상가에 대한 암기보단 이해가 중요하고 이해하면 오픈북이라 찾기 더,4.33,164,97,40,13,12,2,164,82,0.5,76,0.463415,6,0.036585,164,57,0.347561,107,0.652439,0,0.0,164,116,0.707317,45,0.27439,3,0.018293,164,6,0.036585,99,0.603659,1,0.006098,43,0.262195,15,0.091463,164,1,0.006098,44,0.268293,118,0.719512,0,0.0,1,0.006098
1688583,스터디가이드에서만 나와요 반복문 이용한 수열문제 예제 몇 개 찾아서 풀어,4.74,47,36,10,1,0,0,47,0,0.0,32,0.680851,15,0.319149,47,39,0.829787,8,0.170213,0,0.0,47,29,0.617021,17,0.361702,1,0.021277,47,0,0.0,4,0.085106,0,0.0,41,0.87234,2,0.042553,47,1,0.021277,1,0.021277,45,0.957447,0,0.0,0,0.0
1688585,일단 난 c언어를 했었음 내가 느꼈을 땐 예제랑 비슷하게 나왔다고 생각함,4.8,54,48,1,5,0,0,54,8,0.148148,43,0.796296,3,0.055556,54,49,0.907407,5,0.092593,0,0.0,54,44,0.814815,10,0.185185,0,0.0,54,0,0.0,29,0.537037,0,0.0,23,0.425926,2,0.037037,54,0,0.0,0,0.0,54,1.0,0,0.0,0,0.0
1688612,교수님이 올려주시는 교재 원본 볼 필요 없이 ppt만 쭉 읽으면 됩니다,3.26,54,13,16,9,4,12,54,17,0.314815,34,0.62963,3,0.055556,54,46,0.851852,8,0.148148,0,0.0,54,25,0.462963,18,0.333333,11,0.203704,54,7,0.12963,7,0.12963,0,0.0,38,0.703704,2,0.037037,54,12,0.222222,19,0.351852,21,0.388889,1,0.018519,1,0.018519
1688642,교수님이 ppt를 업로드해주지 않으십니다 웬만하면 사진을 찍거나 화면에,4.11,35,15,12,6,1,1,35,3,0.085714,30,0.857143,2,0.057143,35,21,0.6,14,0.4,0,0.0,35,12,0.342857,20,0.571429,3,0.085714,35,0,0.0,1,0.028571,0,0.0,33,0.942857,1,0.028571,35,0,0.0,29,0.828571,6,0.171429,0,0.0,0,0.0
1688730,"오픈북 시험이어서 객관식, 서술형문제 모두 어렵게 나왔음. 교수님이 수업",4.2,65,30,19,15,1,0,65,7,0.107692,43,0.661538,15,0.230769,65,24,0.369231,16,0.246154,25,0.384615,65,25,0.384615,39,0.6,1,0.015385,65,0,0.0,34,0.523077,0,0.0,28,0.430769,3,0.046154,65,43,0.661538,11,0.169231,10,0.153846,1,0.015385,0,0.0
1688763,"[총평] 시간이 촉박한 시험이었다 문제는 모두 영어로 출제되었고, 서술형",3.27,84,16,23,25,8,12,84,2,0.02381,42,0.5,40,0.47619,84,78,0.928571,5,0.059524,1,0.011905,84,17,0.202381,57,0.678571,10,0.119048,84,0,0.0,48,0.571429,14,0.166667,14,0.166667,8,0.095238,84,0,0.0,0,0.0,61,0.72619,22,0.261905,1,0.011905
1688764,"중간고사는 계산문제, 기말고사는 서술형 문제 위주로 나옵니다",4.53,86,56,21,8,1,0,86,1,0.011628,53,0.616279,32,0.372093,86,70,0.813953,15,0.174419,1,0.011628,86,45,0.523256,37,0.430233,4,0.046512,86,0,0.0,44,0.511628,0,0.0,36,0.418605,6,0.069767,86,9,0.104651,7,0.081395,65,0.755814,5,0.05814,0,0.0
1688927,,4.63,8,5,3,0,0,0,8,1,0.125,4,0.5,3,0.375,8,1,0.125,2,0.25,5,0.625,8,8,1.0,0,0.0,0,0.0,8,2,0.25,0,0.0,0,0.0,5,0.625,1,0.125,8,7,0.875,0,0.0,1,0.125,0,0.0,0,0.0
1688955,,3.25,4,1,0,2,1,0,4,0,0.0,3,0.75,1,0.25,4,1,0.25,3,0.75,0,0.0,4,1,0.25,3,0.75,0,0.0,4,0,0.0,0,0.0,0,0.0,4,1.0,0,0.0,4,0,0.0,1,0.25,3,0.75,0,0.0,0,0.0
1688956,책 대로 배우시면 A정도 받을 수 있습니다^^ 대부분은 책 대로 나오기는,4.5,4,3,0,1,0,0,4,1,0.25,2,0.5,1,0.25,4,1,0.25,2,0.5,1,0.25,4,2,0.5,2,0.5,0,0.0,4,0,0.0,1,0.25,0,0.0,2,0.5,1,0.25,4,0,0.0,0,0.0,4,1.0,0,0.0,0,0.0
1688957,,4.71,7,5,2,0,0,0,7,1,0.142857,5,0.714286,1,0.142857,7,1,0.142857,5,0.714286,1,0.142857,7,5,0.714286,2,0.285714,0,0.0,7,0,0.0,3,0.428571,0,0.0,4,0.571429,0,0.0,7,0,0.0,0,0.0,6,0.857143,0,0.0,1,0.142857
1688962,평소에 수업시간에 집중을 하고 공부를 한다면 시험은 크게 문제가 안될 것,4.9,10,9,1,0,0,0,10,0,0.0,6,0.6,4,0.4,10,1,0.1,9,0.9,0,0.0,10,7,0.7,1,0.1,2,0.2,10,0,0.0,1,0.1,0,0.0,9,0.9,0,0.0,10,0,0.0,0,0.0,10,1.0,0,0.0,0,0.0
1688981,계산이 매우 복잡한 문항이 나올 수 있음에 유의하세요. 임의의 행렬 A에,3.78,46,18,14,6,2,6,46,3,0.065217,41,0.891304,2,0.043478,46,44,0.956522,2,0.043478,0,0.0,46,9,0.195652,26,0.565217,11,0.23913,46,8,0.173913,7,0.152174,0,0.0,14,0.304348,17,0.369565,46,1,0.021739,0,0.0,45,0.978261,0,0.0,0,0.0
1771992,4지선다 객관식 20문항으로 출제되었습니다. 수업에서 다루었던 개념에 대,3.98,209,76,74,42,13,4,208,107,0.514423,97,0.466346,4,0.019231,208,90,0.432692,103,0.495192,15,0.072115,208,116,0.557692,91,0.4375,1,0.004808,208,1,0.004808,173,0.831731,1,0.004808,23,0.110577,10,0.048077,208,0,0.0,2,0.009615,204,0.980769,1,0.004808,1,0.004808
1772012,시험 안 봅니다 캡스톤 성공여부에 따라 학점 반영,2.56,34,9,5,1,0,19,34,1,0.029412,9,0.264706,24,0.705882,34,0,0.0,7,0.205882,27,0.794118,34,22,0.647059,9,0.264706,3,0.088235,34,11,0.323529,10,0.294118,0,0.0,6,0.176471,7,0.205882,34,32,0.941176,0,0.0,1,0.029412,1,0.029412,0,0.0
1772064,어셈블리 코드 공부 열심히하세요 거의80%가 어셈블리 쓰거나 읽는문제입니,3.52,27,6,9,7,3,2,27,0,0.0,25,0.925926,2,0.074074,27,0,0.0,26,0.962963,1,0.037037,27,10,0.37037,16,0.592593,1,0.037037,27,0,0.0,0,0.0,0,0.0,26,0.962963,1,0.037037,27,0,0.0,0,0.0,27,1.0,0,0.0,0,0.0
1772065,중간고사 없었고 기말고사 전 범위였습니다. 매주 토론 과제 하나씩 있는데,4.7,192,151,27,13,0,1,192,4,0.020833,172,0.895833,16,0.083333,192,173,0.901042,19,0.098958,0,0.0,192,155,0.807292,37,0.192708,0,0.0,192,21,0.109375,99,0.515625,0,0.0,62,0.322917,10,0.052083,192,0,0.0,68,0.354167,124,0.645833,0,0.0,0,0.0
1772081,Oled 역사는 23 24년 연속으로 안 나왔습니다. 지엽적으로 공부하면,4.75,358,292,48,13,3,2,358,201,0.561453,150,0.418994,7,0.019553,358,344,0.960894,14,0.039106,0,0.0,358,259,0.723464,99,0.276536,0,0.0,358,72,0.201117,206,0.575419,0,0.0,54,0.150838,26,0.072626,358,0,0.0,91,0.25419,266,0.743017,1,0.002793,0,0.0
1772085,오직 프린트에 있는 예제와 중요하다고 강조한 몇 안되는 것들에서 다 나옴,3.11,101,28,15,21,14,23,100,12,0.12,87,0.87,1,0.01,100,85,0.85,14,0.14,1,0.01,100,44,0.44,54,0.54,2,0.02,100,1,0.01,45,0.45,0,0.0,45,0.45,9,0.09,100,0,0.0,0,0.0,100,1.0,0,0.0,0,0.0
1772092,시험 하루전에 ppt랑 책만 꼼꼼히 보면 모두 고득점 가능합니다! 다지,4.08,206,89,76,23,4,14,206,10,0.048544,148,0.718447,48,0.23301,206,140,0.679612,63,0.305825,3,0.014563,206,62,0.300971,112,0.543689,32,0.15534,206,1,0.004854,109,0.529126,0,0.0,89,0.432039,7,0.033981,206,18,0.087379,33,0.160194,149,0.723301,1,0.004854,5,0.024272
1772105,강의 2회차+숙제 열심히 했는데 2개만 감점 받고 나머지는 맞았어요. /,4.37,161,97,38,19,3,4,161,9,0.055901,106,0.658385,46,0.285714,161,146,0.906832,14,0.086957,1,0.006211,161,96,0.596273,64,0.397516,1,0.006211,161,34,0.21118,85,0.52795,1,0.006211,34,0.21118,7,0.043478,161,1,0.006211,17,0.10559,139,0.863354,0,0.0,4,0.024845
1772106,그냥 기출 잘풀고 연습문제 수업시간에 찝어주는거 다풀어보면됨,4.46,56,37,11,6,1,1,56,12,0.214286,29,0.517857,15,0.267857,56,50,0.892857,6,0.107143,0,0.0,56,21,0.375,29,0.517857,6,0.107143,56,6,0.107143,28,0.5,0,0.0,14,0.25,8,0.142857,56,0,0.0,15,0.267857,40,0.714286,1,0.017857,0,0.0
1772113,개념은 생각보다 간단하게 나오지만 과목 자체가 헷갈리기 쉬워서 잘 정리해,3.32,94,20,23,29,11,11,93,7,0.075269,64,0.688172,22,0.236559,93,75,0.806452,18,0.193548,0,0.0,93,15,0.16129,58,0.623656,20,0.215054,93,11,0.11828,33,0.354839,0,0.0,43,0.462366,6,0.064516,93,0,0.0,15,0.16129,72,0.774194,0,0.0,6,0.064516
1772119,다들 교생 파이팅이에요!! 수고가 많지만 다들 힘냅시다 히히🥰🥰,4.83,6,5,1,0,0,0,6,5,0.833333,1,0.166667,0,0.0,6,6,1.0,0,0.0,0,0.0,6,1,0.166667,5,0.833333,0,0.0,6,1,0.166667,1,0.166667,0,0.0,1,0.166667,3,0.5,6,4,0.666667,0,0.0,2,0.333333,0,0.0,0,0.0
1772126,대체 과제의 형식으로 12개 문제를 풀어서 해설이 간단하게 제시하면 됩니,4.78,374,311,47,15,0,1,374,228,0.609626,145,0.387701,1,0.002674,374,299,0.799465,72,0.192513,3,0.008021,374,342,0.914439,32,0.085561,0,0.0,374,57,0.152406,169,0.451872,0,0.0,121,0.323529,27,0.072193,374,154,0.411765,39,0.104278,179,0.47861,1,0.002674,1,0.002674
1772127,글쓰기 2번 있습니다. 개인적인 경험 녹여내어 쓰면 좋을 것 같아요! 수,4.67,163,136,13,7,1,6,163,71,0.435583,89,0.546012,3,0.018405,163,147,0.90184,15,0.092025,1,0.006135,163,151,0.92638,12,0.07362,0,0.0,163,15,0.092025,69,0.423313,0,0.0,70,0.429448,9,0.055215,163,123,0.754601,9,0.055215,30,0.184049,0,0.0,1,0.006135
1772133,"대부분 수업 때 풀었던 문제들 그대로 내시고, 선지만 약간 바꿔서 내십니",4.72,145,116,18,11,0,0,145,88,0.606897,55,0.37931,2,0.013793,145,136,0.937931,8,0.055172,1,0.006897,145,130,0.896552,13,0.089655,2,0.013793,145,1,0.006897,55,0.37931,1,0.006897,79,0.544828,9,0.062069,145,4,0.027586,55,0.37931,86,0.593103,0,0.0,0,0.0
1772158,"요약문, 논평문, 기말 에세이계획서+초고+최종본 이 주요 과제. 요약문,",3.65,322,80,108,93,23,18,322,6,0.018634,194,0.602484,122,0.378882,322,39,0.121118,197,0.611801,86,0.267081,322,107,0.332298,177,0.549689,38,0.118012,322,1,0.003106,99,0.307453,0,0.0,175,0.543478,47,0.145963,322,283,0.878882,22,0.068323,16,0.049689,1,0.003106,0,0.0
1772165,기말 1회고 지엽적으로 내시지 않는다고 하셨어요. 두 문제 서술형인데 1,4.17,59,26,20,11,1,1,59,15,0.254237,41,0.694915,3,0.050847,59,17,0.288136,15,0.254237,27,0.457627,59,19,0.322034,40,0.677966,0,0.0,59,0,0.0,39,0.661017,0,0.0,17,0.288136,3,0.050847,59,0,0.0,27,0.457627,31,0.525424,1,0.016949,0,0.0
1772176,수업에 잘 참여하고 책 잘 읽었으면 쉽게쉽게 해결되는 문제들입니다. 역시,4.83,23,21,1,0,1,0,23,0,0.0,5,0.217391,18,0.782609,23,15,0.652174,1,0.043478,7,0.304348,23,17,0.73913,6,0.26087,0,0.0,23,0,0.0,12,0.521739,0,0.0,11,0.478261,0,0.0,23,12,0.521739,6,0.26087,5,0.217391,0,0.0,0,0.0
1772187,교수님의 오려주신 ppt에 답이 모두 들어 있어요,4.83,18,15,3,0,0,0,18,4,0.222222,14,0.777778,0,0.0,18,6,0.333333,9,0.5,3,0.166667,18,13,0.722222,4,0.222222,1,0.055556,18,3,0.166667,8,0.444444,1,0.055556,6,0.333333,0,0.0,18,9,0.5,7,0.388889,1,0.055556,0,0.0,1,0.055556
1772201,열분... 엄청 똑똑하거나... 글을 잘 써야합니다. 수고하세요.,3.57,14,4,3,5,1,1,14,0,0.0,13,0.928571,1,0.071429,14,14,1.0,0,0.0,0,0.0,14,3,0.214286,9,0.642857,2,0.142857,14,0,0.0,0,0.0,0,0.0,14,1.0,0,0.0,14,0,0.0,0,0.0,14,1.0,0,0.0,0,0.0
1772223,솔직히 과목이름이 한국‘고대사’라서 조선시대 역사학 안 나올 줄 알았는데,4.15,59,28,15,14,1,1,59,10,0.169492,33,0.559322,16,0.271186,59,5,0.084746,43,0.728814,11,0.186441,59,18,0.305085,33,0.559322,8,0.135593,59,0,0.0,5,0.084746,0,0.0,52,0.881356,2,0.033898,59,0,0.0,0,0.0,59,1.0,0,0.0,0,0.0
1772233,주제별 키워드에 대해 심도있는 이해가 필요합니다. 단어 뜻만 적게되면,4,3,1,1,1,0,0,3,1,0.333333,2,0.666667,0,0.0,3,2,0.666667,1,0.333333,0,0.0,3,0,0.0,3,1.0,0,0.0,3,0,0.0,0,0.0,0,0.0,3,1.0,0,0.0,3,0,0.0,0,0.0,3,1.0,0,0.0,0,0.0
1772236,"이 시험 준비과정도, 시험 과정도 힘들었어요 단순하게 문장 암기인건 맞는",4.36,36,22,9,3,0,2,36,4,0.111111,27,0.75,5,0.138889,36,13,0.361111,14,0.388889,9,0.25,36,18,0.5,13,0.361111,5,0.138889,36,0,0.0,14,0.388889,1,0.027778,19,0.527778,2,0.055556,36,1,0.027778,2,0.055556,31,0.861111,1,0.027778,1,0.027778
1772257,기말 대체 과제인데 미래교육과 관련하여 개인별 주제 잡고 주어진 양식에,2.85,39,5,9,11,3,11,39,6,0.153846,17,0.435897,16,0.410256,39,35,0.897436,4,0.102564,0,0.0,39,13,0.333333,17,0.435897,9,0.230769,39,4,0.102564,25,0.641026,0,0.0,8,0.205128,2,0.051282,39,35,0.897436,1,0.025641,3,0.076923,0,0.0,0,0.0
1772294,아이고 의미없다. 사실 이번이 코로나 학기라 문제 예시가 의미가 있을지,3.49,69,17,18,20,10,4,69,4,0.057971,62,0.898551,3,0.043478,69,64,0.927536,5,0.072464,0,0.0,69,12,0.173913,45,0.652174,12,0.173913,69,1,0.014493,25,0.362319,0,0.0,42,0.608696,1,0.014493,69,0,0.0,4,0.057971,65,0.942029,0,0.0,0,0.0
1772312,"이번 학기는 소문항 a가 공식유도 b,c가 그 공식을 이용해서 푸는 문제",4.32,62,29,26,6,0,1,62,0,0.0,27,0.435484,35,0.564516,62,56,0.903226,6,0.096774,0,0.0,62,7,0.112903,41,0.66129,14,0.225806,62,1,0.016129,43,0.693548,0,0.0,18,0.290323,0,0.0,62,0,0.0,0,0.0,62,1.0,0,0.0,0,0.0
1772325,매주 제출하는 qa에서 많이 나옵니다. 주어지는 글에 대해 T/F를 판별,2.96,156,33,25,44,11,43,156,2,0.012821,31,0.198718,123,0.788462,156,4,0.025641,27,0.173077,125,0.801282,156,52,0.333333,72,0.461538,32,0.205128,156,1,0.00641,44,0.282051,11,0.070513,79,0.50641,21,0.134615,156,0,0.0,2,0.012821,153,0.980769,0,0.0,1,0.00641
1772333,교수님이 내주신 ppt 중에 예시 문제 있는데 그거 위주로 많이 풀어보시,3.98,219,86,74,39,8,12,219,173,0.789954,43,0.196347,3,0.013699,219,200,0.913242,18,0.082192,1,0.004566,219,33,0.150685,123,0.561644,63,0.287671,219,28,0.127854,123,0.561644,0,0.0,56,0.255708,12,0.054795,219,1,0.004566,0,0.0,218,0.995434,0,0.0,0,0.0
1772352,,0,0,0,0,0,0,0,0,0,0.0,0,0.0,0,0.0,0,0,0.0,0,0.0,0,0.0,0,0,0.0,0,0.0,0,0.0,0,0,0.0,0,0.0,0,0.0,0,0.0,0,0.0,0,0,0.0,0,0.0,0,0.0,0,0.0,0,0.0
1772407,포토샵/AI 실기 파일을 주시면 결과물 파일과 똑같이 만들어내는 게 기말,3.08,80,15,21,18,7,19,80,0,0.0,40,0.5,40,0.5,80,74,0.925,6,0.075,0,0.0,80,23,0.2875,49,0.6125,8,0.1,80,0,0.0,36,0.45,0,0.0,42,0.525,2,0.025,80,69,0.8625,1,0.0125,7,0.0875,1,0.0125,2,0.025
1772439,교수님께서 중간때는 2개년 기말땐 4개년 기출 올려주시는데 대락 1~2문,4.67,24,18,4,2,0,0,24,1,0.041667,5,0.208333,18,0.75,24,19,0.791667,5,0.208333,0,0.0,24,16,0.666667,8,0.333333,0,0.0,24,0,0.0,8,0.333333,0,0.0,15,0.625,1,0.041667,24,0,0.0,1,0.041667,18,0.75,4,0.166667,1,0.041667
1772445,나다 방금 시험 치고왔다 이상호 교수님 시험이고 범위는 34567 수업,4.59,95,63,25,7,0,0,95,88,0.926316,7,0.073684,0,0.0,95,91,0.957895,4,0.042105,0,0.0,95,40,0.421053,53,0.557895,2,0.021053,95,0,0.0,35,0.368421,0,0.0,58,0.610526,2,0.021053,95,0,0.0,6,0.063158,89,0.936842,0,0.0,0,0.0
1772460,코로나로 온라인시험. 오픈북이라고 봐도 무방합니다.,3.21,43,11,10,7,7,8,43,40,0.930233,2,0.046512,1,0.023256,43,38,0.883721,5,0.116279,0,0.0,43,17,0.395349,19,0.44186,7,0.162791,43,3,0.069767,0,0.0,0,0.0,36,0.837209,4,0.093023,43,4,0.093023,23,0.534884,16,0.372093,0,0.0,0,0.0
1772494,이과목에 가장 중요한 것은 보고서인데 중간고사 20점을 자치하니 무시해서,4.14,7,3,2,2,0,0,7,1,0.142857,1,0.142857,5,0.714286,7,7,1.0,0,0.0,0,0.0,7,3,0.428571,2,0.285714,2,0.285714,7,0,0.0,1,0.142857,0,0.0,6,0.857143,0,0.0,7,6,0.857143,1,0.142857,0,0.0,0,0.0,0,0.0
1772500,수업 피피티 잘 보시면 됩니당 발표 팀플 있어요 전반적으로 무난무난함,4.67,12,10,1,0,1,0,12,8,0.666667,3,0.25,1,0.083333,12,1,0.083333,11,0.916667,0,0.0,12,5,0.416667,6,0.5,1,0.083333,12,0,0.0,7,0.583333,0,0.0,5,0.416667,0,0.0,12,0,0.0,0,0.0,12,1.0,0,0.0,0,0.0
1856186,중간기말은 다 문제 알려주시고 글쓰기고 퀴즈에 대한 정보가 없길래 알려드,4.89,71,66,2,3,0,0,71,41,0.577465,30,0.422535,0,0.0,71,63,0.887324,8,0.112676,0,0.0,71,67,0.943662,4,0.056338,0,0.0,71,0,0.0,4,0.056338,0,0.0,65,0.915493,2,0.028169,71,2,0.028169,32,0.450704,34,0.478873,3,0.042254,0,0.0
1856229,The core topics were the Schrödinger Equ,4.41,69,35,27,7,0,0,69,36,0.521739,32,0.463768,1,0.014493,69,13,0.188406,51,0.73913,5,0.072464,69,42,0.608696,26,0.376812,1,0.014493,69,0,0.0,21,0.304348,0,0.0,44,0.637681,4,0.057971,69,0,0.0,53,0.768116,16,0.231884,0,0.0,0,0.0
1856230,시험없어용 히히 이거 포인트 주고 보지 마세요 그냥 할거 잘 하시면 됨,0,0,0,0,0,0,0,0,0,0.0,0,0.0,0,0.0,0,0,0.0,0,0.0,0,0.0,0,0,0.0,0,0.0,0,0.0,0,0,0.0,0,0.0,0,0.0,0,0.0,0,0.0,0,0,0.0,0,0.0,0,0.0,0,0.0,0,0.0
1856241,오픈북이어서 교안 인쇄본 다 뽑아가면 사실 못 풀 문제는 없어요 서술형,3.91,47,12,23,9,2,1,47,4,0.085106,37,0.787234,6,0.12766,47,0,0.0,20,0.425532,27,0.574468,47,15,0.319149,24,0.510638,8,0.170213,47,0,0.0,14,0.297872,0,0.0,23,0.489362,10,0.212766,47,0,0.0,22,0.468085,25,0.531915,0,0.0,0,0.0
1856243,上課講的內容，定義概念，公式計算，理解之後記下來就可以了，考試內容都是上課講過的,4.62,29,21,5,3,0,0,29,12,0.413793,17,0.586207,0,0.0,29,6,0.206897,23,0.793103,0,0.0,29,26,0.896552,3,0.103448,0,0.0,29,0,0.0,14,0.482759,0,0.0,13,0.448276,2,0.068966,29,0,0.0,6,0.206897,23,0.793103,0,0.0,0,0.0
1856244,"중간: 객관 7문제, 단답 2문제, 주관 1문제 (단답+주관 점수가 더",4.42,232,144,53,26,7,2,232,3,0.012931,148,0.637931,81,0.349138,232,154,0.663793,75,0.323276,3,0.012931,232,96,0.413793,130,0.560345,6,0.025862,232,3,0.012931,63,0.271552,0,0.0,159,0.685345,7,0.030172,232,0,0.0,89,0.383621,143,0.616379,0,0.0,0,0.0
1856276,솔직히 수업 하나도 안들어도 되고 그냥 오로지 괴ㅛ과서 예제 문제 푸세요,4.13,68,28,25,12,2,1,68,55,0.808824,13,0.191176,0,0.0,68,62,0.911765,6,0.088235,0,0.0,68,51,0.75,16,0.235294,1,0.014706,68,7,0.102941,48,0.705882,0,0.0,11,0.161765,2,0.029412,68,0,0.0,3,0.044118,65,0.955882,0,0.0,0,0.0
1856288,수업 중에 푼 문제들과 매우 유사하게 나옵니다. 풀이과정 적어야하니 풀이,4.62,180,134,29,13,2,2,180,7,0.038889,133,0.738889,40,0.222222,180,160,0.888889,20,0.111111,0,0.0,180,81,0.45,92,0.511111,7,0.038889,180,7,0.038889,115,0.638889,0,0.0,51,0.283333,7,0.038889,180,29,0.161111,16,0.088889,134,0.744444,0,0.0,1,0.005556
1856320,,4,10,3,4,3,0,0,10,1,0.1,4,0.4,5,0.5,10,7,0.7,3,0.3,0,0.0,10,7,0.7,2,0.2,1,0.1,10,0,0.0,1,0.1,0,0.0,9,0.9,0,0.0,10,0,0.0,6,0.6,4,0.4,0,0.0,0,0.0
1856407,완성형 20문제 서술형 2문제 완성형 풀려면 교안 몇번 보면 되고 서술형,4.61,104,73,21,10,0,0,104,85,0.817308,18,0.173077,1,0.009615,104,87,0.836538,15,0.144231,2,0.019231,104,68,0.653846,36,0.346154,0,0.0,104,1,0.009615,74,0.711538,0,0.0,18,0.173077,11,0.105769,104,23,0.221154,6,0.057692,74,0.711538,1,0.009615,0,0.0
1856460,,4,8,5,1,0,1,1,8,8,1.0,0,0.0,0,0.0,8,8,1.0,0,0.0,0,0.0,8,4,0.5,4,0.5,0,0.0,8,1,0.125,1,0.125,0,0.0,6,0.75,0,0.0,8,0,0.0,2,0.25,6,0.75,0,0.0,0,0.0
1856520,"중간, 기말 시험 따로 없고 중간은 팀플형식 기말은 개인 플젝으로 진행됩",5,1,1,0,0,0,0,1,1,1.0,0,0.0,0,0.0,1,0,0.0,1,1.0,0,0.0,1,0,0.0,1,1.0,0,0.0,1,0,0.0,0,0.0,0,0.0,1,1.0,0,0.0,1,1,1.0,0,0.0,0,0.0,0,0.0,0,0.0
1856577,,4.25,4,1,3,0,0,0,4,0,0.0,1,0.25,3,0.75,4,0,0.0,2,0.5,2,0.5,4,1,0.25,2,0.5,1,0.25,4,0,0.0,1,0.25,0,0.0,3,0.75,0,0.0,4,0,0.0,0,0.0,4,1.0,0,0.0,0,0.0
1856579,퀴즈에 나오는 문제와 거의 동일한 유형 대부분 객관식이고 주관식은 글의,4.17,12,7,3,0,1,1,12,0,0.0,4,0.333333,8,0.666667,12,9,0.75,2,0.166667,1,0.083333,12,7,0.583333,5,0.416667,0,0.0,12,0,0.0,0,0.0,0,0.0,12,1.0,0,0.0,12,1,0.083333,0,0.0,11,0.916667,0,0.0,0,0.0
1856581,,1,1,0,0,0,0,1,1,0,0.0,1,1.0,0,0.0,1,1,1.0,0,0.0,0,0.0,1,0,0.0,1,1.0,0,0.0,1,0,0.0,1,1.0,0,0.0,0,0.0,0,0.0,1,0,0.0,0,0.0,1,1.0,0,0.0,0,0.0
1856583,,3.5,2,1,0,0,1,0,2,0,0.0,2,1.0,0,0.0,2,0,0.0,2,1.0,0,0.0,2,0,0.0,1,0.5,1,0.5,2,0,0.0,0,0.0,0,0.0,2,1.0,0,0.0,2,0,0.0,0,0.0,2,1.0,0,0.0,0,0.0
1856624,수업시간에 제시했던 중심문장 위주로 연습하면 될듯 중심문장은 글에 나온,4.24,38,22,9,4,0,3,38,2,0.052632,26,0.684211,10,0.263158,38,22,0.578947,15,0.394737,1,0.026316,38,21,0.552632,14,0.368421,3,0.078947,38,0,0.0,17,0.447368,0,0.0,17,0.447368,4,0.105263,38,0,0.0,1,0.026316,37,0.973684,0,0.0,0,0.0
1856626,교수님이 시험 전에 어디서 문제가 나올지 찝어주시는데 그 부분 잘 숙지하,3.64,25,8,7,6,1,3,25,1,0.04,17,0.68,7,0.28,25,22,0.88,3,0.12,0,0.0,25,2,0.08,20,0.8,3,0.12,25,0,0.0,13,0.52,0,0.0,9,0.36,3,0.12,25,0,0.0,2,0.08,20,0.8,3,0.12,0,0.0
1927856,다큐 시청 후 자신의 생각을 제한시간 안에 서술해야합니다. 다큐는 미리,4.32,56,32,12,10,2,0,56,18,0.321429,37,0.660714,1,0.017857,56,17,0.303571,24,0.428571,15,0.267857,56,25,0.446429,26,0.464286,5,0.089286,56,2,0.035714,25,0.446429,0,0.0,19,0.339286,10,0.178571,56,34,0.607143,9,0.160714,13,0.232143,0,0.0,0,0.0
1927896,,0,0,0,0,0,0,0,0,0,0.0,0,0.0,0,0.0,0,0,0.0,0,0.0,0,0.0,0,0,0.0,0,0.0,0,0.0,0,0,0.0,0,0.0,0,0.0,0,0.0,0,0.0,0,0,0.0,0,0.0,0,0.0,0,0.0,0,0.0
1927906,총 3개 문제가 있습니다. 서술형으로 쓰면 됩니다. 오픈북입니다.,3.92,24,10,7,3,3,1,24,16,0.666667,8,0.333333,0,0.0,24,22,0.916667,2,0.083333,0,0.0,24,11,0.458333,11,0.458333,2,0.083333,24,0,0.0,2,0.083333,0,0.0,21,0.875,1,0.041667,24,0,0.0,1,0.041667,23,0.958333,0,0.0,0,0.0
1937034,수업들은 내용+교안 내용 자신의 언어로 잘 정리하여 한 문항당 a4 반매,4.9,397,365,23,9,0,0,397,82,0.206549,310,0.780856,5,0.012594,397,255,0.642317,139,0.350126,3,0.007557,397,343,0.86398,54,0.13602,0,0.0,397,11,0.027708,70,0.176322,1,0.002519,292,0.735516,23,0.057935,397,90,0.2267,139,0.350126,166,0.418136,1,0.002519,1,0.002519
1937036,"중간고사는 b4용지 양면에 서술하는 방식의 장문 논술형 시험이고, 기말",4.27,164,94,36,25,3,6,164,56,0.341463,100,0.609756,8,0.04878,164,35,0.213415,126,0.768293,3,0.018293,164,114,0.695122,44,0.268293,6,0.036585,164,9,0.054878,13,0.079268,0,0.0,130,0.792683,12,0.073171,164,22,0.134146,110,0.670732,29,0.176829,1,0.006098,2,0.012195
1937037,"중간, 기말고사 필기 없음 과제만 있음 단, 출석 20이라 꽤나 중요",4.43,145,96,27,14,4,4,145,2,0.013793,74,0.510345,69,0.475862,145,0,0.0,37,0.255172,108,0.744828,145,95,0.655172,43,0.296552,7,0.048276,145,0,0.0,32,0.22069,0,0.0,104,0.717241,9,0.062069,145,130,0.896552,4,0.027586,11,0.075862,0,0.0,0,0.0
1937066,교안 ppt 예제에서 다 나온다고 생각하면 됩니다 난이도 굉장히 쉬움 교,4.77,75,60,13,2,0,0,75,22,0.293333,51,0.68,2,0.026667,75,67,0.893333,8,0.106667,0,0.0,75,46,0.613333,29,0.386667,0,0.0,75,4,0.053333,25,0.333333,0,0.0,41,0.546667,5,0.066667,75,1,0.013333,4,0.053333,70,0.933333,0,0.0,0,0.0
1937067,레포트로 중간 기말 대체해요 양은 별로 중요하지 않다고 하십니다,4.32,93,61,14,9,5,4,93,38,0.408602,52,0.55914,3,0.032258,93,91,0.978495,1,0.010753,1,0.010753,93,50,0.537634,37,0.397849,6,0.064516,93,33,0.354839,33,0.354839,0,0.0,20,0.215054,7,0.075269,93,66,0.709677,4,0.043011,22,0.236559,1,0.010753,0,0.0
1937082,교수님이 시험 전주에 뭐 나오는지 알려주시는데 고대로 공부하면 됩니다~,4.77,141,120,13,5,3,0,141,37,0.262411,103,0.730496,1,0.007092,141,125,0.886525,13,0.092199,3,0.021277,141,92,0.652482,47,0.333333,2,0.014184,141,2,0.014184,86,0.609929,0,0.0,36,0.255319,17,0.120567,141,0,0.0,15,0.106383,126,0.893617,0,0.0,0,0.0
1937089,시험 전에 교수님이 말씀해주신 부분만 보고 가면 됩니다! 시험 당일 5시,3.07,30,6,5,10,3,6,30,3,0.1,26,0.866667,1,0.033333,30,6,0.2,17,0.566667,7,0.233333,30,12,0.4,18,0.6,0,0.0,30,0,0.0,4,0.133333,0,0.0,24,0.8,2,0.066667,30,5,0.166667,21,0.7,4,0.133333,0,0.0,0,0.0
1937101,,0,0,0,0,0,0,0,0,0,0.0,0,0.0,0,0.0,0,0,0.0,0,0.0,0,0.0,0,0,0.0,0,0.0,0,0.0,0,0,0.0,0,0.0,0,0.0,0,0.0,0,0.0,0,0,0.0,0,0.0,0,0.0,0,0.0,0,0.0
1937117,1. 마케팅 분석에서 다루는 툴 사용하시면 좋아합니다! (교안에 나온 내,4.52,142,101,24,10,4,3,142,8,0.056338,82,0.577465,52,0.366197,142,93,0.65493,31,0.21831,18,0.126761,142,80,0.56338,54,0.380282,8,0.056338,142,0,0.0,50,0.352113,1,0.007042,87,0.612676,4,0.028169,142,75,0.528169,3,0.021127,64,0.450704,0,0.0,0,0.0
1937125,수업재밌습니다. 이번에들은거중 제일재밌었어요. 교수님이 박학다식하십니다.,4.45,83,57,11,11,3,1,83,35,0.421687,48,0.578313,0,0.0,83,32,0.385542,50,0.60241,1,0.012048,83,45,0.542169,36,0.433735,2,0.024096,83,12,0.144578,56,0.674699,0,0.0,13,0.156627,2,0.024096,83,0,0.0,1,0.012048,82,0.987952,0,0.0,0,0.0
1937127,Mid Term Exam Topic 이었습니다.,2.88,120,15,25,34,23,23,120,10,0.083333,56,0.466667,54,0.45,120,74,0.616667,25,0.208333,21,0.175,120,28,0.233333,79,0.658333,13,0.108333,120,0,0.0,85,0.708333,0,0.0,20,0.166667,15,0.125,120,0,0.0,2,0.016667,117,0.975,1,0.008333,0,0.0
1937129,족보랑 비슷하게 나옵니다 대체로 중간보다 기말이 조금 더 어려워요 중간,4.27,79,42,21,12,3,1,79,61,0.772152,14,0.177215,4,0.050633,79,71,0.898734,7,0.088608,1,0.012658,79,8,0.101266,46,0.582278,25,0.316456,79,2,0.025316,17,0.21519,0,0.0,37,0.468354,23,0.291139,79,1,0.012658,0,0.0,66,0.835443,4,0.050633,8,0.101266
1937143,거의 대부분의 문제가 계산문제입니다! 응용이라고 해도 그건 전부 개념대로,3.88,171,53,66,37,8,7,171,95,0.555556,72,0.421053,4,0.023392,171,161,0.94152,10,0.05848,0,0.0,171,24,0.140351,86,0.502924,61,0.356725,171,7,0.040936,111,0.649123,0,0.0,47,0.274854,6,0.035088,171,1,0.005848,8,0.046784,128,0.748538,13,0.076023,21,0.122807
1937144,"중간퀴즈, 중간고사는 범위가 좁고 어려운 개념들을 다루지 않아서 그런지",3.54,155,27,62,42,15,9,155,98,0.632258,49,0.316129,8,0.051613,155,145,0.935484,8,0.051613,2,0.012903,155,13,0.083871,79,0.509677,63,0.406452,155,6,0.03871,101,0.651613,0,0.0,36,0.232258,12,0.077419,155,0,0.0,4,0.025806,123,0.793548,9,0.058065,19,0.122581
1937146,"수업에서 스륵 지나간 부분까지도 잘 숙지하고, 시험에서 식을 유도하라는",3.98,58,27,11,13,6,1,58,15,0.258621,43,0.741379,0,0.0,58,55,0.948276,3,0.051724,0,0.0,58,47,0.810345,11,0.189655,0,0.0,58,4,0.068966,50,0.862069,0,0.0,4,0.068966,0,0.0,58,0,0.0,55,0.948276,3,0.051724,0,0.0,0,0.0
1937148,,5,6,6,0,0,0,0,6,0,0.0,4,0.666667,2,0.333333,6,3,0.5,2,0.333333,1,0.166667,6,3,0.5,3,0.5,0,0.0,6,0,0.0,0,0.0,0,0.0,6,1.0,0,0.0,6,6,1.0,0,0.0,0,0.0,0,0.0,0,0.0
1937149,,4,3,2,0,0,1,0,3,0,0.0,0,0.0,3,1.0,3,1,0.333333,1,0.333333,1,0.333333,3,0,0.0,1,0.333333,2,0.666667,3,0,0.0,0,0.0,0,0.0,2,0.666667,1,0.333333,3,2,0.666667,0,0.0,0,0.0,0,0.0,1,0.333333
1937160,,5,3,3,0,0,0,0,3,0,0.0,1,0.333333,2,0.666667,3,1,0.333333,2,0.666667,0,0.0,3,1,0.333333,2,0.666667,0,0.0,3,0,0.0,0,0.0,0,0.0,2,0.666667,1,0.333333,3,1,0.333333,0,0.0,0,0.0,0,0.0,2,0.666667
1937161,,3.75,8,2,4,1,0,1,8,0,0.0,3,0.375,5,0.625,8,5,0.625,2,0.25,1,0.125,8,3,0.375,3,0.375,2,0.25,8,2,0.25,0,0.0,0,0.0,4,0.5,2,0.25,8,4,0.5,0,0.0,0,0.0,1,0.125,3,0.375
1937163,,4,1,0,1,0,0,0,1,1,1.0,0,0.0,0,0.0,1,1,1.0,0,0.0,0,0.0,1,1,1.0,0,0.0,0,0.0,1,1,1.0,0,0.0,0,0.0,0,0.0,0,0.0,1,0,0.0,0,0.0,0,0.0,0,0.0,1,1.0
1937166,,5,2,2,0,0,0,0,2,0,0.0,1,0.5,1,0.5,2,1,0.5,1,0.5,0,0.0,2,1,0.5,1,0.5,0,0.0,2,1,0.5,0,0.0,0,0.0,1,0.5,0,0.0,2,2,1.0,0,0.0,0,0.0,0,0.0,0,0.0
1937169,,4,3,2,0,0,1,0,3,0,0.0,1,0.333333,2,0.666667,3,1,0.333333,0,0.0,2,0.666667,3,1,0.333333,2,0.666667,0,0.0,3,1,0.333333,1,0.333333,0,0.0,0,0.0,1,0.333333,3,2,0.666667,0,0.0,1,0.333333,0,0.0,0,0.0
1937170,,1.33,6,0,0,1,0,5,6,1,0.166667,2,0.333333,3,0.5,6,5,0.833333,1,0.166667,0,0.0,6,2,0.333333,2,0.333333,2,0.333333,6,2,0.333333,0,0.0,0,0.0,3,0.5,1,0.166667,6,4,0.666667,0,0.0,2,0.333333,0,0.0,0,0.0
1937171,,5,1,1,0,0,0,0,1,0,0.0,0,0.0,1,1.0,1,0,0.0,1,1.0,0,0.0,1,1,1.0,0,0.0,0,0.0,1,0,0.0,0,0.0,0,0.0,1,1.0,0,0.0,1,1,1.0,0,0.0,0,0.0,0,0.0,0,0.0
1937172,,0,0,0,0,0,0,0,0,0,0.0,0,0.0,0,0.0,0,0,0.0,0,0.0,0,0.0,0,0,0.0,0,0.0,0,0.0,0,0,0.0,0,0.0,0,0.0,0,0.0,0,0.0,0,0,0.0,0,0.0,0,0.0,0,0.0,0,0.0
1937173,,0,0,0,0,0,0,0,0,0,0.0,0,0.0,0,0.0,0,0,0.0,0,0.0,0,0.0,0,0,0.0,0,0.0,0,0.0,0,0,0.0,0,0.0,0,0.0,0,0.0,0,0.0,0,0,0.0,0,0.0,0,0.0,0,0.0,0,0.0
1937178,이번 중간고사 1등했습니다. 일단 교안 내용을 숙지하는 것이 중요합니다.,4.1,82,42,23,7,3,7,82,0,0.0,54,0.658537,28,0.341463,82,73,0.890244,9,0.109756,0,0.0,82,15,0.182927,49,0.597561,18,0.219512,82,15,0.182927,10,0.121951,0,0.0,46,0.560976,11,0.134146,82,0,0.0,0,0.0,34,0.414634,33,0.402439,15,0.182927
1937179,책에 있는 연습문제에서 많이 나오니 책을 반드시 구입해서 연습문제 풀어봐,4.69,208,156,41,9,2,0,208,2,0.009615,175,0.841346,31,0.149038,208,153,0.735577,53,0.254808,2,0.009615,208,59,0.283654,135,0.649038,14,0.067308,208,5,0.024038,160,0.769231,0,0.0,25,0.120192,18,0.086538,208,0,0.0,3,0.014423,201,0.966346,0,0.0,4,0.019231
1937180,교안에있는 코드 그대로 캡쳐해서 나옴 교수님이 설명하시는 중요한 포인트,3.22,133,31,32,33,9,28,133,0,0.0,79,0.593985,54,0.406015,133,107,0.804511,26,0.195489,0,0.0,133,53,0.398496,56,0.421053,24,0.180451,133,19,0.142857,75,0.56391,0,0.0,36,0.270677,3,0.022556,133,2,0.015038,50,0.37594,81,0.609023,0,0.0,0,0.0
1937195,3월 초에 강의실에 모여서 연구실 배정함. 이번 학기는 반도체 관련 랩실,3.88,8,3,2,2,1,0,8,5,0.625,2,0.25,1,0.125,8,3,0.375,1,0.125,4,0.5,8,4,0.5,4,0.5,0,0.0,8,2,0.25,2,0.25,0,0.0,4,0.5,0,0.0,8,8,1.0,0,0.0,0,0.0,0,0.0,0,0.0
1937215,양이 넘 방대하고 뭐 공부할지 감 안잡히는 사람들을 위해서 씁니다. 작,4.55,88,61,15,11,1,0,88,11,0.125,71,0.806818,6,0.068182,88,80,0.909091,8,0.090909,0,0.0,88,38,0.431818,46,0.522727,4,0.045455,88,0,0.0,16,0.181818,0,0.0,63,0.715909,9,0.102273,88,0,0.0,29,0.329545,58,0.659091,0,0.0,1,0.011364
1937224,학기말에는 중간보다 조금 더 어려워서 수업 전체와 모든 수업 작품을 총결,4.71,14,10,4,0,0,0,14,1,0.071429,9,0.642857,4,0.285714,14,11,0.785714,3,0.214286,0,0.0,14,9,0.642857,5,0.357143,0,0.0,14,0,0.0,1,0.071429,1,0.071429,12,0.857143,0,0.0,14,1,0.071429,4,0.285714,9,0.642857,0,0.0,0,0.0
1937228,시험내용은 매우 어렵습니다 그냥 단순 파이썬 함수를 암기하는 정도가 아닌,2.39,23,4,1,5,3,10,23,3,0.130435,12,0.521739,8,0.347826,23,21,0.913043,2,0.086957,0,0.0,23,5,0.217391,16,0.695652,2,0.086957,23,0,0.0,4,0.173913,1,0.043478,18,0.782609,0,0.0,23,0,0.0,4,0.173913,18,0.782609,1,0.043478,0,0.0
1937248,시험문제 일주일 전에 미리 알려주시긴 하는데 그냥 배운 내용 싹 다 쓰라,5,12,12,0,0,0,0,11,1,0.090909,10,0.909091,0,0.0,11,4,0.363636,7,0.636364,0,0.0,11,7,0.636364,4,0.363636,0,0.0,11,0,0.0,2,0.181818,0,0.0,9,0.818182,0,0.0,11,1,0.090909,4,0.363636,6,0.545455,0,0.0,0,0.0
1937249,ppt 참고하시되 수업 잘 듣는 것도 중요합니다 그리고 단어!! 꼭꼭 외,4.9,70,63,7,0,0,0,70,14,0.2,54,0.771429,2,0.028571,70,66,0.942857,4,0.057143,0,0.0,70,47,0.671429,22,0.314286,1,0.014286,70,0,0.0,20,0.285714,0,0.0,41,0.585714,9,0.128571,70,0,0.0,14,0.2,56,0.8,0,0.0,0,0.0
1937253,ppt내용과 더불어 교수님께서 수업시간에 강조하신 추가 설명 부분도 꼼꼼,4.49,39,25,9,4,1,0,39,4,0.102564,31,0.794872,4,0.102564,39,1,0.025641,22,0.564103,16,0.410256,39,6,0.153846,18,0.461538,15,0.384615,39,0,0.0,12,0.307692,0,0.0,26,0.666667,1,0.025641,39,0,0.0,16,0.410256,23,0.589744,0,0.0,0,0.0
1937258,교수님께서 제시해주시는 글자를 현장에서 써서 제출하면 됩니다. 예서체 여,4.96,76,73,3,0,0,0,76,49,0.644737,26,0.342105,1,0.013158,76,72,0.947368,4,0.052632,0,0.0,76,69,0.907895,7,0.092105,0,0.0,76,0,0.0,0,0.0,0,0.0,76,1.0,0,0.0,76,18,0.236842,21,0.276316,37,0.486842,0,0.0,0,0.0
1937261,ox는 교수님이 강조하신 부분에서 많이 나옵니다. 주관식은 이번 시험에서,4.79,75,62,10,3,0,0,75,16,0.213333,59,0.786667,0,0.0,75,68,0.906667,7,0.093333,0,0.0,75,44,0.586667,30,0.4,1,0.013333,75,2,0.026667,33,0.44,1,0.013333,39,0.52,0,0.0,75,0,0.0,47,0.626667,28,0.373333,0,0.0,0,0.0
1937288,크게 외우고 세세하게는 안외도 됩니다! 단답식 5개 서술형 2개 나왔습니,2.22,9,1,1,1,2,4,9,1,0.111111,4,0.444444,4,0.444444,9,1,0.111111,6,0.666667,2,0.222222,9,2,0.222222,7,0.777778,0,0.0,9,0,0.0,0,0.0,0,0.0,9,1.0,0,0.0,9,0,0.0,3,0.333333,6,0.666667,0,0.0,0,0.0
1937302,전공책 예제 문제에서 무조건 다 나옵니다. 수업시간에 교수님이 강조하신,4.53,47,28,17,1,1,0,47,1,0.021277,35,0.744681,11,0.234043,47,40,0.851064,6,0.12766,1,0.021277,47,13,0.276596,30,0.638298,4,0.085106,47,0,0.0,6,0.12766,0,0.0,38,0.808511,3,0.06383,47,0,0.0,0,0.0,47,1.0,0,0.0,0,0.0
1937306,걍 매년 문제 똑같이 냄 개인적으로는 퇴출됐으면 하는 교수,3.85,48,18,17,6,2,5,48,41,0.854167,6,0.125,1,0.020833,48,41,0.854167,6,0.125,1,0.020833,48,13,0.270833,34,0.708333,1,0.020833,48,0,0.0,11,0.229167,0,0.0,35,0.729167,2,0.041667,48,0,0.0,8,0.166667,40,0.833333,0,0.0,0,0.0
1937308,"온라인 시험이었어서 중간고사는 1시간15분동안 60문제, 기말고사는 70",3.27,95,11,28,37,14,5,95,42,0.442105,53,0.557895,0,0.0,95,84,0.884211,11,0.115789,0,0.0,95,14,0.147368,78,0.821053,3,0.031579,95,1,0.010526,49,0.515789,0,0.0,25,0.263158,20,0.210526,95,0,0.0,0,0.0,92,0.968421,2,0.021053,1,0.010526
1937322,내용에 대한 깊이 있는 이해를 토대로 문제를 풀이하는 것이 중요합니다.,4.83,151,132,15,2,2,0,151,2,0.013245,130,0.860927,19,0.125828,151,113,0.748344,38,0.251656,0,0.0,151,49,0.324503,94,0.622517,8,0.05298,151,6,0.039735,97,0.642384,1,0.006623,43,0.284768,4,0.02649,151,0,0.0,0,0.0,149,0.986755,0,0.0,2,0.013245
1937335,"난이도는 쉬운편이었고, 교안 몇 번 읽으면 다 풀 수 있는 정도에요. 다",3.44,41,14,8,7,6,6,41,0,0.0,33,0.804878,8,0.195122,41,0,0.0,39,0.95122,2,0.04878,41,9,0.219512,31,0.756098,1,0.02439,41,0,0.0,24,0.585366,0,0.0,16,0.390244,1,0.02439,41,25,0.609756,12,0.292683,4,0.097561,0,0.0,0,0.0
1937387,그냥 다 외우시면 됩니다 헷갈린다 싶으면 중간값 쓰면 대강 맞을거에요,3.83,6,1,4,0,1,0,6,0,0.0,4,0.666667,2,0.333333,6,0,0.0,1,0.166667,5,0.833333,6,3,0.5,3,0.5,0,0.0,6,0,0.0,0,0.0,0,0.0,6,1.0,0,0.0,6,0,0.0,6,1.0,0,0.0,0,0.0,0,0.0
1937390,,0,0,0,0,0,0,0,0,0,0.0,0,0.0,0,0.0,0,0,0.0,0,0.0,0,0.0,0,0,0.0,0,0.0,0,0.0,0,0,0.0,0,0.0,0,0.0,0,0.0,0,0.0,0,0,0.0,0,0.0,0,0.0,0,0.0,0,0.0
1937399,그냥 아는 거 다 쓰면 됨 공부 많이 해온 사람들은 a3 종이 줘도 모자,4.31,32,15,12,5,0,0,32,15,0.46875,17,0.53125,0,0.0,32,27,0.84375,5,0.15625,0,0.0,32,11,0.34375,21,0.65625,0,0.0,32,1,0.03125,4,0.125,0,0.0,17,0.53125,10,0.3125,32,1,0.03125,29,0.90625,2,0.0625,0,0.0,0,0.0
1937403,"디테일, 솔기, 소매 등 분류를 잘해서 외워야해요",3.8,20,8,4,6,0,2,20,2,0.1,5,0.25,13,0.65,20,20,1.0,0,0.0,0,0.0,20,7,0.35,12,0.6,1,0.05,20,0,0.0,1,0.05,0,0.0,19,0.95,0,0.0,20,0,0.0,4,0.2,16,0.8,0,0.0,0,0.0
1937408,,5,3,3,0,0,0,0,3,0,0.0,2,0.666667,1,0.333333,3,3,1.0,0,0.0,0,0.0,3,2,0.666667,0,0.0,1,0.333333,3,0,0.0,1,0.333333,0,0.0,2,0.666667,0,0.0,3,3,1.0,0,0.0,0,0.0,0,0.0,0,0.0
1937417,,5,7,7,0,0,0,0,7,7,1.0,0,0.0,0,0.0,7,7,1.0,0,0.0,0,0.0,7,0,0.0,7,1.0,0,0.0,7,0,0.0,7,1.0,0,0.0,0,0.0,0,0.0,7,0,0.0,0,0.0,7,1.0,0,0.0,0,0.0
1937430,우선 부교재에 있는 문제를 풀어보는 것을 권하고 싶습니다. 저 같은 경,2.31,55,2,5,19,11,18,55,3,0.054545,41,0.745455,11,0.2,55,49,0.890909,6,0.109091,0,0.0,55,16,0.290909,29,0.527273,10,0.181818,55,0,0.0,39,0.709091,0,0.0,14,0.254545,2,0.036364,55,0,0.0,6,0.109091,49,0.890909,0,0.0,0,0.0
1937446,교수님께서 3년치 기출문제 올려주시는데 거기에서 대부분 다 나왔어요. 숫,4.06,36,16,9,8,3,0,36,5,0.138889,26,0.722222,5,0.138889,36,32,0.888889,3,0.083333,1,0.027778,36,16,0.444444,17,0.472222,3,0.083333,36,0,0.0,8,0.222222,1,0.027778,19,0.527778,8,0.222222,36,0,0.0,0,0.0,36,1.0,0,0.0,0,0.0
1937451,파트 4개 중에 3개만 풀면 됩니다 1. Search 2. Games &,3.33,33,6,11,9,2,5,33,2,0.060606,16,0.484848,15,0.454545,33,14,0.424242,17,0.515152,2,0.060606,33,5,0.151515,20,0.606061,8,0.242424,33,0,0.0,1,0.030303,0,0.0,32,0.969697,0,0.0,33,0,0.0,6,0.181818,24,0.727273,2,0.060606,1,0.030303
1937454,"중간 대체 과제 한번, 기말 발표 한번 있습니다. 중간 대체 과제 한번",3.45,118,31,28,34,13,12,118,1,0.008475,16,0.135593,101,0.855932,118,17,0.144068,25,0.211864,76,0.644068,118,23,0.194915,58,0.491525,37,0.313559,118,3,0.025424,63,0.533898,3,0.025424,44,0.372881,5,0.042373,118,73,0.618644,2,0.016949,37,0.313559,0,0.0,6,0.050847
1937469,"중간 기말 다 시험 안 보고 과제로 대체하기로 했었는데, 중간과제만 하시",3,1,0,0,1,0,0,1,0,0.0,1,1.0,0,0.0,1,0,0.0,1,1.0,0,0.0,1,0,0.0,1,1.0,0,0.0,1,0,0.0,0,0.0,0,0.0,1,1.0,0,0.0,1,0,0.0,1,1.0,0,0.0,0,0.0,0,0.0
1937471,,4.33,3,2,0,1,0,0,3,0,0.0,3,1.0,0,0.0,3,3,1.0,0,0.0,0,0.0,3,2,0.666667,1,0.333333,0,0.0,3,0,0.0,0,0.0,0,0.0,1,0.333333,2,0.666667,3,3,1.0,0,0.0,0,0.0,0,0.0,0,0.0
1937488,지문을 반복하게 읽고 뒤에 있는 문제도 스스로 풀어봐용 중간고사 때 긴,4.25,8,4,3,0,1,0,8,0,0.0,8,1.0,0,0.0,8,1,0.125,7,0.875,0,0.0,8,6,0.75,2,0.25,0,0.0,8,0,0.0,0,0.0,0,0.0,8,1.0,0,0.0,8,0,0.0,1,0.125,7,0.875,0,0.0,0,0.0
1937497,-레포트 작성. 1. 요가의 효과와 필요성. 2. 나에게 효과적인 요가,4.53,38,26,9,1,1,1,38,21,0.552632,17,0.447368,0,0.0,38,28,0.736842,9,0.236842,1,0.026316,38,23,0.605263,13,0.342105,2,0.052632,38,1,0.026316,0,0.0,0,0.0,35,0.921053,2,0.052632,38,3,0.078947,33,0.868421,2,0.052632,0,0.0,0,0.0
1937512,그냥 다 외우시는 수밖에 없습니다 ^^.. 시험범위가 많은데 수업시간에,4.19,36,20,6,8,1,1,36,6,0.166667,26,0.722222,4,0.111111,36,1,0.027778,28,0.777778,7,0.194444,36,11,0.305556,24,0.666667,1,0.027778,36,3,0.083333,4,0.111111,0,0.0,26,0.722222,3,0.083333,36,6,0.166667,27,0.75,3,0.083333,0,0.0,0,0.0
1937524,이틀동안 풀어서 제출하는 기말고사입니다. 문제는 수업시간에 다 나오는 내,4.84,479,417,51,8,1,2,479,126,0.263048,338,0.705637,15,0.031315,479,446,0.931106,31,0.064718,2,0.004175,479,387,0.807933,88,0.183716,4,0.008351,479,72,0.150313,317,0.661795,2,0.004175,60,0.125261,28,0.058455,479,97,0.202505,321,0.670146,57,0.118998,4,0.008351,0,0.0
2009658,학교 뒷산(cc동산)에 과녁을 10개 놔주시고 몇번 안에 맞추는지 카운트,4.86,28,26,0,2,0,0,28,26,0.928571,2,0.071429,0,0.0,28,12,0.428571,11,0.392857,5,0.178571,28,21,0.75,7,0.25,0,0.0,28,0,0.0,0,0.0,0,0.0,27,0.964286,1,0.035714,28,7,0.25,2,0.071429,19,0.678571,0,0.0,0,0.0
2009670,월마트에 대한 기사? 짧은 글? 같은걸 하나 주시는데 그걸 토대로 서술형,3.84,56,23,14,11,3,5,56,4,0.071429,26,0.464286,26,0.464286,56,22,0.392857,8,0.142857,26,0.464286,56,24,0.428571,29,0.517857,3,0.053571,56,3,0.053571,35,0.625,0,0.0,15,0.267857,3,0.053571,56,12,0.214286,0,0.0,42,0.75,0,0.0,2,0.035714
2009679,그래프 그리는 걸 정말 열심히 연습하셔야 해요 마지막 problem so,4.23,187,90,63,24,7,3,187,40,0.213904,114,0.609626,33,0.176471,187,171,0.914439,15,0.080214,1,0.005348,187,89,0.475936,96,0.513369,2,0.010695,187,13,0.069519,95,0.508021,0,0.0,60,0.320856,19,0.101604,187,0,0.0,0,0.0,187,1.0,0,0.0,0,0.0
2009720,교안 코드 잘보고 눈으로 봤을 때 머리로 바로바로 돌릴 수 있게끔 준비하,4.33,381,213,108,40,12,8,381,25,0.065617,284,0.745407,72,0.188976,381,357,0.937008,20,0.052493,4,0.010499,381,203,0.532808,172,0.451444,6,0.015748,381,83,0.217848,212,0.55643,0,0.0,45,0.11811,41,0.107612,381,11,0.028871,12,0.031496,358,0.939633,0,0.0,0,0.0
2009728,,3.7,20,10,4,1,0,5,20,3,0.15,10,0.5,7,0.35,20,2,0.1,13,0.65,5,0.25,20,8,0.4,11,0.55,1,0.05,20,0,0.0,6,0.3,0,0.0,11,0.55,3,0.15,20,1,0.05,16,0.8,3,0.15,0,0.0,0,0.0
2009739,너무 세세하게 외울필요 없어요 아주 기본적인 개념 + 코딩 만 할 수 있,4.75,119,94,20,5,0,0,119,0,0.0,102,0.857143,17,0.142857,119,112,0.941176,7,0.058824,0,0.0,119,24,0.201681,87,0.731092,8,0.067227,119,76,0.638655,24,0.201681,0,0.0,18,0.151261,1,0.008403,119,0,0.0,1,0.008403,118,0.991597,0,0.0,0,0.0
2009767,"소세키, 루쉰, 이광수 중 두 명 이상의 작가에 관계된 주제를 논한 학술",4.33,58,30,19,7,2,0,58,4,0.068966,49,0.844828,5,0.086207,58,56,0.965517,2,0.034483,0,0.0,58,39,0.672414,17,0.293103,2,0.034483,58,0,0.0,20,0.344828,0,0.0,24,0.413793,14,0.241379,58,42,0.724138,5,0.086207,11,0.189655,0,0.0,0,0.0
2009857,"시험은 수업이 월 수로 나뉘어지는 바람에 이틀 봤고, 오픈북입니다. 각각",4.83,105,91,10,4,0,0,105,11,0.104762,93,0.885714,1,0.009524,105,95,0.904762,9,0.085714,1,0.009524,105,38,0.361905,65,0.619048,2,0.019048,105,1,0.009524,73,0.695238,0,0.0,28,0.266667,3,0.028571,105,0,0.0,6,0.057143,95,0.904762,4,0.038095,0,0.0
2009908,시험 없고 기말 프로젝트로 대체됩니다. Image Classificati,4.16,57,29,17,5,3,3,57,27,0.473684,25,0.438596,5,0.087719,57,3,0.052632,23,0.403509,31,0.54386,57,32,0.561404,20,0.350877,5,0.087719,57,5,0.087719,23,0.403509,2,0.035088,23,0.403509,4,0.070175,57,52,0.912281,0,0.0,5,0.087719,0,0.0,0,0.0
2009926,,4.33,3,2,0,1,0,0,3,3,1.0,0,0.0,0,0.0,3,3,1.0,0,0.0,0,0.0,3,1,0.333333,2,0.666667,0,0.0,3,0,0.0,0,0.0,0,0.0,3,1.0,0,0.0,3,0,0.0,0,0.0,3,1.0,0,0.0,0,0.0
2010023,기말 인터뷰 1-2주 전 수업 시간에 미리 3문제씩 구성된 카테고리 3개,4.64,234,165,55,12,2,0,234,1,0.004274,140,0.598291,93,0.397436,234,110,0.470085,84,0.358974,40,0.17094,234,124,0.529915,96,0.410256,14,0.059829,234,4,0.017094,158,0.675214,0,0.0,55,0.235043,17,0.07265,234,122,0.521368,49,0.209402,59,0.252137,3,0.012821,1,0.004274
2010024,"44문항에 객관식, 주관식 섞어있어서 시간 촉박해요ㅠ 오픈북이고 교수님",4.32,295,159,89,35,7,5,295,47,0.159322,227,0.769492,21,0.071186,295,102,0.345763,118,0.4,75,0.254237,295,109,0.369492,171,0.579661,15,0.050847,295,5,0.016949,228,0.772881,2,0.00678,24,0.081356,36,0.122034,295,1,0.00339,5,0.016949,288,0.976271,0,0.0,1,0.00339
2010032,ppt 보시구요 주석이랑 문법 위주로 공부하시면 되요.,4.68,132,103,19,8,1,1,132,1,0.007576,108,0.818182,23,0.174242,132,89,0.674242,42,0.318182,1,0.007576,132,90,0.681818,36,0.272727,6,0.045455,132,0,0.0,15,0.113636,1,0.007576,82,0.621212,34,0.257576,132,0,0.0,110,0.833333,21,0.159091,0,0.0,1,0.007576
2010037,"교재에 있는 문법, 단어, 대화만 시험 범위에 들어가고 발음은 안 들어가",4.79,173,143,23,7,0,0,173,162,0.936416,11,0.063584,0,0.0,173,166,0.959538,7,0.040462,0,0.0,173,126,0.728324,47,0.271676,0,0.0,173,5,0.028902,57,0.32948,0,0.0,105,0.606936,6,0.034682,173,1,0.00578,49,0.283237,123,0.710983,0,0.0,0,0.0
2010043,내용 이해 + 원리에 따른 본인의 주장 정리해놓기 / 주절주절 잘 설명하,4.59,192,129,50,10,3,0,192,100,0.520833,91,0.473958,1,0.005208,192,163,0.848958,29,0.151042,0,0.0,192,120,0.625,68,0.354167,4,0.020833,192,8,0.041667,109,0.567708,0,0.0,46,0.239583,29,0.151042,192,1,0.005208,105,0.546875,86,0.447917,0,0.0,0,0.0
2010058,"과제형이시라면, 미리미리 문제 보고 책이랑 논문 참고하시면 어렵지 않게",4.68,66,54,7,3,0,2,66,8,0.121212,54,0.818182,4,0.060606,66,60,0.909091,6,0.090909,0,0.0,66,33,0.5,32,0.484848,1,0.015152,66,1,0.015152,32,0.484848,0,0.0,30,0.454545,3,0.045455,66,15,0.227273,1,0.015152,49,0.742424,0,0.0,1,0.015152
2010070,교안에서 많이 나오고 서술형은 수업에서 다뤘던 문제랑 비슷하게 나옵니다.,4.5,32,20,9,2,1,0,32,6,0.1875,13,0.40625,13,0.40625,32,1,0.03125,17,0.53125,14,0.4375,32,17,0.53125,14,0.4375,1,0.03125,32,9,0.28125,7,0.21875,0,0.0,13,0.40625,3,0.09375,32,0,0.0,3,0.09375,28,0.875,0,0.0,1,0.03125
2010106,족보와 유사했던 중간과 달리 이번 기말은 많은 것이 바꼈습니다. 우선 T,4.07,212,88,80,26,7,11,212,36,0.169811,118,0.556604,58,0.273585,212,167,0.787736,39,0.183962,6,0.028302,212,56,0.264151,133,0.627358,23,0.108491,212,16,0.075472,132,0.622642,0,0.0,52,0.245283,12,0.056604,212,0,0.0,2,0.009434,210,0.990566,0,0.0,0,0.0
2010134,파이썬 관련해서 나간 내용들 시험으로 나옵니다. 어렵지 않은 수준으로 나,2.88,26,9,2,2,3,10,26,1,0.038462,15,0.576923,10,0.384615,26,24,0.923077,2,0.076923,0,0.0,26,15,0.576923,11,0.423077,0,0.0,26,1,0.038462,9,0.346154,0,0.0,14,0.538462,2,0.076923,26,19,0.730769,2,0.076923,5,0.192308,0,0.0,0,0.0
2086869,시험은 없습니다. 다만 요약과 논평을 성실히 잘 해야되고 마지막 에세이를,3.75,114,42,27,27,10,8,114,2,0.017544,27,0.236842,85,0.745614,114,19,0.166667,66,0.578947,29,0.254386,114,43,0.377193,61,0.535088,10,0.087719,114,1,0.008772,5,0.04386,2,0.017544,93,0.815789,13,0.114035,114,104,0.912281,5,0.04386,4,0.035088,1,0.008772,0,0.0
2086870,시험 보기 일주일 전에 갑자기 오픈북+온라인 수업이라고 공지해주심 분반마,3.79,107,42,30,16,9,10,107,18,0.168224,74,0.691589,15,0.140187,107,42,0.392523,55,0.514019,10,0.093458,107,48,0.448598,53,0.495327,6,0.056075,107,0,0.0,8,0.074766,0,0.0,95,0.88785,4,0.037383,107,4,0.037383,87,0.813084,16,0.149533,0,0.0,0,0.0
2086871,교안을 3회독 정도 하시면 쉽게 전부 적을 수 있을 것입니다. 시험 범위,4.87,45,41,2,2,0,0,45,18,0.4,27,0.6,0,0.0,45,30,0.666667,15,0.333333,0,0.0,45,37,0.822222,8,0.177778,0,0.0,45,0,0.0,7,0.155556,0,0.0,34,0.755556,4,0.088889,45,5,0.111111,11,0.244444,29,0.644444,0,0.0,0,0.0
2086874,시험은 따로 없습니다. 매주 토론과 발표가 있을 뿐.. 교수님의 갑작스러,2.35,52,9,4,7,8,24,52,1,0.019231,4,0.076923,47,0.903846,52,1,0.019231,6,0.115385,45,0.865385,52,4,0.076923,21,0.403846,27,0.519231,52,1,0.019231,9,0.173077,1,0.019231,34,0.653846,7,0.134615,52,41,0.788462,4,0.076923,2,0.038462,1,0.019231,4,0.076923
2086876,그냥 하루 전에 교수님 영상 보면서 교수님 말 전부 받아적었어요 어차피,4.58,81,53,22,6,0,0,80,21,0.2625,57,0.7125,2,0.025,80,33,0.4125,42,0.525,5,0.0625,80,53,0.6625,25,0.3125,2,0.025,80,6,0.075,25,0.3125,0,0.0,20,0.25,29,0.3625,80,7,0.0875,54,0.675,17,0.2125,2,0.025,0,0.0
2086877,성선설에 대하여 정말 빠삭하게 이해하고 시험을 봐야합니다 피피티에서 수업,4.18,102,50,29,17,3,3,102,61,0.598039,34,0.333333,7,0.068627,102,28,0.27451,57,0.558824,17,0.166667,102,58,0.568627,33,0.323529,11,0.107843,102,0,0.0,4,0.039216,1,0.009804,87,0.852941,10,0.098039,102,0,0.0,14,0.137255,88,0.862745,0,0.0,0,0.0
2086880,"시험은 기말고사 한 번 뿐이었습니다. 원래 구술로 볼 예정이었으나, 학",3.89,80,28,25,21,2,4,80,2,0.025,21,0.2625,57,0.7125,80,0,0.0,18,0.225,62,0.775,80,28,0.35,45,0.5625,7,0.0875,80,1,0.0125,38,0.475,0,0.0,38,0.475,3,0.0375,80,2,0.025,70,0.875,8,0.1,0,0.0,0,0.0
2086881,21년이랑 동일하게 나왔습니다. 50분동안 분량 1장 채워야 되고 주제는,4.43,136,73,51,10,2,0,136,20,0.147059,92,0.676471,24,0.176471,136,27,0.198529,67,0.492647,42,0.308824,136,69,0.507353,64,0.470588,3,0.022059,136,1,0.007353,69,0.507353,0,0.0,51,0.375,15,0.110294,136,4,0.029412,5,0.036765,125,0.919118,0,0.0,2,0.014706
2086883,분반 최고점이고 에이쁠 받았습니다. 책을 꼼꼼히 읽고 각 부분에서 어떤,4.1,49,26,11,7,1,4,49,1,0.020408,20,0.408163,28,0.571429,49,2,0.040816,30,0.612245,17,0.346939,49,27,0.55102,20,0.408163,2,0.040816,49,0,0.0,3,0.061224,0,0.0,43,0.877551,3,0.061224,49,1,0.020408,28,0.571429,18,0.367347,2,0.040816,0,0.0
2086884,주로 어디에서 나오는지 모르겠음.. 강의와 책 내용에서 주로 나옴. 더,3.65,94,25,32,25,3,9,94,37,0.393617,50,0.531915,7,0.074468,94,14,0.148936,46,0.489362,34,0.361702,94,12,0.12766,59,0.62766,23,0.244681,94,42,0.446809,7,0.074468,0,0.0,36,0.382979,9,0.095745,94,2,0.021277,6,0.06383,81,0.861702,4,0.042553,1,0.010638
2086885,"토론 때 교수님이 강조하시는 말씀은 체크해두시고, 사전 강의 시험 전에",4.4,141,92,28,12,3,6,141,4,0.028369,38,0.269504,99,0.702128,141,28,0.198582,75,0.531915,38,0.269504,141,86,0.609929,53,0.375887,2,0.014184,141,3,0.021277,36,0.255319,1,0.007092,86,0.609929,15,0.106383,141,1,0.007092,127,0.900709,11,0.078014,0,0.0,2,0.014184
2086887,매번 수업마다 달라지겠지만 이번 중간고사는 동과 서 다큐멘터리를 보고 코,4.93,121,115,4,2,0,0,121,72,0.595041,49,0.404959,0,0.0,121,52,0.429752,40,0.330579,29,0.239669,121,106,0.876033,15,0.123967,0,0.0,121,6,0.049587,15,0.123967,0,0.0,86,0.710744,14,0.115702,121,108,0.892562,1,0.008264,12,0.099174,0,0.0,0,0.0
2086888,자연법 이론가들과 법실증주의자들의 이론 공부하고 가면 좋을 거 같아요,3.67,114,46,27,16,7,18,114,23,0.201754,69,0.605263,22,0.192982,114,19,0.166667,46,0.403509,49,0.429825,114,38,0.333333,60,0.526316,16,0.140351,114,12,0.105263,31,0.27193,0,0.0,56,0.491228,15,0.131579,114,24,0.210526,47,0.412281,41,0.359649,2,0.017544,0,0.0
2086889,시험은 보지 않고 대체 레포트 형식으로 진행됩니다. 생각보다 교수님이 요,3.9,72,29,23,11,2,7,72,3,0.041667,35,0.486111,34,0.472222,72,4,0.055556,34,0.472222,34,0.472222,72,30,0.416667,33,0.458333,9,0.125,72,1,0.013889,29,0.402778,0,0.0,29,0.402778,13,0.180556,72,59,0.819444,6,0.083333,7,0.097222,0,0.0,0,0.0
2086890,필기시험은 없고 과제만 제출하면 됩니다. A+ 받았고 중간중간 칭찬도 많,3.14,112,35,17,18,13,29,112,4,0.035714,10,0.089286,98,0.875,112,9,0.080357,13,0.116071,90,0.803571,112,30,0.267857,52,0.464286,30,0.267857,112,2,0.017857,7,0.0625,0,0.0,100,0.892857,3,0.026786,112,92,0.821429,10,0.089286,7,0.0625,2,0.017857,1,0.008929
2086891,"어려운 단어 뜻 꼭 공부하시고, 책을 꼼꼼하게 읽고 수업 내용을 성실하게",4.63,106,85,11,3,6,1,106,36,0.339623,68,0.641509,2,0.018868,106,97,0.915094,9,0.084906,0,0.0,106,76,0.716981,29,0.273585,1,0.009434,106,2,0.018868,6,0.056604,1,0.009434,96,0.90566,1,0.009434,106,8,0.075472,10,0.09434,88,0.830189,0,0.0,0,0.0
2086894,에타에서 시험 정보 보고 관련된 부분만 수업영상 참고했습니다. 나머지는,4.27,128,69,40,11,1,7,128,14,0.109375,79,0.617188,35,0.273438,128,5,0.039062,24,0.1875,99,0.773438,128,61,0.476562,61,0.476562,6,0.046875,128,3,0.023438,90,0.703125,0,0.0,26,0.203125,9,0.070312,128,1,0.007812,16,0.125,111,0.867188,0,0.0,0,0.0
2086895,퀴즈는 진짜 제대로 읽어야 풀 수 있는 문제도 은근 나와서 줄거리 보는,4.44,54,36,10,5,2,1,54,7,0.12963,40,0.740741,7,0.12963,54,13,0.240741,40,0.740741,1,0.018519,54,34,0.62963,19,0.351852,1,0.018519,54,0,0.0,5,0.092593,0,0.0,46,0.851852,3,0.055556,54,0,0.0,48,0.888889,3,0.055556,1,0.018519,2,0.037037
2086896,오픈북 해달라고 조르면 오픈북 하게 해주셔요. 근데 봐도 모를테니 이왕,3.6,109,39,28,17,9,16,107,18,0.168224,63,0.588785,26,0.242991,107,10,0.093458,29,0.271028,68,0.635514,107,32,0.299065,55,0.514019,20,0.186916,107,1,0.009346,54,0.504673,2,0.018692,34,0.317757,16,0.149533,107,2,0.018692,30,0.280374,75,0.700935,0,0.0,0,0.0
2086897,논술시험지에 작성하는 형식 교수님이 기말고사 1~2주전 문제 다 알려주심,4.31,88,42,34,10,1,1,88,19,0.215909,53,0.602273,16,0.181818,88,9,0.102273,18,0.204545,61,0.693182,88,39,0.443182,46,0.522727,3,0.034091,88,0,0.0,2,0.022727,2,0.022727,83,0.943182,1,0.011364,88,36,0.409091,44,0.5,7,0.079545,1,0.011364,0,0.0
2086898,교안 본인만의 스타일로 정리해서 암기하기 생각보다 디테일한 문제들은 없었,3.1,162,23,49,42,18,30,162,49,0.302469,101,0.623457,12,0.074074,162,92,0.567901,67,0.41358,3,0.018519,162,84,0.518519,70,0.432099,8,0.049383,162,2,0.012346,56,0.345679,1,0.006173,89,0.549383,14,0.08642,162,1,0.006173,7,0.04321,153,0.944444,1,0.006173,0,0.0
2086901,배운 내용을 활용해서 쓰는 것이 중요합니다. 글의 논리도 치밀하다면 더,4.95,127,121,6,0,0,0,127,56,0.440945,71,0.559055,0,0.0,127,109,0.858268,17,0.133858,1,0.007874,127,112,0.88189,15,0.11811,0,0.0,127,4,0.031496,32,0.251969,0,0.0,77,0.606299,14,0.110236,127,3,0.023622,55,0.433071,68,0.535433,0,0.0,1,0.007874
2086902,그동안 발표 준비하면서 책 열심히 읽으면됨 구체적인 것을 묻지도 않음 책,3.91,87,34,26,17,5,5,87,28,0.321839,50,0.574713,9,0.103448,87,22,0.252874,20,0.229885,45,0.517241,87,32,0.367816,49,0.563218,6,0.068966,87,0,0.0,3,0.034483,0,0.0,84,0.965517,0,0.0,87,0,0.0,82,0.942529,5,0.057471,0,0.0,0,0.0
2086904,시험은 없고 중간고사 대체과제 하나 기말고사 대체과제 하나로 이루어집니다,2.88,69,16,8,14,14,17,69,1,0.014493,24,0.347826,44,0.637681,69,2,0.028986,12,0.173913,55,0.797101,69,20,0.289855,25,0.362319,24,0.347826,69,2,0.028986,5,0.072464,2,0.028986,57,0.826087,3,0.043478,69,43,0.623188,3,0.043478,23,0.333333,0,0.0,0,0.0
2086905,온라인에 올려주신 자료들 정독하고 책은 시간 되면 배운 곳만이라도 읽는,4.19,116,51,44,14,6,1,116,1,0.008621,32,0.275862,83,0.715517,116,7,0.060345,36,0.310345,73,0.62931,116,45,0.387931,58,0.5,13,0.112069,116,0,0.0,16,0.137931,1,0.008621,80,0.689655,19,0.163793,116,5,0.043103,82,0.706897,28,0.241379,1,0.008621,0,0.0
2086906,시험은 딱히 없습니다. 근데 조별과제 정말 열심히 하세요.,3.92,99,39,30,17,9,4,99,0,0.0,22,0.222222,77,0.777778,99,19,0.191919,18,0.181818,62,0.626263,99,38,0.383838,53,0.535354,8,0.080808,99,1,0.010101,43,0.434343,5,0.050505,38,0.383838,12,0.121212,99,94,0.949495,0,0.0,4,0.040404,0,0.0,1,0.010101
2086908,기말은 4지선다 객관식으로 나왔으며 오픈북 아니었고 시험시간에 강의실로,4.42,105,60,32,11,1,1,105,32,0.304762,66,0.628571,7,0.066667,105,25,0.238095,38,0.361905,42,0.4,105,46,0.438095,56,0.533333,3,0.028571,105,0,0.0,31,0.295238,0,0.0,55,0.52381,19,0.180952,105,4,0.038095,18,0.171429,83,0.790476,0,0.0,0,0.0
2086909,제가 들었던 학기에는 중간고사와 기말고사 둘 다 없었습니다! 기말고사 기,3.88,25,13,3,5,1,3,25,2,0.08,18,0.72,5,0.2,25,3,0.12,9,0.36,13,0.52,25,5,0.2,14,0.56,6,0.24,25,0,0.0,9,0.36,0,0.0,13,0.52,3,0.12,25,20,0.8,4,0.16,1,0.04,0,0.0,0,0.0
2086910,"플립러닝 듣고 나서, 배운 정보를 기반으로 스스로 생각하는 힘이 중요한",4.52,106,71,24,8,1,2,106,62,0.584906,44,0.415094,0,0.0,106,17,0.160377,41,0.386792,48,0.45283,106,47,0.443396,53,0.5,6,0.056604,106,1,0.009434,44,0.415094,0,0.0,46,0.433962,15,0.141509,106,22,0.207547,13,0.122642,70,0.660377,1,0.009434,0,0.0
2086911,코로나 학기였기 때문에 그런건지는 몰라도 교수님이 시험범위를 아예 찍어주,3.48,131,42,35,22,8,24,131,3,0.022901,34,0.259542,94,0.717557,131,14,0.10687,40,0.305344,77,0.587786,131,29,0.221374,78,0.59542,24,0.183206,131,8,0.061069,8,0.061069,6,0.045802,93,0.709924,16,0.122137,131,0,0.0,11,0.083969,120,0.916031,0,0.0,0,0.0
2086912,학생들의 의견을 매우 존중하심. 무엇이 정답이고 무엇이 오답인 것이 없음,4.68,92,72,13,5,2,0,92,15,0.163043,73,0.793478,4,0.043478,92,76,0.826087,15,0.163043,1,0.01087,92,62,0.673913,24,0.26087,6,0.065217,92,24,0.26087,43,0.467391,0,0.0,15,0.163043,10,0.108696,92,45,0.48913,10,0.108696,37,0.402174,0,0.0,0,0.0
2086913,온라인 오픈북이었습니다. 중기합 29~31/40 과제 20/20(평균 1,3.27,117,30,30,23,10,24,117,1,0.008547,31,0.264957,85,0.726496,117,3,0.025641,19,0.162393,95,0.811966,117,50,0.42735,47,0.401709,20,0.17094,117,1,0.008547,37,0.316239,0,0.0,73,0.623932,6,0.051282,117,68,0.581197,30,0.25641,18,0.153846,1,0.008547,0,0.0
2086914,Ppt열심히 보고 교수님 생각에 맞게 무조건 적으세요,2.18,153,12,16,33,19,73,152,3,0.019737,34,0.223684,115,0.756579,152,10,0.065789,35,0.230263,107,0.703947,152,26,0.171053,88,0.578947,38,0.25,152,1,0.006579,1,0.006579,0,0.0,145,0.953947,5,0.032895,152,1,0.006579,55,0.361842,92,0.605263,2,0.013158,2,0.013158
2086916,"기말고사 때 오픈북 시험을 볼지, 팀으로 레포트를 작성할지 선택하라고 하",3.39,44,11,11,11,6,5,44,8,0.181818,26,0.590909,10,0.227273,44,10,0.227273,10,0.227273,24,0.545455,44,21,0.477273,20,0.454545,3,0.068182,44,0,0.0,7,0.159091,0,0.0,31,0.704545,6,0.136364,44,17,0.386364,17,0.386364,10,0.227273,0,0.0,0,0.0
2086919,한 문제당 2페이지 분량으로 에세이 쓰는건데 인터넷에 잘 나오고 하니까,4.8,115,100,10,3,1,1,115,65,0.565217,46,0.4,4,0.034783,115,92,0.8,22,0.191304,1,0.008696,115,100,0.869565,13,0.113043,2,0.017391,115,58,0.504348,36,0.313043,0,0.0,14,0.121739,7,0.06087,115,77,0.669565,4,0.034783,34,0.295652,0,0.0,0,0.0
2086920,피피티 제작은 미리캔버스나 망고보드 등을 활용하면 편합니다. 책은 하루,4.82,142,127,8,5,0,2,142,20,0.140845,104,0.732394,18,0.126761,142,57,0.401408,49,0.34507,36,0.253521,142,116,0.816901,24,0.169014,2,0.014085,142,16,0.112676,26,0.183099,1,0.007042,79,0.556338,20,0.140845,142,125,0.880282,6,0.042254,11,0.077465,0,0.0,0,0.0
2086922,정의란 무엇인가 책을 가지고 1시간동안 오픈북 시험을 칩니다. 문제가 1,3.58,116,31,35,28,14,8,116,8,0.068966,87,0.75,21,0.181034,116,6,0.051724,70,0.603448,40,0.344828,116,29,0.25,76,0.655172,11,0.094828,116,10,0.086207,34,0.293103,1,0.008621,51,0.439655,20,0.172414,116,45,0.387931,33,0.284483,33,0.284483,5,0.043103,0,0.0
2086924,진짜 꼼꼼하게 외우셔야 합니다!! 전날 벼락치기도 나쁘지는 않아요~,4.56,172,119,39,9,2,3,172,27,0.156977,118,0.686047,27,0.156977,172,16,0.093023,42,0.244186,114,0.662791,172,108,0.627907,62,0.360465,2,0.011628,172,1,0.005814,15,0.087209,2,0.011628,144,0.837209,10,0.05814,172,3,0.017442,12,0.069767,156,0.906977,0,0.0,1,0.005814
2086925,"교수님이 그날 그날 강조하신 단어, 이야기 등만 달달 외우시면 됩니다!",4.23,257,132,77,32,7,9,257,38,0.14786,212,0.824903,7,0.027237,257,224,0.871595,32,0.124514,1,0.003891,257,113,0.439689,128,0.498054,16,0.062257,257,7,0.027237,52,0.202335,1,0.003891,191,0.743191,6,0.023346,257,1,0.003891,32,0.124514,223,0.867704,1,0.003891,0,0.0
2086929,2020 겨울계절로 들었습니다. 최대한 자세하게 기술해 둘테니까 치시는,4.68,367,279,68,12,8,0,367,347,0.945504,17,0.046322,3,0.008174,367,346,0.942779,19,0.051771,2,0.00545,367,146,0.39782,212,0.577657,9,0.024523,367,14,0.038147,291,0.792916,0,0.0,46,0.125341,16,0.043597,367,0,0.0,2,0.00545,364,0.991826,1,0.002725,0,0.0
2086931,"코로나 학기라서 총 3번의 에세이가 있었습니다. 중간 30/30, 파이",4.9,206,193,9,2,1,1,206,46,0.223301,153,0.742718,7,0.033981,206,177,0.859223,18,0.087379,11,0.053398,206,193,0.936893,13,0.063107,0,0.0,206,14,0.067961,98,0.475728,0,0.0,75,0.364078,19,0.092233,206,160,0.776699,0,0.0,40,0.194175,6,0.029126,0,0.0
2086933,생각보다 수업 시간에 다루지 않으셨던 부분들까지도 많이 출제되니 꼼꼼하게,4.21,170,84,50,27,5,4,170,18,0.105882,131,0.770588,21,0.123529,170,4,0.023529,158,0.929412,8,0.047059,170,67,0.394118,88,0.517647,15,0.088235,170,4,0.023529,40,0.235294,0,0.0,93,0.547059,33,0.194118,170,27,0.158824,120,0.705882,21,0.123529,1,0.005882,1,0.005882
2086935,교수님이 정리해서 올려주신 강의 들으면 됩니다. 시험 문제 그대로 설명해,4.63,164,123,25,13,2,1,164,50,0.304878,107,0.652439,7,0.042683,164,29,0.176829,114,0.695122,21,0.128049,164,135,0.823171,28,0.170732,1,0.006098,164,1,0.006098,83,0.506098,0,0.0,68,0.414634,12,0.073171,164,46,0.280488,97,0.591463,18,0.109756,2,0.012195,1,0.006098
2086940,"교안 피피티에서 표나 그래프, 학자 이름 나온 부분 잘 기억하고 외우셈",3.06,79,14,21,17,10,17,79,2,0.025316,38,0.481013,39,0.493671,79,2,0.025316,20,0.253165,57,0.721519,79,15,0.189873,44,0.556962,20,0.253165,79,5,0.063291,38,0.481013,2,0.025316,25,0.316456,9,0.113924,79,49,0.620253,22,0.278481,8,0.101266,0,0.0,0,0.0
2086956,전에는 온라인 시험이었던 것 같은데 이번에 출석시험이었어요. 저는 그냥,4.67,150,108,34,8,0,0,150,13,0.086667,114,0.76,23,0.153333,150,136,0.906667,12,0.08,2,0.013333,150,100,0.666667,49,0.326667,1,0.006667,150,7,0.046667,62,0.413333,0,0.0,68,0.453333,13,0.086667,150,8,0.053333,106,0.706667,33,0.22,0,0.0,3,0.02
2086961,합리화가 중요합니다 이 세계가 가상이 아님을 증명하시오라는 주제였는데 제,4.39,260,141,86,28,3,2,260,48,0.184615,207,0.796154,5,0.019231,260,240,0.923077,20,0.076923,0,0.0,260,102,0.392308,139,0.534615,19,0.073077,260,8,0.030769,132,0.507692,0,0.0,54,0.207692,66,0.253846,260,46,0.176923,42,0.161538,168,0.646154,2,0.007692,2,0.007692
2086968,"문제은행이랑 비슷하게 나와서 많이 구해서 많이 풀어보면 좋고, 책 사서",3.7,10,5,2,0,1,2,10,8,0.8,0,0.0,2,0.2,10,10,1.0,0,0.0,0,0.0,10,6,0.6,3,0.3,1,0.1,10,1,0.1,2,0.2,0,0.0,5,0.5,2,0.2,10,0,0.0,3,0.3,7,0.7,0,0.0,0,0.0
2086975,시험대신 주제 1개 정학고 발표합니다! 그 주제의 게념을 빠식하게 말해야,4.05,55,26,14,8,6,1,55,0,0.0,19,0.345455,36,0.654545,55,11,0.2,26,0.472727,18,0.327273,55,21,0.381818,28,0.509091,6,0.109091,55,0,0.0,9,0.163636,0,0.0,44,0.8,2,0.036364,55,50,0.909091,2,0.036364,3,0.054545,0,0.0,0,0.0
2086979,오픈북이라서 꼼꼼히 필기하시면 문제 풀 수 있어요.,4.69,97,76,16,3,0,2,97,41,0.42268,51,0.525773,5,0.051546,97,53,0.546392,24,0.247423,20,0.206186,97,60,0.618557,36,0.371134,1,0.010309,97,1,0.010309,52,0.536082,1,0.010309,25,0.257732,18,0.185567,97,26,0.268041,28,0.28866,43,0.443299,0,0.0,0,0.0
2086981,"7문제는 단답형 2문제는 서술형이에요 단답형은 각 작품이 속한 유파, 작",4.4,694,424,178,56,21,15,694,215,0.309798,318,0.458213,161,0.231988,694,654,0.942363,37,0.053314,3,0.004323,694,351,0.505764,320,0.461095,23,0.033141,694,95,0.136888,445,0.64121,2,0.002882,71,0.102305,81,0.116715,694,2,0.002882,623,0.897695,48,0.069164,0,0.0,21,0.030259
2086986,교수님께서 시험 전 주에 범위 파일을 따로 요약하여 올려주시고 그중에서도,4.66,80,62,13,2,2,1,80,8,0.1,56,0.7,16,0.2,80,72,0.9,8,0.1,0,0.0,80,56,0.7,22,0.275,2,0.025,80,2,0.025,31,0.3875,0,0.0,42,0.525,5,0.0625,80,6,0.075,54,0.675,20,0.25,0,0.0,0,0.0
2086987,강의 들어야하고 기말은 변별력위해서 강의에서 말한 내용위주로 출제하신듯,4.64,148,113,22,9,3,1,148,56,0.378378,92,0.621622,0,0.0,148,136,0.918919,12,0.081081,0,0.0,148,80,0.540541,66,0.445946,2,0.013514,148,6,0.040541,105,0.709459,0,0.0,32,0.216216,5,0.033784,148,0,0.0,16,0.108108,106,0.716216,24,0.162162,2,0.013514
2086995,"오픈북이었고, 교안에 있던 문장이 그대로 나와서 강의만 들었다면 어려운",4.05,56,19,24,10,3,0,56,3,0.053571,34,0.607143,19,0.339286,56,1,0.017857,22,0.392857,33,0.589286,56,17,0.303571,39,0.696429,0,0.0,56,1,0.017857,29,0.517857,0,0.0,17,0.303571,9,0.160714,56,10,0.178571,37,0.660714,9,0.160714,0,0.0,0,0.0
2086998,강의교안에 없는 내용 많이 나오고 교수님이 수업 중에 흘려가듯 말하는 내,4.87,129,119,6,1,3,0,129,83,0.643411,45,0.348837,1,0.007752,129,123,0.953488,5,0.03876,1,0.007752,129,97,0.751938,30,0.232558,2,0.015504,129,24,0.186047,75,0.581395,0,0.0,17,0.131783,13,0.100775,129,1,0.007752,5,0.03876,123,0.953488,0,0.0,0,0.0
2086999,대부분 수시고사에 있는 유형으로 객관식만 20문제 나왔습니다. 수시고사를,4.59,221,155,52,8,2,4,221,74,0.334842,128,0.579186,19,0.085973,221,212,0.959276,8,0.036199,1,0.004525,221,89,0.402715,129,0.58371,3,0.013575,221,26,0.117647,166,0.751131,0,0.0,14,0.063348,15,0.067873,221,1,0.004525,4,0.0181,213,0.963801,0,0.0,3,0.013575
2087005,따로 준비할 거 없이 올라오는 문제만 풀고 시간맞춰 제출하기만 하면됩니다,4.9,792,742,29,18,1,2,792,404,0.510101,378,0.477273,10,0.012626,792,745,0.940657,45,0.056818,2,0.002525,792,705,0.890152,85,0.107323,2,0.002525,792,149,0.188131,478,0.603535,1,0.001263,106,0.133838,58,0.073232,792,401,0.506313,62,0.078283,325,0.410354,2,0.002525,2,0.002525
2087040,중간 전주에 시험에 나올 주제 알려주심 객관식에 보기 5개 이론 문제에,3.22,55,13,12,15,4,11,55,4,0.072727,33,0.6,18,0.327273,55,31,0.563636,13,0.236364,11,0.2,55,26,0.472727,25,0.454545,4,0.072727,55,4,0.072727,33,0.6,0,0.0,8,0.145455,10,0.181818,55,14,0.254545,6,0.109091,35,0.636364,0,0.0,0,0.0
2087068,,3.75,4,1,1,2,0,0,4,0,0.0,3,0.75,1,0.25,4,0,0.0,1,0.25,3,0.75,4,1,0.25,3,0.75,0,0.0,4,1,0.25,1,0.25,0,0.0,1,0.25,1,0.25,4,2,0.5,1,0.25,0,0.0,0,0.0,1,0.25
2087070,"과제와 예제 기반으로 문제가 나오고, 기본 개념과 관련된 문제가 나옵니다",3.68,40,13,11,10,2,4,40,0,0.0,9,0.225,31,0.775,40,36,0.9,3,0.075,1,0.025,40,17,0.425,19,0.475,4,0.1,40,1,0.025,5,0.125,0,0.0,29,0.725,5,0.125,40,0,0.0,1,0.025,39,0.975,0,0.0,0,0.0
2087072,"기말은 우선 기출과 매우 유사하게 나오고, TF 문제 5개, 나머지는 과",4.47,57,36,13,7,1,0,57,3,0.052632,28,0.491228,26,0.45614,57,28,0.491228,11,0.192982,18,0.315789,57,46,0.807018,11,0.192982,0,0.0,57,0,0.0,10,0.175439,3,0.052632,42,0.736842,2,0.035088,57,0,0.0,13,0.22807,43,0.754386,1,0.017544,0,0.0
2087073,,0,0,0,0,0,0,0,0,0,0.0,0,0.0,0,0.0,0,0,0.0,0,0.0,0,0.0,0,0,0.0,0,0.0,0,0.0,0,0,0.0,0,0.0,0,0.0,0,0.0,0,0.0,0,0,0.0,0,0.0,0,0.0,0,0.0,0,0.0
2087078,,0,0,0,0,0,0,0,0,0,0.0,0,0.0,0,0.0,0,0,0.0,0,0.0,0,0.0,0,0,0.0,0,0.0,0,0.0,0,0,0.0,0,0.0,0,0.0,0,0.0,0,0.0,0,0,0.0,0,0.0,0,0.0,0,0.0,0,0.0
2087081,모르겠어요;;; 걍 수업 듣는거...? 이렇게 주관적인(?) 시험은 처음,4.18,112,48,46,12,2,4,112,20,0.178571,82,0.732143,10,0.089286,112,95,0.848214,17,0.151786,0,0.0,112,50,0.446429,58,0.517857,4,0.035714,112,14,0.125,72,0.642857,0,0.0,15,0.133929,11,0.098214,112,0,0.0,41,0.366071,71,0.633929,0,0.0,0,0.0
2087083,,0,0,0,0,0,0,0,0,0,0.0,0,0.0,0,0.0,0,0,0.0,0,0.0,0,0.0,0,0,0.0,0,0.0,0,0.0,0,0,0.0,0,0.0,0,0.0,0,0.0,0,0.0,0,0,0.0,0,0.0,0,0.0,0,0.0,0,0.0
2087090,,0,0,0,0,0,0,0,0,0,0.0,0,0.0,0,0.0,0,0,0.0,0,0.0,0,0.0,0,0,0.0,0,0.0,0,0.0,0,0,0.0,0,0.0,0,0.0,0,0.0,0,0.0,0,0,0.0,0,0.0,0,0.0,0,0.0,0,0.0
2087092,전부다 계산문제. 총 여섯문제 나왔는데 중요한 4단원 문제가 두문제였고,3.25,84,22,13,28,6,15,84,18,0.214286,51,0.607143,15,0.178571,84,76,0.904762,8,0.095238,0,0.0,84,18,0.214286,61,0.72619,5,0.059524,84,1,0.011905,39,0.464286,0,0.0,36,0.428571,8,0.095238,84,2,0.02381,6,0.071429,65,0.77381,0,0.0,11,0.130952
2087095,총 문제는 20개였는데 4문제는 기억 안나네요 중간 기말 합쳐서 본 거입,4.72,103,81,17,4,0,1,103,93,0.902913,9,0.087379,1,0.009709,103,96,0.932039,7,0.067961,0,0.0,103,68,0.660194,34,0.330097,1,0.009709,103,24,0.23301,53,0.514563,0,0.0,23,0.223301,3,0.029126,103,0,0.0,23,0.223301,80,0.776699,0,0.0,0,0.0
2087097,전범위라 그런지 전체적인 흐름을 알고 r&d에서 어떤 것이 정확히 응용되,4.27,75,38,25,6,6,0,75,25,0.333333,47,0.626667,3,0.04,75,72,0.96,3,0.04,0,0.0,75,40,0.533333,27,0.36,8,0.106667,75,2,0.026667,61,0.813333,0,0.0,12,0.16,0,0.0,75,0,0.0,18,0.24,57,0.76,0,0.0,0,0.0
2087098,"개념이랑 계산 둘 다 중요합니다. R(8.3145 J/K mol), F(",4.58,113,76,27,9,1,0,113,99,0.876106,14,0.123894,0,0.0,113,100,0.884956,13,0.115044,0,0.0,113,55,0.486726,56,0.495575,2,0.017699,113,17,0.150442,59,0.522124,0,0.0,35,0.309735,2,0.017699,113,1,0.00885,101,0.893805,11,0.097345,0,0.0,0,0.0
2087102,,4,1,0,1,0,0,0,1,0,0.0,1,1.0,0,0.0,1,0,0.0,1,1.0,0,0.0,1,0,0.0,1,1.0,0,0.0,1,0,0.0,0,0.0,0,0.0,1,1.0,0,0.0,1,1,1.0,0,0.0,0,0.0,0,0.0,0,0.0
2087112,교안에서 지엽적인거까지 외워야하는게 힘들었어요ㅜ 매주 퀴즈 내주셔서 강의,4.08,36,15,12,7,1,1,36,9,0.25,17,0.472222,10,0.277778,36,9,0.25,14,0.388889,13,0.361111,36,7,0.194444,26,0.722222,3,0.083333,36,2,0.055556,19,0.527778,0,0.0,13,0.361111,2,0.055556,36,0,0.0,0,0.0,31,0.861111,0,0.0,5,0.138889
2087120,"시험 문제는 빈칸 채우기 단답형이랑 O/X 문제, 식 써서 푸는 문제 이",4,44,22,9,7,3,3,44,12,0.272727,24,0.545455,8,0.181818,44,11,0.25,18,0.409091,15,0.340909,44,21,0.477273,15,0.340909,8,0.181818,44,0,0.0,33,0.75,1,0.022727,9,0.204545,1,0.022727,44,0,0.0,33,0.75,11,0.25,0,0.0,0,0.0
2087121,"총 5문제 출제. 문제풀이형 1-4번, 서술형 5번. 5번은 개념설명문제",3.38,73,17,20,18,10,8,73,0,0.0,56,0.767123,17,0.232877,73,7,0.09589,53,0.726027,13,0.178082,73,17,0.232877,48,0.657534,8,0.109589,73,2,0.027397,49,0.671233,0,0.0,22,0.30137,0,0.0,73,0,0.0,0,0.0,70,0.958904,3,0.041096,0,0.0
2087127,"문제는 총 10문제 였고, 세부 영역으로 a, b, c, d의 답 혹은",4.41,110,66,27,13,4,0,110,1,0.009091,95,0.863636,14,0.127273,110,101,0.918182,9,0.081818,0,0.0,110,39,0.354545,66,0.6,5,0.045455,110,3,0.027273,78,0.709091,0,0.0,19,0.172727,10,0.090909,110,8,0.072727,1,0.009091,101,0.918182,0,0.0,0,0.0
2087128,PA 과제를 통해서 c코딩/어셈블리코딩을 했다면 (코로나 온라인)시험을,4.91,11,10,1,0,0,0,11,0,0.0,9,0.818182,2,0.181818,11,8,0.727273,3,0.272727,0,0.0,11,5,0.454545,6,0.545455,0,0.0,11,0,0.0,2,0.181818,2,0.181818,7,0.636364,0,0.0,11,0,0.0,2,0.181818,9,0.818182,0,0.0,0,0.0
2087130,중간고사는 kmooc 인증서 대체 또는 개별보고서 중 선택해서 제출하는,4.09,23,11,6,4,1,1,23,0,0.0,5,0.217391,18,0.782609,23,0,0.0,5,0.217391,18,0.782609,23,16,0.695652,6,0.26087,1,0.043478,23,0,0.0,4,0.173913,1,0.043478,14,0.608696,4,0.173913,23,9,0.391304,9,0.391304,4,0.173913,0,0.0,1,0.043478
2087142,사회학이론 중간고사 대체과제입니다. - 국내 또는 해외 문학작품 하나를,4.73,100,79,16,4,1,0,100,48,0.48,52,0.52,0,0.0,100,94,0.94,6,0.06,0,0.0,100,76,0.76,24,0.24,0,0.0,100,8,0.08,71,0.71,0,0.0,18,0.18,3,0.03,100,38,0.38,33,0.33,29,0.29,0,0.0,0,0.0
2087144,"교안에서 나오는 모든 문장을 잘 숙지하고 가시면 유리한 것 같습니다 또,",4.34,65,32,26,5,1,1,65,2,0.030769,32,0.492308,31,0.476923,65,63,0.969231,2,0.030769,0,0.0,65,20,0.307692,31,0.476923,14,0.215385,65,0,0.0,42,0.646154,0,0.0,23,0.353846,0,0.0,65,0,0.0,7,0.107692,41,0.630769,1,0.015385,16,0.246154
2087145,배운거 70 안배운거 30 중한 번역. 교수님이 강조하신 부분이 많이 나,3.53,34,9,10,9,2,4,34,0,0.0,11,0.323529,23,0.676471,34,29,0.852941,5,0.147059,0,0.0,34,10,0.294118,19,0.558824,5,0.147059,34,1,0.029412,1,0.029412,0,0.0,32,0.941176,0,0.0,34,1,0.029412,4,0.117647,29,0.852941,0,0.0,0,0.0
2087149,교안에는 한자 경문만 적혀있기에 해석과 해주시는 이야기만 필기 해놓고 그,4.59,41,29,7,5,0,0,41,14,0.341463,27,0.658537,0,0.0,41,38,0.926829,3,0.073171,0,0.0,41,18,0.439024,22,0.536585,1,0.02439,41,1,0.02439,4,0.097561,0,0.0,30,0.731707,6,0.146341,41,0,0.0,36,0.878049,5,0.121951,0,0.0,0,0.0
2087150,기말고사라고 쓰고 리포트 2편이라고 읽습니다. 열심히 쓰시는 게 최고,3.9,39,13,13,9,4,0,39,0,0.0,7,0.179487,32,0.820513,39,31,0.794872,7,0.179487,1,0.025641,39,10,0.25641,26,0.666667,3,0.076923,39,0,0.0,7,0.179487,0,0.0,28,0.717949,4,0.102564,39,18,0.461538,13,0.333333,6,0.153846,1,0.025641,1,0.025641
2087151,"1. 과학소설을 정의하고 분류하되, 다음 사항을 언급하며 논하시오. (1",3.75,28,6,12,8,1,1,28,0,0.0,8,0.285714,20,0.714286,28,26,0.928571,2,0.071429,0,0.0,28,18,0.642857,10,0.357143,0,0.0,28,2,0.071429,7,0.25,0,0.0,18,0.642857,1,0.035714,28,0,0.0,23,0.821429,5,0.178571,0,0.0,0,0.0
2087152,그냥 무조건 생암기가 답입니다 음악은 평소에 다운받아서 마니 들어보세요,4.84,62,54,6,2,0,0,62,8,0.129032,53,0.854839,1,0.016129,62,60,0.967742,2,0.032258,0,0.0,62,40,0.645161,22,0.354839,0,0.0,62,0,0.0,48,0.774194,0,0.0,8,0.129032,6,0.096774,62,0,0.0,56,0.903226,6,0.096774,0,0.0,0,0.0
2087157,"O/X 10 문제, 단답형 10문제, 서술형 3문제 나옵니다. 약간 타임",4.77,13,11,1,1,0,0,13,0,0.0,6,0.461538,7,0.538462,13,11,0.846154,2,0.153846,0,0.0,13,8,0.615385,5,0.384615,0,0.0,13,0,0.0,3,0.230769,0,0.0,9,0.692308,1,0.076923,13,0,0.0,3,0.230769,10,0.769231,0,0.0,0,0.0
2087167,한자가 조금 익숙하다면 벼락치기도 충분히 가능한 과목입니다. 교수님께서,4.5,2,1,1,0,0,0,2,0,0.0,2,1.0,0,0.0,2,2,1.0,0,0.0,0,0.0,2,1,0.5,1,0.5,0,0.0,2,0,0.0,0,0.0,0,0.0,2,1.0,0,0.0,2,0,0.0,2,1.0,0,0.0,0,0.0,0,0.0
2087170,오픈북 논술형 시험이라 강의 꼼꼼하게 보고 당일날 피피티 다 다운받아가서,4.72,39,29,9,1,0,0,39,6,0.153846,25,0.641026,8,0.205128,39,9,0.230769,28,0.717949,2,0.051282,39,26,0.666667,12,0.307692,1,0.025641,39,1,0.025641,33,0.846154,0,0.0,5,0.128205,0,0.0,39,1,0.025641,30,0.769231,8,0.205128,0,0.0,0,0.0
2087171,,0,0,0,0,0,0,0,0,0,0.0,0,0.0,0,0.0,0,0,0.0,0,0.0,0,0.0,0,0,0.0,0,0.0,0,0.0,0,0,0.0,0,0.0,0,0.0,0,0.0,0,0.0,0,0,0.0,0,0.0,0,0.0,0,0.0,0,0.0
2087174,논술형이고 3문제 나옵니다. 오픈북이어서 큰 부담은 없었어요. 채점 기준,4.89,19,17,2,0,0,0,19,13,0.684211,6,0.315789,0,0.0,19,6,0.315789,12,0.631579,1,0.052632,19,16,0.842105,3,0.157895,0,0.0,19,0,0.0,12,0.631579,0,0.0,6,0.315789,1,0.052632,19,0,0.0,2,0.105263,17,0.894737,0,0.0,0,0.0
2087178,ppt에서 학자의 생각 위주로 공부하시면 됩니다. 수업 내용 자체가 쉽지,3.63,19,3,6,10,0,0,19,3,0.157895,13,0.684211,3,0.157895,19,13,0.684211,6,0.315789,0,0.0,19,6,0.315789,11,0.578947,2,0.105263,19,0,0.0,2,0.105263,0,0.0,16,0.842105,1,0.052632,19,2,0.105263,1,0.052632,16,0.842105,0,0.0,0,0.0
2087184,"강의 내에서 많은 근대 철학자들이 등장하는데, 합리론-경험론-칸트-관념론",3.91,45,16,18,5,3,3,45,16,0.355556,29,0.644444,0,0.0,45,14,0.311111,28,0.622222,3,0.066667,45,34,0.755556,11,0.244444,0,0.0,45,29,0.644444,1,0.022222,0,0.0,13,0.288889,2,0.044444,45,2,0.044444,39,0.866667,4,0.088889,0,0.0,0,0.0
2087185,수기로 작성하는 것이었기 때문에 핵심만 간추려서 쓰는걸 추천합니다. (장,3.74,35,12,11,7,1,4,35,3,0.085714,24,0.685714,8,0.228571,35,33,0.942857,2,0.057143,0,0.0,35,16,0.457143,16,0.457143,3,0.085714,35,1,0.028571,9,0.257143,0,0.0,23,0.657143,2,0.057143,35,0,0.0,27,0.771429,8,0.228571,0,0.0,0,0.0
2087197,기말은 김유신전이라 인명 지명 및 직위명이 많이 나와서 공부할 때 혼란스,4.3,40,21,12,6,0,1,40,8,0.2,26,0.65,6,0.15,40,39,0.975,1,0.025,0,0.0,40,20,0.5,19,0.475,1,0.025,40,2,0.05,4,0.1,0,0.0,34,0.85,0,0.0,40,1,0.025,14,0.35,25,0.625,0,0.0,0,0.0
2087200,시험범위는 배운 내용 절반 정도로 줄여주셔서 부담은 없었습니다 작품 해설,4.82,28,26,1,0,0,1,28,5,0.178571,23,0.821429,0,0.0,28,24,0.857143,4,0.142857,0,0.0,28,20,0.714286,8,0.285714,0,0.0,28,0,0.0,20,0.714286,0,0.0,2,0.071429,6,0.214286,28,0,0.0,22,0.785714,6,0.214286,0,0.0,0,0.0
2087213,과제는 정말 준비 안 하셔도 됩니다… 수업시간에 과제 전 예시문제들 내주,4.43,120,74,29,13,3,1,120,13,0.108333,103,0.858333,4,0.033333,120,113,0.941667,6,0.05,1,0.008333,120,73,0.608333,47,0.391667,0,0.0,120,4,0.033333,65,0.541667,0,0.0,35,0.291667,16,0.133333,120,90,0.75,10,0.083333,12,0.1,2,0.016667,6,0.05
2087214,과제에 대한 정보 공유입니다. 교수님께서 원하시는 것은 창의력입니다. 많,3.65,48,12,14,16,5,1,48,5,0.104167,32,0.666667,11,0.229167,48,45,0.9375,2,0.041667,1,0.020833,48,16,0.333333,29,0.604167,3,0.0625,48,1,0.020833,36,0.75,0,0.0,11,0.229167,0,0.0,48,44,0.916667,1,0.020833,3,0.0625,0,0.0,0,0.0
2087216,"1-9장내용,중간시험은 문제은행에서 20문제를 출제할 예정",3.5,74,16,29,14,6,9,74,6,0.081081,22,0.297297,46,0.621622,74,47,0.635135,11,0.148649,16,0.216216,74,34,0.459459,33,0.445946,7,0.094595,74,2,0.027027,36,0.486486,0,0.0,28,0.378378,8,0.108108,74,24,0.324324,4,0.054054,46,0.621622,0,0.0,0,0.0
2087230,사실 오픈북이라서 세세하게 외우실 필요 없습니다. 하지만 대략적으로 개념,4.77,125,104,15,5,0,1,125,21,0.168,91,0.728,13,0.104,125,109,0.872,15,0.12,1,0.008,125,83,0.664,41,0.328,1,0.008,125,10,0.08,87,0.696,0,0.0,18,0.144,10,0.08,125,0,0.0,2,0.016,117,0.936,0,0.0,6,0.048
2087232,시험 쉽게 나와요. 큼직큼직하게만 이해하고 외우면 됩니다,4.04,25,12,7,2,3,1,25,0,0.0,3,0.12,22,0.88,25,6,0.24,17,0.68,2,0.08,25,8,0.32,15,0.6,2,0.08,25,0,0.0,2,0.08,0,0.0,22,0.88,1,0.04,25,3,0.12,13,0.52,9,0.36,0,0.0,0,0.0
2087258,논문에서는 출제되지 않았던 것 같습니다 중간기말 통틀어서 모두 교과서의,4.2,20,11,5,2,1,1,20,7,0.35,10,0.5,3,0.15,20,4,0.2,13,0.65,3,0.15,20,15,0.75,5,0.25,0,0.0,20,0,0.0,11,0.55,0,0.0,7,0.35,2,0.1,20,0,0.0,4,0.2,16,0.8,0,0.0,0,0.0
2087299,,2.41,22,1,3,7,4,7,22,2,0.090909,16,0.727273,4,0.181818,22,10,0.454545,9,0.409091,3,0.136364,22,6,0.272727,13,0.590909,3,0.136364,22,1,0.045455,14,0.636364,0,0.0,6,0.272727,1,0.045455,22,19,0.863636,2,0.090909,1,0.045455,0,0.0,0,0.0
2087304,미리 시험문제 알려주심. 7개 알려주셨고 4문제 서술형으로 나왔음. 강,4.79,56,48,6,1,0,1,56,0,0.0,22,0.392857,34,0.607143,56,47,0.839286,9,0.160714,0,0.0,56,49,0.875,6,0.107143,1,0.017857,56,0,0.0,34,0.607143,0,0.0,18,0.321429,4,0.071429,56,9,0.160714,41,0.732143,6,0.107143,0,0.0,0,0.0
2087310,수업시간 때 인상 깊었던 7가지에 대해 서술하시오 각 문항당 3줄 이상으,4.63,63,47,11,4,0,1,63,52,0.825397,10,0.15873,1,0.015873,63,60,0.952381,2,0.031746,1,0.015873,63,55,0.873016,8,0.126984,0,0.0,63,6,0.095238,42,0.666667,0,0.0,8,0.126984,7,0.111111,63,3,0.047619,43,0.68254,17,0.269841,0,0.0,0,0.0
2087318,"큼지막한 문제 9개 부분문제 2,3개씩 있음 꼼꼼하게 공부해야하는듯",4.36,151,84,49,10,4,4,151,4,0.02649,124,0.821192,23,0.152318,151,145,0.960265,4,0.02649,2,0.013245,151,92,0.609272,56,0.370861,3,0.019868,151,93,0.615894,46,0.304636,0,0.0,9,0.059603,3,0.019868,151,0,0.0,8,0.05298,142,0.940397,0,0.0,1,0.006623
2087320,"코드 알맞게 쓰기 + 주관식 T/F 객관식 문제로 구성되어있으며, 실습때",4.56,64,46,12,3,2,1,64,0,0.0,49,0.765625,15,0.234375,64,57,0.890625,7,0.109375,0,0.0,64,33,0.515625,30,0.46875,1,0.015625,64,3,0.046875,23,0.359375,0,0.0,31,0.484375,7,0.109375,64,13,0.203125,42,0.65625,9,0.140625,0,0.0,0,0.0
2087331,"거의 조건부 확률문제가 나옵니다. 과제로 나온 문제, 피피티에서 비슷한",2.03,30,4,3,0,6,17,30,10,0.333333,16,0.533333,4,0.133333,30,29,0.966667,1,0.033333,0,0.0,30,9,0.3,15,0.5,6,0.2,30,2,0.066667,18,0.6,0,0.0,4,0.133333,6,0.2,30,2,0.066667,1,0.033333,27,0.9,0,0.0,0,0.0
2087333,"T/F, 코드 결과 예상, 코드에 대한 설명 작성 등 다양하게 나옵니다.",4.55,58,39,14,3,2,0,58,3,0.051724,40,0.689655,15,0.258621,58,38,0.655172,17,0.293103,3,0.051724,58,31,0.534483,25,0.431034,2,0.034483,58,0,0.0,41,0.706897,0,0.0,15,0.258621,2,0.034483,58,7,0.12069,12,0.206897,39,0.672414,0,0.0,0,0.0
2087346,,0,0,0,0,0,0,0,0,0,0.0,0,0.0,0,0.0,0,0,0.0,0,0.0,0,0.0,0,0,0.0,0,0.0,0,0.0,0,0,0.0,0,0.0,0,0.0,0,0.0,0,0.0,0,0,0.0,0,0.0,0,0.0,0,0.0,0,0.0
2087358,,3.75,8,3,2,1,2,0,8,0,0.0,4,0.5,4,0.5,8,5,0.625,3,0.375,0,0.0,8,2,0.25,5,0.625,1,0.125,8,0,0.0,0,0.0,0,0.0,8,1.0,0,0.0,8,4,0.5,2,0.25,2,0.25,0,0.0,0,0.0
2087359,강의 교안 꼼꼼하게 보면서 공부하세요. 건물 이름이나 색 이름까지 외우실,4.67,12,10,1,0,1,0,12,5,0.416667,6,0.5,1,0.083333,12,5,0.416667,4,0.333333,3,0.25,12,6,0.5,5,0.416667,1,0.083333,12,0,0.0,2,0.166667,0,0.0,8,0.666667,2,0.166667,12,5,0.416667,5,0.416667,2,0.166667,0,0.0,0,0.0
2087362,,5,1,1,0,0,0,0,1,0,0.0,1,1.0,0,0.0,1,1,1.0,0,0.0,0,0.0,1,1,1.0,0,0.0,0,0.0,1,0,0.0,0,0.0,0,0.0,1,1.0,0,0.0,1,1,1.0,0,0.0,0,0.0,0,0.0,0,0.0
2087366,,0,0,0,0,0,0,0,0,0,0.0,0,0.0,0,0.0,0,0,0.0,0,0.0,0,0.0,0,0,0.0,0,0.0,0,0.0,0,0,0.0,0,0.0,0,0.0,0,0.0,0,0.0,0,0,0.0,0,0.0,0,0.0,0,0.0,0,0.0
2087368,,5,2,2,0,0,0,0,2,2,1.0,0,0.0,0,0.0,2,1,0.5,0,0.0,1,0.5,2,2,1.0,0,0.0,0,0.0,2,0,0.0,0,0.0,0,0.0,2,1.0,0,0.0,2,2,1.0,0,0.0,0,0.0,0,0.0,0,0.0
2087428,교안에 있는 내용들에서 전부 츨제됩니다. 문제 풀이보다는 증명 문제가 꽤,4.75,20,16,3,1,0,0,20,3,0.15,17,0.85,0,0.0,20,20,1.0,0,0.0,0,0.0,20,17,0.85,3,0.15,0,0.0,20,2,0.1,9,0.45,0,0.0,8,0.4,1,0.05,20,3,0.15,0,0.0,17,0.85,0,0.0,0,0.0
2087444,객관식 30개 교수님이 일주일?전에 시험 질문 순서대로 주제를 올려주심,4.59,167,128,18,16,2,3,167,85,0.508982,80,0.479042,2,0.011976,167,127,0.760479,37,0.221557,3,0.017964,167,116,0.694611,48,0.287425,3,0.017964,167,8,0.047904,119,0.712575,0,0.0,32,0.191617,8,0.047904,167,3,0.017964,54,0.323353,110,0.658683,0,0.0,0,0.0
2087452,시험은 어렵지 않은 과제로 대신 ...수업 잘 들으면 문제가 없을 거에여,4.57,14,10,2,2,0,0,14,4,0.285714,7,0.5,3,0.214286,14,10,0.714286,4,0.285714,0,0.0,14,13,0.928571,1,0.071429,0,0.0,14,0,0.0,2,0.142857,0,0.0,10,0.714286,2,0.142857,14,3,0.214286,1,0.071429,10,0.714286,0,0.0,0,0.0
2087453,,4.5,2,1,1,0,0,0,2,0,0.0,2,1.0,0,0.0,2,0,0.0,2,1.0,0,0.0,2,2,1.0,0,0.0,0,0.0,2,0,0.0,0,0.0,0,0.0,2,1.0,0,0.0,2,0,0.0,0,0.0,2,1.0,0,0.0,0,0.0
2087454,교수님께서는 교재 외 내용도 있다고 말씀해주셨는데 사실은 없습니다. 그래,5,5,5,0,0,0,0,5,0,0.0,5,1.0,0,0.0,5,1,0.2,4,0.8,0,0.0,5,3,0.6,1,0.2,1,0.2,5,0,0.0,0,0.0,0,0.0,5,1.0,0,0.0,5,0,0.0,0,0.0,5,1.0,0,0.0,0,0.0
2087455,,0,0,0,0,0,0,0,0,0,0.0,0,0.0,0,0.0,0,0,0.0,0,0.0,0,0.0,0,0,0.0,0,0.0,0,0.0,0,0,0.0,0,0.0,0,0.0,0,0.0,0,0.0,0,0,0.0,0,0.0,0,0.0,0,0.0,0,0.0
2087464,"시험은 없습니다. 그러나 정기적으로 채력측정, 홍보활동을 학기 내 병행하",5,7,7,0,0,0,0,7,2,0.285714,5,0.714286,0,0.0,7,2,0.285714,5,0.714286,0,0.0,7,7,1.0,0,0.0,0,0.0,7,0,0.0,0,0.0,0,0.0,5,0.714286,2,0.285714,7,5,0.714286,1,0.142857,1,0.142857,0,0.0,0,0.0
2087503,,0,0,0,0,0,0,0,0,0,0.0,0,0.0,0,0.0,0,0,0.0,0,0.0,0,0.0,0,0,0.0,0,0.0,0,0.0,0,0,0.0,0,0.0,0,0.0,0,0.0,0,0.0,0,0,0.0,0,0.0,0,0.0,0,0.0,0,0.0
2087511,,0,0,0,0,0,0,0,0,0,0.0,0,0.0,0,0.0,0,0,0.0,0,0.0,0,0.0,0,0,0.0,0,0.0,0,0.0,0,0,0.0,0,0.0,0,0.0,0,0.0,0,0.0,0,0,0.0,0,0.0,0,0.0,0,0.0,0,0.0
2087513,,0,0,0,0,0,0,0,0,0,0.0,0,0.0,0,0.0,0,0,0.0,0,0.0,0,0.0,0,0,0.0,0,0.0,0,0.0,0,0,0.0,0,0.0,0,0.0,0,0.0,0,0.0,0,0,0.0,0,0.0,0,0.0,0,0.0,0,0.0
2087517,,0,0,0,0,0,0,0,0,0,0.0,0,0.0,0,0.0,0,0,0.0,0,0.0,0,0.0,0,0,0.0,0,0.0,0,0.0,0,0,0.0,0,0.0,0,0.0,0,0.0,0,0.0,0,0,0.0,0,0.0,0,0.0,0,0.0,0,0.0
2087530,퀴즈있는데 인터넷에 찾아도 나오고 답도 수정할 수 있어서 별 거 아님 시,4.86,311,282,19,6,2,2,311,155,0.498392,147,0.472669,9,0.028939,311,288,0.926045,23,0.073955,0,0.0,311,270,0.868167,37,0.118971,4,0.012862,311,180,0.578778,88,0.282958,1,0.003215,16,0.051447,26,0.083601,311,139,0.446945,76,0.244373,93,0.299035,1,0.003215,2,0.006431
2087531,계정을 두개 만드세요. 하나는 걍 아무거나 찍어서 퀴즈 답을 보기위한 용,4.88,171,159,8,2,0,2,171,86,0.502924,76,0.444444,9,0.052632,171,159,0.929825,12,0.070175,0,0.0,171,151,0.883041,19,0.111111,1,0.005848,171,80,0.467836,67,0.391813,0,0.0,8,0.046784,16,0.093567,171,72,0.421053,17,0.099415,79,0.461988,0,0.0,3,0.017544
2087539,,0,0,0,0,0,0,0,0,0,0.0,0,0.0,0,0.0,0,0,0.0,0,0.0,0,0.0,0,0,0.0,0,0.0,0,0.0,0,0,0.0,0,0.0,0,0.0,0,0.0,0,0.0,0,0,0.0,0,0.0,0,0.0,0,0.0,0,0.0
2168579,"저는 원래 말할 때 제스처를 많이 쓰는 편이라 어렵지 않았는데, 목소리",4.71,137,105,26,5,0,1,137,21,0.153285,110,0.80292,6,0.043796,137,22,0.160584,66,0.481752,49,0.357664,137,76,0.554745,54,0.394161,7,0.051095,137,0,0.0,85,0.620438,0,0.0,36,0.262774,16,0.116788,137,21,0.153285,56,0.408759,53,0.386861,6,0.043796,1,0.007299
2168580,토론은 루브릭을 잘 따르는 것이 중요하다. 주제를 당일날 알고 본인의 포,4.71,98,79,14,3,0,2,98,80,0.816327,16,0.163265,2,0.020408,98,28,0.285714,28,0.285714,42,0.428571,98,50,0.510204,47,0.479592,1,0.010204,98,0,0.0,87,0.887755,0,0.0,5,0.05102,6,0.061224,98,16,0.163265,3,0.030612,76,0.77551,2,0.020408,1,0.010204
2168590,"교수님께서 올려주시는 피피티를 보시고, 특히 강조하시는 부분들을 꼭 적어",4.1,103,45,34,16,5,3,103,2,0.019417,49,0.475728,52,0.504854,103,101,0.980583,1,0.009709,1,0.009709,103,36,0.349515,59,0.572816,8,0.07767,103,2,0.019417,5,0.048544,0,0.0,95,0.92233,1,0.009709,103,2,0.019417,90,0.873786,9,0.087379,1,0.009709,1,0.009709
2168591,출석 잘하기 과제도채점안한다고는 하지만 열심히~ 성의를 보여주는 것도 중,3.72,349,95,127,82,26,19,349,116,0.332378,219,0.627507,14,0.040115,349,322,0.922636,26,0.074499,1,0.002865,349,95,0.272206,215,0.616046,39,0.111748,349,10,0.028653,105,0.30086,0,0.0,175,0.501433,59,0.169054,349,305,0.873926,19,0.054441,22,0.063037,2,0.005731,1,0.002865
2168592,교수님께서 두 가지 제시문을 주시는데 이 제시문 중에 하나를 골라 현안문,3.99,194,85,57,29,12,11,194,11,0.056701,118,0.608247,65,0.335052,194,54,0.278351,117,0.603093,23,0.118557,194,53,0.273196,108,0.556701,33,0.170103,194,0,0.0,20,0.103093,0,0.0,141,0.726804,33,0.170103,194,171,0.881443,3,0.015464,19,0.097938,1,0.005155,0,0.0
2168595,시험 따로 안 치고 팀플이 전부임 LC라도 믿지 말고 점수 다 낮게 주셈,3.87,77,31,22,14,3,7,77,2,0.025974,42,0.545455,33,0.428571,77,0,0.0,22,0.285714,55,0.714286,77,31,0.402597,39,0.506494,7,0.090909,77,2,0.025974,20,0.25974,4,0.051948,33,0.428571,18,0.233766,77,66,0.857143,8,0.103896,3,0.038961,0,0.0,0,0.0
2168598,유하게 지내기 교수님 다른 강의평도 함 봐보세여~~~~,2.22,144,14,12,30,24,64,144,7,0.048611,76,0.527778,61,0.423611,144,1,0.006944,27,0.1875,116,0.805556,144,21,0.145833,78,0.541667,45,0.3125,144,6,0.041667,51,0.354167,1,0.006944,58,0.402778,28,0.194444,144,123,0.854167,9,0.0625,12,0.083333,0,0.0,0,0.0
2168672,"중간때랑 차원이 다르게 어려웠어요,, 중간은 피피티랑 강의만 봐도 충분히",3.83,152,54,51,26,9,12,152,119,0.782895,33,0.217105,0,0.0,152,143,0.940789,8,0.052632,1,0.006579,152,72,0.473684,73,0.480263,7,0.046053,152,6,0.039474,66,0.434211,0,0.0,44,0.289474,36,0.236842,152,0,0.0,40,0.263158,108,0.710526,2,0.013158,2,0.013158
2168686,"마지막에 기말 시험점수를 안알려주셔서 정확히 확인 못했지만 출석 만점,",3,199,33,48,43,36,39,199,6,0.030151,31,0.155779,162,0.81407,199,170,0.854271,29,0.145729,0,0.0,199,12,0.060302,86,0.432161,101,0.507538,199,8,0.040201,47,0.236181,0,0.0,112,0.562814,32,0.160804,199,0,0.0,107,0.537688,90,0.452261,2,0.01005,0,0.0
2168689,"assignment, 수업ppt 의 exercise 내용 최대한 이해하면",2.42,159,21,15,34,29,60,159,7,0.044025,114,0.716981,38,0.238994,159,145,0.91195,14,0.08805,0,0.0,159,57,0.358491,85,0.534591,17,0.106918,159,4,0.025157,41,0.257862,0,0.0,108,0.679245,6,0.037736,159,0,0.0,0,0.0,158,0.993711,1,0.006289,0,0.0
2168699,중점 번역 문구 중심 (거의 다 나올 거예요! 주의하는 점에 대한 제때로,4.29,28,14,8,6,0,0,28,0,0.0,7,0.25,21,0.75,28,27,0.964286,1,0.035714,0,0.0,28,17,0.607143,10,0.357143,1,0.035714,28,0,0.0,11,0.392857,0,0.0,13,0.464286,4,0.142857,28,0,0.0,7,0.25,20,0.714286,1,0.035714,0,0.0
2168727,ppt에 있는 인공지능 기법들 중에서 교수님이 설명 자세히 하시는 것들,3.52,25,8,5,7,2,3,25,5,0.2,18,0.72,2,0.08,25,19,0.76,6,0.24,0,0.0,25,6,0.24,14,0.56,5,0.2,25,3,0.12,11,0.44,0,0.0,8,0.32,3,0.12,25,1,0.04,0,0.0,24,0.96,0,0.0,0,0.0
2168751,온라인이고 쉽습니다 교안에 있는 내용 그대로 나와요,4.62,13,8,5,0,0,0,13,0,0.0,6,0.461538,7,0.538462,13,5,0.384615,6,0.461538,2,0.153846,13,7,0.538462,6,0.461538,0,0.0,13,0,0.0,2,0.153846,0,0.0,9,0.692308,2,0.153846,13,2,0.153846,5,0.384615,6,0.461538,0,0.0,0,0.0
2168791,,4.73,40,31,7,2,0,0,40,0,0.0,26,0.65,14,0.35,40,23,0.575,17,0.425,0,0.0,40,25,0.625,15,0.375,0,0.0,40,0,0.0,2,0.05,0,0.0,37,0.925,1,0.025,40,39,0.975,0,0.0,1,0.025,0,0.0,0,0.0
2168810,과제형식으로 나옵니다. 책 계속 읽으면서 토론 시간에 집중해서 들으면 도,3.7,10,4,3,1,0,2,10,0,0.0,3,0.3,7,0.7,10,9,0.9,0,0.0,1,0.1,10,3,0.3,4,0.4,3,0.3,10,0,0.0,6,0.6,0,0.0,4,0.4,0,0.0,10,8,0.8,1,0.1,1,0.1,0,0.0,0,0.0
2168895,,3.57,7,4,0,1,0,2,7,6,0.857143,1,0.142857,0,0.0,7,6,0.857143,1,0.142857,0,0.0,7,3,0.428571,3,0.428571,1,0.142857,7,0,0.0,4,0.571429,0,0.0,2,0.285714,1,0.142857,7,0,0.0,3,0.428571,4,0.571429,0,0.0,0,0.0
2168910,,5,5,5,0,0,0,0,5,1,0.2,2,0.4,2,0.4,5,0,0.0,0,0.0,5,1.0,5,5,1.0,0,0.0,0,0.0,5,2,0.4,1,0.2,0,0.0,2,0.4,0,0.0,5,4,0.8,1,0.2,0,0.0,0,0.0,0,0.0
2168915,2시간 정도 주고 주어진 문제에 답을 작성해서 제출하였습니다. 별다른 감,4.17,35,15,14,4,1,1,35,3,0.085714,26,0.742857,6,0.171429,35,1,0.028571,18,0.514286,16,0.457143,35,28,0.8,6,0.171429,1,0.028571,35,2,0.057143,26,0.742857,0,0.0,5,0.142857,2,0.057143,35,16,0.457143,18,0.514286,1,0.028571,0,0.0,0,0.0
2168921,Pthread와 fork 위주로만 공부해도 반은 먹고 들어갑니다,4,49,19,16,11,1,2,49,1,0.020408,18,0.367347,30,0.612245,49,47,0.959184,2,0.040816,0,0.0,49,7,0.142857,37,0.755102,5,0.102041,49,2,0.040816,45,0.918367,0,0.0,2,0.040816,0,0.0,49,0,0.0,43,0.877551,6,0.122449,0,0.0,0,0.0
2168927,"Gradient decent method 계산, logical regre",4.66,67,53,7,5,2,0,67,1,0.014925,38,0.567164,28,0.41791,67,63,0.940299,2,0.029851,2,0.029851,67,17,0.253731,40,0.597015,10,0.149254,67,4,0.059701,55,0.820896,1,0.014925,3,0.044776,4,0.059701,67,0,0.0,0,0.0,66,0.985075,0,0.0,1,0.014925
2168943,,3.82,11,4,2,4,1,0,11,0,0.0,6,0.545455,5,0.454545,11,10,0.909091,1,0.090909,0,0.0,11,3,0.272727,7,0.636364,1,0.090909,11,0,0.0,0,0.0,0,0.0,11,1.0,0,0.0,11,10,0.909091,0,0.0,0,0.0,0,0.0,1,0.090909
2168981,핵심개념과 주장 각각을 잘 이해하고 매끄럽게 서술하기,3.78,18,5,7,3,3,0,18,1,0.055556,15,0.833333,2,0.111111,18,14,0.777778,4,0.222222,0,0.0,18,7,0.388889,8,0.444444,3,0.166667,18,0,0.0,8,0.444444,0,0.0,9,0.5,1,0.055556,18,1,0.055556,0,0.0,17,0.944444,0,0.0,0,0.0
2169019,사이트 들어가서 부계정 하나 만드세요 거기 정답 다 뜹니다,4.94,89,85,3,1,0,0,89,38,0.426966,49,0.550562,2,0.022472,89,85,0.955056,4,0.044944,0,0.0,89,76,0.853933,13,0.146067,0,0.0,89,39,0.438202,42,0.47191,0,0.0,0,0.0,8,0.089888,89,36,0.404494,25,0.280899,24,0.269663,0,0.0,4,0.044944
2169020,대체 과제입니다!!!!! p/f 과목 셤 없음,4.98,43,42,1,0,0,0,42,19,0.452381,21,0.5,2,0.047619,42,41,0.97619,1,0.02381,0,0.0,42,36,0.857143,5,0.119048,1,0.02381,42,23,0.547619,13,0.309524,0,0.0,0,0.0,6,0.142857,42,22,0.52381,3,0.071429,15,0.357143,0,0.0,2,0.047619
2169056,,4,4,2,1,0,1,0,4,1,0.25,1,0.25,2,0.5,4,2,0.5,2,0.5,0,0.0,4,2,0.5,1,0.25,1,0.25,4,0,0.0,0,0.0,0,0.0,4,1.0,0,0.0,4,0,0.0,1,0.25,3,0.75,0,0.0,0,0.0
2169070,Ppt is enough Cuz the prof. used open b,4.55,100,67,23,9,0,1,100,91,0.91,9,0.09,0,0.0,100,95,0.95,5,0.05,0,0.0,100,78,0.78,22,0.22,0,0.0,100,19,0.19,21,0.21,0,0.0,54,0.54,6,0.06,100,0,0.0,3,0.03,97,0.97,0,0.0,0,0.0
2169085,에세이가 굉장히 많고 암기보단 내용을 정확히 이해하고 예시까지 생각해서,4.63,8,5,3,0,0,0,8,3,0.375,4,0.5,1,0.125,8,8,1.0,0,0.0,0,0.0,8,2,0.25,6,0.75,0,0.0,8,2,0.25,3,0.375,0,0.0,1,0.125,2,0.25,8,0,0.0,0,0.0,8,1.0,0,0.0,0,0.0
2169092,잘하면 좋은 점수를 받아요. 발표 영상 : 1분- 3분,4.75,4,3,1,0,0,0,4,0,0.0,4,1.0,0,0.0,4,4,1.0,0,0.0,0,0.0,4,4,1.0,0,0.0,0,0.0,4,0,0.0,0,0.0,0,0.0,2,0.5,2,0.5,4,0,0.0,1,0.25,3,0.75,0,0.0,0,0.0
2169093,UCC동영상 작성 주제는 제한 없음 영상편집 잘하시는 분이라면 힘들지 않,5,5,5,0,0,0,0,5,0,0.0,3,0.6,2,0.4,5,0,0.0,3,0.6,2,0.4,5,4,0.8,1,0.2,0,0.0,5,0,0.0,0,0.0,0,0.0,5,1.0,0,0.0,5,1,0.2,0,0.0,4,0.8,0,0.0,0,0.0
2169098,总共6次发表 作业发表三次（上课学的内容为基础，教授会给主题） 정의하고 예시하,4.47,15,7,8,0,0,0,15,0,0.0,8,0.533333,7,0.466667,15,1,0.066667,13,0.866667,1,0.066667,15,6,0.4,7,0.466667,2,0.133333,15,0,0.0,1,0.066667,0,0.0,13,0.866667,1,0.066667,15,5,0.333333,0,0.0,7,0.466667,0,0.0,3,0.2
2169101,중간고사는 이번에 사회 문제에 대해서 발표를 했다. 원고를 읽지 않고 유,4.14,7,5,0,1,0,1,7,0,0.0,7,1.0,0,0.0,7,5,0.714286,1,0.142857,1,0.142857,7,4,0.571429,2,0.285714,1,0.142857,7,0,0.0,1,0.142857,0,0.0,6,0.857143,0,0.0,7,3,0.428571,0,0.0,2,0.285714,2,0.285714,0,0.0
2249281,중간고사라고 체크하긴 했지만 중간기말 다 형식이 똑같습니다. 100퍼센트,3.96,46,20,13,7,3,3,46,7,0.152174,28,0.608696,11,0.23913,46,1,0.021739,17,0.369565,28,0.608696,46,21,0.456522,24,0.521739,1,0.021739,46,4,0.086957,3,0.065217,0,0.0,35,0.76087,4,0.086957,46,0,0.0,8,0.173913,37,0.804348,1,0.021739,0,0.0
2249282,"고명북은 직권배정이라 선택할 수 없지만, 김종석 교수님으로 배정 받았으면",4.54,114,78,24,7,5,0,114,23,0.201754,82,0.719298,9,0.078947,114,15,0.131579,65,0.570175,34,0.298246,114,59,0.517544,50,0.438596,5,0.04386,114,2,0.017544,9,0.078947,1,0.008772,98,0.859649,4,0.035088,114,3,0.026316,90,0.789474,21,0.184211,0,0.0,0,0.0
2249283,평소에 수업 잘 듣는 게 중요합니다 (학생들 발표 말고 교수님이 촬영하신,4.77,47,39,6,1,1,0,47,7,0.148936,31,0.659574,9,0.191489,47,37,0.787234,9,0.191489,1,0.021277,47,32,0.680851,14,0.297872,1,0.021277,47,1,0.021277,6,0.12766,0,0.0,38,0.808511,2,0.042553,47,1,0.021277,46,0.978723,0,0.0,0,0.0,0,0.0
2249284,교수님이 제시한 의견 중 선택하기 책 내용 언급하기 **교수님 의견 재반,4,39,16,15,3,2,3,39,0,0.0,25,0.641026,14,0.358974,39,2,0.051282,16,0.410256,21,0.538462,39,21,0.538462,15,0.384615,3,0.076923,39,0,0.0,13,0.333333,0,0.0,17,0.435897,9,0.230769,39,34,0.871795,1,0.025641,4,0.102564,0,0.0,0,0.0
2249286,,3.37,49,15,13,8,1,12,49,1,0.020408,5,0.102041,43,0.877551,49,11,0.22449,17,0.346939,21,0.428571,49,16,0.326531,20,0.408163,13,0.265306,49,1,0.020408,10,0.204082,0,0.0,24,0.489796,14,0.285714,49,44,0.897959,4,0.081633,1,0.020408,0,0.0,0,0.0
2249288,I am literally writing this after the mi,3.41,87,20,30,16,8,13,87,0,0.0,20,0.229885,67,0.770115,87,23,0.264368,28,0.321839,36,0.413793,87,9,0.103448,34,0.390805,44,0.505747,87,0,0.0,41,0.471264,27,0.310345,17,0.195402,2,0.022989,87,0,0.0,2,0.022989,85,0.977011,0,0.0,0,0.0
2249292,교수님 ppt 여러번 공부하고 discussion 답 미리 생각하고 수업,4.26,82,50,16,7,5,4,82,3,0.036585,68,0.829268,11,0.134146,82,43,0.52439,32,0.390244,7,0.085366,82,28,0.341463,39,0.47561,15,0.182927,82,1,0.012195,51,0.621951,0,0.0,20,0.243902,10,0.121951,82,0,0.0,2,0.02439,60,0.731707,0,0.0,20,0.243902
2249295,핸드아웃에서 거의 다 나옵니다. 수업시간에 집중 잘 했으면 다 어렵지 않,4.1,134,71,26,24,5,8,134,4,0.029851,58,0.432836,72,0.537313,134,49,0.365672,34,0.253731,51,0.380597,134,32,0.238806,62,0.462687,40,0.298507,134,6,0.044776,101,0.753731,3,0.022388,19,0.141791,5,0.037313,134,30,0.223881,37,0.276119,64,0.477612,1,0.007463,2,0.014925
2249296,"과학기술문 (기사) 보고 아이캠퍼스로 문제푸는 서논술형 시험이었는데, 크",3.61,140,56,30,20,12,22,140,7,0.05,59,0.421429,74,0.528571,140,3,0.021429,24,0.171429,113,0.807143,140,42,0.3,62,0.442857,36,0.257143,140,1,0.007143,14,0.1,18,0.128571,97,0.692857,10,0.071429,140,92,0.657143,35,0.25,9,0.064286,2,0.014286,2,0.014286
2249298,,3.38,29,6,8,7,7,1,29,1,0.034483,19,0.655172,9,0.310345,29,0,0.0,10,0.344828,19,0.655172,29,9,0.310345,18,0.62069,2,0.068966,29,1,0.034483,2,0.068966,12,0.413793,11,0.37931,3,0.103448,29,26,0.896552,1,0.034483,2,0.068966,0,0.0,0,0.0
2249299,중간 기말 둘 다 해당입니다(비슷함) 교수님께서 주신 프린트 자료도 꼭,4.03,58,24,17,13,3,1,58,1,0.017241,23,0.396552,34,0.586207,58,56,0.965517,2,0.034483,0,0.0,58,12,0.206897,34,0.586207,12,0.206897,58,1,0.017241,7,0.12069,0,0.0,47,0.810345,3,0.051724,58,0,0.0,0,0.0,50,0.862069,0,0.0,8,0.137931
2249305,이번학기부터 1학년 공통 시험으로 바뀌었던거 같음. 객관식 약 50문제,4.94,71,67,4,0,0,0,71,47,0.661972,24,0.338028,0,0.0,71,71,1.0,0,0.0,0,0.0,71,47,0.661972,23,0.323944,1,0.014085,71,0,0.0,6,0.084507,0,0.0,63,0.887324,2,0.028169,71,0,0.0,1,0.014085,70,0.985915,0,0.0,0,0.0
2249310,,4.53,38,24,11,2,1,0,38,1,0.026316,7,0.184211,30,0.789474,38,17,0.447368,6,0.157895,15,0.394737,38,18,0.473684,17,0.447368,3,0.078947,38,1,0.026316,7,0.184211,1,0.026316,26,0.684211,3,0.078947,38,35,0.921053,2,0.052632,1,0.026316,0,0.0,0,0.0
2249311,실험 과목에 시험이란건 원래 없습니다 보신분들을 위해 보고서 팁을 드리면,4.39,28,17,6,4,1,0,28,0,0.0,9,0.321429,19,0.678571,28,8,0.285714,15,0.535714,5,0.178571,28,14,0.5,12,0.428571,2,0.071429,28,1,0.035714,6,0.214286,3,0.107143,15,0.535714,3,0.107143,28,24,0.857143,1,0.035714,2,0.071429,0,0.0,1,0.035714
2249315,명상 수련일지와 에세이가 있는데 명상 수련일지는 그냥 일기쓴다고 생각하고,4.06,33,21,5,0,2,5,33,0,0.0,3,0.090909,30,0.909091,33,5,0.151515,15,0.454545,13,0.393939,33,13,0.393939,19,0.575758,1,0.030303,33,0,0.0,14,0.424242,0,0.0,8,0.242424,11,0.333333,33,33,1.0,0,0.0,0,0.0,0,0.0,0,0.0
2249328,서술 1 현대가족변화. 서술 2 가족을 통한 이해가 중요한 이유 서술 3,4.37,93,56,23,9,2,3,93,1,0.010753,54,0.580645,38,0.408602,93,67,0.72043,20,0.215054,6,0.064516,93,47,0.505376,39,0.419355,7,0.075269,93,6,0.064516,37,0.397849,0,0.0,41,0.44086,9,0.096774,93,1,0.010753,3,0.032258,89,0.956989,0,0.0,0,0.0
2249329,개괄적인 내용 이해가 핵심적입니다. 책 여러번 읽고 강의 잘 듣고 피피티,4.62,241,182,37,16,1,5,241,68,0.282158,173,0.717842,0,0.0,241,229,0.950207,12,0.049793,0,0.0,241,155,0.643154,85,0.352697,1,0.004149,241,33,0.136929,143,0.593361,1,0.004149,40,0.165975,24,0.099585,241,1,0.004149,2,0.008299,238,0.987552,0,0.0,0,0.0
2249333,시험은 없고 여러가지 활동들이 있는데 많이 하면 점수를 많이 줍니다! 점,4.94,365,353,6,3,1,2,365,213,0.583562,150,0.410959,2,0.005479,365,267,0.731507,89,0.243836,9,0.024658,365,341,0.934247,23,0.063014,1,0.00274,365,211,0.578082,98,0.268493,0,0.0,30,0.082192,26,0.071233,365,346,0.947945,1,0.00274,18,0.049315,0,0.0,0,0.0
2249337,수업 시간에 배운 거 미리미리 정리해 두시면 나중에 기말 시험 볼 때 많,4.69,75,57,14,3,1,0,75,49,0.653333,26,0.346667,0,0.0,75,73,0.973333,2,0.026667,0,0.0,75,44,0.586667,27,0.36,4,0.053333,75,9,0.12,43,0.573333,0,0.0,9,0.12,14,0.186667,75,0,0.0,69,0.92,6,0.08,0,0.0,0,0.0
2249342,대체과제. 간단한 사업 계획을 교수님이 주신 양식에 맞게 작성해 제출하면,4.84,49,43,4,2,0,0,49,24,0.489796,25,0.510204,0,0.0,49,46,0.938776,3,0.061224,0,0.0,49,43,0.877551,6,0.122449,0,0.0,49,2,0.040816,27,0.55102,0,0.0,4,0.081633,16,0.326531,49,42,0.857143,3,0.061224,4,0.081633,0,0.0,0,0.0
2249343,교육 과정 쟁점 보고서에서 성적 갈립니다. 6주차 교안에 적힌 가이드라인,4.81,94,78,14,2,0,0,94,5,0.053191,59,0.62766,30,0.319149,94,4,0.042553,30,0.319149,60,0.638298,94,77,0.819149,17,0.180851,0,0.0,94,0,0.0,63,0.670213,0,0.0,26,0.276596,5,0.053191,94,84,0.893617,4,0.042553,6,0.06383,0,0.0,0,0.0
2249344,생각보다 교안의 세세한 부분에서 출제가 되는 문제들이 있습니다. 교안 꼼,4.32,92,48,31,8,4,1,92,60,0.652174,26,0.282609,6,0.065217,92,89,0.967391,3,0.032609,0,0.0,92,24,0.26087,54,0.586957,14,0.152174,92,4,0.043478,45,0.48913,1,0.01087,32,0.347826,10,0.108696,92,1,0.01087,2,0.021739,89,0.967391,0,0.0,0,0.0
2249356,,0,0,0,0,0,0,0,0,0,0.0,0,0.0,0,0.0,0,0,0.0,0,0.0,0,0.0,0,0,0.0,0,0.0,0,0.0,0,0,0.0,0,0.0,0,0.0,0,0.0,0,0.0,0,0,0.0,0,0.0,0,0.0,0,0.0,0,0.0
2249357,,4.67,3,2,1,0,0,0,3,3,1.0,0,0.0,0,0.0,3,3,1.0,0,0.0,0,0.0,3,2,0.666667,1,0.333333,0,0.0,3,0,0.0,1,0.333333,0,0.0,1,0.333333,1,0.333333,3,0,0.0,2,0.666667,1,0.333333,0,0.0,0,0.0
2249361,총15문제 중 객관식 12문제 주관식 3문제였고 시험 문제는 전체적으로,3.55,100,27,29,25,10,9,100,5,0.05,87,0.87,8,0.08,100,99,0.99,1,0.01,0,0.0,100,46,0.46,52,0.52,2,0.02,100,2,0.02,27,0.27,0,0.0,46,0.46,25,0.25,100,0,0.0,2,0.02,98,0.98,0,0.0,0,0.0
2249363,내가 생각하는 지역사회란 무엇인지 아이디어를 도출합니다! 뭔가 경영학과,3.83,18,8,6,0,1,3,18,2,0.111111,12,0.666667,4,0.222222,18,0,0.0,6,0.333333,12,0.666667,18,7,0.388889,8,0.444444,3,0.166667,18,1,0.055556,5,0.277778,0,0.0,9,0.5,3,0.166667,18,15,0.833333,0,0.0,3,0.166667,0,0.0,0,0.0
2249366,"교안에 있는 문구를 그대로 내시고, 문구나 서술어만 살짝 변형 하십니다.",4.8,218,189,19,7,1,2,216,179,0.828704,37,0.171296,0,0.0,216,211,0.976852,4,0.018519,1,0.00463,216,185,0.856481,31,0.143519,0,0.0,216,20,0.092593,152,0.703704,0,0.0,29,0.134259,15,0.069444,216,0,0.0,143,0.662037,73,0.337963,0,0.0,0,0.0
2249371,"에세이 형식 문제 4개, 기초만 알면 어떻게든 쓸 수는 있음 근데 시험장",4.33,12,5,6,1,0,0,12,4,0.333333,8,0.666667,0,0.0,12,10,0.833333,2,0.166667,0,0.0,12,4,0.333333,8,0.666667,0,0.0,12,0,0.0,9,0.75,0,0.0,3,0.25,0,0.0,12,3,0.25,4,0.333333,5,0.416667,0,0.0,0,0.0
2249375,오픈북 시험이기 때문에 퀴즈와 연습 문제를 꼼꼼하게 풀어 보세요 작년 기,4.75,4,3,1,0,0,0,4,1,0.25,1,0.25,2,0.5,4,0,0.0,1,0.25,3,0.75,4,1,0.25,2,0.5,1,0.25,4,0,0.0,3,0.75,0,0.0,0,0.0,1,0.25,4,0,0.0,3,0.75,0,0.0,0,0.0,1,0.25
2249376,"컨닝페이퍼 1장 가능, 시험난이도 용이함(컨닝페이퍼 덕분 같긴 함) 시",0,0,0,0,0,0,0,0,0,0.0,0,0.0,0,0.0,0,0,0.0,0,0.0,0,0.0,0,0,0.0,0,0.0,0,0.0,0,0,0.0,0,0.0,0,0.0,0,0.0,0,0.0,0,0,0.0,0,0.0,0,0.0,0,0.0,0,0.0
2249381,수업내용에서 나오는 예시들도 가끔 나오니깐 강의 한번씩 훑어보는걸 추천.,4.49,98,59,30,7,2,0,98,5,0.05102,75,0.765306,18,0.183673,98,2,0.020408,48,0.489796,48,0.489796,98,45,0.459184,51,0.520408,2,0.020408,98,0,0.0,54,0.55102,0,0.0,29,0.295918,15,0.153061,98,0,0.0,19,0.193878,79,0.806122,0,0.0,0,0.0
2249389,시험 1주일 전에 교수님께서 작년 중간고사 문제를 올려 주십니다. 이를,4.67,9,7,1,1,0,0,9,8,0.888889,1,0.111111,0,0.0,9,9,1.0,0,0.0,0,0.0,9,4,0.444444,5,0.555556,0,0.0,9,0,0.0,6,0.666667,0,0.0,3,0.333333,0,0.0,9,0,0.0,0,0.0,9,1.0,0,0.0,0,0.0
2249395,"무조건 end of chapter, 과제, 교안만 봐도 됨 교수님이 올려",4.73,37,30,6,0,0,1,37,5,0.135135,32,0.864865,0,0.0,37,35,0.945946,1,0.027027,1,0.027027,37,28,0.756757,9,0.243243,0,0.0,37,1,0.027027,31,0.837838,0,0.0,4,0.108108,1,0.027027,37,0,0.0,0,0.0,37,1.0,0,0.0,0,0.0
2249396,책을 많이 읽으시면서 개념을 많이 보시고 기출이 있으니 한 번 답을 다,4.88,24,22,1,1,0,0,24,1,0.041667,23,0.958333,0,0.0,24,21,0.875,3,0.125,0,0.0,24,14,0.583333,9,0.375,1,0.041667,24,0,0.0,11,0.458333,0,0.0,8,0.333333,5,0.208333,24,0,0.0,0,0.0,24,1.0,0,0.0,0,0.0
2249397,,4.7,10,8,1,1,0,0,10,0,0.0,8,0.8,2,0.2,10,9,0.9,1,0.1,0,0.0,10,1,0.1,8,0.8,1,0.1,10,0,0.0,0,0.0,0,0.0,10,1.0,0,0.0,10,8,0.8,0,0.0,1,0.1,0,0.0,1,0.1
2249401,발표로 진행이 됩니다 주제 선정은 교수님과 논의하면 되어요,4.33,3,2,0,1,0,0,3,0,0.0,2,0.666667,1,0.333333,3,2,0.666667,1,0.333333,0,0.0,3,1,0.333333,2,0.666667,0,0.0,3,0,0.0,1,0.333333,0,0.0,2,0.666667,0,0.0,3,2,0.666667,1,0.333333,0,0.0,0,0.0,0,0.0
2249405,,5,8,8,0,0,0,0,8,4,0.5,3,0.375,1,0.125,8,4,0.5,1,0.125,3,0.375,8,7,0.875,1,0.125,0,0.0,8,0,0.0,2,0.25,0,0.0,6,0.75,0,0.0,8,8,1.0,0,0.0,0,0.0,0,0.0,0,0.0
2249411,전략은 없다 그냥 교수 좋아하는 척해서 교수 눈에 들고 안 찍히는게 중요,1.74,23,2,1,1,4,15,23,2,0.086957,15,0.652174,6,0.26087,23,2,0.086957,11,0.478261,10,0.434783,23,2,0.086957,13,0.565217,8,0.347826,23,1,0.043478,12,0.521739,0,0.0,5,0.217391,5,0.217391,23,3,0.130435,0,0.0,20,0.869565,0,0.0,0,0.0
2249415,기출 족보 년도별로 다 있으면 좋아요. 몇문제는 여러년도꺼에서 짜깁기해서,4.43,198,122,56,11,2,7,198,3,0.015152,133,0.671717,62,0.313131,198,35,0.176768,81,0.409091,82,0.414141,198,55,0.277778,123,0.621212,20,0.10101,198,18,0.090909,26,0.131313,68,0.343434,64,0.323232,22,0.111111,198,0,0.0,162,0.818182,35,0.176768,0,0.0,1,0.005051
2249416,족보없음 출제 비율은 라플라스 반 복소평면 반 정도 라플라스 그렇게 복잡,4.89,131,119,10,2,0,0,131,126,0.961832,4,0.030534,1,0.007634,131,126,0.961832,4,0.030534,1,0.007634,131,52,0.396947,76,0.580153,3,0.022901,131,117,0.89313,5,0.038168,1,0.007634,6,0.045802,2,0.015267,131,0,0.0,8,0.061069,121,0.923664,1,0.007634,1,0.007634
2249427,"이번 학기에는 전부 다 객관식으로 나오는 대신 대부분의 문제가 ""모두 고",3.78,179,59,56,41,12,11,179,68,0.379888,108,0.603352,3,0.01676,179,166,0.927374,12,0.067039,1,0.005587,179,69,0.385475,99,0.553073,11,0.061453,179,9,0.050279,151,0.843575,1,0.005587,10,0.055866,8,0.044693,179,1,0.005587,26,0.145251,152,0.849162,0,0.0,0,0.0
2249430,각 주차 별 ppt에 있는 예시 상황 잘 보고 가시면 좋습니다.(베르누이,4.08,109,53,28,17,6,5,109,6,0.055046,41,0.376147,62,0.568807,109,63,0.577982,37,0.33945,9,0.082569,109,49,0.449541,50,0.458716,10,0.091743,109,30,0.275229,54,0.495413,0,0.0,22,0.201835,3,0.027523,109,1,0.009174,0,0.0,107,0.981651,0,0.0,1,0.009174
2249434,오픈북이고 족보 있으면 편해요. 그리고 해당 공식들이 어떻게 나왔는지 생,4.48,56,37,11,7,0,1,56,6,0.107143,36,0.642857,14,0.25,56,0,0.0,37,0.660714,19,0.339286,56,28,0.5,25,0.446429,3,0.053571,56,0,0.0,3,0.053571,0,0.0,53,0.946429,0,0.0,56,0,0.0,52,0.928571,4,0.071429,0,0.0,0,0.0
2249439,"교수님이 수업시간에 시험에 출제될 수 있다고 말씀하신 부분, 직전 수업에",3.64,66,17,22,18,4,5,66,16,0.242424,48,0.727273,2,0.030303,66,63,0.954545,2,0.030303,1,0.015152,66,23,0.348485,38,0.575758,5,0.075758,66,4,0.060606,24,0.363636,0,0.0,32,0.484848,6,0.090909,66,0,0.0,0,0.0,66,1.0,0,0.0,0,0.0
2249443,세분 다 기말고사 10문제씩 내주셨고 서술형으로 쓰는 방식이었어요. 발표,1.6,15,0,1,2,2,10,15,1,0.066667,1,0.066667,13,0.866667,15,2,0.133333,5,0.333333,8,0.533333,15,1,0.066667,12,0.8,2,0.133333,15,0,0.0,1,0.066667,0,0.0,10,0.666667,4,0.266667,15,0,0.0,7,0.466667,2,0.133333,5,0.333333,1,0.066667
2249444,수업 이외에 검색하셔야 하는 내용이 굉장히 많이 나옵니다.,2.26,19,5,0,1,2,11,19,0,0.0,6,0.315789,13,0.684211,19,1,0.052632,9,0.473684,9,0.473684,19,5,0.263158,8,0.421053,6,0.315789,19,0,0.0,1,0.052632,0,0.0,11,0.578947,7,0.368421,19,5,0.263158,3,0.157895,1,0.052632,7,0.368421,3,0.157895
2249454,,3,18,4,3,3,5,3,18,5,0.277778,11,0.611111,2,0.111111,18,1,0.055556,4,0.222222,13,0.722222,18,6,0.333333,5,0.277778,7,0.388889,18,5,0.277778,7,0.388889,0,0.0,6,0.333333,0,0.0,18,13,0.722222,0,0.0,4,0.222222,1,0.055556,0,0.0
2249455,,4.6,5,3,2,0,0,0,5,0,0.0,3,0.6,2,0.4,5,1,0.2,3,0.6,1,0.2,5,5,1.0,0,0.0,0,0.0,5,3,0.6,0,0.0,0,0.0,1,0.2,1,0.2,5,3,0.6,1,0.2,1,0.2,0,0.0,0,0.0
2249459,서평 : 줄거리 + 책에 대한 평가 + 자신의 생각 (5~10장 분량),4.03,116,53,36,12,8,7,116,46,0.396552,63,0.543103,7,0.060345,116,100,0.862069,16,0.137931,0,0.0,116,53,0.456897,54,0.465517,9,0.077586,116,1,0.008621,43,0.37069,0,0.0,48,0.413793,24,0.206897,116,68,0.586207,5,0.043103,41,0.353448,2,0.017241,0,0.0
2249471,그냥 무조건 달달 외워야 해요. 성취기준에서는 특히 문장을 다 써야 하는,5,24,24,0,0,0,0,24,5,0.208333,19,0.791667,0,0.0,24,24,1.0,0,0.0,0,0.0,24,23,0.958333,1,0.041667,0,0.0,24,0,0.0,4,0.166667,0,0.0,20,0.833333,0,0.0,24,1,0.041667,14,0.583333,9,0.375,0,0.0,0,0.0
2249479,"교재, 기사 해석 위주 교재 응용 문제 암기 수업 중 다룬 변형 문장 원",4.25,12,4,7,1,0,0,12,3,0.25,8,0.666667,1,0.083333,12,11,0.916667,1,0.083333,0,0.0,12,6,0.5,6,0.5,0,0.0,12,0,0.0,0,0.0,0,0.0,12,1.0,0,0.0,12,0,0.0,0,0.0,12,1.0,0,0.0,0,0.0
2249482,"오픈북, 논술형으로 출제되니 교안을 달달외울 필요는 없고 개념이해만 어느",4.76,72,59,11,1,0,1,72,18,0.25,54,0.75,0,0.0,72,66,0.916667,6,0.083333,0,0.0,72,53,0.736111,18,0.25,1,0.013889,72,1,0.013889,45,0.625,0,0.0,21,0.291667,5,0.069444,72,6,0.083333,47,0.652778,19,0.263889,0,0.0,0,0.0
2249507,중간고사는 레포트 대체입니다. 교육 정책에 대해 논하는 레포트에요. 수업,5,12,12,0,0,0,0,12,0,0.0,7,0.583333,5,0.416667,12,0,0.0,4,0.333333,8,0.666667,12,4,0.333333,8,0.666667,0,0.0,12,0,0.0,6,0.5,0,0.0,4,0.333333,2,0.166667,12,8,0.666667,1,0.083333,3,0.25,0,0.0,0,0.0
2249518,"교안이 다 영어지만, 교수님께서 한국어로 다 번역해주시고 설명해주시기 때",4.22,74,37,20,14,2,1,74,5,0.067568,63,0.851351,6,0.081081,74,58,0.783784,15,0.202703,1,0.013514,74,17,0.22973,53,0.716216,4,0.054054,74,3,0.040541,56,0.756757,2,0.027027,3,0.040541,10,0.135135,74,0,0.0,70,0.945946,4,0.054054,0,0.0,0,0.0
2249519,개념을 외우기보단 사례에 적용할 줄 알아야 됩니다. 길게 길게 쓰는게 좋,4.77,103,82,18,3,0,0,102,18,0.176471,84,0.823529,0,0.0,102,98,0.960784,4,0.039216,0,0.0,102,56,0.54902,46,0.45098,0,0.0,102,1,0.009804,31,0.303922,0,0.0,65,0.637255,5,0.04902,102,1,0.009804,99,0.970588,2,0.019608,0,0.0,0,0.0
2249525,2021년의 문제유형과 2022년의 문제 유형이 달라 족보가 의미가 없을,4.05,22,9,8,3,1,1,22,3,0.136364,15,0.681818,4,0.181818,22,0,0.0,0,0.0,22,1.0,22,8,0.363636,11,0.5,3,0.136364,22,0,0.0,3,0.136364,0,0.0,18,0.818182,1,0.045455,22,0,0.0,20,0.909091,2,0.090909,0,0.0,0,0.0
2249527,시험은 오픈북이었고 시험 전에 요점 정리 영상 올렸는데 그거만 계속 공부,4.7,20,14,6,0,0,0,20,4,0.2,16,0.8,0,0.0,20,19,0.95,1,0.05,0,0.0,20,9,0.45,8,0.4,3,0.15,20,1,0.05,16,0.8,0,0.0,3,0.15,0,0.0,20,0,0.0,0,0.0,20,1.0,0,0.0,0,0.0
2249532,"객관식, T/F 문제로 나누어져 나왔습니다. 멀티플 초이스 문제는 한 다",4.33,60,30,23,5,1,1,60,16,0.266667,40,0.666667,4,0.066667,60,31,0.516667,22,0.366667,7,0.116667,60,16,0.266667,41,0.683333,3,0.05,60,4,0.066667,44,0.733333,0,0.0,9,0.15,3,0.05,60,0,0.0,1,0.016667,59,0.983333,0,0.0,0,0.0
2249545,"시험없이 1p짜리 과제 5번, 분량 제한 없는 기말레포트 하나 있었습니",4.08,26,11,8,6,0,1,26,0,0.0,17,0.653846,9,0.346154,26,25,0.961538,1,0.038462,0,0.0,26,17,0.653846,8,0.307692,1,0.038462,26,3,0.115385,16,0.615385,0,0.0,5,0.192308,2,0.076923,26,24,0.923077,0,0.0,2,0.076923,0,0.0,0,0.0
2249546,,4.43,7,4,2,1,0,0,7,0,0.0,3,0.428571,4,0.571429,7,2,0.285714,0,0.0,5,0.714286,7,4,0.571429,3,0.428571,0,0.0,7,0,0.0,5,0.714286,0,0.0,2,0.285714,0,0.0,7,5,0.714286,1,0.142857,1,0.142857,0,0.0,0,0.0
2249549,교과서보다는 교수님 피피티만 잘 따라가면 될 듯합니다. 교수님이 이런데서,4.67,140,106,26,6,0,2,140,130,0.928571,10,0.071429,0,0.0,140,136,0.971429,4,0.028571,0,0.0,140,69,0.492857,68,0.485714,3,0.021429,140,24,0.171429,44,0.314286,0,0.0,50,0.357143,22,0.157143,140,0,0.0,0,0.0,140,1.0,0,0.0,0,0.0
2249555,교안 pdf 잘 보시면 됩니다. 시험은 어렵지 않게 나왔어요. 이번 학기,3.92,25,13,4,4,1,3,25,6,0.24,15,0.6,4,0.16,25,9,0.36,11,0.44,5,0.2,25,7,0.28,10,0.4,8,0.32,25,2,0.08,5,0.2,0,0.0,17,0.68,1,0.04,25,0,0.0,22,0.88,3,0.12,0,0.0,0,0.0
2249558,,5,2,2,0,0,0,0,2,0,0.0,2,1.0,0,0.0,2,2,1.0,0,0.0,0,0.0,2,2,1.0,0,0.0,0,0.0,2,2,1.0,0,0.0,0,0.0,0,0.0,0,0.0,2,2,1.0,0,0.0,0,0.0,0,0.0,0,0.0
2249576,,4.67,3,2,1,0,0,0,3,2,0.666667,1,0.333333,0,0.0,3,3,1.0,0,0.0,0,0.0,3,3,1.0,0,0.0,0,0.0,3,2,0.666667,1,0.333333,0,0.0,0,0.0,0,0.0,3,0,0.0,3,1.0,0,0.0,0,0.0,0,0.0
2249586,퀴즈에서 절반정도 직접 간접 연계되니 퀴즈를 중심으로 확장해나가며 공부하,4.8,25,20,5,0,0,0,25,12,0.48,5,0.2,8,0.32,25,24,0.96,1,0.04,0,0.0,25,13,0.52,12,0.48,0,0.0,25,0,0.0,5,0.2,0,0.0,15,0.6,5,0.2,25,0,0.0,0,0.0,20,0.8,0,0.0,5,0.2
2249587,시험범위를 지정해주시기때문에 범위 내에서만 공부하면 된다는 장단점이 있다,5,30,30,0,0,0,0,30,1,0.033333,20,0.666667,9,0.3,30,25,0.833333,4,0.133333,1,0.033333,30,22,0.733333,6,0.2,2,0.066667,30,0,0.0,8,0.266667,0,0.0,10,0.333333,12,0.4,30,1,0.033333,2,0.066667,23,0.766667,4,0.133333,0,0.0
2249589,교수님이 수업하신거 시험 전에 다 찝어주십니다. 그거 위주로 외우고 서술,4.8,25,21,3,1,0,0,25,18,0.72,5,0.2,2,0.08,25,23,0.92,2,0.08,0,0.0,25,18,0.72,6,0.24,1,0.04,25,0,0.0,15,0.6,0,0.0,8,0.32,2,0.08,25,0,0.0,3,0.12,22,0.88,0,0.0,0,0.0
2249592,,0,0,0,0,0,0,0,0,0,0.0,0,0.0,0,0.0,0,0,0.0,0,0.0,0,0.0,0,0,0.0,0,0.0,0,0.0,0,0,0.0,0,0.0,0,0.0,0,0.0,0,0.0,0,0,0.0,0,0.0,0,0.0,0,0.0,0,0.0
2249604,,4.77,13,11,1,1,0,0,13,1,0.076923,8,0.615385,4,0.307692,13,13,1.0,0,0.0,0,0.0,13,9,0.692308,3,0.230769,1,0.076923,13,0,0.0,1,0.076923,0,0.0,9,0.692308,3,0.230769,13,10,0.769231,0,0.0,3,0.230769,0,0.0,0,0.0
2249607,,0,0,0,0,0,0,0,0,0,0.0,0,0.0,0,0.0,0,0,0.0,0,0.0,0,0.0,0,0,0.0,0,0.0,0,0.0,0,0,0.0,0,0.0,0,0.0,0,0.0,0,0.0,0,0,0.0,0,0.0,0,0.0,0,0.0,0,0.0
2249608,,0,0,0,0,0,0,0,0,0,0.0,0,0.0,0,0.0,0,0,0.0,0,0.0,0,0.0,0,0,0.0,0,0.0,0,0.0,0,0,0.0,0,0.0,0,0.0,0,0.0,0,0.0,0,0,0.0,0,0.0,0,0.0,0,0.0,0,0.0
2249611,,0,0,0,0,0,0,0,0,0,0.0,0,0.0,0,0.0,0,0,0.0,0,0.0,0,0.0,0,0,0.0,0,0.0,0,0.0,0,0,0.0,0,0.0,0,0.0,0,0.0,0,0.0,0,0,0.0,0,0.0,0,0.0,0,0.0,0,0.0
2249614,,0,0,0,0,0,0,0,0,0,0.0,0,0.0,0,0.0,0,0,0.0,0,0.0,0,0.0,0,0,0.0,0,0.0,0,0.0,0,0,0.0,0,0.0,0,0.0,0,0.0,0,0.0,0,0,0.0,0,0.0,0,0.0,0,0.0,0,0.0
2249617,,0,0,0,0,0,0,0,0,0,0.0,0,0.0,0,0.0,0,0,0.0,0,0.0,0,0.0,0,0,0.0,0,0.0,0,0.0,0,0,0.0,0,0.0,0,0.0,0,0.0,0,0.0,0,0,0.0,0,0.0,0,0.0,0,0.0,0,0.0
2249620,,0,0,0,0,0,0,0,0,0,0.0,0,0.0,0,0.0,0,0,0.0,0,0.0,0,0.0,0,0,0.0,0,0.0,0,0.0,0,0,0.0,0,0.0,0,0.0,0,0.0,0,0.0,0,0,0.0,0,0.0,0,0.0,0,0.0,0,0.0
2249634,,0,0,0,0,0,0,0,0,0,0.0,0,0.0,0,0.0,0,0,0.0,0,0.0,0,0.0,0,0,0.0,0,0.0,0,0.0,0,0,0.0,0,0.0,0,0.0,0,0.0,0,0.0,0,0,0.0,0,0.0,0,0.0,0,0.0,0,0.0
2249657,피피티 에 답이 다있음 시험이 쉬웠음 과제에 시간을 더 쏟아부어야함,4.67,15,11,3,1,0,0,15,1,0.066667,5,0.333333,9,0.6,15,8,0.533333,3,0.2,4,0.266667,15,10,0.666667,5,0.333333,0,0.0,15,0,0.0,7,0.466667,0,0.0,4,0.266667,4,0.266667,15,0,0.0,9,0.6,6,0.4,0,0.0,0,0.0
2249666,시험 범위 6개 정도 알려주십니다. 그거 중심으로 노트 정리나 간략하게,4.33,27,10,16,1,0,0,27,2,0.074074,20,0.740741,5,0.185185,27,5,0.185185,20,0.740741,2,0.074074,27,15,0.555556,12,0.444444,0,0.0,27,0,0.0,0,0.0,0,0.0,27,1.0,0,0.0,27,4,0.148148,21,0.777778,2,0.074074,0,0.0,0,0.0
2249694,"거의 교재 뒤 연습문제꼴로 나오므로, 부담가지지 말고 열심히 연습하자!",4.88,199,178,18,3,0,0,199,19,0.095477,175,0.879397,5,0.025126,199,191,0.959799,7,0.035176,1,0.005025,199,126,0.633166,73,0.366834,0,0.0,199,5,0.025126,159,0.798995,0,0.0,19,0.095477,16,0.080402,199,0,0.0,0,0.0,199,1.0,0,0.0,0,0.0
2249696,개념에 대한 이해+문제 풀이 이 두가지가 중요합니다. 기출을 공부한 이후,3.91,80,39,16,13,3,9,80,0,0.0,47,0.5875,33,0.4125,80,75,0.9375,4,0.05,1,0.0125,80,48,0.6,31,0.3875,1,0.0125,80,1,0.0125,36,0.45,33,0.4125,6,0.075,4,0.05,80,0,0.0,0,0.0,79,0.9875,0,0.0,1,0.0125
2249715,PPT 내용이 잘 숙지하고 꼼꼼히 외워야 합니다. 자기 자신의 의견도 눈,4.11,46,19,17,7,2,1,46,12,0.26087,29,0.630435,5,0.108696,46,2,0.043478,33,0.717391,11,0.23913,46,16,0.347826,27,0.586957,3,0.065217,46,1,0.021739,31,0.673913,0,0.0,12,0.26087,2,0.043478,46,0,0.0,17,0.369565,20,0.434783,9,0.195652,0,0.0
2249726,교수님께서는 자신의 생각을 자유롭고 창의적으로 표현하시는 걸 매우 좋아하,4.71,41,31,8,2,0,0,41,5,0.121951,28,0.682927,8,0.195122,41,2,0.04878,17,0.414634,22,0.536585,41,16,0.390244,25,0.609756,0,0.0,41,0,0.0,11,0.268293,0,0.0,25,0.609756,5,0.121951,41,4,0.097561,29,0.707317,8,0.195122,0,0.0,0,0.0
2249741,"✅ 중간, 기말고사는 없습니다. ✅ 매주 퀴즈 3문제가 있지만, 재응",4.92,704,662,31,8,0,3,704,238,0.338068,451,0.640625,15,0.021307,704,679,0.964489,22,0.03125,3,0.004261,704,640,0.909091,61,0.086648,3,0.004261,704,158,0.224432,447,0.634943,0,0.0,31,0.044034,68,0.096591,704,659,0.93608,19,0.026989,25,0.035511,1,0.00142,0,0.0
2249754,,4.5,2,1,1,0,0,0,2,0,0.0,0,0.0,2,1.0,2,1,0.5,1,0.5,0,0.0,2,0,0.0,2,1.0,0,0.0,2,0,0.0,0,0.0,0,0.0,1,0.5,1,0.5,2,1,0.5,0,0.0,0,0.0,0,0.0,1,0.5
2249756,,3.8,5,2,2,0,0,1,5,0,0.0,0,0.0,5,1.0,5,2,0.4,1,0.2,2,0.4,5,2,0.4,2,0.4,1,0.2,5,2,0.4,0,0.0,0,0.0,2,0.4,1,0.2,5,4,0.8,1,0.2,0,0.0,0,0.0,0,0.0
2249764,"열심히 공부하는 것도 좋은데, 교과서보다는 말하기 시험 위주로 열심히 공",5,5,5,0,0,0,0,5,0,0.0,1,0.2,4,0.8,5,5,1.0,0,0.0,0,0.0,5,5,1.0,0,0.0,0,0.0,5,0,0.0,0,0.0,0,0.0,5,1.0,0,0.0,5,0,0.0,0,0.0,5,1.0,0,0.0,0,0.0
2249770,"지필 시험과 말하기 시험을 동시에 진행합니다. 교수님이 앞에 계시고, 자",3.72,32,13,7,5,4,3,32,0,0.0,6,0.1875,26,0.8125,32,29,0.90625,3,0.09375,0,0.0,32,12,0.375,14,0.4375,6,0.1875,32,0,0.0,0,0.0,0,0.0,31,0.96875,1,0.03125,32,0,0.0,0,0.0,31,0.96875,0,0.0,1,0.03125
2249779,시험은 없고 과제들과 최종 논문 제출이 있습니다,4.25,32,18,8,4,0,2,32,0,0.0,11,0.34375,21,0.65625,32,30,0.9375,2,0.0625,0,0.0,32,6,0.1875,23,0.71875,3,0.09375,32,0,0.0,4,0.125,0,0.0,27,0.84375,1,0.03125,32,29,0.90625,1,0.03125,2,0.0625,0,0.0,0,0.0
2249783,"다행히 시험 문제는 미리 알려주셔서, 답안을 준비해서 외워 가지고 당일에",4.66,32,23,7,2,0,0,32,1,0.03125,21,0.65625,10,0.3125,32,32,1.0,0,0.0,0,0.0,32,14,0.4375,17,0.53125,1,0.03125,32,0,0.0,0,0.0,0,0.0,31,0.96875,1,0.03125,32,1,0.03125,27,0.84375,4,0.125,0,0.0,0,0.0
2249796,수업 열심히 들으면 됩니당 수업 내용에서 강조하신 부분에서 나와요,4.4,5,3,1,1,0,0,5,3,0.6,2,0.4,0,0.0,5,5,1.0,0,0.0,0,0.0,5,2,0.4,2,0.4,1,0.2,5,0,0.0,5,1.0,0,0.0,0,0.0,0,0.0,5,0,0.0,0,0.0,5,1.0,0,0.0,0,0.0
2249799,거의 모두 객관식으로 출제됩니다. 나머지 한 문제는 신호 처리 순서를 재,4.51,57,35,16,6,0,0,57,30,0.526316,25,0.438596,2,0.035088,57,48,0.842105,8,0.140351,1,0.017544,57,25,0.438596,29,0.508772,3,0.052632,57,15,0.263158,29,0.508772,0,0.0,4,0.070175,9,0.157895,57,0,0.0,0,0.0,53,0.929825,0,0.0,4,0.070175
2249815,"과제 내용 : 조선시대 성리학의 전개양상, 특히 한국 성리학계를 대표하는",4.96,23,22,1,0,0,0,23,11,0.478261,12,0.521739,0,0.0,23,22,0.956522,1,0.043478,0,0.0,23,20,0.869565,3,0.130435,0,0.0,23,9,0.391304,12,0.521739,0,0.0,0,0.0,2,0.086957,23,10,0.434783,4,0.173913,9,0.391304,0,0.0,0,0.0
2249820,,0,0,0,0,0,0,0,0,0,0.0,0,0.0,0,0.0,0,0,0.0,0,0.0,0,0.0,0,0,0.0,0,0.0,0,0.0,0,0,0.0,0,0.0,0,0.0,0,0.0,0,0.0,0,0,0.0,0,0.0,0,0.0,0,0.0,0,0.0
2249828,일단 양이 매우 많은듯 보이지만 생각보다 공부할만한 분량입니다. 단 강의,4.1,99,50,22,17,7,3,99,66,0.666667,30,0.30303,3,0.030303,99,91,0.919192,7,0.070707,1,0.010101,99,57,0.575758,36,0.363636,6,0.060606,99,26,0.262626,22,0.222222,0,0.0,34,0.343434,17,0.171717,99,1,0.010101,18,0.181818,80,0.808081,0,0.0,0,0.0
2249834,,4.75,4,3,1,0,0,0,4,0,0.0,4,1.0,0,0.0,4,0,0.0,3,0.75,1,0.25,4,3,0.75,1,0.25,0,0.0,4,0,0.0,0,0.0,0,0.0,3,0.75,1,0.25,4,3,0.75,0,0.0,1,0.25,0,0.0,0,0.0
2249836,,5,3,3,0,0,0,0,3,0,0.0,3,1.0,0,0.0,3,0,0.0,3,1.0,0,0.0,3,3,1.0,0,0.0,0,0.0,3,0,0.0,0,0.0,0,0.0,3,1.0,0,0.0,3,1,0.333333,1,0.333333,1,0.333333,0,0.0,0,0.0
2249840,,4.75,4,3,1,0,0,0,4,0,0.0,4,1.0,0,0.0,4,0,0.0,3,0.75,1,0.25,4,2,0.5,1,0.25,1,0.25,4,0,0.0,0,0.0,1,0.25,3,0.75,0,0.0,4,3,0.75,0,0.0,1,0.25,0,0.0,0,0.0
226224,"객관식 41문제, 단답형 6문제 시험 자체는 난이도가 있는 편은 아니고",4.53,364,228,109,22,1,4,364,27,0.074176,222,0.60989,115,0.315934,364,11,0.03022,234,0.642857,119,0.326923,364,216,0.593407,140,0.384615,8,0.021978,364,36,0.098901,220,0.604396,0,0.0,73,0.200549,35,0.096154,364,2,0.005495,5,0.013736,357,0.980769,0,0.0,0,0.0
226405,총 33문제. 32문제가 객관식이고 마지막 문제가 계산하는 문제. 평소,3.26,34,7,10,7,5,5,34,1,0.029412,12,0.352941,21,0.617647,34,32,0.941176,2,0.058824,0,0.0,34,11,0.323529,17,0.5,6,0.176471,34,1,0.029412,7,0.205882,0,0.0,23,0.676471,3,0.088235,34,4,0.117647,6,0.176471,24,0.705882,0,0.0,0,0.0
226411,교수님이 수업 중에 심도있게 다루거나 오래 다루신 부분 잘 암기하기! 프,4.82,50,43,6,0,1,0,50,3,0.06,47,0.94,0,0.0,50,48,0.96,2,0.04,0,0.0,50,25,0.5,25,0.5,0,0.0,50,1,0.02,10,0.2,0,0.0,28,0.56,11,0.22,50,0,0.0,0,0.0,50,1.0,0,0.0,0,0.0
226441,교수님께서 제공해주시는 2개년 기출을 스스로 풀 수 있다면 시험은 걱정할,4.72,47,36,9,2,0,0,47,33,0.702128,14,0.297872,0,0.0,47,43,0.914894,3,0.06383,1,0.021277,47,18,0.382979,27,0.574468,2,0.042553,47,15,0.319149,21,0.446809,0,0.0,10,0.212766,1,0.021277,47,0,0.0,0,0.0,9,0.191489,37,0.787234,1,0.021277
226495,클로즈 북이기때문에 공식을 외워야함.근데 중간고사의 범위가 5개단원이라,4.59,17,11,5,1,0,0,17,1,0.058824,16,0.941176,0,0.0,17,2,0.117647,14,0.823529,1,0.058824,17,12,0.705882,5,0.294118,0,0.0,17,0,0.0,0,0.0,0,0.0,17,1.0,0,0.0,17,0,0.0,7,0.411765,10,0.588235,0,0.0,0,0.0
226710,족보 문제와 굉장히 유사합니다. 2017년 족보 문제랑 몇 개 없는 문제,4.86,83,74,8,0,0,1,83,44,0.53012,39,0.46988,0,0.0,83,80,0.963855,3,0.036145,0,0.0,83,47,0.566265,34,0.409639,2,0.024096,83,1,0.012048,44,0.53012,0,0.0,36,0.433735,2,0.024096,83,0,0.0,4,0.048193,79,0.951807,0,0.0,0,0.0
227095,디알로그 본문 전체 암기 셤범위 교재 안 단어 모조리 외우기->한국어뜻쓰,3.89,19,7,6,4,1,1,19,6,0.315789,9,0.473684,4,0.210526,19,17,0.894737,2,0.105263,0,0.0,19,10,0.526316,9,0.473684,0,0.0,19,0,0.0,2,0.105263,0,0.0,17,0.894737,0,0.0,19,0,0.0,2,0.105263,17,0.894737,0,0.0,0,0.0
227156,악으로 깡으로 강독자료를 모두 외워야합니다 강독만 내시는게 아니라 교수,3.78,88,28,25,26,6,3,88,42,0.477273,43,0.488636,3,0.034091,88,59,0.670455,29,0.329545,0,0.0,88,23,0.261364,56,0.636364,9,0.102273,88,0,0.0,3,0.034091,0,0.0,77,0.875,8,0.090909,88,0,0.0,7,0.079545,81,0.920455,0,0.0,0,0.0
227174,수업시간에 다룬 텍스트 일부분만 보고 작가가 누구고 글의 제목이 뭔지 파,4.32,100,53,29,15,3,0,100,22,0.22,74,0.74,4,0.04,100,37,0.37,63,0.63,0,0.0,100,43,0.43,51,0.51,6,0.06,100,12,0.12,4,0.04,0,0.0,81,0.81,3,0.03,100,17,0.17,38,0.38,45,0.45,0,0.0,0,0.0
227328,그냥 본문 외우면 됩니다. 대부분의 한문교육과 시험이 그렇듯이 본문의 음,4.23,30,14,10,5,1,0,30,3,0.1,25,0.833333,2,0.066667,30,26,0.866667,4,0.133333,0,0.0,30,8,0.266667,21,0.7,1,0.033333,30,1,0.033333,2,0.066667,0,0.0,27,0.9,0,0.0,30,3,0.1,12,0.4,15,0.5,0,0.0,0,0.0
227339,"교수님 강조한 부분 위주로 나옴. 객관식 15문제가량, TF 10문제정도",3.18,74,18,15,17,10,14,74,7,0.094595,50,0.675676,17,0.22973,74,8,0.108108,46,0.621622,20,0.27027,74,40,0.540541,30,0.405405,4,0.054054,74,5,0.067568,34,0.459459,1,0.013514,28,0.378378,6,0.081081,74,0,0.0,3,0.040541,58,0.783784,1,0.013514,12,0.162162
227480,,0,0,0,0,0,0,0,0,0,0.0,0,0.0,0,0.0,0,0,0.0,0,0.0,0,0.0,0,0,0.0,0,0.0,0,0.0,0,0,0.0,0,0.0,0,0.0,0,0.0,0,0.0,0,0,0.0,0,0.0,0,0.0,0,0.0,0,0.0
227658,면담 자주 가서 얼굴 비추고 조별 과제에서 성과를 내는게 중요하다. 특히,3.12,17,1,6,6,2,2,17,4,0.235294,12,0.705882,1,0.058824,17,3,0.176471,5,0.294118,9,0.529412,17,2,0.117647,13,0.764706,2,0.117647,17,7,0.411765,1,0.058824,0,0.0,6,0.352941,3,0.176471,17,15,0.882353,2,0.117647,0,0.0,0,0.0,0,0.0
227826,어떤 공부법도 통하지 않습니다. 반도체에 대한 모든 것을 통달하지 않는,2.79,145,21,24,38,27,35,145,41,0.282759,84,0.57931,20,0.137931,145,131,0.903448,14,0.096552,0,0.0,145,59,0.406897,81,0.558621,5,0.034483,145,7,0.048276,64,0.441379,0,0.0,59,0.406897,15,0.103448,145,1,0.006897,1,0.006897,135,0.931034,3,0.02069,5,0.034483
227885,,3,1,0,0,1,0,0,1,0,0.0,1,1.0,0,0.0,1,0,0.0,1,1.0,0,0.0,1,0,0.0,1,1.0,0,0.0,1,0,0.0,0,0.0,0,0.0,1,1.0,0,0.0,1,0,0.0,0,0.0,1,1.0,0,0.0,0,0.0
228760,,5,2,2,0,0,0,0,2,2,1.0,0,0.0,0,0.0,2,2,1.0,0,0.0,0,0.0,2,2,1.0,0,0.0,0,0.0,2,0,0.0,1,0.5,0,0.0,1,0.5,0,0.0,2,2,1.0,0,0.0,0,0.0,0,0.0,0,0.0
2315208,아래 시험 기출문제는 2022 여름 계절학기 시험입니다. 시험을 위해서,4.64,134,103,22,4,2,3,134,18,0.134328,109,0.813433,7,0.052239,134,15,0.11194,87,0.649254,32,0.238806,134,59,0.440299,68,0.507463,7,0.052239,134,0,0.0,16,0.119403,0,0.0,112,0.835821,6,0.044776,134,2,0.014925,118,0.880597,14,0.104478,0,0.0,0,0.0
2315240,작곡가나 장르 중심으로 특징을 설명해 주십니다. 시험은 결국 ppt를,4.61,155,127,15,3,0,10,155,29,0.187097,121,0.780645,5,0.032258,155,151,0.974194,3,0.019355,1,0.006452,155,91,0.587097,50,0.322581,14,0.090323,155,1,0.006452,141,0.909677,0,0.0,5,0.032258,8,0.051613,155,0,0.0,5,0.032258,150,0.967742,0,0.0,0,0.0
2315243,이 수업은 중간/기말고사가 없습니다. 다만 한 학기의 마지막에 기말고사,4.88,83,75,6,2,0,0,83,9,0.108434,55,0.662651,19,0.228916,83,0,0.0,9,0.108434,74,0.891566,83,72,0.86747,11,0.13253,0,0.0,83,0,0.0,30,0.361446,0,0.0,36,0.433735,17,0.204819,83,76,0.915663,2,0.024096,5,0.060241,0,0.0,0,0.0
2315267,확실히 중간보다는 어려운 느낌이지만 수업 열심히 듣고 암기만 잘 한다면,4.46,67,40,21,4,1,1,67,3,0.044776,44,0.656716,20,0.298507,67,0,0.0,28,0.41791,39,0.58209,67,25,0.373134,38,0.567164,4,0.059701,67,0,0.0,44,0.656716,0,0.0,11,0.164179,12,0.179104,67,0,0.0,17,0.253731,49,0.731343,0,0.0,1,0.014925
2315286,증명 많이 나온다고 하길래 증명 다 외우고 교안에 있는 문제들 풀었어요,4.74,106,87,12,5,2,0,106,8,0.075472,95,0.896226,3,0.028302,106,103,0.971698,3,0.028302,0,0.0,106,75,0.707547,31,0.292453,0,0.0,106,0,0.0,74,0.698113,0,0.0,14,0.132075,18,0.169811,106,1,0.009434,1,0.009434,104,0.981132,0,0.0,0,0.0
2315294,1번은 개념과 간단한 문제입니다. 개념문제는 무슨 조건일 때 어떻게 되냐,4.64,56,41,11,3,1,0,56,2,0.035714,51,0.910714,3,0.053571,56,52,0.928571,4,0.071429,0,0.0,56,19,0.339286,37,0.660714,0,0.0,56,5,0.089286,31,0.553571,0,0.0,18,0.321429,2,0.035714,56,0,0.0,0,0.0,56,1.0,0,0.0,0,0.0
2315302,"예제 문제 많이 나오고, 그 안에서 교수님이 응용도 조금씩 하셔서 냅니다",4.39,31,21,6,1,1,2,31,3,0.096774,21,0.677419,7,0.225806,31,7,0.225806,23,0.741935,1,0.032258,31,8,0.258065,21,0.677419,2,0.064516,31,2,0.064516,4,0.129032,0,0.0,23,0.741935,2,0.064516,31,0,0.0,0,0.0,31,1.0,0,0.0,0,0.0
2315315,어렵지 않고 개념 위주로 나온 것 같아요 팀플 에 관한 내용도 나왔어요,2.86,110,14,19,38,16,23,110,1,0.009091,88,0.8,21,0.190909,110,35,0.318182,58,0.527273,17,0.154545,110,28,0.254545,71,0.645455,11,0.1,110,2,0.018182,58,0.527273,0,0.0,22,0.2,28,0.254545,110,0,0.0,90,0.818182,20,0.181818,0,0.0,0,0.0
2315319,"실험 교재랑 결과레포트 많이 보세요 개념, 계산 문제 모두 나와요",4.32,37,21,9,6,0,1,37,1,0.027027,18,0.486486,18,0.486486,37,5,0.135135,26,0.702703,6,0.162162,37,10,0.27027,25,0.675676,2,0.054054,37,0,0.0,7,0.189189,0,0.0,29,0.783784,1,0.027027,37,10,0.27027,20,0.540541,7,0.189189,0,0.0,0,0.0
2315347,,4.75,4,3,1,0,0,0,4,0,0.0,4,1.0,0,0.0,4,3,0.75,1,0.25,0,0.0,4,3,0.75,1,0.25,0,0.0,4,0,0.0,1,0.25,0,0.0,3,0.75,0,0.0,4,0,0.0,3,0.75,1,0.25,0,0.0,0,0.0
2315360,총 8문제긴 했지만 새끼 문제가 많이 딸려 있어 시간 압박이 조금 있습니,4.68,72,55,13,3,0,1,71,1,0.014085,67,0.943662,3,0.042254,71,62,0.873239,9,0.126761,0,0.0,71,53,0.746479,17,0.239437,1,0.014085,71,2,0.028169,9,0.126761,0,0.0,56,0.788732,4,0.056338,71,0,0.0,1,0.014085,68,0.957746,0,0.0,2,0.028169
2315378,과제를 부여하고 36시간을 주시기 때문에 암기를 하기보다는 개념을 이해하,4.7,10,8,1,1,0,0,10,0,0.0,9,0.9,1,0.1,10,6,0.6,4,0.4,0,0.0,10,5,0.5,5,0.5,0,0.0,10,0,0.0,2,0.2,0,0.0,8,0.8,0,0.0,10,0,0.0,2,0.2,8,0.8,0,0.0,0,0.0
2315402,강의 후기에 시험 오픈북이라는 얘기 있던데 이번 학기는 아니었고 그냥 교,4.33,3,2,0,1,0,0,3,1,0.333333,2,0.666667,0,0.0,3,3,1.0,0,0.0,0,0.0,3,2,0.666667,1,0.333333,0,0.0,3,0,0.0,3,1.0,0,0.0,0,0.0,0,0.0,3,1,0.333333,2,0.666667,0,0.0,0,0.0,0,0.0
2315411,강의 필기는 꼭 열심히 하고 리딩은 조금씩이라도 읽고 중요한 부분 체크해,5,13,13,0,0,0,0,13,5,0.384615,8,0.615385,0,0.0,13,4,0.307692,9,0.692308,0,0.0,13,1,0.076923,12,0.923077,0,0.0,13,0,0.0,0,0.0,0,0.0,12,0.923077,1,0.076923,13,0,0.0,0,0.0,13,1.0,0,0.0,0,0.0
2315426,"O/X, 객관식, 빈칸, 에세이 등 다양하게 문제 구성한다고 하셨지만 거",4.25,4,1,3,0,0,0,4,0,0.0,4,1.0,0,0.0,4,3,0.75,0,0.0,1,0.25,4,0,0.0,4,1.0,0,0.0,4,0,0.0,1,0.25,0,0.0,1,0.25,2,0.5,4,0,0.0,3,0.75,1,0.25,0,0.0,0,0.0
2315477,"문제가 쉽고, 오픈북입니다. 30분 시간 제한에 10문제였고, 9번에 계",4.1,20,9,5,5,1,0,20,0,0.0,15,0.75,5,0.25,20,1,0.05,4,0.2,15,0.75,20,4,0.2,12,0.6,4,0.2,20,0,0.0,5,0.25,2,0.1,11,0.55,2,0.1,20,0,0.0,18,0.9,2,0.1,0,0.0,0,0.0
2315481,시험은 따로 없고 1시간짜리 팀플 발표랑 양식분량 제한 없는 기말 보고서,4.6,20,13,6,1,0,0,20,4,0.2,15,0.75,1,0.05,20,0,0.0,15,0.75,5,0.25,20,12,0.6,8,0.4,0,0.0,20,1,0.05,14,0.7,0,0.0,2,0.1,3,0.15,20,19,0.95,1,0.05,0,0.0,0,0.0,0,0.0
2315487,,4.47,43,31,5,4,2,1,43,24,0.55814,19,0.44186,0,0.0,43,5,0.116279,37,0.860465,1,0.023256,43,42,0.976744,1,0.023256,0,0.0,43,0,0.0,5,0.116279,0,0.0,36,0.837209,2,0.046512,43,38,0.883721,1,0.023256,4,0.093023,0,0.0,0,0.0
2315489,1~7주차까지 공부한 내용 중에 두 부분에서만 문제가 나왔습니다. 파트,4.55,83,63,11,4,2,3,83,9,0.108434,70,0.843373,4,0.048193,83,80,0.963855,3,0.036145,0,0.0,83,54,0.650602,25,0.301205,4,0.048193,83,12,0.144578,57,0.686747,0,0.0,10,0.120482,4,0.048193,83,1,0.012048,0,0.0,82,0.987952,0,0.0,0,0.0
2315490,"초반부 객관식은 수업을 들었거나, 듣지않았어도 관련지식 있어도 풀 수 있",3.5,34,6,12,12,1,3,34,0,0.0,23,0.676471,11,0.323529,34,23,0.676471,11,0.323529,0,0.0,34,3,0.088235,28,0.823529,3,0.088235,34,0,0.0,34,1.0,0,0.0,0,0.0,0,0.0,34,0,0.0,11,0.323529,23,0.676471,0,0.0,0,0.0
2315498,"1. 백트래킹, 중복조합? 출력 느낌(맨 첫문제 치고 구현 난이도가 어려",4.88,113,101,11,1,0,0,112,25,0.223214,86,0.767857,1,0.008929,112,102,0.910714,9,0.080357,1,0.008929,112,70,0.625,42,0.375,0,0.0,112,3,0.026786,86,0.767857,0,0.0,9,0.080357,14,0.125,112,0,0.0,0,0.0,111,0.991071,0,0.0,1,0.008929
2315502,교수님께서 찝어주신 문제와 중간고사 범위 위주로 보면 좋아요 중간고사 범,4.87,15,13,2,0,0,0,15,13,0.866667,2,0.133333,0,0.0,15,5,0.333333,7,0.466667,3,0.2,15,13,0.866667,2,0.133333,0,0.0,15,0,0.0,3,0.2,0,0.0,11,0.733333,1,0.066667,15,0,0.0,0,0.0,15,1.0,0,0.0,0,0.0
2315600,교수님이 수업시간에 플어주시는 난이도의 예제로 나오니까 예제 문제풀이 연,4.78,89,71,16,2,0,0,89,6,0.067416,80,0.898876,3,0.033708,89,82,0.921348,3,0.033708,4,0.044944,89,58,0.651685,30,0.337079,1,0.011236,89,4,0.044944,75,0.842697,0,0.0,7,0.078652,3,0.033708,89,0,0.0,0,0.0,89,1.0,0,0.0,0,0.0
2315603,,0,0,0,0,0,0,0,0,0,0.0,0,0.0,0,0.0,0,0,0.0,0,0.0,0,0.0,0,0,0.0,0,0.0,0,0.0,0,0,0.0,0,0.0,0,0.0,0,0.0,0,0.0,0,0,0.0,0,0.0,0,0.0,0,0.0,0,0.0
2315604,수업시간에 공식 유도하시거나 증명하는 부분 잘 외워 두기 과제 문제 꼭,2.84,92,22,9,18,18,25,92,3,0.032609,23,0.25,66,0.717391,92,72,0.782609,16,0.173913,4,0.043478,92,14,0.152174,41,0.445652,37,0.402174,92,20,0.217391,55,0.597826,0,0.0,3,0.032609,14,0.152174,92,0,0.0,0,0.0,38,0.413043,54,0.586957,0,0.0
2315614,시험은 따로 없고 ux 디자인 최종 제출이 기말고사 대체 과제입니다. 적,3.59,179,64,38,37,19,21,179,2,0.011173,47,0.26257,130,0.726257,179,164,0.916201,15,0.083799,0,0.0,179,119,0.664804,55,0.307263,5,0.027933,179,4,0.022346,153,0.854749,0,0.0,9,0.050279,13,0.072626,179,171,0.955307,3,0.01676,4,0.022346,1,0.005587,0,0.0
2315615,시험은 단답형+TF+객관식으로 나온다. 단답과 TF는 쉽고 객관식이 조금,4.69,48,33,15,0,0,0,48,6,0.125,36,0.75,6,0.125,48,0,0.0,22,0.458333,26,0.541667,48,29,0.604167,19,0.395833,0,0.0,48,1,0.020833,18,0.375,0,0.0,13,0.270833,16,0.333333,48,0,0.0,43,0.895833,4,0.083333,0,0.0,1,0.020833
2315638,기본적으로 시를 바탕으로 시 제목과 작가를 조용히 쓰고 시를 분석해야 하,4.03,33,13,12,5,2,1,33,0,0.0,28,0.848485,5,0.151515,33,4,0.121212,21,0.636364,8,0.242424,33,8,0.242424,24,0.727273,1,0.030303,33,1,0.030303,11,0.333333,2,0.060606,12,0.363636,7,0.212121,33,0,0.0,0,0.0,33,1.0,0,0.0,0,0.0
2315658,,0,0,0,0,0,0,0,0,0,0.0,0,0.0,0,0.0,0,0,0.0,0,0.0,0,0.0,0,0,0.0,0,0.0,0,0.0,0,0,0.0,0,0.0,0,0.0,0,0.0,0,0.0,0,0,0.0,0,0.0,0,0.0,0,0.0,0,0.0
2315666,,2,1,0,0,0,1,0,1,0,0.0,1,1.0,0,0.0,1,0,0.0,1,1.0,0,0.0,1,1,1.0,0,0.0,0,0.0,1,0,0.0,0,0.0,0,0.0,0,0.0,1,1.0,1,1,1.0,0,0.0,0,0.0,0,0.0,0,0.0
2315705,중간고사는 조별로 아니면 개인별로 비디오를 만드는 것이다. 주제는 나라소,5,3,3,0,0,0,0,3,0,0.0,3,1.0,0,0.0,3,1,0.333333,2,0.666667,0,0.0,3,3,1.0,0,0.0,0,0.0,3,0,0.0,0,0.0,0,0.0,3,1.0,0,0.0,3,1,0.333333,1,0.333333,1,0.333333,0,0.0,0,0.0
2315717,"치팅시트 만들며 교안 1회독, 전날 추가 1회독 (빠르게 총 2회독),",4.83,212,183,22,6,1,0,212,9,0.042453,167,0.787736,36,0.169811,212,199,0.938679,11,0.051887,2,0.009434,212,129,0.608491,82,0.386792,1,0.004717,212,4,0.018868,168,0.792453,0,0.0,25,0.117925,15,0.070755,212,0,0.0,0,0.0,211,0.995283,1,0.004717,0,0.0
2315724,평소 내주시는 과제와 유사하게 문제를 내십니다. 저희는 8문제였는데 시간,4.38,95,57,23,11,2,2,95,4,0.042105,37,0.389474,54,0.568421,95,86,0.905263,9,0.094737,0,0.0,95,41,0.431579,49,0.515789,5,0.052632,95,11,0.115789,59,0.621053,2,0.021053,12,0.126316,11,0.115789,95,0,0.0,0,0.0,95,1.0,0,0.0,0,0.0
2315728,,5,2,2,0,0,0,0,2,1,0.5,1,0.5,0,0.0,2,2,1.0,0,0.0,0,0.0,2,2,1.0,0,0.0,0,0.0,2,0,0.0,0,0.0,0,0.0,2,1.0,0,0.0,2,2,1.0,0,0.0,0,0.0,0,0.0,0,0.0
2315737,,0,0,0,0,0,0,0,0,0,0.0,0,0.0,0,0.0,0,0,0.0,0,0.0,0,0.0,0,0,0.0,0,0.0,0,0.0,0,0,0.0,0,0.0,0,0.0,0,0.0,0,0.0,0,0,0.0,0,0.0,0,0.0,0,0.0,0,0.0
2315759,퀴즈 푸는거 위즈고 수업 꼼꼼히 듣는 게 중요합니다. 슈업 꿑나자마자 비,4.82,17,16,0,0,1,0,16,12,0.75,4,0.25,0,0.0,16,15,0.9375,1,0.0625,0,0.0,16,13,0.8125,2,0.125,1,0.0625,16,7,0.4375,9,0.5625,0,0.0,0,0.0,0,0.0,16,7,0.4375,1,0.0625,7,0.4375,0,0.0,1,0.0625
2315768,각 이론에 따른 anova 테이블을 완성시키는 문제가 나옵니다. 시간이,4.47,45,28,13,2,1,1,45,42,0.933333,3,0.066667,0,0.0,45,44,0.977778,1,0.022222,0,0.0,45,17,0.377778,27,0.6,1,0.022222,45,5,0.111111,22,0.488889,0,0.0,8,0.177778,10,0.222222,45,0,0.0,0,0.0,45,1.0,0,0.0,0,0.0
233094,분량 : 각 문제당 한글 기준 400자 내외 작성(공백 포함 400자 내,4.66,655,516,79,47,5,8,655,163,0.248855,466,0.71145,26,0.039695,655,93,0.141985,485,0.740458,77,0.117557,655,519,0.792366,124,0.189313,12,0.018321,655,9,0.01374,283,0.432061,4,0.006107,301,0.459542,58,0.08855,655,24,0.036641,376,0.574046,251,0.383206,3,0.00458,1,0.001527
233698,"난이도 기준 하 2문제, 중 4문제, 상 1문제, 최상 1문제 나왔습니다",4.38,8,5,2,0,1,0,8,5,0.625,1,0.125,2,0.25,8,3,0.375,1,0.125,4,0.5,8,0,0.0,5,0.625,3,0.375,8,0,0.0,1,0.125,6,0.75,0,0.0,1,0.125,8,0,0.0,0,0.0,7,0.875,0,0.0,1,0.125
236570,기본적으로 시험 며칠 전에 주어지는 Homework에 있는 내용들이 90,4.09,121,51,42,18,8,2,121,96,0.793388,21,0.173554,4,0.033058,121,102,0.842975,14,0.115702,5,0.041322,121,91,0.752066,29,0.239669,1,0.008264,121,1,0.008264,37,0.305785,0,0.0,49,0.404959,34,0.280992,121,0,0.0,0,0.0,19,0.157025,52,0.429752,50,0.413223
2376746,시험은 안 보는 과목입니다. 그저 과제와 무한 케이스스터디로 이어지는..,3.21,68,15,17,16,7,13,68,2,0.029412,24,0.352941,42,0.617647,68,0,0.0,6,0.088235,62,0.911765,68,6,0.088235,40,0.588235,22,0.323529,68,0,0.0,61,0.897059,0,0.0,2,0.029412,5,0.073529,68,65,0.955882,0,0.0,2,0.029412,1,0.014706,0,0.0
2376748,디테일한 것보다는 전체적으로 어느 것이 어느 것에 들어간다 그정도만 알고,4.31,158,91,44,12,3,8,157,23,0.146497,88,0.56051,46,0.292994,157,2,0.012739,30,0.191083,125,0.796178,157,54,0.343949,74,0.471338,29,0.184713,157,4,0.025478,24,0.152866,34,0.216561,55,0.350318,40,0.254777,157,2,0.012739,3,0.019108,148,0.942675,0,0.0,4,0.025478
2376749,범위가 굉장히 넓었고 암기할 것도 많았습니다. 대부분이 주관식이였기 때문,3.9,86,25,37,15,8,1,86,25,0.290698,51,0.593023,10,0.116279,86,14,0.162791,69,0.802326,3,0.034884,86,45,0.523256,39,0.453488,2,0.023256,86,1,0.011628,6,0.069767,0,0.0,71,0.825581,8,0.093023,86,0,0.0,67,0.77907,17,0.197674,0,0.0,2,0.023256
2376750,1-2문제 더 있었던 것 같은데 솔직히 시간은 넉넉히 주셨고요. 배웠던,3.43,67,22,18,8,5,14,67,1,0.014925,27,0.402985,39,0.58209,67,44,0.656716,10,0.149254,13,0.19403,67,27,0.402985,31,0.462687,9,0.134328,67,1,0.014925,46,0.686567,3,0.044776,8,0.119403,9,0.134328,67,20,0.298507,34,0.507463,11,0.164179,0,0.0,2,0.029851
2376751,주관식 서술형 퀴즈 형식이고 A4 1페이지 분량의 cheating pap,4.05,223,95,70,40,10,8,223,20,0.089686,124,0.556054,79,0.35426,223,3,0.013453,28,0.125561,192,0.860987,223,101,0.452915,115,0.515695,7,0.03139,223,1,0.004484,63,0.282511,2,0.008969,117,0.524664,40,0.179372,223,181,0.811659,30,0.134529,10,0.044843,1,0.004484,1,0.004484
2376757,창의적인 예시 많이 드는 것 중요! 교수님이 말씀하신 내용 그대로 적지,4.54,219,160,34,14,5,6,219,126,0.575342,83,0.378995,10,0.045662,219,213,0.972603,6,0.027397,0,0.0,219,74,0.3379,114,0.520548,31,0.141553,219,1,0.004566,178,0.812785,1,0.004566,10,0.045662,29,0.13242,219,9,0.041096,4,0.018265,180,0.821918,25,0.114155,1,0.004566
2376762,,4.45,11,6,4,1,0,0,11,0,0.0,6,0.545455,5,0.454545,11,4,0.363636,4,0.363636,3,0.272727,11,3,0.272727,8,0.727273,0,0.0,11,0,0.0,1,0.090909,0,0.0,9,0.818182,1,0.090909,11,0,0.0,10,0.909091,1,0.090909,0,0.0,0,0.0
2376763,저는 조교님들은 몇 주차 discussion만 나온다고 알려주셔서 dis,4,18,8,6,2,0,2,18,0,0.0,11,0.611111,7,0.388889,18,2,0.111111,6,0.333333,10,0.555556,18,10,0.555556,7,0.388889,1,0.055556,18,0,0.0,0,0.0,0,0.0,18,1.0,0,0.0,18,0,0.0,17,0.944444,1,0.055556,0,0.0,0,0.0
2376766,"시험은 총 7문제가 나오고, 1번 문제는 개념 문제가 소문제로 6개정도",4.65,23,16,6,1,0,0,23,4,0.173913,14,0.608696,5,0.217391,23,20,0.869565,3,0.130435,0,0.0,23,14,0.608696,9,0.391304,0,0.0,23,6,0.26087,6,0.26087,0,0.0,2,0.086957,9,0.391304,23,0,0.0,1,0.043478,22,0.956522,0,0.0,0,0.0
2376768,과제랑 교수님이 수업 때 쓰시는 피피티 예제에서 대부분 나옵니다. 그 문,4.62,74,48,24,2,0,0,74,3,0.040541,59,0.797297,12,0.162162,74,70,0.945946,3,0.040541,1,0.013514,74,37,0.5,34,0.459459,3,0.040541,74,23,0.310811,28,0.378378,0,0.0,13,0.175676,10,0.135135,74,0,0.0,0,0.0,69,0.932432,1,0.013514,4,0.054054
2376771,실험 다 끝나면 마지막 주에 조별로 실험 한 개 선택해서 발표하는데 내용,4.71,24,20,1,3,0,0,24,0,0.0,6,0.25,18,0.75,24,1,0.041667,9,0.375,14,0.583333,24,15,0.625,7,0.291667,2,0.083333,24,0,0.0,3,0.125,4,0.166667,15,0.625,2,0.083333,24,24,1.0,0,0.0,0,0.0,0,0.0,0,0.0
2376773,기말고사 1번만 시험 응시합니다. 문제 뭐가 나올지 조교님께서 알려주시,4.76,17,14,2,1,0,0,17,1,0.058824,4,0.235294,12,0.705882,17,2,0.117647,6,0.352941,9,0.529412,17,6,0.352941,11,0.647059,0,0.0,17,0,0.0,1,0.058824,1,0.058824,13,0.764706,2,0.117647,17,4,0.235294,13,0.764706,0,0.0,0,0.0,0,0.0
2376774,1. 진도에 나온 용어를 주고 영어단어 쓰라는 문제 나왔습니다 한문제당,4.87,54,49,3,2,0,0,54,39,0.722222,15,0.277778,0,0.0,54,52,0.962963,2,0.037037,0,0.0,54,43,0.796296,9,0.166667,2,0.037037,54,2,0.037037,30,0.555556,0,0.0,7,0.12963,15,0.277778,54,0,0.0,0,0.0,54,1.0,0,0.0,0,0.0
2376776,시간이 많지 않으니 지엽적으로 외우기보다 핵심만 간추리는 것을 추천합니다,4.88,33,29,4,0,0,0,33,28,0.848485,5,0.151515,0,0.0,33,8,0.242424,13,0.393939,12,0.363636,33,18,0.545455,15,0.454545,0,0.0,33,0,0.0,24,0.727273,0,0.0,7,0.212121,2,0.060606,33,0,0.0,0,0.0,33,1.0,0,0.0,0,0.0
2376777,기말 에세이 제출로 대체되는 과목입니다. 기한을 일찍 알려주시기 때문에,4.81,42,36,5,0,1,0,42,1,0.02381,34,0.809524,7,0.166667,42,26,0.619048,11,0.261905,5,0.119048,42,29,0.690476,11,0.261905,2,0.047619,42,0,0.0,17,0.404762,0,0.0,22,0.52381,3,0.071429,42,34,0.809524,5,0.119048,1,0.02381,2,0.047619,0,0.0
2376781,족보 팔려다가 포인트 필요해서 문제 중 랜덤으로 몇 개 올립니다. 그냥,4.63,192,133,46,13,0,0,192,69,0.359375,123,0.640625,0,0.0,192,188,0.979167,3,0.015625,1,0.005208,192,112,0.583333,79,0.411458,1,0.005208,192,0,0.0,3,0.015625,0,0.0,177,0.921875,12,0.0625,192,0,0.0,2,0.010417,190,0.989583,0,0.0,0,0.0
2376785,교안에서 대부분의 내용이 출제되니까 교안 잘 보시면 도움이 될 듯 합니다,4.65,66,48,13,5,0,0,66,31,0.469697,35,0.530303,0,0.0,66,66,1.0,0,0.0,0,0.0,66,38,0.575758,27,0.409091,1,0.015152,66,3,0.045455,47,0.712121,0,0.0,8,0.121212,8,0.121212,66,0,0.0,0,0.0,66,1.0,0,0.0,0,0.0
2376786,각 질문에 대해 300~400자 영어 에세이 쓰기. 4문제 48시간 주어,4.9,88,80,7,1,0,0,88,75,0.852273,11,0.125,2,0.022727,88,84,0.954545,3,0.034091,1,0.011364,88,71,0.806818,16,0.181818,1,0.011364,88,2,0.022727,70,0.795455,0,0.0,10,0.113636,6,0.068182,88,53,0.602273,34,0.386364,1,0.011364,0,0.0,0,0.0
2376791,&lt;중간대체 과제> 답안은 문제당 각각 A4 용지 2~3페이지로 작성,4.15,89,38,29,20,1,1,89,8,0.089888,54,0.606742,27,0.303371,89,84,0.94382,4,0.044944,1,0.011236,89,30,0.337079,54,0.606742,5,0.05618,89,15,0.168539,22,0.247191,0,0.0,40,0.449438,12,0.134831,89,79,0.88764,3,0.033708,6,0.067416,1,0.011236,0,0.0
2376792,"학기말 필수 리포트를 작성해야 합니다. 주제는 여러가지를 제시해주는데,",4.9,168,159,4,4,0,1,168,118,0.702381,49,0.291667,1,0.005952,168,165,0.982143,1,0.005952,2,0.011905,168,151,0.89881,16,0.095238,1,0.005952,168,29,0.172619,104,0.619048,0,0.0,4,0.02381,31,0.184524,168,157,0.934524,8,0.047619,2,0.011905,0,0.0,1,0.005952
2376793,시험은 없고 과제로 대체합니다. 법 관련 주제로 4장분량 레포트 작성하시,4.3,57,34,14,3,4,2,57,32,0.561404,25,0.438596,0,0.0,57,54,0.947368,3,0.052632,0,0.0,57,45,0.789474,9,0.157895,3,0.052632,57,0,0.0,23,0.403509,1,0.017544,19,0.333333,14,0.245614,57,55,0.964912,0,0.0,1,0.017544,0,0.0,1,0.017544
2376798,homework assignment #1에 비해 상당히 어려운 과제였습니,4.3,27,10,15,2,0,0,27,0,0.0,11,0.407407,16,0.592593,27,22,0.814815,5,0.185185,0,0.0,27,9,0.333333,16,0.592593,2,0.074074,27,0,0.0,19,0.703704,0,0.0,7,0.259259,1,0.037037,27,0,0.0,0,0.0,27,1.0,0,0.0,0,0.0
2376806,"시험 전 조교님이 40분짜리 영상을 올려주시는데, 꼭 여러 번 보세요.",4.26,134,68,41,20,2,3,134,4,0.029851,63,0.470149,67,0.5,134,2,0.014925,22,0.164179,110,0.820896,134,59,0.440299,68,0.507463,7,0.052239,134,6,0.044776,26,0.19403,0,0.0,58,0.432836,44,0.328358,134,0,0.0,8,0.059701,126,0.940299,0,0.0,0,0.0
2376810,"시험이나 과제가 곧 팀플입니다. 좋은 조원 만나는 운빨이 필요하고, 제대",4.13,32,16,9,3,3,1,32,5,0.15625,13,0.40625,14,0.4375,32,0,0.0,5,0.15625,27,0.84375,32,11,0.34375,17,0.53125,4,0.125,32,2,0.0625,2,0.0625,0,0.0,27,0.84375,1,0.03125,32,32,1.0,0,0.0,0,0.0,0,0.0,0,0.0
2376813,,3,6,3,0,0,0,3,6,0,0.0,2,0.333333,4,0.666667,6,0,0.0,2,0.333333,4,0.666667,6,2,0.333333,1,0.166667,3,0.5,6,0,0.0,0,0.0,0,0.0,6,1.0,0,0.0,6,0,0.0,0,0.0,6,1.0,0,0.0,0,0.0
2376816,교안 전부 외우세요 특히 케이스 스터디를 중심으로 하시면 쉬워요. 그리고,4.92,26,24,2,0,0,0,26,4,0.153846,16,0.615385,6,0.230769,26,0,0.0,8,0.307692,18,0.692308,26,15,0.576923,11,0.423077,0,0.0,26,0,0.0,5,0.192308,3,0.115385,13,0.5,5,0.192308,26,0,0.0,0,0.0,26,1.0,0,0.0,0,0.0
2376817,세세한 부분보단 사례에 개념을 적용시킬수있도록 준비하는게 좋은것같아요,4.45,83,47,28,6,2,0,83,18,0.216867,62,0.746988,3,0.036145,83,4,0.048193,71,0.855422,8,0.096386,83,18,0.216867,56,0.674699,9,0.108434,83,5,0.060241,24,0.289157,0,0.0,33,0.39759,21,0.253012,83,0,0.0,1,0.012048,82,0.987952,0,0.0,0,0.0
2376819,시험범위는 1~9주차 교안 및 필수 추가자료였습니다. 저희 때부터 클로즈,4.41,122,76,27,14,3,2,122,6,0.04918,78,0.639344,38,0.311475,122,1,0.008197,34,0.278689,87,0.713115,122,59,0.483607,59,0.483607,4,0.032787,122,0,0.0,58,0.47541,0,0.0,16,0.131148,48,0.393443,122,7,0.057377,86,0.704918,28,0.229508,0,0.0,1,0.008197
2376829,"수업 시간에 배운 중요한 개념들 숙지하고, 교수님이 풀이해주신 문제와 N",4.88,26,24,1,1,0,0,26,3,0.115385,23,0.884615,0,0.0,26,24,0.923077,2,0.076923,0,0.0,26,22,0.846154,4,0.153846,0,0.0,26,0,0.0,11,0.423077,0,0.0,13,0.5,2,0.076923,26,0,0.0,0,0.0,26,1.0,0,0.0,0,0.0
2376832,"교안에 적혀있는 식과 예제들, 수업시간에 강조하신거 위주로 거의 100퍼",3.53,55,18,18,4,5,10,54,2,0.037037,31,0.574074,21,0.388889,54,53,0.981481,1,0.018519,0,0.0,54,17,0.314815,16,0.296296,21,0.388889,54,0,0.0,1,0.018519,0,0.0,50,0.925926,3,0.055556,54,1,0.018519,0,0.0,53,0.981481,0,0.0,0,0.0
2376834,개념은 2번정도 훑고 가면 되고 수업시간 올려주신 온라인 강의 꼼꼼히 듣,3.64,33,9,9,11,2,2,32,0,0.0,7,0.21875,25,0.78125,32,1,0.03125,11,0.34375,20,0.625,32,6,0.1875,21,0.65625,5,0.15625,32,0,0.0,1,0.03125,0,0.0,29,0.90625,2,0.0625,32,0,0.0,20,0.625,12,0.375,0,0.0,0,0.0
2376839,,3.5,4,1,1,1,1,0,4,0,0.0,2,0.5,2,0.5,4,0,0.0,1,0.25,3,0.75,4,0,0.0,1,0.25,3,0.75,4,0,0.0,0,0.0,0,0.0,2,0.5,2,0.5,4,4,1.0,0,0.0,0,0.0,0,0.0,0,0.0
2376840,,0,0,0,0,0,0,0,0,0,0.0,0,0.0,0,0.0,0,0,0.0,0,0.0,0,0.0,0,0,0.0,0,0.0,0,0.0,0,0,0.0,0,0.0,0,0.0,0,0.0,0,0.0,0,0,0.0,0,0.0,0,0.0,0,0.0,0,0.0
2376841,실시간강때 교수님이 ODE를 응용한 사례를 알려주시는데 그거 풀이법은 외,3.69,240,70,79,56,16,19,240,3,0.0125,15,0.0625,222,0.925,240,27,0.1125,65,0.270833,148,0.616667,240,61,0.254167,157,0.654167,22,0.091667,240,4,0.016667,164,0.683333,5,0.020833,25,0.104167,42,0.175,240,0,0.0,0,0.0,239,0.995833,0,0.0,1,0.004167
2376847,,5,6,6,0,0,0,0,6,1,0.166667,5,0.833333,0,0.0,6,2,0.333333,4,0.666667,0,0.0,6,3,0.5,3,0.5,0,0.0,6,1,0.166667,2,0.333333,0,0.0,3,0.5,0,0.0,6,1,0.166667,5,0.833333,0,0.0,0,0.0,0,0.0
2376848,진짜 개념 문제만 나왓음 교안만 보먼 될듯 나이브베이즈 장단점 휴리스틱장,3.06,72,12,17,18,13,12,72,1,0.013889,50,0.694444,21,0.291667,72,58,0.805556,12,0.166667,2,0.027778,72,8,0.111111,42,0.583333,22,0.305556,72,8,0.111111,51,0.708333,1,0.013889,5,0.069444,7,0.097222,72,1,0.013889,0,0.0,71,0.986111,0,0.0,0,0.0
2376851,피셋에서 한문제는 무조건 나오는 듯 합니다. 생각ㅂㅎ다 개념도 많이 물으,4.55,83,62,12,4,3,2,83,1,0.012048,46,0.554217,36,0.433735,83,76,0.915663,6,0.072289,1,0.012048,83,55,0.662651,27,0.325301,1,0.012048,83,1,0.012048,55,0.662651,0,0.0,8,0.096386,19,0.228916,83,0,0.0,0,0.0,83,1.0,0,0.0,0,0.0
2376852,"교안 이론 내용, 본인 결과 레포트 results and duscussi",4.83,53,45,7,1,0,0,53,1,0.018868,14,0.264151,38,0.716981,53,8,0.150943,24,0.45283,21,0.396226,53,11,0.207547,38,0.716981,4,0.075472,53,5,0.09434,23,0.433962,3,0.056604,18,0.339623,4,0.075472,53,0,0.0,50,0.943396,3,0.056604,0,0.0,0,0.0
2376854,중간은 보지 않고 기말도 대체과제가 나감 대체과제는 구글링으로 충분히 쉽,5,3,3,0,0,0,0,3,1,0.333333,2,0.666667,0,0.0,3,0,0.0,3,1.0,0,0.0,3,3,1.0,0,0.0,0,0.0,3,0,0.0,2,0.666667,0,0.0,0,0.0,1,0.333333,3,2,0.666667,1,0.333333,0,0.0,0,0.0,0,0.0
2376855,"슬라이드가 단원별로 개많은데, 다 외울 필요는 없습니다. 단지 교수님이",4.28,64,39,12,7,4,2,64,23,0.359375,38,0.59375,3,0.046875,64,60,0.9375,4,0.0625,0,0.0,64,37,0.578125,27,0.421875,0,0.0,64,11,0.171875,37,0.578125,0,0.0,16,0.25,0,0.0,64,0,0.0,36,0.5625,28,0.4375,0,0.0,0,0.0
2376857,8개 실험에 대한 문제가 나온다. 그래서 8개의 모든 실험에 대해 잘 이,4.64,14,9,5,0,0,0,14,0,0.0,3,0.214286,11,0.785714,14,3,0.214286,5,0.357143,6,0.428571,14,5,0.357143,9,0.642857,0,0.0,14,0,0.0,0,0.0,1,0.071429,11,0.785714,2,0.142857,14,0,0.0,13,0.928571,1,0.071429,0,0.0,0,0.0
2376859,"실험 메뉴얼 읽는 것 추천하고, 그 외에도 실험 이론 영상 봐두는게 좋음",4.3,33,20,7,4,0,2,33,1,0.030303,8,0.242424,24,0.727273,33,2,0.060606,13,0.393939,18,0.545455,33,4,0.121212,27,0.818182,2,0.060606,33,0,0.0,14,0.424242,2,0.060606,15,0.454545,2,0.060606,33,0,0.0,30,0.909091,3,0.090909,0,0.0,0,0.0
2376863,계산문제 같은 경우 교수님이 수업시간에 풀어주신 예제만 풀 줄 알면 됨,4.95,56,54,1,1,0,0,56,53,0.946429,3,0.053571,0,0.0,56,55,0.982143,1,0.017857,0,0.0,56,50,0.892857,5,0.089286,1,0.017857,56,1,0.017857,7,0.125,0,0.0,46,0.821429,2,0.035714,56,0,0.0,0,0.0,56,1.0,0,0.0,0,0.0
2376903,,4.18,33,16,11,3,2,1,33,0,0.0,10,0.30303,23,0.69697,33,1,0.030303,13,0.393939,19,0.575758,33,4,0.121212,20,0.606061,9,0.272727,33,0,0.0,3,0.090909,0,0.0,30,0.909091,0,0.0,33,4,0.121212,19,0.575758,9,0.272727,1,0.030303,0,0.0
2376904,객관식 20문제 빈칸채워넣기 18문제 약술형 2문제,4,22,9,8,3,0,2,22,1,0.045455,10,0.454545,11,0.5,22,6,0.272727,4,0.181818,12,0.545455,22,5,0.227273,13,0.590909,4,0.181818,22,0,0.0,2,0.090909,0,0.0,11,0.5,9,0.409091,22,0,0.0,18,0.818182,1,0.045455,0,0.0,3,0.136364
2376911,33문제 80분에 시험봄. 결국 다 공부해가야함. 개념 외우는 것은 크게,3.03,108,13,33,26,16,20,108,43,0.398148,64,0.592593,1,0.009259,108,100,0.925926,8,0.074074,0,0.0,108,19,0.175926,73,0.675926,16,0.148148,108,6,0.055556,83,0.768519,0,0.0,16,0.148148,3,0.027778,108,0,0.0,0,0.0,108,1.0,0,0.0,0,0.0
2376930,오프라인시험이며 10시부터 한시간동안 문제에 대해 자신의 의견을 쓰는 서,4.08,147,60,55,22,4,6,146,36,0.246575,91,0.623288,19,0.130137,146,142,0.972603,3,0.020548,1,0.006849,146,24,0.164384,98,0.671233,24,0.164384,146,2,0.013699,17,0.116438,0,0.0,105,0.719178,22,0.150685,146,0,0.0,27,0.184932,119,0.815068,0,0.0,0,0.0
2376941,"객관식, 주관식, 참 거짓(하나), 짝짓기 문제 모두 포함해서 28문제였",4.41,99,64,20,10,2,3,99,62,0.626263,37,0.373737,0,0.0,99,7,0.070707,91,0.919192,1,0.010101,99,30,0.30303,52,0.525253,17,0.171717,99,0,0.0,5,0.050505,0,0.0,93,0.939394,1,0.010101,99,0,0.0,1,0.010101,98,0.989899,0,0.0,0,0.0
2376942,수업중에 나온 이론같은거 알아두고 시험때 적절히 자신의 생각과 이론을 결,3.33,57,22,11,4,4,16,57,10,0.175439,34,0.596491,13,0.22807,57,9,0.157895,44,0.77193,4,0.070175,57,24,0.421053,25,0.438596,8,0.140351,57,14,0.245614,34,0.596491,0,0.0,3,0.052632,6,0.105263,57,0,0.0,8,0.140351,49,0.859649,0,0.0,0,0.0
2376944,기말고사 대체 필기고사가 1번 있습니다. 난이도는 정말 나이브합니다. 객,4.65,48,35,9,4,0,0,48,6,0.125,36,0.75,6,0.125,48,0,0.0,5,0.104167,43,0.895833,48,28,0.583333,19,0.395833,1,0.020833,48,1,0.020833,14,0.291667,1,0.020833,6,0.125,26,0.541667,48,0,0.0,42,0.875,6,0.125,0,0.0,0,0.0
2376952,기말고사도 중간고사와 같은 형식으로 출제되었습니다 객관식으로 출제를 하시,4.76,42,32,10,0,0,0,42,6,0.142857,30,0.714286,6,0.142857,42,27,0.642857,10,0.238095,5,0.119048,42,33,0.785714,8,0.190476,1,0.02381,42,2,0.047619,32,0.761905,0,0.0,2,0.047619,6,0.142857,42,0,0.0,0,0.0,42,1.0,0,0.0,0,0.0
2376958,수업시간에 나온 사례를 학습한 이론을 바탕으로 서술하는 문제가 나옵니다.,4.33,3,2,0,1,0,0,3,0,0.0,3,1.0,0,0.0,3,1,0.333333,2,0.666667,0,0.0,3,0,0.0,3,1.0,0,0.0,3,0,0.0,0,0.0,0,0.0,2,0.666667,1,0.333333,3,0,0.0,2,0.666667,1,0.333333,0,0.0,0,0.0
2376959,지엽적인 문제보다는 이론 + 주관이 담긴 글쓰기 형식으로 시험 문제를 내,4.75,8,7,0,1,0,0,8,0,0.0,3,0.375,5,0.625,8,0,0.0,2,0.25,6,0.75,8,3,0.375,5,0.625,0,0.0,8,0,0.0,7,0.875,0,0.0,1,0.125,0,0.0,8,1,0.125,5,0.625,2,0.25,0,0.0,0,0.0
2376971,코세라 강의 스크립트를 읽으세요 수업시간이나 디스커션으로 다룬 다른 학생,4.71,34,27,4,3,0,0,34,18,0.529412,11,0.323529,5,0.147059,34,31,0.911765,3,0.088235,0,0.0,34,27,0.794118,7,0.205882,0,0.0,34,0,0.0,4,0.117647,0,0.0,24,0.705882,6,0.176471,34,0,0.0,0,0.0,34,1.0,0,0.0,0,0.0
2376972,개념적인 부분은 모두 암기하셔야 하며 단어들 약어를 풀어쓰라는 문제도 있,4.39,93,55,26,6,5,1,93,25,0.268817,66,0.709677,2,0.021505,93,88,0.946237,5,0.053763,0,0.0,93,33,0.354839,55,0.591398,5,0.053763,93,11,0.11828,46,0.494624,0,0.0,16,0.172043,20,0.215054,93,0,0.0,0,0.0,93,1.0,0,0.0,0,0.0
2376975,,0,0,0,0,0,0,0,0,0,0.0,0,0.0,0,0.0,0,0,0.0,0,0.0,0,0.0,0,0,0.0,0,0.0,0,0.0,0,0,0.0,0,0.0,0,0.0,0,0.0,0,0.0,0,0,0.0,0,0.0,0,0.0,0,0.0,0,0.0
2376989,교수님이 강조하고 열심히 설명하신거 위주로 공부하고 시험에 안나온다고,4.25,8,3,4,1,0,0,8,1,0.125,7,0.875,0,0.0,8,6,0.75,1,0.125,1,0.125,8,6,0.75,2,0.25,0,0.0,8,0,0.0,2,0.25,0,0.0,6,0.75,0,0.0,8,0,0.0,0,0.0,5,0.625,0,0.0,3,0.375
2376990,강의 미리미리 듣기. 총 8문제 서술형으로 나옴,4.63,38,30,4,3,0,1,38,17,0.447368,21,0.552632,0,0.0,38,3,0.078947,32,0.842105,3,0.078947,38,19,0.5,15,0.394737,4,0.105263,38,0,0.0,4,0.105263,1,0.026316,31,0.815789,2,0.052632,38,0,0.0,35,0.921053,2,0.052632,0,0.0,1,0.026316
2376991,한시간 딱 주시고 시간에 비해 문제 양은 꽤 많은 편. 소문제가 좀 있고,4.36,11,8,1,0,2,0,11,11,1.0,0,0.0,0,0.0,11,11,1.0,0,0.0,0,0.0,11,8,0.727273,2,0.181818,1,0.090909,11,0,0.0,2,0.181818,0,0.0,9,0.818182,0,0.0,11,3,0.272727,8,0.727273,0,0.0,0,0.0,0,0.0
2376994,,0,0,0,0,0,0,0,0,0,0.0,0,0.0,0,0.0,0,0,0.0,0,0.0,0,0.0,0,0,0.0,0,0.0,0,0.0,0,0,0.0,0,0.0,0,0.0,0,0.0,0,0.0,0,0,0.0,0,0.0,0,0.0,0,0.0,0,0.0
2376999,6문제 였고 꼬리 문제 있습니다. 실제로 코드를 구현할 수 있도록 연습하,4.47,83,54,20,5,2,2,83,6,0.072289,61,0.73494,16,0.192771,83,77,0.927711,6,0.072289,0,0.0,83,37,0.445783,45,0.542169,1,0.012048,83,1,0.012048,28,0.337349,20,0.240964,28,0.337349,6,0.072289,83,0,0.0,1,0.012048,82,0.987952,0,0.0,0,0.0
2377000,교수님께서 주시는 기출문제 여러번 풀어보시면 충분해요!,4.3,99,48,40,7,1,3,99,6,0.060606,75,0.757576,18,0.181818,99,92,0.929293,5,0.050505,2,0.020202,99,68,0.686869,30,0.30303,1,0.010101,99,3,0.030303,83,0.838384,1,0.010101,5,0.050505,7,0.070707,99,0,0.0,9,0.090909,90,0.909091,0,0.0,0,0.0
2377010,시험은 없습니다. 팀플로 결정됩니다! 교수님이 좋으십니다.,4.71,17,14,1,2,0,0,17,7,0.411765,8,0.470588,2,0.117647,17,1,0.058824,1,0.058824,15,0.882353,17,12,0.705882,5,0.294118,0,0.0,17,0,0.0,5,0.294118,0,0.0,10,0.588235,2,0.117647,17,16,0.941176,1,0.058824,0,0.0,0,0.0,0,0.0
2377015,교수님 논문이 다 트리쪽임. 트리에서 많이 나옴.,4.41,160,109,30,7,6,8,160,81,0.50625,78,0.4875,1,0.00625,160,154,0.9625,6,0.0375,0,0.0,160,97,0.60625,47,0.29375,16,0.1,160,54,0.3375,86,0.5375,1,0.00625,7,0.04375,12,0.075,160,1,0.00625,2,0.0125,156,0.975,1,0.00625,0,0.0
2377016,"교안에 대한 이해가 필요하지만, 교안 내의 예제 문제들의 유형보다는 훨씬",4.76,108,87,17,3,1,0,108,0,0.0,88,0.814815,20,0.185185,108,104,0.962963,3,0.027778,1,0.009259,108,72,0.666667,36,0.333333,0,0.0,108,5,0.046296,86,0.796296,0,0.0,12,0.111111,5,0.046296,108,1,0.009259,1,0.009259,106,0.981481,0,0.0,0,0.0
2377017,"수업시간에 한 예제 (톨게이트, 코드 등)을 잘 보자. TF문제 T/F",4.25,40,23,8,7,0,2,40,0,0.0,22,0.55,18,0.45,40,35,0.875,5,0.125,0,0.0,40,22,0.55,15,0.375,3,0.075,40,1,0.025,17,0.425,1,0.025,11,0.275,10,0.25,40,1,0.025,0,0.0,39,0.975,0,0.0,0,0.0
2377022,교수님이 수업 시간에 안중요하다고 했던 걸 가끔 내시는듯 또는 수업 중에,3.85,157,51,60,29,5,12,157,3,0.019108,96,0.611465,58,0.369427,157,2,0.012739,46,0.292994,109,0.694268,157,45,0.286624,105,0.66879,7,0.044586,157,23,0.146497,108,0.687898,1,0.006369,12,0.076433,13,0.082803,157,0,0.0,4,0.025478,153,0.974522,0,0.0,0,0.0
2377029,텀프로젝트 주제는 2d convolution을 세 가지 방식으로 구현하고,4.2,162,92,35,21,3,11,161,2,0.012422,78,0.484472,81,0.503106,161,8,0.049689,92,0.571429,61,0.378882,161,119,0.73913,37,0.229814,5,0.031056,161,4,0.024845,14,0.086957,0,0.0,133,0.826087,10,0.062112,161,149,0.925466,3,0.018634,8,0.049689,0,0.0,1,0.006211
2377031,"코드 몇줄을 해석하게해서 코드 조금 보고가시고, 이론도 실습에서 자주 등",3.79,56,26,8,11,6,5,56,3,0.053571,40,0.714286,13,0.232143,56,1,0.017857,22,0.392857,33,0.589286,56,24,0.428571,25,0.446429,7,0.125,56,1,0.017857,33,0.589286,0,0.0,19,0.339286,3,0.053571,56,16,0.285714,31,0.553571,9,0.160714,0,0.0,0,0.0
2377051,주차별 배운 명작들 설명하시면서 좀 핵심적으로 강조하신 부분에 대해 의미,5,1,1,0,0,0,0,1,0,0.0,1,1.0,0,0.0,1,1,1.0,0,0.0,0,0.0,1,1,1.0,0,0.0,0,0.0,1,0,0.0,0,0.0,0,0.0,1,1.0,0,0.0,1,0,0.0,0,0.0,1,1.0,0,0.0,0,0.0
2377062,,2.9,10,0,5,1,2,2,10,0,0.0,4,0.4,6,0.6,10,0,0.0,5,0.5,5,0.5,10,0,0.0,7,0.7,3,0.3,10,0,0.0,0,0.0,0,0.0,10,1.0,0,0.0,10,10,1.0,0,0.0,0,0.0,0,0.0,0,0.0
2377081,제가 쓴 시험뭉제를 보고 잘 공부해보세요. 수업을 잘 들어야되요....,4.29,24,11,9,4,0,0,24,0,0.0,21,0.875,3,0.125,24,21,0.875,2,0.083333,1,0.041667,24,11,0.458333,13,0.541667,0,0.0,24,1,0.041667,13,0.541667,0,0.0,8,0.333333,2,0.083333,24,0,0.0,3,0.125,21,0.875,0,0.0,0,0.0
2377082,"논술형 2문제, 약술형 5문제가 나왓습니다. 분량은 논술형은 한 문제당",4.73,48,36,11,1,0,0,48,13,0.270833,34,0.708333,1,0.020833,48,47,0.979167,1,0.020833,0,0.0,48,20,0.416667,28,0.583333,0,0.0,48,0,0.0,2,0.041667,0,0.0,46,0.958333,0,0.0,48,2,0.041667,42,0.875,4,0.083333,0,0.0,0,0.0
2377087,"수업 열심히 듣고 텍스트에 포함된 내용을 이해하는 것이 중요함, 따로 필",4.2,15,7,4,4,0,0,15,2,0.133333,7,0.466667,6,0.4,15,2,0.133333,9,0.6,4,0.266667,15,10,0.666667,4,0.266667,1,0.066667,15,0,0.0,12,0.8,0,0.0,2,0.133333,1,0.066667,15,0,0.0,0,0.0,15,1.0,0,0.0,0,0.0
2377094,,0,0,0,0,0,0,0,0,0,0.0,0,0.0,0,0.0,0,0,0.0,0,0.0,0,0.0,0,0,0.0,0,0.0,0,0.0,0,0,0.0,0,0.0,0,0.0,0,0.0,0,0.0,0,0,0.0,0,0.0,0,0.0,0,0.0,0,0.0
2377097,,0,0,0,0,0,0,0,0,0,0.0,0,0.0,0,0.0,0,0,0.0,0,0.0,0,0.0,0,0,0.0,0,0.0,0,0.0,0,0,0.0,0,0.0,0,0.0,0,0.0,0,0.0,0,0,0.0,0,0.0,0,0.0,0,0.0,0,0.0
2377098,,0,0,0,0,0,0,0,0,0,0.0,0,0.0,0,0.0,0,0,0.0,0,0.0,0,0.0,0,0,0.0,0,0.0,0,0.0,0,0,0.0,0,0.0,0,0.0,0,0.0,0,0.0,0,0,0.0,0,0.0,0,0.0,0,0.0,0,0.0
2377113,,5,1,1,0,0,0,0,1,0,0.0,1,1.0,0,0.0,1,1,1.0,0,0.0,0,0.0,1,1,1.0,0,0.0,0,0.0,1,0,0.0,0,0.0,0,0.0,1,1.0,0,0.0,1,0,0.0,0,0.0,1,1.0,0,0.0,0,0.0
2377116,교수님이 절대 암기하지 말라하시지만 시험이 엄청난 응용을 요구하기에 암기,4.63,57,39,15,3,0,0,57,43,0.754386,14,0.245614,0,0.0,57,44,0.77193,13,0.22807,0,0.0,57,27,0.473684,30,0.526316,0,0.0,57,0,0.0,52,0.912281,1,0.017544,1,0.017544,3,0.052632,57,0,0.0,0,0.0,57,1.0,0,0.0,0,0.0
2377117,,5,2,2,0,0,0,0,2,0,0.0,2,1.0,0,0.0,2,2,1.0,0,0.0,0,0.0,2,2,1.0,0,0.0,0,0.0,2,0,0.0,1,0.5,0,0.0,0,0.0,1,0.5,2,2,1.0,0,0.0,0,0.0,0,0.0,0,0.0
2377118,과제 및 추천하신 연습문제에서 비슷하게 나오니 연습문제를 많이 돌려 보는,4.76,42,36,4,1,0,1,42,0,0.0,31,0.738095,11,0.261905,42,42,1.0,0,0.0,0,0.0,42,14,0.333333,25,0.595238,3,0.071429,42,6,0.142857,34,0.809524,0,0.0,2,0.047619,0,0.0,42,0,0.0,0,0.0,42,1.0,0,0.0,0,0.0
2377122,"나다 정수명 교수님 시험이었다 객관식 25문제 각 2점, 주관식 13문제",4.72,94,72,18,4,0,0,94,70,0.744681,24,0.255319,0,0.0,94,90,0.957447,4,0.042553,0,0.0,94,53,0.56383,41,0.43617,0,0.0,94,0,0.0,5,0.053191,0,0.0,75,0.797872,14,0.148936,94,0,0.0,16,0.170213,78,0.829787,0,0.0,0,0.0
2377129,시험안봅니다! 매주 수업듣고 한장씩 요약본내고 자소서제출도 때되면 해야합,4.94,16,15,1,0,0,0,16,6,0.375,10,0.625,0,0.0,16,15,0.9375,1,0.0625,0,0.0,16,13,0.8125,3,0.1875,0,0.0,16,0,0.0,3,0.1875,9,0.5625,0,0.0,4,0.25,16,16,1.0,0,0.0,0,0.0,0,0.0,0,0.0
2377132,수업시간에 힌트를 많이 주시니 수업을 잘들으면 좋습니다,5,4,4,0,0,0,0,4,0,0.0,4,1.0,0,0.0,4,4,1.0,0,0.0,0,0.0,4,4,1.0,0,0.0,0,0.0,4,0,0.0,3,0.75,0,0.0,0,0.0,1,0.25,4,0,0.0,0,0.0,4,1.0,0,0.0,0,0.0
2377138,교과서에서 중요한 개념 위주로 정리해서 외우면 됩니다. 범위가 넓어서 그,4.17,78,33,27,17,0,1,78,4,0.051282,60,0.769231,14,0.179487,78,9,0.115385,67,0.858974,2,0.025641,78,34,0.435897,44,0.564103,0,0.0,78,0,0.0,3,0.038462,0,0.0,75,0.961538,0,0.0,78,1,0.012821,70,0.897436,5,0.064103,0,0.0,2,0.025641
2377156,"큰 과제는 타운와칭 프로젝트, 메타버스 실습 (제페토 만들기), 마지막",2.67,72,15,7,13,13,24,72,4,0.055556,45,0.625,23,0.319444,72,1,0.013889,9,0.125,62,0.861111,72,21,0.291667,35,0.486111,16,0.222222,72,0,0.0,12,0.166667,1,0.013889,37,0.513889,22,0.305556,72,67,0.930556,1,0.013889,3,0.041667,1,0.013889,0,0.0
2377166,맞춤법 문제와 주석 만들기 문제가 나옴 맞춤법 문제는 한 문제당 답이 여,3.42,144,30,43,43,14,14,144,20,0.138889,96,0.666667,28,0.194444,144,137,0.951389,4,0.027778,3,0.020833,144,59,0.409722,79,0.548611,6,0.041667,144,0,0.0,6,0.041667,0,0.0,131,0.909722,7,0.048611,144,2,0.013889,112,0.777778,26,0.180556,0,0.0,4,0.027778
2377171,평소에 글 요약하고 과제 올리는 거 댜충해서 올리면 되고 시험은 피피티,1.5,6,0,0,1,1,4,6,0,0.0,1,0.166667,5,0.833333,6,2,0.333333,3,0.5,1,0.166667,6,0,0.0,2,0.333333,4,0.666667,6,1,0.166667,1,0.166667,0,0.0,4,0.666667,0,0.0,6,0,0.0,4,0.666667,2,0.333333,0,0.0,0,0.0
2377174,저는 55점 만점에 약 47점을 받았고(표절 예시가 너무 예상치 못했던,4.71,93,77,9,4,2,1,93,2,0.021505,50,0.537634,41,0.44086,93,81,0.870968,12,0.129032,0,0.0,93,58,0.623656,32,0.344086,3,0.032258,93,0,0.0,1,0.010753,1,0.010753,89,0.956989,2,0.021505,93,1,0.010753,55,0.591398,36,0.387097,1,0.010753,0,0.0
2377176,"2022-2 기준 시험은 중간고사만 있었고, 전체 성적 중 반영 비율은",4.85,134,118,12,4,0,0,134,7,0.052239,91,0.679104,36,0.268657,134,126,0.940299,7,0.052239,1,0.007463,134,79,0.589552,53,0.395522,2,0.014925,134,1,0.007463,5,0.037313,0,0.0,124,0.925373,4,0.029851,134,0,0.0,121,0.902985,13,0.097015,0,0.0,0,0.0
2377181,교수님이 강조하는 부분에서 많이 나오고 법적 용어들 많이 기억해가세요.,4.52,319,218,61,31,5,4,318,105,0.330189,212,0.666667,1,0.003145,318,310,0.974843,7,0.022013,1,0.003145,318,195,0.613208,116,0.36478,7,0.022013,318,46,0.144654,236,0.742138,0,0.0,5,0.015723,31,0.097484,318,0,0.0,7,0.022013,310,0.974843,0,0.0,1,0.003145
2377186,,4.67,6,5,0,1,0,0,6,1,0.166667,3,0.5,2,0.333333,6,0,0.0,2,0.333333,4,0.666667,6,4,0.666667,2,0.333333,0,0.0,6,0,0.0,5,0.833333,0,0.0,1,0.166667,0,0.0,6,6,1.0,0,0.0,0,0.0,0,0.0,0,0.0
2377188,지엽적으로도 많이나와서 꼼꼼히 공부해야하고 공정방법 같은것도 알아두셔야해,4.94,33,31,2,0,0,0,33,32,0.969697,1,0.030303,0,0.0,33,32,0.969697,1,0.030303,0,0.0,33,21,0.636364,11,0.333333,1,0.030303,33,0,0.0,8,0.242424,0,0.0,23,0.69697,2,0.060606,33,0,0.0,0,0.0,33,1.0,0,0.0,0,0.0
2377189,개념만 알고 설명이 나오면 이게 뭔지 적을 수 있을 정도면 충분합니다,5,3,3,0,0,0,0,3,3,1.0,0,0.0,0,0.0,3,3,1.0,0,0.0,0,0.0,3,2,0.666667,1,0.333333,0,0.0,3,0,0.0,3,1.0,0,0.0,0,0.0,0,0.0,3,0,0.0,1,0.333333,2,0.666667,0,0.0,0,0.0
2377190,시험 그냥 작문+번역인데 외우기만 하면 돼요! 그대로 나오는 것도 있지만,3.95,20,10,5,2,0,3,20,4,0.2,12,0.6,4,0.2,20,18,0.9,2,0.1,0,0.0,20,5,0.25,11,0.55,4,0.2,20,0,0.0,0,0.0,0,0.0,20,1.0,0,0.0,20,0,0.0,2,0.1,18,0.9,0,0.0,0,0.0
2377192,- 3:00 ~ 4:15 -> 75분 - 서술형 12문제 * 취재내,4.92,62,57,5,0,0,0,62,36,0.580645,26,0.419355,0,0.0,62,59,0.951613,3,0.048387,0,0.0,62,37,0.596774,25,0.403226,0,0.0,62,0,0.0,39,0.629032,0,0.0,17,0.274194,6,0.096774,62,0,0.0,1,0.016129,60,0.967742,1,0.016129,0,0.0
2377193,교수님께서 시험 전에 다시 중요한 부분 훑어주시는데 그 부분들에 대해 세,4.67,45,34,8,2,1,0,45,4,0.088889,21,0.466667,20,0.444444,45,1,0.022222,3,0.066667,41,0.911111,45,26,0.577778,18,0.4,1,0.022222,45,1,0.022222,38,0.844444,0,0.0,3,0.066667,3,0.066667,45,14,0.311111,26,0.577778,5,0.111111,0,0.0,0,0.0
2377199,스타팅 블록으로 스타팅+50m 달리기 스타팅 자세가 가장 중요한 듯 +,4.86,7,6,1,0,0,0,7,5,0.714286,2,0.285714,0,0.0,7,7,1.0,0,0.0,0,0.0,7,6,0.857143,1,0.142857,0,0.0,7,1,0.142857,0,0.0,0,0.0,6,0.857143,0,0.0,7,0,0.0,1,0.142857,6,0.857143,0,0.0,0,0.0
2377200,,4.75,8,7,0,1,0,0,8,1,0.125,7,0.875,0,0.0,8,2,0.25,6,0.75,0,0.0,8,7,0.875,1,0.125,0,0.0,8,0,0.0,2,0.25,0,0.0,6,0.75,0,0.0,8,6,0.75,0,0.0,1,0.125,1,0.125,0,0.0
2377205,교수님의 복습 범위에 따라 복습해야 하고 내용은 반드시 정독해야 한다.,4.71,31,26,3,1,0,1,31,10,0.322581,21,0.677419,0,0.0,31,27,0.870968,4,0.129032,0,0.0,31,20,0.645161,11,0.354839,0,0.0,31,0,0.0,1,0.032258,0,0.0,27,0.870968,3,0.096774,31,0,0.0,0,0.0,31,1.0,0,0.0,0,0.0
2377209,히트상품이랑 기말과제에서 변별할 확률이 높다. 발표는 학생들이 점수를 똑,3.02,63,9,12,21,13,8,63,3,0.047619,43,0.68254,17,0.269841,63,0,0.0,14,0.222222,49,0.777778,63,16,0.253968,36,0.571429,11,0.174603,63,1,0.015873,14,0.222222,1,0.015873,31,0.492063,16,0.253968,63,50,0.793651,10,0.15873,3,0.047619,0,0.0,0,0.0
2377230,2개의 글쓰기가 있는데 교수님이 시키는대로 하다가 마지막 피드백 받을 때,5,3,3,0,0,0,0,3,1,0.333333,0,0.0,2,0.666667,3,0,0.0,1,0.333333,2,0.666667,3,3,1.0,0,0.0,0,0.0,3,0,0.0,0,0.0,0,0.0,1,0.333333,2,0.666667,3,3,1.0,0,0.0,0,0.0,0,0.0,0,0.0
2377232,대부분 사례 기반 서술이라 제시문을 읽고 어떤 상황인지 본인의 생각을 덧,4.17,12,8,2,0,0,2,12,2,0.166667,8,0.666667,2,0.166667,12,1,0.083333,5,0.416667,6,0.5,12,5,0.416667,5,0.416667,2,0.166667,12,0,0.0,2,0.166667,0,0.0,9,0.75,1,0.083333,12,1,0.083333,11,0.916667,0,0.0,0,0.0,0,0.0
2377238,"팀프로젝트가 곧 시험임 랜덤으로 팀 생성 주제, 멘토도 다 랜덤이기 때",4.75,52,43,7,1,0,1,52,14,0.269231,28,0.538462,10,0.192308,52,1,0.019231,13,0.25,38,0.730769,52,43,0.826923,9,0.173077,0,0.0,52,1,0.019231,40,0.769231,0,0.0,4,0.076923,7,0.134615,52,51,0.980769,0,0.0,0,0.0,1,0.019231,0,0.0
2377240,시험은 없지만 매주 써야하는 것 시간 맞춰서 잘 쓰세요 !! 어디서 깎,4.33,52,36,9,0,2,5,52,5,0.096154,31,0.596154,16,0.307692,52,3,0.057692,17,0.326923,32,0.615385,52,36,0.692308,14,0.269231,2,0.038462,52,18,0.346154,1,0.019231,0,0.0,9,0.173077,24,0.461538,52,50,0.961538,0,0.0,2,0.038462,0,0.0,0,0.0
2377242,시험은 기말 1번에 단답형과 객관식이 섞인 스무 문항입니다 세미나하러 오,5,12,12,0,0,0,0,12,12,1.0,0,0.0,0,0.0,12,12,1.0,0,0.0,0,0.0,12,12,1.0,0,0.0,0,0.0,12,1,0.083333,2,0.166667,0,0.0,9,0.75,0,0.0,12,1,0.083333,10,0.833333,1,0.083333,0,0.0,0,0.0
2377254,,4.7,10,8,1,1,0,0,10,3,0.3,6,0.6,1,0.1,10,9,0.9,1,0.1,0,0.0,10,3,0.3,6,0.6,1,0.1,10,7,0.7,0,0.0,0,0.0,2,0.2,1,0.1,10,10,1.0,0,0.0,0,0.0,0,0.0,0,0.0
2377259,,0,0,0,0,0,0,0,0,0,0.0,0,0.0,0,0.0,0,0,0.0,0,0.0,0,0.0,0,0,0.0,0,0.0,0,0.0,0,0,0.0,0,0.0,0,0.0,0,0.0,0,0.0,0,0,0.0,0,0.0,0,0.0,0,0.0,0,0.0
239745,"노벨강의 잘 정리하기 강의에 딥한 내용이 많은데, 시험 문제에서 다행이",3.64,14,2,5,7,0,0,14,5,0.357143,3,0.214286,6,0.428571,14,6,0.428571,4,0.285714,4,0.285714,14,7,0.5,7,0.5,0,0.0,14,0,0.0,1,0.071429,0,0.0,13,0.928571,0,0.0,14,2,0.142857,8,0.571429,4,0.285714,0,0.0,0,0.0
239751,,0,0,0,0,0,0,0,0,0,0.0,0,0.0,0,0.0,0,0,0.0,0,0.0,0,0.0,0,0,0.0,0,0.0,0,0.0,0,0,0.0,0,0.0,0,0.0,0,0.0,0,0.0,0,0,0.0,0,0.0,0,0.0,0,0.0,0,0.0
241834,논술형 시험이었어요! 1시간 안에 5문제를 8줄 이상?씩 써야해서 시간이,4.04,178,65,69,36,3,5,178,60,0.337079,117,0.657303,1,0.005618,178,165,0.926966,13,0.073034,0,0.0,178,50,0.280899,121,0.679775,7,0.039326,178,1,0.005618,121,0.679775,1,0.005618,41,0.230337,14,0.078652,178,0,0.0,3,0.016854,150,0.842697,10,0.05618,15,0.08427
241836,중간: 자기 수업 내용 각 주차별로 정리하고(그룹디스커션이라 함) 질문들,2.85,84,13,17,22,8,24,84,13,0.154762,45,0.535714,26,0.309524,84,14,0.166667,40,0.47619,30,0.357143,84,32,0.380952,45,0.535714,7,0.083333,84,15,0.178571,21,0.25,3,0.035714,23,0.27381,22,0.261905,84,0,0.0,1,0.011905,82,0.97619,1,0.011905,0,0.0
242669,족보가 있으면 매우 편함 퀴즈 평소에 열심히 공부해서 봤다면 객관식은 쉬,4.71,38,28,9,1,0,0,38,20,0.526316,18,0.473684,0,0.0,38,1,0.026316,34,0.894737,3,0.078947,38,16,0.421053,21,0.552632,1,0.026316,38,1,0.026316,20,0.526316,0,0.0,4,0.105263,13,0.342105,38,0,0.0,12,0.315789,20,0.526316,0,0.0,6,0.157895
2454546,"빈칸 문제는 논어 구절 최대한 많이 외우세요,,,, 나름 외웠다고 생각했",4.72,160,126,27,5,0,2,160,79,0.49375,81,0.50625,0,0.0,160,154,0.9625,6,0.0375,0,0.0,160,78,0.4875,79,0.49375,3,0.01875,160,2,0.0125,13,0.08125,1,0.00625,139,0.86875,5,0.03125,160,1,0.00625,61,0.38125,96,0.6,2,0.0125,0,0.0
2454551,1. 자기소개 글(?) : 자기에게 영감을 준 예술적 대상 (초반에 간단,4.47,139,86,37,12,4,0,139,13,0.093525,107,0.769784,19,0.136691,139,135,0.971223,3,0.021583,1,0.007194,139,81,0.582734,53,0.381295,5,0.035971,139,2,0.014388,117,0.841727,0,0.0,1,0.007194,19,0.136691,139,129,0.928058,2,0.014388,7,0.05036,0,0.0,1,0.007194
2454561,"교안을 다 외우세요. 그럼 됩니다. 총 약술형 20문재, 논술형 2문제",4.5,56,35,15,5,1,0,56,35,0.625,21,0.375,0,0.0,56,55,0.982143,1,0.017857,0,0.0,56,17,0.303571,34,0.607143,5,0.089286,56,3,0.053571,2,0.035714,0,0.0,16,0.285714,35,0.625,56,0,0.0,56,1.0,0,0.0,0,0.0,0,0.0
2454566,시험이 쉬워서 되려 쓸 내용이 많아서 요약하느라 진땀뺐음 그냥 교수님이,4.85,53,46,6,1,0,0,53,18,0.339623,34,0.641509,1,0.018868,53,53,1.0,0,0.0,0,0.0,53,31,0.584906,21,0.396226,1,0.018868,53,0,0.0,10,0.188679,1,0.018868,26,0.490566,16,0.301887,53,0,0.0,4,0.075472,48,0.90566,0,0.0,1,0.018868
2454576,,0,0,0,0,0,0,0,0,0,0.0,0,0.0,0,0.0,0,0,0.0,0,0.0,0,0.0,0,0,0.0,0,0.0,0,0.0,0,0,0.0,0,0.0,0,0.0,0,0.0,0,0.0,0,0,0.0,0,0.0,0,0.0,0,0.0,0,0.0
2454618,,4.86,14,12,2,0,0,0,14,0,0.0,9,0.642857,5,0.357143,14,14,1.0,0,0.0,0,0.0,14,11,0.785714,3,0.214286,0,0.0,14,0,0.0,0,0.0,0,0.0,10,0.714286,4,0.285714,14,0,0.0,12,0.857143,2,0.142857,0,0.0,0,0.0
2454620,"기말고사 범위의 경우 굵직한 단원들이 적어서 배점이 큰 단답형, 약술형",4.26,38,16,16,6,0,0,38,4,0.105263,33,0.868421,1,0.026316,38,37,0.973684,1,0.026316,0,0.0,38,9,0.236842,25,0.657895,4,0.105263,38,0,0.0,1,0.026316,0,0.0,29,0.763158,8,0.210526,38,0,0.0,1,0.026316,37,0.973684,0,0.0,0,0.0
2454646,"문제 8문제 소문항 3, 4개씩 시간 1시간 30분 . 개념 이론 1,",4.58,69,45,19,5,0,0,69,2,0.028986,12,0.173913,55,0.797101,69,6,0.086957,22,0.318841,41,0.594203,69,15,0.217391,52,0.753623,2,0.028986,69,4,0.057971,26,0.376812,12,0.173913,18,0.26087,9,0.130435,69,0,0.0,68,0.985507,1,0.014493,0,0.0,0,0.0
2454662,예상 문제 네 문제 알려주시고 그 중 세 문제 출제하십니다. 관련 개념끼,4.78,18,15,2,1,0,0,18,7,0.388889,11,0.611111,0,0.0,18,14,0.777778,4,0.222222,0,0.0,18,2,0.111111,14,0.777778,2,0.111111,18,0,0.0,10,0.555556,1,0.055556,1,0.055556,6,0.333333,18,0,0.0,0,0.0,18,1.0,0,0.0,0,0.0
2454663,중간고사 없이 기말고사 한 번 봤습니다. 총 4문제 시험시간 80분이었고,5,8,8,0,0,0,0,8,5,0.625,3,0.375,0,0.0,8,2,0.25,2,0.25,4,0.5,8,8,1.0,0,0.0,0,0.0,8,0,0.0,0,0.0,0,0.0,7,0.875,1,0.125,8,0,0.0,8,1.0,0,0.0,0,0.0,0,0.0
2454716,온라인 논술형 시험인데 자기 생각만을 적는 느낌보다는 수업 시간에 배운,4.91,11,10,1,0,0,0,11,0,0.0,8,0.727273,3,0.272727,11,5,0.454545,4,0.363636,2,0.181818,11,10,0.909091,1,0.090909,0,0.0,11,0,0.0,3,0.272727,0,0.0,7,0.636364,1,0.090909,11,1,0.090909,0,0.0,10,0.909091,0,0.0,0,0.0
2454744,"강의, 교수님께서 수업 시간에 알려준 내용 모두 꼭 메모하고 정리해 놓으",4.42,12,9,1,1,0,1,12,0,0.0,6,0.5,6,0.5,12,2,0.166667,5,0.416667,5,0.416667,12,2,0.166667,7,0.583333,3,0.25,12,1,0.083333,6,0.5,0,0.0,5,0.416667,0,0.0,12,4,0.333333,4,0.333333,4,0.333333,0,0.0,0,0.0
2454761,,0,0,0,0,0,0,0,0,0,0.0,0,0.0,0,0.0,0,0,0.0,0,0.0,0,0.0,0,0,0.0,0,0.0,0,0.0,0,0,0.0,0,0.0,0,0.0,0,0.0,0,0.0,0,0,0.0,0,0.0,0,0.0,0,0.0,0,0.0
2454764,"T/F 문제 20, 객관식 문제28 30분 동안 48 문제를 다 풀어야",4.8,35,28,7,0,0,0,35,34,0.971429,1,0.028571,0,0.0,35,34,0.971429,1,0.028571,0,0.0,35,19,0.542857,16,0.457143,0,0.0,35,3,0.085714,21,0.6,0,0.0,9,0.257143,2,0.057143,35,0,0.0,0,0.0,35,1.0,0,0.0,0,0.0
2454786,중간고사는 학기 중에 진행되는 팀 프로젝트와 연관된 주제로 니루어졌습니다,5,1,1,0,0,0,0,1,0,0.0,0,0.0,1,1.0,1,0,0.0,1,1.0,0,0.0,1,0,0.0,1,1.0,0,0.0,1,0,0.0,0,0.0,0,0.0,1,1.0,0,0.0,1,1,1.0,0,0.0,0,0.0,0,0.0,0,0.0
2454794,,5,2,2,0,0,0,0,2,0,0.0,2,1.0,0,0.0,2,2,1.0,0,0.0,0,0.0,2,2,1.0,0,0.0,0,0.0,2,0,0.0,0,0.0,0,0.0,2,1.0,0,0.0,2,1,0.5,1,0.5,0,0.0,0,0.0,0,0.0
2454861,"토론 열심히 참여하면 쓸 수 있음 한문제당 열줄내외, 한시간 타임어텍",4.5,20,13,4,3,0,0,20,4,0.2,15,0.75,1,0.05,20,0,0.0,9,0.45,11,0.55,20,11,0.55,9,0.45,0,0.0,20,0,0.0,7,0.35,0,0.0,8,0.4,5,0.25,20,1,0.05,6,0.3,13,0.65,0,0.0,0,0.0
2454865,강의를 열심히 듣고 레포트를 열심히 쓰자 성실하면 된다,4.84,32,28,3,1,0,0,32,9,0.28125,22,0.6875,1,0.03125,32,31,0.96875,1,0.03125,0,0.0,32,28,0.875,4,0.125,0,0.0,32,1,0.03125,15,0.46875,0,0.0,16,0.5,0,0.0,32,26,0.8125,2,0.0625,3,0.09375,1,0.03125,0,0.0
2454878,,4.77,13,11,1,1,0,0,13,0,0.0,9,0.692308,4,0.307692,13,2,0.153846,6,0.461538,5,0.384615,13,9,0.692308,4,0.307692,0,0.0,13,0,0.0,1,0.076923,0,0.0,12,0.923077,0,0.0,13,12,0.923077,0,0.0,1,0.076923,0,0.0,0,0.0
2454893,인터넷 계산기 불가한 오픈북 시험입니다. 그래서 공식은 외울 필요는 없지,4.85,68,62,4,1,0,1,68,19,0.279412,48,0.705882,1,0.014706,68,67,0.985294,1,0.014706,0,0.0,68,50,0.735294,18,0.264706,0,0.0,68,1,0.014706,19,0.279412,7,0.102941,7,0.102941,34,0.5,68,0,0.0,0,0.0,68,1.0,0,0.0,0,0.0
2454894,,3,1,0,0,1,0,0,1,0,0.0,1,1.0,0,0.0,1,0,0.0,0,0.0,1,1.0,1,0,0.0,0,0.0,1,1.0,1,0,0.0,1,1.0,0,0.0,0,0.0,0,0.0,1,0,0.0,0,0.0,1,1.0,0,0.0,0,0.0
2454906,하버드 논문 9개 내용 전부 다 시험에 출제됨. Core teaching,4.41,41,24,11,5,1,0,41,1,0.02439,33,0.804878,7,0.170732,41,25,0.609756,11,0.268293,5,0.121951,41,22,0.536585,19,0.463415,0,0.0,41,0,0.0,37,0.902439,0,0.0,0,0.0,4,0.097561,41,0,0.0,12,0.292683,29,0.707317,0,0.0,0,0.0
2454912,교안에 나온 예제와 과제 문제에서 약간 변형되어 나오니 교안예제와 과제를,4.07,102,44,33,17,4,4,102,4,0.039216,53,0.519608,45,0.441176,102,97,0.95098,3,0.029412,2,0.019608,102,66,0.647059,34,0.333333,2,0.019608,102,0,0.0,84,0.823529,0,0.0,6,0.058824,12,0.117647,102,0,0.0,0,0.0,101,0.990196,1,0.009804,0,0.0
2454916,시험 전주에 문제와 해당 슬라이드를 모두 짚어주시니 빠르게 잘 따라가시면,4.35,68,39,18,8,2,1,68,51,0.75,16,0.235294,1,0.014706,68,67,0.985294,0,0.0,1,0.014706,68,39,0.573529,25,0.367647,4,0.058824,68,1,0.014706,53,0.779412,0,0.0,3,0.044118,11,0.161765,68,0,0.0,0,0.0,68,1.0,0,0.0,0,0.0
2454930,오픈북이라 빠르게 찾을 수 있어야 합니다! 아이패드를 쓰신다면 굿노트의,4.22,27,15,7,3,0,2,27,11,0.407407,15,0.555556,1,0.037037,27,24,0.888889,2,0.074074,1,0.037037,27,16,0.592593,10,0.37037,1,0.037037,27,0,0.0,3,0.111111,0,0.0,22,0.814815,2,0.074074,27,0,0.0,2,0.074074,25,0.925926,0,0.0,0,0.0
2454935,자유투와 양쪽 레이업함 조금만 놓치면 성적 나락감,5,24,24,0,0,0,0,24,18,0.75,6,0.25,0,0.0,24,21,0.875,0,0.0,3,0.125,24,13,0.541667,11,0.458333,0,0.0,24,0,0.0,1,0.041667,1,0.041667,21,0.875,1,0.041667,24,9,0.375,14,0.583333,1,0.041667,0,0.0,0,0.0
2454943,교수님돠 토론 나누었던 것을 주제로 잡아 페이퍼 작성하시면 보다 수월하게,4.86,7,6,1,0,0,0,7,0,0.0,6,0.857143,1,0.142857,7,6,0.857143,1,0.142857,0,0.0,7,7,1.0,0,0.0,0,0.0,7,0,0.0,6,0.857143,0,0.0,1,0.142857,0,0.0,7,7,1.0,0,0.0,0,0.0,0,0.0,0,0.0
2454945,교안만 열심히 봐도 잘 풀 수 있어요 특히 교안의 워딩을 잘 기억해두세요,4.29,28,19,3,3,1,2,28,17,0.607143,11,0.392857,0,0.0,28,26,0.928571,2,0.071429,0,0.0,28,12,0.428571,14,0.5,2,0.071429,28,0,0.0,8,0.285714,0,0.0,17,0.607143,3,0.107143,28,0,0.0,24,0.857143,3,0.107143,1,0.035714,0,0.0
2454949,교수님 수업 잘 듣고 시험 때 내용만 대춘 알고 있어도 됌,3.84,19,9,3,4,1,2,19,12,0.631579,7,0.368421,0,0.0,19,9,0.473684,8,0.421053,2,0.105263,19,8,0.421053,10,0.526316,1,0.052632,19,1,0.052632,13,0.684211,1,0.052632,1,0.052632,3,0.157895,19,0,0.0,19,1.0,0,0.0,0,0.0,0,0.0
2454953,"중간, 기말 시험은 없고 포트폴리오가 대체과제로 주어집니다. 포트폴리오는",4.64,47,35,9,2,0,1,47,9,0.191489,30,0.638298,8,0.170213,47,13,0.276596,21,0.446809,13,0.276596,47,34,0.723404,13,0.276596,0,0.0,47,1,0.021277,7,0.148936,0,0.0,24,0.510638,15,0.319149,47,43,0.914894,2,0.042553,2,0.042553,0,0.0,0,0.0
2454955,이건 벼락치기로 시험 준비 하면 안되고 최소 1주일정도 잡아놓고 꾸준히,4.81,195,163,27,4,1,0,195,8,0.041026,160,0.820513,27,0.138462,195,184,0.94359,10,0.051282,1,0.005128,195,122,0.625641,72,0.369231,1,0.005128,195,2,0.010256,152,0.779487,0,0.0,8,0.041026,33,0.169231,195,0,0.0,0,0.0,189,0.969231,1,0.005128,5,0.025641
2454968,T/F형 문제와 그냥 일반 풀이형 문제로 나와요 교안에서 많이 나옵니다!,4.77,125,105,15,3,0,2,125,65,0.52,57,0.456,3,0.024,125,121,0.968,4,0.032,0,0.0,125,74,0.592,49,0.392,2,0.016,125,6,0.048,92,0.736,2,0.016,15,0.12,10,0.08,125,0,0.0,0,0.0,125,1.0,0,0.0,0,0.0
2454996,"기본적으로 svd decomposition, LU factorizatio",3.14,14,2,2,7,2,1,14,4,0.285714,10,0.714286,0,0.0,14,5,0.357143,9,0.642857,0,0.0,14,7,0.5,7,0.5,0,0.0,14,0,0.0,4,0.285714,0,0.0,8,0.571429,2,0.142857,14,0,0.0,0,0.0,0,0.0,13,0.928571,1,0.071429
2455003,,4.55,11,8,1,2,0,0,11,1,0.090909,7,0.636364,3,0.272727,11,6,0.545455,4,0.363636,1,0.090909,11,3,0.272727,6,0.545455,2,0.181818,11,0,0.0,2,0.181818,0,0.0,8,0.727273,1,0.090909,11,10,0.909091,0,0.0,1,0.090909,0,0.0,0,0.0
2455006,교수님께서 수업 중에 이 부분은 시험문제 내기 좋겠죠? 이런 식으로 힌트,4.32,82,46,21,12,1,2,82,68,0.829268,14,0.170732,0,0.0,82,81,0.987805,1,0.012195,0,0.0,82,18,0.219512,50,0.609756,14,0.170732,82,0,0.0,50,0.609756,0,0.0,22,0.268293,10,0.121951,82,1,0.012195,0,0.0,80,0.97561,1,0.012195,0,0.0
2455009,,0,0,0,0,0,0,0,0,0,0.0,0,0.0,0,0.0,0,0,0.0,0,0.0,0,0.0,0,0,0.0,0,0.0,0,0.0,0,0,0.0,0,0.0,0,0.0,0,0.0,0,0.0,0,0,0.0,0,0.0,0,0.0,0,0.0,0,0.0
2455035,,0,0,0,0,0,0,0,0,0,0.0,0,0.0,0,0.0,0,0,0.0,0,0.0,0,0.0,0,0,0.0,0,0.0,0,0.0,0,0,0.0,0,0.0,0,0.0,0,0.0,0,0.0,0,0,0.0,0,0.0,0,0.0,0,0.0,0,0.0
2455050,제페토 점수는 무시할 정도고 팀플 잘 하면 점수 잘 주십니다,2.8,224,42,38,47,27,70,224,5,0.022321,112,0.5,107,0.477679,224,1,0.004464,28,0.125,195,0.870536,224,44,0.196429,119,0.53125,61,0.272321,224,1,0.004464,26,0.116071,22,0.098214,68,0.303571,107,0.477679,224,194,0.866071,21,0.09375,7,0.03125,1,0.004464,1,0.004464
2455055,,3.5,6,1,2,2,1,0,6,1,0.166667,4,0.666667,1,0.166667,6,0,0.0,5,0.833333,1,0.166667,6,1,0.166667,4,0.666667,1,0.166667,6,0,0.0,1,0.166667,0,0.0,5,0.833333,0,0.0,6,2,0.333333,1,0.166667,3,0.5,0,0.0,0,0.0
2455059,혹시나 역시나 망융딥니다. 내가 왜 이 학점을 받았는지 모릅니다. 이걸,3.17,23,4,6,8,0,5,23,1,0.043478,17,0.73913,5,0.217391,23,1,0.043478,3,0.130435,19,0.826087,23,2,0.086957,17,0.73913,4,0.173913,23,1,0.043478,5,0.217391,1,0.043478,7,0.304348,9,0.391304,23,22,0.956522,1,0.043478,0,0.0,0,0.0,0,0.0
2455060,시험이 오픈북이라고 하지만 다 ppt에서 나오기 때문에 매주 수업 끝나고,4.86,7,6,1,0,0,0,7,5,0.714286,2,0.285714,0,0.0,7,2,0.285714,5,0.714286,0,0.0,7,6,0.857143,1,0.142857,0,0.0,7,0,0.0,3,0.428571,0,0.0,4,0.571429,0,0.0,7,0,0.0,1,0.142857,6,0.857143,0,0.0,0,0.0
2576226,그냥 pdf주신걸 달달달달달달 외워야함 내용을 묻는다기보단..그냥 굉장히,3.24,79,14,25,17,12,11,79,0,0.0,10,0.126582,69,0.873418,79,3,0.037975,27,0.341772,49,0.620253,79,12,0.151899,46,0.582278,21,0.265823,79,0,0.0,68,0.860759,1,0.012658,3,0.037975,7,0.088608,79,0,0.0,1,0.012658,70,0.886076,5,0.063291,3,0.037975
2576227,The examination is basically a multiple,4.4,5,3,1,1,0,0,5,2,0.4,3,0.6,0,0.0,5,0,0.0,2,0.4,3,0.6,5,3,0.6,2,0.4,0,0.0,5,0,0.0,4,0.8,0,0.0,1,0.2,0,0.0,5,0,0.0,0,0.0,5,1.0,0,0.0,0,0.0
2576228,난이도 쉽게 내십니다. 키워드 중심으로 암기 하시고 시험범위에서 딱봐도,4.75,77,64,10,1,1,1,77,31,0.402597,40,0.519481,6,0.077922,77,23,0.298701,53,0.688312,1,0.012987,77,49,0.636364,26,0.337662,2,0.025974,77,0,0.0,4,0.051948,0,0.0,72,0.935065,1,0.012987,77,0,0.0,49,0.636364,28,0.363636,0,0.0,0,0.0
2576239,교안 내에서 아주 충실하게 출제됩니다. 교수님이 수업시간에 이런 건 시험,4.73,33,27,5,0,0,1,33,5,0.151515,26,0.787879,2,0.060606,33,3,0.090909,18,0.545455,12,0.363636,33,22,0.666667,11,0.333333,0,0.0,33,0,0.0,29,0.878788,0,0.0,0,0.0,4,0.121212,33,0,0.0,0,0.0,33,1.0,0,0.0,0,0.0
2576243,공통시험이였습니다. 난이도는 평이했던거같고 전부 서술형이라 풀이과정에서,4.87,61,56,4,0,0,1,61,20,0.327869,40,0.655738,1,0.016393,61,60,0.983607,0,0.0,1,0.016393,61,20,0.327869,37,0.606557,4,0.065574,61,24,0.393443,24,0.393443,0,0.0,0,0.0,13,0.213115,61,0,0.0,15,0.245902,46,0.754098,0,0.0,0,0.0
2576247,총 12문제가 나옵니다 매년 같을지는 모르겠습니다만.. 1) 난이도: 쉽,4.59,222,159,43,15,1,4,222,105,0.472973,99,0.445946,18,0.081081,222,216,0.972973,4,0.018018,2,0.009009,222,38,0.171171,154,0.693694,30,0.135135,222,24,0.108108,167,0.752252,0,0.0,8,0.036036,23,0.103604,222,0,0.0,4,0.018018,218,0.981982,0,0.0,0,0.0
2576248,-시험 준비에 있어 시간을 써야 할 부분- 과제의 굵직한 문제에 시간을,4.08,36,16,12,4,3,1,36,16,0.444444,19,0.527778,1,0.027778,36,36,1.0,0,0.0,0,0.0,36,5,0.138889,23,0.638889,8,0.222222,36,4,0.111111,25,0.694444,0,0.0,0,0.0,7,0.194444,36,0,0.0,0,0.0,36,1.0,0,0.0,0,0.0
2576249,,5,21,21,0,0,0,0,21,2,0.095238,10,0.47619,9,0.428571,21,4,0.190476,9,0.428571,8,0.380952,21,16,0.761905,5,0.238095,0,0.0,21,0,0.0,5,0.238095,4,0.190476,5,0.238095,7,0.333333,21,19,0.904762,0,0.0,1,0.047619,0,0.0,1,0.047619
2576250,,4.86,7,6,1,0,0,0,7,0,0.0,4,0.571429,3,0.428571,7,1,0.142857,4,0.571429,2,0.285714,7,4,0.571429,3,0.428571,0,0.0,7,0,0.0,5,0.714286,2,0.285714,0,0.0,0,0.0,7,6,0.857143,1,0.142857,0,0.0,0,0.0,0,0.0
2576257,"9문제, 총 20점 배점 전체적으로 피피티 내용에 역사 이야기가 많은데",4.66,62,46,12,3,1,0,62,7,0.112903,50,0.806452,5,0.080645,62,0,0.0,61,0.983871,1,0.016129,62,34,0.548387,27,0.435484,1,0.016129,62,0,0.0,25,0.403226,0,0.0,22,0.354839,15,0.241935,62,7,0.112903,50,0.806452,5,0.080645,0,0.0,0,0.0
2576261,중간고사는 대체 과제 제출로 진행했습니다. 미리 시간적 여유를 두고 진행,4.71,68,58,6,1,0,3,68,33,0.485294,32,0.470588,3,0.044118,68,64,0.941176,3,0.044118,1,0.014706,68,44,0.647059,21,0.308824,3,0.044118,68,1,0.014706,62,0.911765,1,0.014706,1,0.014706,3,0.044118,68,57,0.838235,0,0.0,11,0.161765,0,0.0,0,0.0
2576267,시험은 대체 시험입니다. 포트폴리오 작성하기가 과제이고 대체 과제라 시험,4.28,32,21,4,4,1,2,32,0,0.0,2,0.0625,30,0.9375,32,13,0.40625,15,0.46875,4,0.125,32,20,0.625,12,0.375,0,0.0,32,1,0.03125,9,0.28125,1,0.03125,10,0.3125,11,0.34375,32,31,0.96875,0,0.0,1,0.03125,0,0.0,0,0.0
2576275,회계 첨 듣는 사람이면 용어정리 개빡세게 해야됨 용어갖고 말장난 개많이,4.4,280,155,92,26,3,4,280,273,0.975,7,0.025,0,0.0,280,276,0.985714,4,0.014286,0,0.0,280,52,0.185714,215,0.767857,13,0.046429,280,88,0.314286,161,0.575,1,0.003571,1,0.003571,29,0.103571,280,0,0.0,2,0.007143,277,0.989286,1,0.003571,0,0.0
2576277,ppt에 나온 내용 보면 다 쓸 수 있는 정도였습니다. 시험에 출제되는,4.02,41,18,11,8,3,1,41,10,0.243902,26,0.634146,5,0.121951,41,13,0.317073,10,0.243902,18,0.439024,41,14,0.341463,26,0.634146,1,0.02439,41,0,0.0,7,0.170732,0,0.0,29,0.707317,5,0.121951,41,14,0.341463,15,0.365854,12,0.292683,0,0.0,0,0.0
2576278,교안 참고 가능한 오픈북 형태라 미리 적어볼 수 있어요!! 약 2페이지,4.66,53,43,7,0,1,2,53,51,0.962264,2,0.037736,0,0.0,53,53,1.0,0,0.0,0,0.0,53,35,0.660377,15,0.283019,3,0.056604,53,0,0.0,31,0.584906,0,0.0,6,0.113208,16,0.301887,53,1,0.018868,50,0.943396,2,0.037736,0,0.0,0,0.0
2576279,강의 때 풀어주는 예제와 퀴즈 꼼꼼히 풀어보기 특히 자세히 설명해주는 문,4.79,80,69,8,1,1,1,80,35,0.4375,43,0.5375,2,0.025,80,80,1.0,0,0.0,0,0.0,80,68,0.85,11,0.1375,1,0.0125,80,2,0.025,57,0.7125,0,0.0,16,0.2,5,0.0625,80,0,0.0,0,0.0,79,0.9875,0,0.0,1,0.0125
2576281,기말 시험 없고 과제로 대체합니다! pf과목이지만 과제는 많은 편이고 발,3.28,18,5,3,6,0,4,18,1,0.055556,12,0.666667,5,0.277778,18,13,0.722222,4,0.222222,1,0.055556,18,8,0.444444,9,0.5,1,0.055556,18,0,0.0,16,0.888889,0,0.0,1,0.055556,1,0.055556,18,9,0.5,9,0.5,0,0.0,0,0.0,0,0.0
2576289,시험은 없고 어깨동무만 조장 잘 도와서 채워넣으면 70점 금방 넘길 수,4.87,87,82,3,0,0,2,87,53,0.609195,32,0.367816,2,0.022989,87,60,0.689655,26,0.298851,1,0.011494,87,70,0.804598,15,0.172414,2,0.022989,87,65,0.747126,10,0.114943,1,0.011494,3,0.034483,8,0.091954,87,82,0.942529,2,0.022989,1,0.011494,1,0.011494,1,0.011494
2576296,기말 한번만 보는데 시험은 가볍게 전날 피피티 한번 쭉 읽어보고 시험 직,4,5,3,1,0,0,1,5,1,0.2,4,0.8,0,0.0,5,1,0.2,3,0.6,1,0.2,5,2,0.4,3,0.6,0,0.0,5,0,0.0,1,0.2,0,0.0,4,0.8,0,0.0,5,1,0.2,4,0.8,0,0.0,0,0.0,0,0.0
2576297,기말 논술과제에 대한 중간 프로포절 작성하는겁니다! 주제도 자유고 시험없,4.91,22,20,2,0,0,0,22,5,0.227273,16,0.727273,1,0.045455,22,9,0.409091,6,0.272727,7,0.318182,22,18,0.818182,4,0.181818,0,0.0,22,0,0.0,8,0.363636,0,0.0,12,0.545455,2,0.090909,22,17,0.772727,2,0.090909,3,0.136364,0,0.0,0,0.0
2576298,"시험은 기말과제로 대체되는데, 2페이지 가량의 에세이입니다! 그냥 한 학",4.58,12,8,3,1,0,0,12,0,0.0,6,0.5,6,0.5,12,2,0.166667,4,0.333333,6,0.5,12,6,0.5,6,0.5,0,0.0,12,0,0.0,10,0.833333,0,0.0,1,0.083333,1,0.083333,12,7,0.583333,4,0.333333,1,0.083333,0,0.0,0,0.0
2576306,코딩한 것을 보기로 주고 결과를 작성해야하는 유형이 대부분이다. 수업시,4.5,62,43,12,4,1,2,62,57,0.919355,4,0.064516,1,0.016129,62,60,0.967742,2,0.032258,0,0.0,62,45,0.725806,17,0.274194,0,0.0,62,3,0.048387,27,0.435484,0,0.0,10,0.16129,22,0.354839,62,0,0.0,0,0.0,4,0.064516,1,0.016129,57,0.919355
2576311,,5,2,2,0,0,0,0,2,2,1.0,0,0.0,0,0.0,2,1,0.5,0,0.0,1,0.5,2,2,1.0,0,0.0,0,0.0,2,0,0.0,0,0.0,0,0.0,1,0.5,1,0.5,2,2,1.0,0,0.0,0,0.0,0,0.0,0,0.0
2576313,수업 시간에 하시는 회계에 대한 기본지식과 문제 풀이 능력을 보시는 것,3.89,28,7,14,4,3,0,28,0,0.0,4,0.142857,24,0.857143,28,24,0.857143,4,0.142857,0,0.0,28,14,0.5,11,0.392857,3,0.107143,28,0,0.0,1,0.035714,1,0.035714,21,0.75,5,0.178571,28,0,0.0,8,0.285714,20,0.714286,0,0.0,0,0.0
2576315,시험이 없음... 기말 프로젝트 하나 있음 과거 뉴스 데이터 사용해서 선,3.63,8,3,2,0,3,0,8,1,0.125,5,0.625,2,0.25,8,5,0.625,3,0.375,0,0.0,8,4,0.5,4,0.5,0,0.0,8,0,0.0,2,0.25,0,0.0,5,0.625,1,0.125,8,8,1.0,0,0.0,0,0.0,0,0.0,0,0.0
2576323,"시험은 사례형 객관식으로 나옵니다. 경영상황이 주어지고, 그에 맞는 개념",4.94,100,94,6,0,0,0,100,57,0.57,43,0.43,0,0.0,100,32,0.32,62,0.62,6,0.06,100,70,0.7,30,0.3,0,0.0,100,1,0.01,69,0.69,0,0.0,12,0.12,18,0.18,100,1,0.01,1,0.01,98,0.98,0,0.0,0,0.0
2576325,기말 한번만 보는 교수님 문제는 어차피 퀴즈에서 대부분 똑같이 나오기 때,4.77,13,11,1,1,0,0,13,8,0.615385,3,0.230769,2,0.153846,13,12,0.923077,1,0.076923,0,0.0,13,2,0.153846,11,0.846154,0,0.0,13,0,0.0,12,0.923077,0,0.0,1,0.076923,0,0.0,13,0,0.0,9,0.692308,2,0.153846,0,0.0,2,0.153846
2576326,2024 1학기 툴은 파이썬. 지난학기는 R이었다고 들었음. 개인적으로,3.14,36,6,12,7,3,8,36,3,0.083333,30,0.833333,3,0.083333,36,33,0.916667,2,0.055556,1,0.027778,36,17,0.472222,18,0.5,1,0.027778,36,0,0.0,5,0.138889,0,0.0,28,0.777778,3,0.083333,36,0,0.0,7,0.194444,29,0.805556,0,0.0,0,0.0
2576328,,0,0,0,0,0,0,0,0,0,0.0,0,0.0,0,0.0,0,0,0.0,0,0.0,0,0.0,0,0,0.0,0,0.0,0,0.0,0,0,0.0,0,0.0,0,0.0,0,0.0,0,0.0,0,0,0.0,0,0.0,0,0.0,0,0.0,0,0.0
2576340,객관식 시험문제가 영어로 나옵니다. 한국어책만 읽으면 문제 못풉니다.,3.05,37,6,7,13,5,6,37,1,0.027027,20,0.540541,16,0.432432,37,37,1.0,0,0.0,0,0.0,37,8,0.216216,27,0.72973,2,0.054054,37,2,0.054054,34,0.918919,0,0.0,0,0.0,1,0.027027,37,0,0.0,0,0.0,2,0.054054,21,0.567568,14,0.378378
2576344,강의에서 설명해주시는 회귀식 변수에 대해서 추가 설명하시는 것들 있는데(,4.8,30,24,6,0,0,0,30,2,0.066667,28,0.933333,0,0.0,30,28,0.933333,1,0.033333,1,0.033333,30,8,0.266667,21,0.7,1,0.033333,30,2,0.066667,6,0.2,0,0.0,20,0.666667,2,0.066667,30,0,0.0,0,0.0,29,0.966667,0,0.0,1,0.033333
2576346,경제학과에서는 거의 없는 팀원들이랑 함께하는 과제라 좀 생소합니다. 코딩,4.67,6,4,2,0,0,0,6,0,0.0,4,0.666667,2,0.333333,6,0,0.0,3,0.5,3,0.5,6,2,0.333333,4,0.666667,0,0.0,6,3,0.5,3,0.5,0,0.0,0,0.0,0,0.0,6,5,0.833333,0,0.0,1,0.166667,0,0.0,0,0.0
2576347,출석을 안봐서 수업을 안갔는데 친구가 알려준 덕분에 살았습니다. 시험 2,3.8,15,3,6,6,0,0,15,0,0.0,8,0.533333,7,0.466667,15,2,0.133333,12,0.8,1,0.066667,15,6,0.4,9,0.6,0,0.0,15,9,0.6,5,0.333333,0,0.0,0,0.0,1,0.066667,15,1,0.066667,13,0.866667,1,0.066667,0,0.0,0,0.0
2576349,Cheet sheet 최대한 많이 활용하시고 ..! 생각보다 평균이 엄청,5,6,6,0,0,0,0,6,3,0.5,3,0.5,0,0.0,6,6,1.0,0,0.0,0,0.0,6,4,0.666667,2,0.333333,0,0.0,6,0,0.0,0,0.0,0,0.0,6,1.0,0,0.0,6,0,0.0,0,0.0,6,1.0,0,0.0,0,0.0
2576351,,5,1,1,0,0,0,0,1,0,0.0,1,1.0,0,0.0,1,1,1.0,0,0.0,0,0.0,1,1,1.0,0,0.0,0,0.0,1,0,0.0,1,1.0,0,0.0,0,0.0,0,0.0,1,1,1.0,0,0.0,0,0.0,0,0.0,0,0.0
2576353,,3,1,0,0,1,0,0,1,0,0.0,1,1.0,0,0.0,1,0,0.0,1,1.0,0,0.0,1,1,1.0,0,0.0,0,0.0,1,0,0.0,1,1.0,0,0.0,0,0.0,0,0.0,1,0,0.0,1,1.0,0,0.0,0,0.0,0,0.0
2576364,수업 시간에 다뤄주신 다양한 계산들 위주로 나옵니다.(80%) 전부 서술,4.86,14,12,2,0,0,0,14,14,1.0,0,0.0,0,0.0,14,14,1.0,0,0.0,0,0.0,14,10,0.714286,4,0.285714,0,0.0,14,0,0.0,14,1.0,0,0.0,0,0.0,0,0.0,14,0,0.0,0,0.0,14,1.0,0,0.0,0,0.0
2576368,,4.57,7,4,3,0,0,0,7,0,0.0,1,0.142857,6,0.857143,7,0,0.0,5,0.714286,2,0.285714,7,2,0.285714,4,0.571429,1,0.142857,7,0,0.0,2,0.285714,0,0.0,4,0.571429,1,0.142857,7,4,0.571429,0,0.0,3,0.428571,0,0.0,0,0.0
2576371,,4.83,6,5,1,0,0,0,6,0,0.0,3,0.5,3,0.5,6,3,0.5,2,0.333333,1,0.166667,6,2,0.333333,4,0.666667,0,0.0,6,2,0.333333,0,0.0,0,0.0,2,0.333333,2,0.333333,6,5,0.833333,0,0.0,1,0.166667,0,0.0,0,0.0
2576372,,5,1,1,0,0,0,0,1,0,0.0,0,0.0,1,1.0,1,0,0.0,0,0.0,1,1.0,1,1,1.0,0,0.0,0,0.0,1,0,0.0,0,0.0,0,0.0,1,1.0,0,0.0,1,1,1.0,0,0.0,0,0.0,0,0.0,0,0.0
2576375,"총 7문제 나왔고 100점만점임. 계수내림법, 적분인자법같은 법칙들에 대",4.78,74,65,4,3,2,0,74,44,0.594595,29,0.391892,1,0.013514,74,73,0.986486,1,0.013514,0,0.0,74,38,0.513514,36,0.486486,0,0.0,74,5,0.067568,68,0.918919,0,0.0,0,0.0,1,0.013514,74,0,0.0,1,0.013514,73,0.986486,0,0.0,0,0.0
2576402,기출에서 많이 나옵니다! 꼭 구해서 보세요~!,4.85,47,40,7,0,0,0,47,1,0.021277,12,0.255319,34,0.723404,47,2,0.042553,18,0.382979,27,0.574468,47,5,0.106383,41,0.87234,1,0.021277,47,1,0.021277,21,0.446809,11,0.234043,9,0.191489,5,0.106383,47,1,0.021277,44,0.93617,2,0.042553,0,0.0,0,0.0
2576407,기본 개념도 중요하지만 문제 풀이에도 시간을 투자해야 할것 같습니다.,4.71,80,63,12,4,1,0,80,21,0.2625,59,0.7375,0,0.0,80,76,0.95,4,0.05,0,0.0,80,24,0.3,55,0.6875,1,0.0125,80,0,0.0,44,0.55,0,0.0,21,0.2625,15,0.1875,80,0,0.0,0,0.0,80,1.0,0,0.0,0,0.0
2576411,90분동안 주어진 데이터를 분석하여 예측하는 코드를 작성해야합니다. 오픈,4.38,24,12,9,3,0,0,24,6,0.25,16,0.666667,2,0.083333,24,2,0.083333,20,0.833333,2,0.083333,24,23,0.958333,1,0.041667,0,0.0,24,0,0.0,7,0.291667,0,0.0,14,0.583333,3,0.125,24,10,0.416667,9,0.375,5,0.208333,0,0.0,0,0.0
2576414,소감문 제출: 강의 중 가장 인상 깊었던 3개 주차 주제 선택해서 각 주,4.89,37,35,1,0,1,0,37,26,0.702703,11,0.297297,0,0.0,37,37,1.0,0,0.0,0,0.0,37,35,0.945946,2,0.054054,0,0.0,37,0,0.0,8,0.216216,27,0.72973,0,0.0,2,0.054054,37,36,0.972973,1,0.027027,0,0.0,0,0.0,0,0.0
2576418,족보랑 똑같았어요 다들 족보를 갖고잇어서 잘풀었던듯 마지막 계산문제 모빌,3.7,10,5,1,2,0,2,9,0,0.0,6,0.666667,3,0.333333,9,3,0.333333,6,0.666667,0,0.0,9,5,0.555556,3,0.333333,1,0.111111,9,1,0.111111,0,0.0,0,0.0,7,0.777778,1,0.111111,9,0,0.0,9,1.0,0,0.0,0,0.0,0,0.0
2576430,,5,4,4,0,0,0,0,4,0,0.0,4,1.0,0,0.0,4,3,0.75,1,0.25,0,0.0,4,3,0.75,1,0.25,0,0.0,4,1,0.25,1,0.25,0,0.0,1,0.25,1,0.25,4,3,0.75,0,0.0,1,0.25,0,0.0,0,0.0
2576432,,0,0,0,0,0,0,0,0,0,0.0,0,0.0,0,0.0,0,0,0.0,0,0.0,0,0.0,0,0,0.0,0,0.0,0,0.0,0,0,0.0,0,0.0,0,0.0,0,0.0,0,0.0,0,0,0.0,0,0.0,0,0.0,0,0.0,0,0.0
2576443,과제랑 유사한 형식으로 나오고 과제를 확실히 이해해서 풀 수 있다면 기말,4.52,31,23,4,2,1,1,31,2,0.064516,29,0.935484,0,0.0,31,30,0.967742,1,0.032258,0,0.0,31,10,0.322581,17,0.548387,4,0.129032,31,0,0.0,21,0.677419,0,0.0,3,0.096774,7,0.225806,31,0,0.0,0,0.0,31,1.0,0,0.0,0,0.0
2576451,기말에 한번만 시험이 있습니다. 평소에 교수님이 올려주시는 퀴즈에서 8,4.97,29,28,1,0,0,0,29,9,0.310345,20,0.689655,0,0.0,29,29,1.0,0,0.0,0,0.0,29,28,0.965517,0,0.0,1,0.034483,29,0,0.0,1,0.034483,0,0.0,27,0.931034,1,0.034483,29,0,0.0,28,0.965517,1,0.034483,0,0.0,0,0.0
2576456,,4.5,10,7,2,0,1,0,10,1,0.1,7,0.7,2,0.2,10,0,0.0,7,0.7,3,0.3,10,9,0.9,1,0.1,0,0.0,10,0,0.0,3,0.3,0,0.0,5,0.5,2,0.2,10,7,0.7,3,0.3,0,0.0,0,0.0,0,0.0
2576465,,3,3,1,0,1,0,1,3,0,0.0,0,0.0,3,1.0,3,0,0.0,3,1.0,0,0.0,3,2,0.666667,0,0.0,1,0.333333,3,0,0.0,0,0.0,0,0.0,3,1.0,0,0.0,3,0,0.0,0,0.0,3,1.0,0,0.0,0,0.0
2576472,미리 질문 목록을 주시니까 답변 잘 작성하고 달달 외우면 됩니다,4.5,12,7,4,1,0,0,12,5,0.416667,6,0.5,1,0.083333,12,12,1.0,0,0.0,0,0.0,12,4,0.333333,8,0.666667,0,0.0,12,0,0.0,10,0.833333,0,0.0,1,0.083333,1,0.083333,12,0,0.0,4,0.333333,8,0.666667,0,0.0,0,0.0
2576473,,3.33,3,1,1,0,0,1,3,0,0.0,0,0.0,3,1.0,3,2,0.666667,1,0.333333,0,0.0,3,2,0.666667,0,0.0,1,0.333333,3,0,0.0,0,0.0,0,0.0,3,1.0,0,0.0,3,0,0.0,0,0.0,3,1.0,0,0.0,0,0.0
2576475,1학기때 시험은 퀴즈 한번만 보았습니다. 근데 이 퀴즈 난이도가 왠만한,3.87,30,12,8,5,4,1,30,4,0.133333,24,0.8,2,0.066667,30,28,0.933333,2,0.066667,0,0.0,30,15,0.5,15,0.5,0,0.0,30,0,0.0,29,0.966667,0,0.0,0,0.0,1,0.033333,30,7,0.233333,17,0.566667,5,0.166667,0,0.0,1,0.033333
2576479,"중간, 기말 없이 매주 배운 내용을 쪽지 시험칩니다. 화면에 한자만 있는",2.09,11,1,1,2,1,6,11,2,0.181818,2,0.181818,7,0.636364,11,11,1.0,0,0.0,0,0.0,11,1,0.090909,8,0.727273,2,0.181818,11,0,0.0,9,0.818182,0,0.0,0,0.0,2,0.181818,11,3,0.272727,0,0.0,1,0.090909,0,0.0,7,0.636364
2576480,한시 음독보다는 번역 위주로 공부하시고요 배경 설화같은거나번역 이외에,5,13,13,0,0,0,0,13,1,0.076923,9,0.692308,3,0.230769,13,2,0.153846,9,0.692308,2,0.153846,13,12,0.923077,1,0.076923,0,0.0,13,1,0.076923,11,0.846154,0,0.0,1,0.076923,0,0.0,13,0,0.0,2,0.153846,11,0.846154,0,0.0,0,0.0
2576494,"객관식 10문제, 단답형 10문제 각 1점씩입니다. 막 지엽적인 내용보다",4.67,70,54,11,4,0,1,70,54,0.771429,16,0.228571,0,0.0,70,62,0.885714,8,0.114286,0,0.0,70,42,0.6,26,0.371429,2,0.028571,70,0,0.0,63,0.9,0,0.0,0,0.0,7,0.1,70,0,0.0,2,0.028571,65,0.928571,0,0.0,3,0.042857
2576496,"지도 지역명 와우시면 되고, 서술형은 한 문제 나왔는데 진시황에 대해 수",4.9,59,55,2,2,0,0,59,26,0.440678,33,0.559322,0,0.0,59,16,0.271186,42,0.711864,1,0.016949,59,47,0.79661,11,0.186441,1,0.016949,59,0,0.0,9,0.152542,0,0.0,35,0.59322,15,0.254237,59,0,0.0,5,0.084746,54,0.915254,0,0.0,0,0.0
2576504,,5,2,2,0,0,0,0,2,0,0.0,0,0.0,2,1.0,2,2,1.0,0,0.0,0,0.0,2,2,1.0,0,0.0,0,0.0,2,0,0.0,1,0.5,0,0.0,1,0.5,0,0.0,2,0,0.0,2,1.0,0,0.0,0,0.0,0,0.0
2576520,,5,1,1,0,0,0,0,1,0,0.0,0,0.0,1,1.0,1,0,0.0,0,0.0,1,1.0,1,0,0.0,1,1.0,0,0.0,1,0,0.0,0,0.0,0,0.0,0,0.0,1,1.0,1,0,0.0,1,1.0,0,0.0,0,0.0,0,0.0
2576524,"오픈북이고, 평소 블로그 댓글 달기랑 실습 과제 잘 정리해두시는걸 추천합",5,24,24,0,0,0,0,24,13,0.541667,10,0.416667,1,0.041667,24,2,0.083333,18,0.75,4,0.166667,24,22,0.916667,1,0.041667,1,0.041667,24,0,0.0,19,0.791667,0,0.0,2,0.083333,3,0.125,24,0,0.0,21,0.875,3,0.125,0,0.0,0,0.0
2576528,지난해와 다르게 올해는 시험공부를 해야 점수를 취득할수 있도록 문제를,4.85,40,34,6,0,0,0,40,39,0.975,1,0.025,0,0.0,40,39,0.975,1,0.025,0,0.0,40,31,0.775,9,0.225,0,0.0,40,1,0.025,26,0.65,0,0.0,12,0.3,1,0.025,40,0,0.0,0,0.0,40,1.0,0,0.0,0,0.0
2576530,"오픈북이긴한데, 무지성 암기로 치는 시험이 아니라 교안 전체를 다 이해하",4.5,22,15,4,2,1,0,22,1,0.045455,6,0.272727,15,0.681818,22,21,0.954545,0,0.0,1,0.045455,22,12,0.545455,9,0.409091,1,0.045455,22,0,0.0,3,0.136364,0,0.0,16,0.727273,3,0.136364,22,10,0.454545,12,0.545455,0,0.0,0,0.0,0,0.0
2576538,공부는 내용 및 용어만 알아두시고 사례를 미리 준비하는게 좋을것 같습니다,4.57,7,4,3,0,0,0,7,0,0.0,1,0.142857,6,0.857143,7,0,0.0,1,0.142857,6,0.857143,7,2,0.285714,4,0.571429,1,0.142857,7,0,0.0,2,0.285714,0,0.0,4,0.571429,1,0.142857,7,0,0.0,0,0.0,7,1.0,0,0.0,0,0.0
2576546,,4.5,8,6,1,0,1,0,8,0,0.0,2,0.25,6,0.75,8,1,0.125,7,0.875,0,0.0,8,4,0.5,3,0.375,1,0.125,8,0,0.0,3,0.375,0,0.0,5,0.625,0,0.0,8,7,0.875,1,0.125,0,0.0,0,0.0,0,0.0
2576550,시험문제 4개 서술형 1페이지 요약본 지참 가능 수업 내용 평소에 잘 들,3.17,6,1,1,3,0,1,6,0,0.0,5,0.833333,1,0.166667,6,0,0.0,2,0.333333,4,0.666667,6,0,0.0,4,0.666667,2,0.333333,6,0,0.0,5,0.833333,0,0.0,0,0.0,1,0.166667,6,2,0.333333,3,0.5,1,0.166667,0,0.0,0,0.0
2576552,피피티 교안 보시고 공부하면 돼요. 교수님께서 중간고사 보는 주에 대략적,4.33,24,13,7,3,1,0,24,12,0.5,12,0.5,0,0.0,24,5,0.208333,15,0.625,4,0.166667,24,7,0.291667,14,0.583333,3,0.125,24,0,0.0,22,0.916667,0,0.0,1,0.041667,1,0.041667,24,0,0.0,0,0.0,24,1.0,0,0.0,0,0.0
2576562,25문제 객관식이어서 완벽하게 외워가는 것 보다는 이해해서 가는게 좋습니,4.59,29,22,3,3,1,0,29,27,0.931034,1,0.034483,1,0.034483,29,29,1.0,0,0.0,0,0.0,29,12,0.413793,15,0.517241,2,0.068966,29,1,0.034483,5,0.172414,0,0.0,21,0.724138,2,0.068966,29,0,0.0,0,0.0,29,1.0,0,0.0,0,0.0
2576565,시험은 문제에 대한 답을 화학 구조식을 통해서 전부 서술해야 하기 때문에,4.61,82,55,22,5,0,0,82,9,0.109756,72,0.878049,1,0.012195,82,81,0.987805,1,0.012195,0,0.0,82,58,0.707317,24,0.292683,0,0.0,82,0,0.0,74,0.902439,0,0.0,2,0.02439,6,0.073171,82,0,0.0,0,0.0,82,1.0,0,0.0,0,0.0
2576573,시험은 없습니다! 무조건 많이 질문하시거나 답하세요! 리포트는 작성하기,4.7,44,32,11,1,0,0,44,25,0.568182,19,0.431818,0,0.0,44,44,1.0,0,0.0,0,0.0,44,27,0.613636,17,0.386364,0,0.0,44,0,0.0,36,0.818182,0,0.0,2,0.045455,6,0.136364,44,40,0.909091,1,0.022727,3,0.068182,0,0.0,0,0.0
2576578,족보에서 거의 다 나옴 그리고 교수님이 마지막날 풀이해주신 매개변수 문제,3.78,23,6,10,5,0,2,23,0,0.0,13,0.565217,10,0.434783,23,1,0.043478,5,0.217391,17,0.73913,23,4,0.173913,13,0.565217,6,0.26087,23,0,0.0,2,0.086957,11,0.478261,7,0.304348,3,0.130435,23,0,0.0,17,0.73913,5,0.217391,0,0.0,1,0.043478
2576591,,4,1,0,1,0,0,0,1,0,0.0,1,1.0,0,0.0,1,0,0.0,1,1.0,0,0.0,1,0,0.0,1,1.0,0,0.0,1,0,0.0,0,0.0,0,0.0,0,0.0,1,1.0,1,1,1.0,0,0.0,0,0.0,0,0.0,0,0.0
2576610,교안을 꼼꼼히 보시고 정의정도는 다 외워야 주는 문제를 맞을 수 있습니다,4.68,47,36,7,4,0,0,47,6,0.12766,40,0.851064,1,0.021277,47,44,0.93617,3,0.06383,0,0.0,47,16,0.340426,26,0.553191,5,0.106383,47,1,0.021277,41,0.87234,0,0.0,1,0.021277,4,0.085106,47,0,0.0,0,0.0,46,0.978723,0,0.0,1,0.021277
2576611,보안 뿐만 아니라 사전 지식 차원으로 나온 cs 지식들도 다 비중있게 나,3.97,31,10,15,3,1,2,31,2,0.064516,25,0.806452,4,0.129032,31,30,0.967742,1,0.032258,0,0.0,31,5,0.16129,26,0.83871,0,0.0,31,0,0.0,28,0.903226,0,0.0,1,0.032258,2,0.064516,31,0,0.0,0,0.0,31,1.0,0,0.0,0,0.0
2576614,"중간고사는 안봤고, 교수님이 옾소실 여신것은 처음이기에 학생들께 문제 형",4.41,140,91,30,9,6,4,140,13,0.092857,108,0.771429,19,0.135714,140,134,0.957143,5,0.035714,1,0.007143,140,85,0.607143,52,0.371429,3,0.021429,140,1,0.007143,80,0.571429,0,0.0,21,0.15,38,0.271429,140,0,0.0,128,0.914286,12,0.085714,0,0.0,0,0.0
2576615,,0,0,0,0,0,0,0,0,0,0.0,0,0.0,0,0.0,0,0,0.0,0,0.0,0,0.0,0,0,0.0,0,0.0,0,0.0,0,0,0.0,0,0.0,0,0.0,0,0.0,0,0.0,0,0,0.0,0,0.0,0,0.0,0,0.0,0,0.0
2576620,책 연습문제 많이 풀어보세요. 교수님이 시험 직전에 시험문제 찝어주시면,4.74,68,54,11,2,1,0,68,49,0.720588,18,0.264706,1,0.014706,68,68,1.0,0,0.0,0,0.0,68,41,0.602941,27,0.397059,0,0.0,68,0,0.0,68,1.0,0,0.0,0,0.0,0,0.0,68,0,0.0,0,0.0,67,0.985294,1,0.014706,0,0.0
2576621,텀프 주제 게임 만들기였으니 다른 소스 필요없습니다. fpga에서 사용해,4.28,53,30,12,8,2,1,53,0,0.0,34,0.641509,19,0.358491,53,2,0.037736,32,0.603774,19,0.358491,53,29,0.54717,20,0.377358,4,0.075472,53,0,0.0,4,0.075472,0,0.0,47,0.886792,2,0.037736,53,45,0.849057,5,0.09434,3,0.056604,0,0.0,0,0.0
2576623,,4.71,7,5,2,0,0,0,7,0,0.0,1,0.142857,6,0.857143,7,7,1.0,0,0.0,0,0.0,7,6,0.857143,1,0.142857,0,0.0,7,0,0.0,0,0.0,1,0.142857,2,0.285714,4,0.571429,7,1,0.142857,6,0.857143,0,0.0,0,0.0,0,0.0
2576627,,5,2,2,0,0,0,0,2,2,1.0,0,0.0,0,0.0,2,1,0.5,1,0.5,0,0.0,2,0,0.0,2,1.0,0,0.0,2,0,0.0,0,0.0,0,0.0,2,1.0,0,0.0,2,0,0.0,0,0.0,2,1.0,0,0.0,0,0.0
2576629,교수님이 수업 중 설명하면서 별표하는 내용을 잘 공부해야함. 문제들은 쉽,4.91,22,20,2,0,0,0,22,21,0.954545,1,0.045455,0,0.0,22,22,1.0,0,0.0,0,0.0,22,15,0.681818,7,0.318182,0,0.0,22,0,0.0,16,0.727273,0,0.0,3,0.136364,3,0.136364,22,0,0.0,0,0.0,22,1.0,0,0.0,0,0.0
2576638,,0,0,0,0,0,0,0,0,0,0.0,0,0.0,0,0.0,0,0,0.0,0,0.0,0,0.0,0,0,0.0,0,0.0,0,0.0,0,0,0.0,0,0.0,0,0.0,0,0.0,0,0.0,0,0,0.0,0,0.0,0,0.0,0,0.0,0,0.0
2576646,,3.86,7,2,3,1,1,0,7,1,0.142857,5,0.714286,1,0.142857,7,7,1.0,0,0.0,0,0.0,7,2,0.285714,3,0.428571,2,0.285714,7,0,0.0,2,0.285714,0,0.0,4,0.571429,1,0.142857,7,6,0.857143,0,0.0,1,0.142857,0,0.0,0,0.0
2576651,,0,0,0,0,0,0,0,0,0,0.0,0,0.0,0,0.0,0,0,0.0,0,0.0,0,0.0,0,0,0.0,0,0.0,0,0.0,0,0,0.0,0,0.0,0,0.0,0,0.0,0,0.0,0,0,0.0,0,0.0,0,0.0,0,0.0,0,0.0
2576654,단답형 5문제 서술형 2문제 75분 시험 오픈북 아님 - 지엽적으로 출제,4.54,37,25,9,2,0,1,37,11,0.297297,26,0.702703,0,0.0,37,22,0.594595,14,0.378378,1,0.027027,37,21,0.567568,16,0.432432,0,0.0,37,1,0.027027,34,0.918919,0,0.0,2,0.054054,0,0.0,37,1,0.027027,30,0.810811,6,0.162162,0,0.0,0,0.0
2576665,,5,3,3,0,0,0,0,3,0,0.0,1,0.333333,2,0.666667,3,1,0.333333,0,0.0,2,0.666667,3,3,1.0,0,0.0,0,0.0,3,0,0.0,0,0.0,0,0.0,3,1.0,0,0.0,3,3,1.0,0,0.0,0,0.0,0,0.0,0,0.0
2576666,,5,2,2,0,0,0,0,2,1,0.5,1,0.5,0,0.0,2,0,0.0,1,0.5,1,0.5,2,2,1.0,0,0.0,0,0.0,2,0,0.0,0,0.0,0,0.0,2,1.0,0,0.0,2,2,1.0,0,0.0,0,0.0,0,0.0,0,0.0
2576668,,0,0,0,0,0,0,0,0,0,0.0,0,0.0,0,0.0,0,0,0.0,0,0.0,0,0.0,0,0,0.0,0,0.0,0,0.0,0,0,0.0,0,0.0,0,0.0,0,0.0,0,0.0,0,0,0.0,0,0.0,0,0.0,0,0.0,0,0.0
2576684,개념을 설명할 줄 알아야하고 대표적인 예시도 몇개 외우세요. 그리고 수,4.44,9,5,3,1,0,0,9,1,0.111111,5,0.555556,3,0.333333,9,1,0.111111,7,0.777778,1,0.111111,9,1,0.111111,7,0.777778,1,0.111111,9,0,0.0,0,0.0,0,0.0,8,0.888889,1,0.111111,9,0,0.0,9,1.0,0,0.0,0,0.0,0,0.0
2576687,O/X문제 3개 객관식은 간단하게 개념에 대해서 묻는 문제 주관식 3개-,4.75,8,6,2,0,0,0,8,3,0.375,5,0.625,0,0.0,8,0,0.0,8,1.0,0,0.0,8,6,0.75,2,0.25,0,0.0,8,0,0.0,5,0.625,0,0.0,2,0.25,1,0.125,8,0,0.0,0,0.0,8,1.0,0,0.0,0,0.0
2576693,그냥 강의안 그대로 공부하고 외우면 돼요 근데 강의안에 나와있는 말을 공,4.8,60,50,8,2,0,0,60,59,0.983333,0,0.0,1,0.016667,60,59,0.983333,0,0.0,1,0.016667,60,31,0.516667,27,0.45,2,0.033333,60,0,0.0,52,0.866667,0,0.0,1,0.016667,7,0.116667,60,0,0.0,0,0.0,60,1.0,0,0.0,0,0.0
2576697,,3.8,5,2,1,1,1,0,5,1,0.2,4,0.8,0,0.0,5,4,0.8,1,0.2,0,0.0,5,2,0.4,3,0.6,0,0.0,5,0,0.0,3,0.6,0,0.0,0,0.0,2,0.4,5,0,0.0,5,1.0,0,0.0,0,0.0,0,0.0
2576700,,0,0,0,0,0,0,0,0,0,0.0,0,0.0,0,0.0,0,0,0.0,0,0.0,0,0.0,0,0,0.0,0,0.0,0,0.0,0,0,0.0,0,0.0,0,0.0,0,0.0,0,0.0,0,0,0.0,0,0.0,0,0.0,0,0.0,0,0.0
2576703,,0,0,0,0,0,0,0,0,0,0.0,0,0.0,0,0.0,0,0,0.0,0,0.0,0,0.0,0,0,0.0,0,0.0,0,0.0,0,0,0.0,0,0.0,0,0.0,0,0.0,0,0.0,0,0,0.0,0,0.0,0,0.0,0,0.0,0,0.0
2576706,,4,4,1,2,1,0,0,4,4,1.0,0,0.0,0,0.0,4,4,1.0,0,0.0,0,0.0,4,0,0.0,4,1.0,0,0.0,4,1,0.25,2,0.5,0,0.0,1,0.25,0,0.0,4,0,0.0,2,0.5,2,0.5,0,0.0,0,0.0
2576711,,4.44,18,13,2,1,2,0,18,2,0.111111,8,0.444444,8,0.444444,18,2,0.111111,13,0.722222,3,0.166667,18,8,0.444444,10,0.555556,0,0.0,18,0,0.0,4,0.222222,1,0.055556,11,0.611111,2,0.111111,18,0,0.0,18,1.0,0,0.0,0,0.0,0,0.0
2576719,"시험은 주로 계산 문제로, 연습문제 및 예제 안에서만 나왔음",3,16,3,3,5,1,4,16,16,1.0,0,0.0,0,0.0,16,16,1.0,0,0.0,0,0.0,16,7,0.4375,8,0.5,1,0.0625,16,1,0.0625,14,0.875,1,0.0625,0,0.0,0,0.0,16,0,0.0,16,1.0,0,0.0,0,0.0,0,0.0
2576722,"중간고사는 배외식 교수님, 기말고사는 양시영 교수님께서 강의하셨으며 이",4.31,45,21,19,3,2,0,45,45,1.0,0,0.0,0,0.0,45,45,1.0,0,0.0,0,0.0,45,17,0.377778,26,0.577778,2,0.044444,45,1,0.022222,18,0.4,1,0.022222,11,0.244444,14,0.311111,45,0,0.0,0,0.0,45,1.0,0,0.0,0,0.0
2576725,교수님 강의 타이핑을 적극 추천드립니다. 물론 교재도 참고해야하지만 대부,4.72,36,28,6,2,0,0,36,11,0.305556,25,0.694444,0,0.0,36,34,0.944444,0,0.0,2,0.055556,36,20,0.555556,16,0.444444,0,0.0,36,0,0.0,3,0.083333,0,0.0,32,0.888889,1,0.027778,36,0,0.0,0,0.0,36,1.0,0,0.0,0,0.0
2576729,수업 시간과 수업 끝나고 학생들의 질문에서 문제들이 나왔습니다. 수업 끝,2.2,5,1,0,1,0,3,5,0,0.0,2,0.4,3,0.6,5,5,1.0,0,0.0,0,0.0,5,1,0.2,2,0.4,2,0.4,5,1,0.2,3,0.6,0,0.0,0,0.0,1,0.2,5,0,0.0,0,0.0,3,0.6,2,0.4,0,0.0
2576732,교수님이 수업시간에 강조하는 부분이 나오고 따로 주시는 문제에서 거의다,0,0,0,0,0,0,0,0,0,0.0,0,0.0,0,0.0,0,0,0.0,0,0.0,0,0.0,0,0,0.0,0,0.0,0,0.0,0,0,0.0,0,0.0,0,0.0,0,0.0,0,0.0,0,0,0.0,0,0.0,0,0.0,0,0.0,0,0.0
2576733,평소 시간에 잘듣고 포인트 잘 찾아가시면됩니다. 성적은 공개안하십니다.,4.67,3,2,1,0,0,0,3,3,1.0,0,0.0,0,0.0,3,3,1.0,0,0.0,0,0.0,3,2,0.666667,1,0.333333,0,0.0,3,0,0.0,3,1.0,0,0.0,0,0.0,0,0.0,3,1,0.333333,0,0.0,2,0.666667,0,0.0,0,0.0
2576738,거의 싹다 계산문제고 배웠는지 안배웠는지 모를 문제들이 막 나옴 개념문,4.05,19,6,10,2,0,1,19,1,0.052632,18,0.947368,0,0.0,19,19,1.0,0,0.0,0,0.0,19,2,0.105263,17,0.894737,0,0.0,19,0,0.0,18,0.947368,0,0.0,0,0.0,1,0.052632,19,0,0.0,0,0.0,19,1.0,0,0.0,0,0.0
2585660,"교수님 강의와 교안, 과제만 풀면 무리없이 풀이할 수 있습니다 굳이 교재",4.44,63,45,11,2,0,5,63,6,0.095238,52,0.825397,5,0.079365,63,59,0.936508,3,0.047619,1,0.015873,63,15,0.238095,45,0.714286,3,0.047619,63,0,0.0,57,0.904762,0,0.0,2,0.031746,4,0.063492,63,0,0.0,1,0.015873,62,0.984127,0,0.0,0,0.0
2585665,시험공부를 따로 할 필요가 없습니다. 오픈북 시험이었고 책에 있는 내용이,4.56,94,71,13,5,2,3,94,57,0.606383,35,0.37234,2,0.021277,94,21,0.223404,71,0.755319,2,0.021277,94,51,0.542553,36,0.382979,7,0.074468,94,0,0.0,11,0.117021,0,0.0,73,0.776596,10,0.106383,94,2,0.021277,88,0.93617,4,0.042553,0,0.0,0,0.0
2585677,"공부를 시작하기가 벅차고 두려운 과목일 수 있지만, 수업 시간에 집중했다",4.78,9,7,2,0,0,0,9,9,1.0,0,0.0,0,0.0,9,9,1.0,0,0.0,0,0.0,9,9,1.0,0,0.0,0,0.0,9,0,0.0,0,0.0,0,0.0,9,1.0,0,0.0,9,0,0.0,0,0.0,9,1.0,0,0.0,0,0.0
2585684,앞 7주에 배우는 왕필과 곽상 사상 개념을 활용해서 기말고사때 자신의 생,4.32,22,11,9,1,0,1,22,9,0.409091,11,0.5,2,0.090909,22,1,0.045455,13,0.590909,8,0.363636,22,11,0.5,10,0.454545,1,0.045455,22,0,0.0,0,0.0,0,0.0,21,0.954545,1,0.045455,22,1,0.045455,20,0.909091,1,0.045455,0,0.0,0,0.0
2587788,6문항 출제되었고 uniform conti 중심으로 출제되었습니다 정의릉,4.93,14,13,1,0,0,0,14,13,0.928571,1,0.071429,0,0.0,14,14,1.0,0,0.0,0,0.0,14,12,0.857143,2,0.142857,0,0.0,14,5,0.357143,3,0.214286,0,0.0,6,0.428571,0,0.0,14,0,0.0,0,0.0,12,0.857143,0,0.0,2,0.142857
2587790,시험은 따로 없고 미드랑 파이널 해서 리포트 제출이 두번 있습니다!!!!,5,8,8,0,0,0,0,8,1,0.125,4,0.5,3,0.375,8,1,0.125,3,0.375,4,0.5,8,7,0.875,1,0.125,0,0.0,8,0,0.0,7,0.875,0,0.0,1,0.125,0,0.0,8,8,1.0,0,0.0,0,0.0,0,0.0,0,0.0
2587791,,4.33,3,1,2,0,0,0,3,0,0.0,3,1.0,0,0.0,3,1,0.333333,2,0.666667,0,0.0,3,2,0.666667,1,0.333333,0,0.0,3,0,0.0,0,0.0,0,0.0,3,1.0,0,0.0,3,3,1.0,0,0.0,0,0.0,0,0.0,0,0.0
2587794,,0,0,0,0,0,0,0,0,0,0.0,0,0.0,0,0.0,0,0,0.0,0,0.0,0,0.0,0,0,0.0,0,0.0,0,0.0,0,0,0.0,0,0.0,0,0.0,0,0.0,0,0.0,0,0,0.0,0,0.0,0,0.0,0,0.0,0,0.0
2587796,기본적으로 시험전에 뭐 시럼볼지 알려줍니다. 참고자료 쓰는법 문제나왔는데,4.25,8,5,1,1,1,0,8,2,0.25,5,0.625,1,0.125,8,6,0.75,2,0.25,0,0.0,8,5,0.625,3,0.375,0,0.0,8,0,0.0,3,0.375,0,0.0,3,0.375,2,0.25,8,1,0.125,0,0.0,7,0.875,0,0.0,0,0.0
2587797,수업 전에 교수님이 올려 주신 정답을 잘 보면 된다,4.5,10,8,1,0,0,1,10,0,0.0,6,0.6,4,0.4,10,7,0.7,2,0.2,1,0.1,10,8,0.8,2,0.2,0,0.0,10,1,0.1,1,0.1,1,0.1,3,0.3,4,0.4,10,0,0.0,1,0.1,9,0.9,0,0.0,0,0.0
2587798,,5,1,1,0,0,0,0,1,1,1.0,0,0.0,0,0.0,1,1,1.0,0,0.0,0,0.0,1,1,1.0,0,0.0,0,0.0,1,0,0.0,0,0.0,0,0.0,1,1.0,0,0.0,1,0,0.0,0,0.0,1,1.0,0,0.0,0,0.0
2587799,,4.67,3,2,1,0,0,0,3,1,0.333333,2,0.666667,0,0.0,3,3,1.0,0,0.0,0,0.0,3,3,1.0,0,0.0,0,0.0,3,0,0.0,1,0.333333,0,0.0,2,0.666667,0,0.0,3,0,0.0,0,0.0,3,1.0,0,0.0,0,0.0
2587800,"대부분 숙제의 원제이므로, 숙제는 반드시 확실히 해야 합니다.",4.53,17,12,4,0,0,1,17,0,0.0,10,0.588235,7,0.411765,17,12,0.705882,4,0.235294,1,0.058824,17,6,0.352941,9,0.529412,2,0.117647,17,0,0.0,0,0.0,0,0.0,16,0.941176,1,0.058824,17,0,0.0,0,0.0,16,0.941176,1,0.058824,0,0.0
2587801,교수님 그르쳐 주신 방식을 통해서 문법의 오류가 있는지 파악하고 분석하기,5,1,1,0,0,0,0,1,1,1.0,0,0.0,0,0.0,1,1,1.0,0,0.0,0,0.0,1,0,0.0,1,1.0,0,0.0,1,0,0.0,1,1.0,0,0.0,0,0.0,0,0.0,1,0,0.0,0,0.0,1,1.0,0,0.0,0,0.0
2587808,,5,7,7,0,0,0,0,7,3,0.428571,4,0.571429,0,0.0,7,7,1.0,0,0.0,0,0.0,7,6,0.857143,1,0.142857,0,0.0,7,0,0.0,0,0.0,0,0.0,7,1.0,0,0.0,7,2,0.285714,3,0.428571,2,0.285714,0,0.0,0,0.0
2587810,,4.89,9,8,1,0,0,0,9,9,1.0,0,0.0,0,0.0,9,8,0.888889,1,0.111111,0,0.0,9,8,0.888889,1,0.111111,0,0.0,9,0,0.0,9,1.0,0,0.0,0,0.0,0,0.0,9,9,1.0,0,0.0,0,0.0,0,0.0,0,0.0
2587815,시험 구냥 피피티에 있는 것들 싹 다 외우고 약간 응용문제도 나왔었습니다,4.67,87,67,13,5,2,0,87,42,0.482759,43,0.494253,2,0.022989,87,37,0.425287,50,0.574713,0,0.0,87,32,0.367816,45,0.517241,10,0.114943,87,0,0.0,86,0.988506,0,0.0,0,0.0,1,0.011494,87,0,0.0,1,0.011494,80,0.91954,0,0.0,6,0.068966
2594773,"족보와 비슷한 문제, 똑같은 문제, 새로운 문제가 모두 출제됐으나, 필",3.51,98,19,35,27,11,6,98,12,0.122449,81,0.826531,5,0.05102,98,94,0.959184,3,0.030612,1,0.010204,98,16,0.163265,73,0.744898,9,0.091837,98,23,0.234694,60,0.612245,0,0.0,1,0.010204,14,0.142857,98,0,0.0,0,0.0,98,1.0,0,0.0,0,0.0
2596080,,0,0,0,0,0,0,0,0,0,0.0,0,0.0,0,0.0,0,0,0.0,0,0.0,0,0.0,0,0,0.0,0,0.0,0,0.0,0,0,0.0,0,0.0,0,0.0,0,0.0,0,0.0,0,0,0.0,0,0.0,0,0.0,0,0.0,0,0.0
2657691,"중간고사는 과제로 대체했고, 기말고사 한 번 봤습니다. 4문제 중에 2개",4.21,38,21,10,3,2,2,38,0,0.0,16,0.421053,22,0.578947,38,17,0.447368,14,0.368421,7,0.184211,38,24,0.631579,11,0.289474,3,0.078947,38,0,0.0,2,0.052632,0,0.0,34,0.894737,2,0.052632,38,0,0.0,32,0.842105,6,0.157895,0,0.0,0,0.0
2657692,저희는 체액성 면역이니 세포성 면역이니 이 부분에서는 전혀 안나왔고 역사,3.63,51,15,18,9,2,7,51,1,0.019608,19,0.372549,31,0.607843,51,0,0.0,34,0.666667,17,0.333333,51,9,0.176471,35,0.686275,7,0.137255,51,0,0.0,33,0.647059,0,0.0,12,0.235294,6,0.117647,51,0,0.0,49,0.960784,1,0.019608,0,0.0,1,0.019608
2657693,중간 기말 시험 둘다 없었어요. 둘다 질문에 관해 에세이를 쓰는 내용이었,4.16,37,19,10,5,1,2,37,1,0.027027,16,0.432432,20,0.540541,37,0,0.0,14,0.378378,23,0.621622,37,18,0.486486,16,0.432432,3,0.081081,37,0,0.0,2,0.054054,0,0.0,32,0.864865,3,0.081081,37,31,0.837838,2,0.054054,4,0.108108,0,0.0,0,0.0
2657694,"중간고사와 기말고사 둘다 글쓰는 시험이고 중간고사는 현장에서 바로 작성,",4.83,30,25,5,0,0,0,30,27,0.9,3,0.1,0,0.0,30,30,1.0,0,0.0,0,0.0,30,20,0.666667,10,0.333333,0,0.0,30,0,0.0,22,0.733333,0,0.0,7,0.233333,1,0.033333,30,1,0.033333,18,0.6,11,0.366667,0,0.0,0,0.0
2657698,기말고사를 따로 진행하지는 않습니다. 대신 정의란 무엇인가의 공리주의 파,4.17,103,55,23,18,2,5,103,10,0.097087,71,0.68932,22,0.213592,103,2,0.019417,20,0.194175,81,0.786408,103,33,0.320388,55,0.533981,15,0.145631,103,1,0.009709,95,0.92233,0,0.0,2,0.019417,5,0.048544,103,95,0.92233,3,0.029126,4,0.038835,1,0.009709,0,0.0
2657700,중간고사는 쉬워서 교안 내용 이해하면 다 풀 수 있어요. 기말이 난이도가,4.07,54,22,19,10,1,2,54,54,1.0,0,0.0,0,0.0,54,53,0.981481,1,0.018519,0,0.0,54,7,0.12963,36,0.666667,11,0.203704,54,0,0.0,36,0.666667,0,0.0,1,0.018519,17,0.314815,54,0,0.0,0,0.0,54,1.0,0,0.0,0,0.0
2657745,교안에 있는 내용들 바탕으로 그대로 객관식 50문제가 나옵니다. 시험은,4.55,83,58,16,7,1,1,83,81,0.975904,2,0.024096,0,0.0,83,83,1.0,0,0.0,0,0.0,83,24,0.289157,37,0.445783,22,0.26506,83,2,0.024096,70,0.843373,0,0.0,0,0.0,11,0.13253,83,0,0.0,0,0.0,83,1.0,0,0.0,0,0.0
2657747,"중간시험은 중간발표만 있는데, 따로 응시 시험이 없습니다, 중간발표는",4.38,13,10,0,2,0,1,13,1,0.076923,5,0.384615,7,0.538462,13,9,0.692308,3,0.230769,1,0.076923,13,7,0.538462,6,0.461538,0,0.0,13,0,0.0,13,1.0,0,0.0,0,0.0,0,0.0,13,11,0.846154,1,0.076923,1,0.076923,0,0.0,0,0.0
2657753,요약본 보시면서 강의 들으세요! 교수님이 강의에서만 언급하신 게 나오기도,4.49,769,496,205,38,11,19,769,16,0.020806,369,0.479844,384,0.49935,769,747,0.971391,14,0.018205,8,0.010403,769,212,0.275683,450,0.585176,107,0.139142,769,81,0.105332,612,0.795839,3,0.003901,4,0.005202,69,0.089727,769,1,0.0013,7,0.009103,760,0.988296,0,0.0,1,0.0013
2657766,교수님이 시험에 출제될만한 요소 찍어주시니 그대로 공부하면 됩니다,4.25,12,9,1,0,0,2,12,10,0.833333,2,0.166667,0,0.0,12,11,0.916667,1,0.083333,0,0.0,12,8,0.666667,3,0.25,1,0.083333,12,2,0.166667,0,0.0,0,0.0,10,0.833333,0,0.0,12,0,0.0,0,0.0,12,1.0,0,0.0,0,0.0
2657817,考的特别细，多看ppt，人命，时间，事件，看一下게시판上的问题,4.69,16,13,2,0,1,0,16,1,0.0625,11,0.6875,4,0.25,16,11,0.6875,3,0.1875,2,0.125,16,13,0.8125,3,0.1875,0,0.0,16,0,0.0,4,0.25,0,0.0,10,0.625,2,0.125,16,0,0.0,1,0.0625,15,0.9375,0,0.0,0,0.0
2657844,교재 연습문제에 있는 개념 20프로 손코딩 80프로 입니다. 교재에 있는,1.44,9,0,0,0,4,5,9,0,0.0,6,0.666667,3,0.333333,9,9,1.0,0,0.0,0,0.0,9,3,0.333333,6,0.666667,0,0.0,9,0,0.0,1,0.111111,0,0.0,7,0.777778,1,0.111111,9,0,0.0,0,0.0,9,1.0,0,0.0,0,0.0
2657845,중간시험은 외국대학 비슷한 수업을 듣는 학생이랑 토론 기말은 개인 보고서,4.6,5,3,2,0,0,0,5,0,0.0,3,0.6,2,0.4,5,2,0.4,0,0.0,3,0.6,5,3,0.6,2,0.4,0,0.0,5,0,0.0,3,0.6,0,0.0,2,0.4,0,0.0,5,4,0.8,1,0.2,0,0.0,0,0.0,0,0.0
2657846,100점 만점이고 보너스 문제 있습니다 간단한 계산문제 나오고 손코딩 문,4.67,9,7,1,1,0,0,9,1,0.111111,0,0.0,8,0.888889,9,1,0.111111,2,0.222222,6,0.666667,9,4,0.444444,5,0.555556,0,0.0,9,0,0.0,7,0.777778,0,0.0,0,0.0,2,0.222222,9,0,0.0,8,0.888889,1,0.111111,0,0.0,0,0.0
2657847,시험을 보지 않으므로 기말 대체였던 프로젝트의 주제를 스포해드리겠음,4.66,38,27,9,2,0,0,38,5,0.131579,26,0.684211,7,0.184211,38,0,0.0,24,0.631579,14,0.368421,38,27,0.710526,11,0.289474,0,0.0,38,0,0.0,26,0.684211,0,0.0,5,0.131579,7,0.184211,38,37,0.973684,1,0.026316,0,0.0,0,0.0,0,0.0
2657853,,0,0,0,0,0,0,0,0,0,0.0,0,0.0,0,0.0,0,0,0.0,0,0.0,0,0.0,0,0,0.0,0,0.0,0,0.0,0,0,0.0,0,0.0,0,0.0,0,0.0,0,0.0,0,0,0.0,0,0.0,0,0.0,0,0.0,0,0.0
2657881,"시험시간: 1시간 15분 오픈북 X, 9주차까지 배운 내용 범위 난이도가",4.46,13,9,2,1,1,0,13,3,0.230769,6,0.461538,4,0.307692,13,11,0.846154,2,0.153846,0,0.0,13,4,0.307692,9,0.692308,0,0.0,13,0,0.0,5,0.384615,0,0.0,7,0.538462,1,0.076923,13,0,0.0,0,0.0,13,1.0,0,0.0,0,0.0
2657901,교수님이 월요일에 문제를 올릴 테니 일주일 안에 완성해서 icampus에,4.88,26,24,1,1,0,0,26,16,0.615385,10,0.384615,0,0.0,26,26,1.0,0,0.0,0,0.0,26,22,0.846154,3,0.115385,1,0.038462,26,1,0.038462,25,0.961538,0,0.0,0,0.0,0,0.0,26,18,0.692308,1,0.038462,7,0.269231,0,0.0,0,0.0
2657905,"약 8문제 정도 서술형 시험이었고, 각 문제 별로 점수 표기가 있었습니다",2.37,38,3,6,8,6,15,38,4,0.105263,26,0.684211,8,0.210526,38,2,0.052632,12,0.315789,24,0.631579,38,7,0.184211,26,0.684211,5,0.131579,38,0,0.0,25,0.657895,0,0.0,4,0.105263,9,0.236842,38,0,0.0,0,0.0,38,1.0,0,0.0,0,0.0
2657909,준비만 잘해가면 돼요! 오픈북이라서 너무 쉬워요 !! 피피티에 있는 내용,4.73,33,28,3,1,0,1,33,18,0.545455,15,0.454545,0,0.0,33,7,0.212121,26,0.787879,0,0.0,33,27,0.818182,5,0.151515,1,0.030303,33,0,0.0,31,0.939394,0,0.0,0,0.0,2,0.060606,33,0,0.0,2,0.060606,31,0.939394,0,0.0,0,0.0
2657910,놀랍게도 시험은 없지만 거의 매주 토론 보고서를 작성해야 하고(매우매우,0,0,0,0,0,0,0,0,0,0.0,0,0.0,0,0.0,0,0,0.0,0,0.0,0,0.0,0,0,0.0,0,0.0,0,0.0,0,0,0.0,0,0.0,0,0.0,0,0.0,0,0.0,0,0,0.0,0,0.0,0,0.0,0,0.0,0,0.0
2657912,논문 분석 과제로 진행합니다. 모든 문단별 한 줄 요약과 주요변수 정의와,5,8,8,0,0,0,0,8,5,0.625,3,0.375,0,0.0,8,8,1.0,0,0.0,0,0.0,8,8,1.0,0,0.0,0,0.0,8,4,0.5,2,0.25,0,0.0,0,0.0,2,0.25,8,7,0.875,1,0.125,0,0.0,0,0.0,0,0.0
2657937,,0,0,0,0,0,0,0,0,0,0.0,0,0.0,0,0.0,0,0,0.0,0,0.0,0,0.0,0,0,0.0,0,0.0,0,0.0,0,0,0.0,0,0.0,0,0.0,0,0.0,0,0.0,0,0,0.0,0,0.0,0,0.0,0,0.0,0,0.0
2657955,,5,3,3,0,0,0,0,3,0,0.0,3,1.0,0,0.0,3,2,0.666667,1,0.333333,0,0.0,3,2,0.666667,1,0.333333,0,0.0,3,0,0.0,3,1.0,0,0.0,0,0.0,0,0.0,3,0,0.0,0,0.0,3,1.0,0,0.0,0,0.0
2658001,중기말 시험 유형 똑같습니다. 10문제 정도 주관식 빈칸뚫기 나오고 5,5,23,23,0,0,0,0,23,4,0.173913,18,0.782609,1,0.043478,23,1,0.043478,18,0.782609,4,0.173913,23,18,0.782609,5,0.217391,0,0.0,23,0,0.0,23,1.0,0,0.0,0,0.0,0,0.0,23,0,0.0,1,0.043478,22,0.956522,0,0.0,0,0.0
2658023,,5,5,5,0,0,0,0,5,0,0.0,4,0.8,1,0.2,5,5,1.0,0,0.0,0,0.0,5,4,0.8,1,0.2,0,0.0,5,0,0.0,0,0.0,0,0.0,5,1.0,0,0.0,5,0,0.0,5,1.0,0,0.0,0,0.0,0,0.0
2660575,"발표 2번 중간, 기말이고 팀별로 발표하기 때문에 모두가 잘 준비하는 자",4.75,4,3,1,0,0,0,4,0,0.0,4,1.0,0,0.0,4,0,0.0,0,0.0,4,1.0,4,1,0.25,3,0.75,0,0.0,4,0,0.0,3,0.75,0,0.0,0,0.0,1,0.25,4,4,1.0,0,0.0,0,0.0,0,0.0,0,0.0
2660912,"히라가나 카타카나 읽을 수 있는지 ます활용, な형용사 だ형용사 활용해서",3.63,32,12,6,8,2,4,32,9,0.28125,21,0.65625,2,0.0625,32,31,0.96875,1,0.03125,0,0.0,32,8,0.25,24,0.75,0,0.0,32,0,0.0,25,0.78125,0,0.0,1,0.03125,6,0.1875,32,0,0.0,0,0.0,32,1.0,0,0.0,0,0.0
2660914,,0,0,0,0,0,0,0,0,0,0.0,0,0.0,0,0.0,0,0,0.0,0,0.0,0,0.0,0,0,0.0,0,0.0,0,0.0,0,0,0.0,0,0.0,0,0.0,0,0.0,0,0.0,0,0,0.0,0,0.0,0,0.0,0,0.0,0,0.0
2664859,문제 미리 알려주십니다 보기 순서만 달라집니다~~,4.85,20,17,3,0,0,0,20,12,0.6,8,0.4,0,0.0,20,20,1.0,0,0.0,0,0.0,20,15,0.75,5,0.25,0,0.0,20,2,0.1,8,0.4,0,0.0,7,0.35,3,0.15,20,0,0.0,1,0.05,19,0.95,0,0.0,0,0.0
2666945,교안에 퀴즈 있는데 이거 그대로 나온 문제 많았음 그리고 시험 직전 강의,4.39,75,47,15,10,1,2,75,20,0.266667,46,0.613333,9,0.12,75,5,0.066667,49,0.653333,21,0.28,75,41,0.546667,29,0.386667,5,0.066667,75,0,0.0,67,0.893333,0,0.0,1,0.013333,7,0.093333,75,0,0.0,64,0.853333,11,0.146667,0,0.0,0,0.0
2667717,100퍼센트 서술형임. 문제로 낼 작품을 여러개 미리 알려줌. 그중에서,3.88,76,31,21,12,8,4,76,34,0.447368,42,0.552632,0,0.0,76,74,0.973684,2,0.026316,0,0.0,76,29,0.381579,39,0.513158,8,0.105263,76,0,0.0,3,0.039474,0,0.0,67,0.881579,6,0.078947,76,1,0.013158,22,0.289474,53,0.697368,0,0.0,0,0.0
2667719,,0,0,0,0,0,0,0,0,0,0.0,0,0.0,0,0.0,0,0,0.0,0,0.0,0,0.0,0,0,0.0,0,0.0,0,0.0,0,0,0.0,0,0.0,0,0.0,0,0.0,0,0.0,0,0,0.0,0,0.0,0,0.0,0,0.0,0,0.0
2674067,,5,2,2,0,0,0,0,2,0,0.0,2,1.0,0,0.0,2,0,0.0,2,1.0,0,0.0,2,2,1.0,0,0.0,0,0.0,2,0,0.0,1,0.5,0,0.0,1,0.5,0,0.0,2,2,1.0,0,0.0,0,0.0,0,0.0,0,0.0
2676790,"수업시간에 하는 과제 설명만 잘 들어도 시험은 문제없어요. 중간고사, 기",5,1,1,0,0,0,0,1,0,0.0,0,0.0,1,1.0,1,1,1.0,0,0.0,0,0.0,1,1,1.0,0,0.0,0,0.0,1,0,0.0,0,0.0,0,0.0,1,1.0,0,0.0,1,0,0.0,0,0.0,1,1.0,0,0.0,0,0.0
2676791,어렵지 않습니다. 점수를 잘 주셔서 평소 실력대로 쓰면 큰 문제는 없습니,4.33,3,1,2,0,0,0,3,0,0.0,2,0.666667,1,0.333333,3,2,0.666667,1,0.333333,0,0.0,3,2,0.666667,1,0.333333,0,0.0,3,0,0.0,0,0.0,0,0.0,3,1.0,0,0.0,3,0,0.0,2,0.666667,1,0.333333,0,0.0,0,0.0
2676794,교수님이 두분이셔서 시험도 두번 칩니다. 국제갈등 중간은 교수님이 미리,3.74,19,8,5,2,1,3,19,1,0.052632,12,0.631579,6,0.315789,19,0,0.0,3,0.157895,16,0.842105,19,3,0.157895,11,0.578947,5,0.263158,19,0,0.0,1,0.052632,0,0.0,18,0.947368,0,0.0,19,1,0.052632,6,0.315789,7,0.368421,1,0.052632,4,0.210526
2676799,,0,0,0,0,0,0,0,0,0,0.0,0,0.0,0,0.0,0,0,0.0,0,0.0,0,0.0,0,0,0.0,0,0.0,0,0.0,0,0,0.0,0,0.0,0,0.0,0,0.0,0,0.0,0,0,0.0,0,0.0,0,0.0,0,0.0,0,0.0
2676801,,0,0,0,0,0,0,0,0,0,0.0,0,0.0,0,0.0,0,0,0.0,0,0.0,0,0.0,0,0,0.0,0,0.0,0,0.0,0,0,0.0,0,0.0,0,0.0,0,0.0,0,0.0,0,0,0.0,0,0.0,0,0.0,0,0.0,0,0.0
2685633,시험이 없습니다... 기말때까지 2주에 한 번 조끼리 논문 써서 교수님,4.22,27,16,6,2,1,2,27,2,0.074074,11,0.407407,14,0.518519,27,2,0.074074,5,0.185185,20,0.740741,27,16,0.592593,11,0.407407,0,0.0,27,0,0.0,8,0.296296,0,0.0,15,0.555556,4,0.148148,27,23,0.851852,3,0.111111,1,0.037037,0,0.0,0,0.0
2748881,매주 보는 쪽지시험이 있습니다. 거기 답들 싹 외우시고 교수님이 주시는,4.33,21,13,3,4,1,0,21,0,0.0,5,0.238095,16,0.761905,21,1,0.047619,2,0.095238,18,0.857143,21,12,0.571429,8,0.380952,1,0.047619,21,0,0.0,19,0.904762,0,0.0,1,0.047619,1,0.047619,21,0,0.0,5,0.238095,12,0.571429,1,0.047619,3,0.142857
2748882,피피티 열심히 읽고 수업 열심히 따라가면 잘 할 수 있음 근데 대부분 수,3.33,39,8,9,13,6,3,39,0,0.0,15,0.384615,24,0.615385,39,0,0.0,10,0.25641,29,0.74359,39,11,0.282051,22,0.564103,6,0.153846,39,0,0.0,1,0.025641,0,0.0,33,0.846154,5,0.128205,39,1,0.025641,24,0.615385,14,0.358974,0,0.0,0,0.0
2748883,시험 당일날 아캠으로 70분정도간 응시했습니다 오픈북이고 단답형 10문제,4.33,30,16,9,4,1,0,30,2,0.066667,19,0.633333,9,0.3,30,3,0.1,6,0.2,21,0.7,30,15,0.5,14,0.466667,1,0.033333,30,1,0.033333,3,0.1,4,0.133333,17,0.566667,5,0.166667,30,0,0.0,28,0.933333,2,0.066667,0,0.0,0,0.0
2748884,시험 전주에 4문제 알려주시고 이 중에 3문제가 나옴 쳇gpt는 좀 틀린,4.48,80,43,32,5,0,0,77,18,0.233766,57,0.74026,2,0.025974,77,72,0.935065,4,0.051948,1,0.012987,77,24,0.311688,51,0.662338,2,0.025974,77,0,0.0,4,0.051948,0,0.0,61,0.792208,12,0.155844,77,1,0.012987,71,0.922078,5,0.064935,0,0.0,0,0.0
2748886,퀴즈로 10문제 나오는데 10분도 안걸리고 약술형이라서 주제(제목) 키워,4.98,82,80,2,0,0,0,82,34,0.414634,47,0.573171,1,0.012195,82,9,0.109756,49,0.597561,24,0.292683,82,64,0.780488,18,0.219512,0,0.0,82,0,0.0,3,0.036585,0,0.0,75,0.914634,4,0.04878,82,2,0.02439,63,0.768293,17,0.207317,0,0.0,0,0.0
2748889,퀴즈형태로 그동안 배운 이디엄 퀴즈 봤습니다. 모두다 서술형이었기 때문에,4.87,75,70,3,0,1,1,75,12,0.16,57,0.76,6,0.08,75,65,0.866667,10,0.133333,0,0.0,75,45,0.6,28,0.373333,2,0.026667,75,0,0.0,37,0.493333,0,0.0,25,0.333333,13,0.173333,75,9,0.12,51,0.68,14,0.186667,1,0.013333,0,0.0
2748890,단답형1개 T/F1개 약술 5개 나옵니다. 수업 잘 듣고 교안 2번정도,4.66,198,151,33,9,3,2,198,25,0.126263,128,0.646465,45,0.227273,198,3,0.015152,40,0.20202,155,0.782828,198,85,0.429293,104,0.525253,9,0.045455,198,2,0.010101,66,0.333333,0,0.0,83,0.419192,47,0.237374,198,0,0.0,177,0.893939,21,0.106061,0,0.0,0,0.0
2748891,"Before the midterm, there will be three",4.58,111,79,20,9,3,0,111,45,0.405405,61,0.54955,5,0.045045,111,13,0.117117,86,0.774775,12,0.108108,111,34,0.306306,65,0.585586,12,0.108108,111,0,0.0,35,0.315315,1,0.009009,50,0.45045,25,0.225225,111,4,0.036036,71,0.63964,30,0.27027,5,0.045045,1,0.009009
2748892,총 3번의 퀴즈가 있고 그중 첫번째에 대한 내용입니다. 일단 첫번쨰,4.67,168,119,43,6,0,0,168,31,0.184524,125,0.744048,12,0.071429,168,151,0.89881,15,0.089286,2,0.011905,168,62,0.369048,94,0.559524,12,0.071429,168,0,0.0,91,0.541667,0,0.0,43,0.255952,34,0.202381,168,6,0.035714,86,0.511905,57,0.339286,12,0.071429,7,0.041667
2748893,교재 위주로 공부했던 부분만 꽤 깔끔하게 내심 교수님이 평소에 하는 말씀,4.8,5,4,1,0,0,0,5,0,0.0,5,1.0,0,0.0,5,1,0.2,4,0.8,0,0.0,5,3,0.6,2,0.4,0,0.0,5,0,0.0,2,0.4,1,0.2,2,0.4,0,0.0,5,1,0.2,0,0.0,4,0.8,0,0.0,0,0.0
2748894,,0,0,0,0,0,0,0,0,0,0.0,0,0.0,0,0.0,0,0,0.0,0,0.0,0,0.0,0,0,0.0,0,0.0,0,0.0,0,0,0.0,0,0.0,0,0.0,0,0.0,0,0.0,0,0,0.0,0,0.0,0,0.0,0,0.0,0,0.0
2748895,,5,4,4,0,0,0,0,4,1,0.25,3,0.75,0,0.0,4,3,0.75,1,0.25,0,0.0,4,2,0.5,2,0.5,0,0.0,4,0,0.0,1,0.25,0,0.0,2,0.5,1,0.25,4,0,0.0,0,0.0,3,0.75,1,0.25,0,0.0
2748897,핵심 단어들을 하나하나 진지하게 보고 외워요. PPT를 열심히 보면 높은,3.15,47,11,10,11,5,10,47,3,0.06383,20,0.425532,24,0.510638,47,8,0.170213,10,0.212766,29,0.617021,47,8,0.170213,14,0.297872,25,0.531915,47,0,0.0,37,0.787234,0,0.0,2,0.042553,8,0.170213,47,0,0.0,0,0.0,26,0.553191,2,0.042553,19,0.404255
2748898,"저는 유학을 했던 사람으로, 생활 영어가 익숙한 분들께 드리는 조언입니다",4.93,111,103,8,0,0,0,111,98,0.882883,11,0.099099,2,0.018018,111,17,0.153153,36,0.324324,58,0.522523,111,77,0.693694,34,0.306306,0,0.0,111,0,0.0,5,0.045045,26,0.234234,70,0.630631,10,0.09009,111,2,0.018018,0,0.0,84,0.756757,0,0.0,25,0.225225
2748900,한글맞춤법 피피티 중요 요약본에 나온 예시들 다 외우셔야 다 맞아요 교수,4.71,45,35,9,0,0,1,45,23,0.511111,20,0.444444,2,0.044444,45,41,0.911111,3,0.066667,1,0.022222,45,26,0.577778,17,0.377778,2,0.044444,45,0,0.0,41,0.911111,1,0.022222,1,0.022222,2,0.044444,45,0,0.0,42,0.933333,3,0.066667,0,0.0,0,0.0
2748901,하나를 가르치시고 학생에게 열을 알 것을 요구하는 시험은 아니었음. 과장,4.88,41,37,3,1,0,0,41,2,0.04878,32,0.780488,7,0.170732,41,38,0.926829,2,0.04878,1,0.02439,41,34,0.829268,6,0.146341,1,0.02439,41,0,0.0,6,0.146341,0,0.0,32,0.780488,3,0.073171,41,1,0.02439,33,0.804878,7,0.170732,0,0.0,0,0.0
2748902,"수업한 내용을 바탕으로 주어진 텍스트를 읽고 현안문제, 주장, 근거, 관",4.45,40,25,11,2,1,1,40,10,0.25,20,0.5,10,0.25,40,0,0.0,12,0.3,28,0.7,40,27,0.675,12,0.3,1,0.025,40,0,0.0,32,0.8,0,0.0,1,0.025,7,0.175,40,22,0.55,17,0.425,1,0.025,0,0.0,0,0.0
2748905,평소 내시는 실습이랑 비슷한 방식으로 진행되었습니다,4.88,26,23,3,0,0,0,26,3,0.115385,22,0.846154,1,0.038462,26,26,1.0,0,0.0,0,0.0,26,19,0.730769,7,0.269231,0,0.0,26,0,0.0,25,0.961538,0,0.0,0,0.0,1,0.038462,26,1,0.038462,24,0.923077,1,0.038462,0,0.0,0,0.0
2748908,중간고사는 한국어 쓰는 것 때문에 1점 감점되었고 기말고사 점수는 알려주,4.33,40,23,11,4,0,2,40,4,0.1,31,0.775,5,0.125,40,39,0.975,1,0.025,0,0.0,40,11,0.275,27,0.675,2,0.05,40,0,0.0,18,0.45,0,0.0,19,0.475,3,0.075,40,0,0.0,0,0.0,40,1.0,0,0.0,0,0.0
2748911,중간고사는 없고 대체 휴강하심 기말은 사실상 기말대신 발표 프로젝트를,4.83,58,53,2,2,0,1,58,2,0.034483,37,0.637931,19,0.327586,58,56,0.965517,1,0.017241,1,0.017241,58,43,0.741379,14,0.241379,1,0.017241,58,0,0.0,51,0.87931,0,0.0,3,0.051724,4,0.068966,58,58,1.0,0,0.0,0,0.0,0,0.0,0,0.0
2748914,교수님이 시험 일주일 전 제공하신 세 문제 중 1 문제 + 시험 당일 날,4.42,132,69,52,9,1,1,132,130,0.984848,2,0.015152,0,0.0,132,132,1.0,0,0.0,0,0.0,132,35,0.265152,88,0.666667,9,0.068182,132,0,0.0,75,0.568182,1,0.007576,8,0.060606,48,0.363636,132,0,0.0,0,0.0,132,1.0,0,0.0,0,0.0
2748917,어차피 공통시험이라 족보만 조금 보고가시면 좋아요!,4.87,55,48,7,0,0,0,55,23,0.418182,30,0.545455,2,0.036364,55,55,1.0,0,0.0,0,0.0,55,23,0.418182,31,0.563636,1,0.018182,55,21,0.381818,33,0.6,0,0.0,0,0.0,1,0.018182,55,1,0.018182,0,0.0,54,0.981818,0,0.0,0,0.0
2748918,일단 공동시험으로 진행되며 시험 문제는 영어로 나오고 답변은 한글로 작성,4.22,32,14,13,3,2,0,32,6,0.1875,25,0.78125,1,0.03125,32,29,0.90625,3,0.09375,0,0.0,32,3,0.09375,25,0.78125,4,0.125,32,1,0.03125,1,0.03125,0,0.0,28,0.875,2,0.0625,32,0,0.0,0,0.0,31,0.96875,0,0.0,1,0.03125
2748919,미적1 1학기 중간고사는 그냥 고등학교 내용이니까 고등 미적분 적당히 알,4.9,42,39,2,1,0,0,42,1,0.02381,38,0.904762,3,0.071429,42,40,0.952381,2,0.047619,0,0.0,42,9,0.214286,32,0.761905,1,0.02381,42,0,0.0,26,0.619048,0,0.0,10,0.238095,6,0.142857,42,0,0.0,0,0.0,42,1.0,0,0.0,0,0.0
2748922,,4.17,12,6,2,4,0,0,12,0,0.0,7,0.583333,5,0.416667,12,4,0.333333,5,0.416667,3,0.25,12,5,0.416667,6,0.5,1,0.083333,12,0,0.0,0,0.0,0,0.0,12,1.0,0,0.0,12,0,0.0,12,1.0,0,0.0,0,0.0,0,0.0
2748925,교수님께서 시험에 나온다고 언급하신 부분에서 나오며 예제와 단원별과제를,4.86,42,40,0,1,0,1,42,4,0.095238,38,0.904762,0,0.0,42,42,1.0,0,0.0,0,0.0,42,38,0.904762,3,0.071429,1,0.02381,42,0,0.0,40,0.952381,0,0.0,0,0.0,2,0.047619,42,0,0.0,0,0.0,42,1.0,0,0.0,0,0.0
2748926,한 문제 정도를 제외하고는 전부 과제에서 나왔습니다. 한 문제도 과제와,4.22,36,18,13,2,1,2,36,0,0.0,23,0.638889,13,0.361111,36,33,0.916667,3,0.083333,0,0.0,36,9,0.25,26,0.722222,1,0.027778,36,1,0.027778,2,0.055556,0,0.0,29,0.805556,4,0.111111,36,0,0.0,0,0.0,36,1.0,0,0.0,0,0.0
2748927,시험이 없었고 실험 발표로 대체했습니다. 실험 발표는 수업 땨 했던 실험,4.8,30,24,6,0,0,0,30,3,0.1,8,0.266667,19,0.633333,30,10,0.333333,11,0.366667,9,0.3,30,20,0.666667,9,0.3,1,0.033333,30,1,0.033333,0,0.0,0,0.0,15,0.5,14,0.466667,30,28,0.933333,1,0.033333,0,0.0,0,0.0,1,0.033333
2748929,일단 우리 조교님은 시험 바로 전 수업시간에 수업은 안하고 시험문제를 알,4.45,62,37,17,7,1,0,62,0,0.0,21,0.33871,41,0.66129,62,8,0.129032,29,0.467742,25,0.403226,62,22,0.354839,39,0.629032,1,0.016129,62,0,0.0,5,0.080645,2,0.032258,54,0.870968,1,0.016129,62,0,0.0,59,0.951613,3,0.048387,0,0.0,0,0.0
2748930,"앞에는 o,x 퀴즈 문제 (약간 개념들? 예를 들어, 세 사건이 모두 독",4.61,76,55,16,3,0,2,76,23,0.302632,53,0.697368,0,0.0,76,74,0.973684,1,0.013158,1,0.013158,76,17,0.223684,55,0.723684,4,0.052632,76,0,0.0,65,0.855263,0,0.0,3,0.039474,8,0.105263,76,0,0.0,0,0.0,43,0.565789,33,0.434211,0,0.0
2748933,교안 중 양명학의 심학 부분과 성리학의 수양공부론 부분 내용의 핵심을 일,4.88,90,82,5,3,0,0,90,29,0.322222,61,0.677778,0,0.0,90,87,0.966667,2,0.022222,1,0.011111,90,79,0.877778,11,0.122222,0,0.0,90,0,0.0,3,0.033333,0,0.0,82,0.911111,5,0.055556,90,3,0.033333,87,0.966667,0,0.0,0,0.0,0,0.0
2748934,💙시험은 없고 대체과제로 진행되어서 과제가 총 3개예요. 중간고사 대체과,4.96,94,93,0,0,0,1,94,43,0.457447,50,0.531915,1,0.010638,94,92,0.978723,2,0.021277,0,0.0,94,91,0.968085,2,0.021277,1,0.010638,94,4,0.042553,46,0.489362,0,0.0,39,0.414894,5,0.053191,94,86,0.914894,2,0.021277,4,0.042553,2,0.021277,0,0.0
2748936,"교안에 있는 개념문제 위주로 출제하십니다. 각 사상가의 정치철학, 그리고",4.62,21,15,4,2,0,0,21,19,0.904762,2,0.095238,0,0.0,21,2,0.095238,8,0.380952,11,0.52381,21,15,0.714286,6,0.285714,0,0.0,21,0,0.0,10,0.47619,0,0.0,4,0.190476,7,0.333333,21,0,0.0,17,0.809524,4,0.190476,0,0.0,0,0.0
2748937,考试只有期末一次，期中考试是报告书代替的。教授人很好期末考试前一周会把要考的题目,4.8,15,12,3,0,0,0,15,10,0.666667,4,0.266667,1,0.066667,15,12,0.8,3,0.2,0,0.0,15,9,0.6,4,0.266667,2,0.133333,15,0,0.0,7,0.466667,0,0.0,5,0.333333,3,0.2,15,1,0.066667,4,0.266667,10,0.666667,0,0.0,0,0.0
2748943,그냥 교수님이 올려주신 기출 그대로 나옵니다.,2.22,9,2,0,1,1,5,9,0,0.0,3,0.333333,6,0.666667,9,9,1.0,0,0.0,0,0.0,9,6,0.666667,1,0.111111,2,0.222222,9,0,0.0,4,0.444444,0,0.0,3,0.333333,2,0.222222,9,0,0.0,0,0.0,9,1.0,0,0.0,0,0.0
2748944,기말고사는 수업 전반에 sf 장르에 대한 이해를 돕기 위해 제공된 서적을,3.63,8,1,3,4,0,0,8,2,0.25,6,0.75,0,0.0,8,5,0.625,3,0.375,0,0.0,8,0,0.0,8,1.0,0,0.0,8,1,0.125,4,0.5,0,0.0,2,0.25,1,0.125,8,1,0.125,4,0.5,2,0.25,1,0.125,0,0.0
2748947,기말 한번만 보기 때문에 잘 집중해서 보세요! 나름 쉬워보이는 문제도 함,4.63,403,299,75,20,3,6,403,118,0.292804,232,0.575682,53,0.131514,403,387,0.960298,10,0.024814,6,0.014888,403,170,0.421836,228,0.565757,5,0.012407,403,87,0.215881,262,0.650124,1,0.002481,1,0.002481,52,0.129032,403,4,0.009926,382,0.947891,15,0.037221,1,0.002481,1,0.002481
2748948,시험 그냥 교수님께서 수업시간에 테스트할거라고 하신 부분만 침 평소 농구,4.77,30,27,1,1,0,1,30,16,0.533333,13,0.433333,1,0.033333,30,24,0.8,5,0.166667,1,0.033333,30,22,0.733333,8,0.266667,0,0.0,30,0,0.0,0,0.0,0,0.0,29,0.966667,1,0.033333,30,8,0.266667,19,0.633333,2,0.066667,0,0.0,1,0.033333
2748950,PF 과목이니 시험에 부담이 적다 그렇기 때문에 수업에 집중하고 교수님이,5,19,19,0,0,0,0,19,19,1.0,0,0.0,0,0.0,19,19,1.0,0,0.0,0,0.0,19,19,1.0,0,0.0,0,0.0,19,0,0.0,10,0.526316,0,0.0,2,0.105263,7,0.368421,19,19,1.0,0,0.0,0,0.0,0,0.0,0,0.0
2748951,중간기말다 보고서대체이다.중간은 a4한장~꿀강~~~~~~~~~~~,4.83,48,43,2,3,0,0,48,30,0.625,15,0.3125,3,0.0625,48,41,0.854167,7,0.145833,0,0.0,48,42,0.875,6,0.125,0,0.0,48,0,0.0,46,0.958333,0,0.0,0,0.0,2,0.041667,48,47,0.979167,0,0.0,1,0.020833,0,0.0,0,0.0
2748958,1. 15문제 50분 2. 1~5 2점 / 6~15번 3점 1~5는 대,4.37,246,177,26,18,7,18,246,105,0.426829,71,0.288618,70,0.284553,246,241,0.979675,2,0.00813,3,0.012195,246,178,0.723577,61,0.247967,7,0.028455,246,39,0.158537,182,0.739837,1,0.004065,1,0.004065,23,0.093496,246,11,0.044715,194,0.788618,40,0.162602,0,0.0,1,0.004065
2748962,시험에 대한 내용을 전주에 요약해주십니다. 주로 이 요약해주신 부분에서,4.69,26,21,3,1,1,0,26,2,0.076923,15,0.576923,9,0.346154,26,3,0.115385,10,0.384615,13,0.5,26,12,0.461538,13,0.5,1,0.038462,26,0,0.0,14,0.538462,0,0.0,6,0.230769,6,0.230769,26,16,0.615385,8,0.307692,2,0.076923,0,0.0,0,0.0
2748963,[중간고사 대체과제] 기말고사 대체과제를 위한 아이디어와 글쓰기 프로,4.89,19,17,2,0,0,0,19,1,0.052632,16,0.842105,2,0.105263,19,1,0.052632,10,0.526316,8,0.421053,19,15,0.789474,4,0.210526,0,0.0,19,0,0.0,2,0.105263,0,0.0,15,0.789474,2,0.105263,19,19,1.0,0,0.0,0,0.0,0,0.0,0,0.0
2748965,중학교 도덕교과 내용으로 주제 선정하고 수업 시연 25분 정도 진행하면,4.5,2,1,1,0,0,0,2,0,0.0,2,1.0,0,0.0,2,1,0.5,1,0.5,0,0.0,2,1,0.5,1,0.5,0,0.0,2,0,0.0,0,0.0,0,0.0,2,1.0,0,0.0,2,2,1.0,0,0.0,0,0.0,0,0.0,0,0.0
2748966,중간고사 범위 중 하나의 주제(본인은 진법을 선택함)를 선택하여 2시간,3.74,34,13,8,7,3,3,34,16,0.470588,17,0.5,1,0.029412,34,34,1.0,0,0.0,0,0.0,34,4,0.117647,19,0.558824,11,0.323529,34,2,0.058824,2,0.058824,0,0.0,28,0.823529,2,0.058824,34,0,0.0,6,0.176471,28,0.823529,0,0.0,0,0.0
2748975,짧은 분개 위주로 시험이 나오는데 숫자 분개가 아니라 어떤 항목이 오르고,4.43,47,30,11,4,0,2,47,3,0.06383,35,0.744681,9,0.191489,47,45,0.957447,0,0.0,2,0.042553,47,19,0.404255,24,0.510638,4,0.085106,47,0,0.0,29,0.617021,0,0.0,5,0.106383,13,0.276596,47,0,0.0,0,0.0,45,0.957447,0,0.0,2,0.042553
2748977,T/F 문제 + 사지선다 + 주관식(부분점수 있음. 풀이과정 써놓는 기,4.75,111,91,14,4,2,0,111,15,0.135135,86,0.774775,10,0.09009,111,108,0.972973,3,0.027027,0,0.0,111,61,0.54955,49,0.441441,1,0.009009,111,1,0.009009,87,0.783784,0,0.0,6,0.054054,17,0.153153,111,1,0.009009,1,0.009009,102,0.918919,0,0.0,7,0.063063
2748978,수업시간에 푸는 퀴즈와 비슷한 형식으로 객관식(5지선다) 또는 T/F 형,4.65,34,27,4,2,0,1,34,2,0.058824,19,0.558824,13,0.382353,34,3,0.088235,7,0.205882,24,0.705882,34,14,0.411765,18,0.529412,2,0.058824,34,0,0.0,29,0.852941,3,0.088235,0,0.0,2,0.058824,34,0,0.0,0,0.0,34,1.0,0,0.0,0,0.0
2748980,객관식 + 단답형 + 서술형 객관식은 교안 2-3회독이면 충분해요! 단,4.52,21,14,4,3,0,0,21,4,0.190476,15,0.714286,2,0.095238,21,8,0.380952,9,0.428571,4,0.190476,21,7,0.333333,14,0.666667,0,0.0,21,0,0.0,7,0.333333,0,0.0,12,0.571429,2,0.095238,21,0,0.0,0,0.0,21,1.0,0,0.0,0,0.0
2748984,시험 한번입니다. 내용은 기초적입니다! 교안 공부하고 스스로 개념들 정리,4.5,2,1,1,0,0,0,2,0,0.0,1,0.5,1,0.5,2,0,0.0,0,0.0,2,1.0,2,0,0.0,2,1.0,0,0.0,2,0,0.0,0,0.0,0,0.0,2,1.0,0,0.0,2,0,0.0,2,1.0,0,0.0,0,0.0,0,0.0
2748993,퀴즈 진~~~~~~~~~짜 쉬워요 발표자는 발을 관중을 향해 열어놔야한다,4.21,34,19,8,4,1,2,34,3,0.088235,27,0.794118,4,0.117647,34,7,0.205882,20,0.588235,7,0.205882,34,12,0.352941,19,0.558824,3,0.088235,34,0,0.0,13,0.382353,0,0.0,16,0.470588,5,0.147059,34,8,0.235294,19,0.558824,6,0.176471,0,0.0,1,0.029412
2748994,"교수님이 강의때 설명하는 내용은 교안에 없는 내용일때도 종종 있는데, 시",3.71,7,4,1,0,0,2,7,0,0.0,2,0.285714,5,0.714286,7,0,0.0,1,0.142857,6,0.857143,7,2,0.285714,5,0.714286,0,0.0,7,0,0.0,1,0.142857,0,0.0,6,0.857143,0,0.0,7,0,0.0,6,0.857143,1,0.142857,0,0.0,0,0.0
2748995,,5,2,2,0,0,0,0,2,0,0.0,2,1.0,0,0.0,2,0,0.0,0,0.0,2,1.0,2,2,1.0,0,0.0,0,0.0,2,0,0.0,2,1.0,0,0.0,0,0.0,0,0.0,2,2,1.0,0,0.0,0,0.0,0,0.0,0,0.0
2748996,교수님이 풀어주시는 문제 영상 족보만 봐도 거의 다 풀립니다 올해는 국,3.86,28,11,7,7,1,2,28,27,0.964286,1,0.035714,0,0.0,28,28,1.0,0,0.0,0,0.0,28,2,0.071429,21,0.75,5,0.178571,28,3,0.107143,24,0.857143,0,0.0,0,0.0,1,0.035714,28,0,0.0,0,0.0,28,1.0,0,0.0,0,0.0
2748999,최대한 점수 주려고 하십니다. 쉬워요. 내용이 적어서 교수님이 오래 설명,4.64,25,19,3,3,0,0,25,7,0.28,16,0.64,2,0.08,25,24,0.96,1,0.04,0,0.0,25,11,0.44,14,0.56,0,0.0,25,0,0.0,3,0.12,0,0.0,18,0.72,4,0.16,25,0,0.0,0,0.0,25,1.0,0,0.0,0,0.0
2749001,,0,0,0,0,0,0,0,0,0,0.0,0,0.0,0,0.0,0,0,0.0,0,0.0,0,0.0,0,0,0.0,0,0.0,0,0.0,0,0,0.0,0,0.0,0,0.0,0,0.0,0,0.0,0,0,0.0,0,0.0,0,0.0,0,0.0,0,0.0
2749002,교수님께서 수업시간에 판서하는 내용에서 다 나옴. 무조건 판서는 다 받아,4.08,13,9,0,2,0,2,13,0,0.0,8,0.615385,5,0.384615,13,12,0.923077,0,0.0,1,0.076923,13,8,0.615385,3,0.230769,2,0.153846,13,0,0.0,0,0.0,0,0.0,13,1.0,0,0.0,13,0,0.0,0,0.0,13,1.0,0,0.0,0,0.0
2749006,시험이 없답니다!! 다들 설계 열심히 하세용!,5,3,3,0,0,0,0,3,0,0.0,1,0.333333,2,0.666667,3,3,1.0,0,0.0,0,0.0,3,2,0.666667,1,0.333333,0,0.0,3,0,0.0,0,0.0,0,0.0,3,1.0,0,0.0,3,3,1.0,0,0.0,0,0.0,0,0.0,0,0.0
2749007,,0,0,0,0,0,0,0,0,0,0.0,0,0.0,0,0.0,0,0,0.0,0,0.0,0,0.0,0,0,0.0,0,0.0,0,0.0,0,0,0.0,0,0.0,0,0.0,0,0.0,0,0.0,0,0,0.0,0,0.0,0,0.0,0,0.0,0,0.0
2749008,,0,0,0,0,0,0,0,0,0,0.0,0,0.0,0,0.0,0,0,0.0,0,0.0,0,0.0,0,0,0.0,0,0.0,0,0.0,0,0,0.0,0,0.0,0,0.0,0,0.0,0,0.0,0,0,0.0,0,0.0,0,0.0,0,0.0,0,0.0
2749014,,0,0,0,0,0,0,0,0,0,0.0,0,0.0,0,0.0,0,0,0.0,0,0.0,0,0.0,0,0,0.0,0,0.0,0,0.0,0,0,0.0,0,0.0,0,0.0,0,0.0,0,0.0,0,0,0.0,0,0.0,0,0.0,0,0.0,0,0.0
2749015,범위 : 1주차(조경 공사 관리) & 2~4주차 형식 : 주관식(단답형,5,1,1,0,0,0,0,1,0,0.0,1,1.0,0,0.0,1,0,0.0,1,1.0,0,0.0,1,0,0.0,1,1.0,0,0.0,1,0,0.0,1,1.0,0,0.0,0,0.0,0,0.0,1,0,0.0,0,0.0,1,1.0,0,0.0,0,0.0
2749018,중간고사 이전에 교수님께서 내주신 과제 위주로 나옵니다. 또 수업시간에,4.81,32,26,6,0,0,0,32,12,0.375,20,0.625,0,0.0,32,0,0.0,27,0.84375,5,0.15625,32,20,0.625,12,0.375,0,0.0,32,0,0.0,18,0.5625,0,0.0,10,0.3125,4,0.125,32,0,0.0,24,0.75,8,0.25,0,0.0,0,0.0
2749020,시험 없습니다!! 대신 과제가 있어요. 최종 과제는 2학년 1학기 주택의,5,3,3,0,0,0,0,3,0,0.0,2,0.666667,1,0.333333,3,0,0.0,2,0.666667,1,0.333333,3,1,0.333333,1,0.333333,1,0.333333,3,0,0.0,3,1.0,0,0.0,0,0.0,0,0.0,3,3,1.0,0,0.0,0,0.0,0,0.0,0,0.0
2749022,,5,2,2,0,0,0,0,2,0,0.0,1,0.5,1,0.5,2,0,0.0,1,0.5,1,0.5,2,0,0.0,2,1.0,0,0.0,2,0,0.0,0,0.0,0,0.0,1,0.5,1,0.5,2,2,1.0,0,0.0,0,0.0,0,0.0,0,0.0
2749023,,5,1,1,0,0,0,0,1,0,0.0,1,1.0,0,0.0,1,0,0.0,0,0.0,1,1.0,1,0,0.0,1,1.0,0,0.0,1,0,0.0,0,0.0,0,0.0,1,1.0,0,0.0,1,1,1.0,0,0.0,0,0.0,0,0.0,0,0.0
2749024,,0,0,0,0,0,0,0,0,0,0.0,0,0.0,0,0.0,0,0,0.0,0,0.0,0,0.0,0,0,0.0,0,0.0,0,0.0,0,0,0.0,0,0.0,0,0.0,0,0.0,0,0.0,0,0,0.0,0,0.0,0,0.0,0,0.0,0,0.0
2749033,교수님이 시험문제 찝어주시니까 크게 걱정하지 않으셔도 됩니다.,4.17,6,4,1,0,0,1,6,6,1.0,0,0.0,0,0.0,6,5,0.833333,1,0.166667,0,0.0,6,1,0.166667,3,0.5,2,0.333333,6,1,0.166667,1,0.166667,0,0.0,2,0.333333,2,0.333333,6,0,0.0,0,0.0,6,1.0,0,0.0,0,0.0
2749034,,5,1,1,0,0,0,0,1,0,0.0,1,1.0,0,0.0,1,1,1.0,0,0.0,0,0.0,1,1,1.0,0,0.0,0,0.0,1,0,0.0,1,1.0,0,0.0,0,0.0,0,0.0,1,0,0.0,1,1.0,0,0.0,0,0.0,0,0.0
2749039,"과제랑 피피티 자료 양이 상당한데, 그냥 다 봐야합니다. 교수님 강의력이",1.67,3,0,0,1,0,2,3,0,0.0,2,0.666667,1,0.333333,3,0,0.0,3,1.0,0,0.0,3,0,0.0,1,0.333333,2,0.666667,3,3,1.0,0,0.0,0,0.0,0,0.0,0,0.0,3,0,0.0,3,1.0,0,0.0,0,0.0,0,0.0
2749047,,5,2,2,0,0,0,0,2,2,1.0,0,0.0,0,0.0,2,2,1.0,0,0.0,0,0.0,2,2,1.0,0,0.0,0,0.0,2,0,0.0,0,0.0,0,0.0,2,1.0,0,0.0,2,0,0.0,0,0.0,2,1.0,0,0.0,0,0.0
2749051,,0,0,0,0,0,0,0,0,0,0.0,0,0.0,0,0.0,0,0,0.0,0,0.0,0,0.0,0,0,0.0,0,0.0,0,0.0,0,0,0.0,0,0.0,0,0.0,0,0.0,0,0.0,0,0,0.0,0,0.0,0,0.0,0,0.0,0,0.0
2749054,,0,0,0,0,0,0,0,0,0,0.0,0,0.0,0,0.0,0,0,0.0,0,0.0,0,0.0,0,0,0.0,0,0.0,0,0.0,0,0,0.0,0,0.0,0,0.0,0,0.0,0,0.0,0,0,0.0,0,0.0,0,0.0,0,0.0,0,0.0
2749055,생각보다 개념 위주의 문제를 많이 내셨습니다 교안을 꼼꼼히 읽어보셔야 될,4.68,37,26,10,1,0,0,37,33,0.891892,4,0.108108,0,0.0,37,37,1.0,0,0.0,0,0.0,37,16,0.432432,20,0.540541,1,0.027027,37,0,0.0,1,0.027027,0,0.0,36,0.972973,0,0.0,37,0,0.0,0,0.0,37,1.0,0,0.0,0,0.0
2749057,시험 문제 다 피피티 안에 있는 내용만 나옵니다. 교수님이 올려주신 코드,4.63,81,52,28,1,0,0,81,4,0.049383,69,0.851852,8,0.098765,81,74,0.91358,5,0.061728,2,0.024691,81,43,0.530864,38,0.469136,0,0.0,81,0,0.0,77,0.950617,1,0.012346,3,0.037037,0,0.0,81,1,0.012346,1,0.012346,79,0.975309,0,0.0,0,0.0
2749058,교수님께서 시험 직전 수업에서 지필 힌트 주셨습니다. 퀴즈에서 2문제나,4.45,40,28,7,2,1,2,40,7,0.175,10,0.25,23,0.575,40,6,0.15,14,0.35,20,0.5,40,33,0.825,5,0.125,2,0.05,40,1,0.025,38,0.95,0,0.0,0,0.0,1,0.025,40,0,0.0,1,0.025,39,0.975,0,0.0,0,0.0
2749059,교수님께서 기출문제를 다 올려주셔서 편했습니다. 제가 시험 볼 때는 기출,4.67,15,11,3,1,0,0,15,10,0.666667,5,0.333333,0,0.0,15,14,0.933333,1,0.066667,0,0.0,15,1,0.066667,14,0.933333,0,0.0,15,0,0.0,14,0.933333,0,0.0,0,0.0,1,0.066667,15,0,0.0,1,0.066667,14,0.933333,0,0.0,0,0.0
2749063,,4,1,0,1,0,0,0,1,0,0.0,1,1.0,0,0.0,1,1,1.0,0,0.0,0,0.0,1,0,0.0,1,1.0,0,0.0,1,0,0.0,1,1.0,0,0.0,0,0.0,0,0.0,1,0,0.0,0,0.0,1,1.0,0,0.0,0,0.0
2749064,T/F 문제로 개념적인 부분 많이 물어보십니다. 발표 논문들도 공부해가는,5,6,6,0,0,0,0,6,6,1.0,0,0.0,0,0.0,6,6,1.0,0,0.0,0,0.0,6,5,0.833333,1,0.166667,0,0.0,6,1,0.166667,3,0.5,0,0.0,2,0.333333,0,0.0,6,0,0.0,4,0.666667,2,0.333333,0,0.0,0,0.0
2749065,"중간고사는 없고 발표1번(성적반영), 기말고사 출결 비율이 높아서 출결",5,1,1,0,0,0,0,1,0,0.0,1,1.0,0,0.0,1,1,1.0,0,0.0,0,0.0,1,0,0.0,1,1.0,0,0.0,1,0,0.0,0,0.0,0,0.0,0,0.0,1,1.0,1,0,0.0,1,1.0,0,0.0,0,0.0,0,0.0
2749066,내용을 이해했는지 공식 유도 문제나 현상의 특징을 물어보는 문제도 있고,4.76,38,31,5,2,0,0,38,30,0.789474,7,0.184211,1,0.026316,38,38,1.0,0,0.0,0,0.0,38,27,0.710526,10,0.263158,1,0.026316,38,0,0.0,3,0.078947,0,0.0,29,0.763158,6,0.157895,38,0,0.0,0,0.0,37,0.973684,1,0.026316,0,0.0
2749074,보충 강의 올려주셔서 잘 보실 수 있습니다! 진짜 보라는 것만 나오니까,4.93,15,14,1,0,0,0,15,8,0.533333,7,0.466667,0,0.0,15,13,0.866667,1,0.066667,1,0.066667,15,13,0.866667,2,0.133333,0,0.0,15,1,0.066667,13,0.866667,0,0.0,1,0.066667,0,0.0,15,0,0.0,2,0.133333,13,0.866667,0,0.0,0,0.0
2749077,,4.75,4,3,1,0,0,0,4,3,0.75,1,0.25,0,0.0,4,3,0.75,1,0.25,0,0.0,4,1,0.25,2,0.5,1,0.25,4,0,0.0,0,0.0,0,0.0,4,1.0,0,0.0,4,0,0.0,0,0.0,4,1.0,0,0.0,0,0.0
2749081,..... Ppt기준으로 복습하시면 돼요 논술령은 교수님이 제목을 주실,4.17,6,4,1,0,0,1,6,0,0.0,1,0.166667,5,0.833333,6,5,0.833333,1,0.166667,0,0.0,6,5,0.833333,1,0.166667,0,0.0,6,0,0.0,0,0.0,1,0.166667,5,0.833333,0,0.0,6,0,0.0,6,1.0,0,0.0,0,0.0,0,0.0
2749082,教授每周会在展示板上出两道题让回答，一道叙述，一道填空，都是和平时上课相关的内容,4.6,5,3,2,0,0,0,5,0,0.0,4,0.8,1,0.2,5,3,0.6,2,0.4,0,0.0,5,2,0.4,3,0.6,0,0.0,5,0,0.0,0,0.0,0,0.0,5,1.0,0,0.0,5,0,0.0,5,1.0,0,0.0,0,0.0,0,0.0
2749086,"기말고사의 경우 대체과제이고, 제출기한은 마지막주차 금요일 24시까지 입",4.65,40,31,4,5,0,0,40,13,0.325,25,0.625,2,0.05,40,40,1.0,0,0.0,0,0.0,40,29,0.725,11,0.275,0,0.0,40,3,0.075,35,0.875,0,0.0,0,0.0,2,0.05,40,33,0.825,3,0.075,4,0.1,0,0.0,0,0.0
2749093,고딩 때 언매+강의 집중러로서 상당히 쉬웠음. 유형적 특성은 외우기 쉬워,4,22,9,8,3,0,2,22,12,0.545455,10,0.454545,0,0.0,22,1,0.045455,18,0.818182,3,0.136364,22,5,0.227273,16,0.727273,1,0.045455,22,0,0.0,1,0.045455,1,0.045455,20,0.909091,0,0.0,22,0,0.0,0,0.0,22,1.0,0,0.0,0,0.0
2749095,Ipa기호 변환 * 주의사항입니다 저는 다 잘 적고 사소한거 틀려서 말아,3.92,12,5,3,3,0,1,12,12,1.0,0,0.0,0,0.0,12,12,1.0,0,0.0,0,0.0,12,2,0.166667,8,0.666667,2,0.166667,12,0,0.0,0,0.0,0,0.0,10,0.833333,2,0.166667,12,0,0.0,0,0.0,12,1.0,0,0.0,0,0.0
2749099,"뜻풀이, 형태소분석은 수업시간에 나눠주시고 같이 풀이한 학습지 기준으로",4.37,19,10,6,3,0,0,19,9,0.473684,8,0.421053,2,0.105263,19,2,0.105263,9,0.473684,8,0.421053,19,10,0.526316,9,0.473684,0,0.0,19,0,0.0,1,0.052632,0,0.0,15,0.789474,3,0.157895,19,0,0.0,0,0.0,19,1.0,0,0.0,0,0.0
2749101,,4.4,5,2,3,0,0,0,5,0,0.0,4,0.8,1,0.2,5,2,0.4,2,0.4,1,0.2,5,2,0.4,2,0.4,1,0.2,5,0,0.0,0,0.0,0,0.0,3,0.6,2,0.4,5,0,0.0,0,0.0,5,1.0,0,0.0,0,0.0
2749102,"시험 전에 천기누설 해주시는 것 열심히 공부하고, 이외에도 단어의 뜻을",4.76,25,19,6,0,0,0,25,6,0.24,16,0.64,3,0.12,25,25,1.0,0,0.0,0,0.0,25,20,0.8,5,0.2,0,0.0,25,1,0.04,7,0.28,0,0.0,13,0.52,4,0.16,25,0,0.0,25,1.0,0,0.0,0,0.0,0,0.0
2749103,교수님이 너무 좋고 수업분위기가 좋아서 유학생들에게는 수업내용이 잘 이해,5,3,3,0,0,0,0,3,0,0.0,3,1.0,0,0.0,3,3,1.0,0,0.0,0,0.0,3,3,1.0,0,0.0,0,0.0,3,0,0.0,1,0.333333,0,0.0,2,0.666667,0,0.0,3,0,0.0,1,0.333333,2,0.666667,0,0.0,0,0.0
2749116,주관식과 서술형 복합 10문제를 시간내에 써야합니다. 통암기로 달달 외우,4.62,21,16,3,1,1,0,21,4,0.190476,16,0.761905,1,0.047619,21,20,0.952381,1,0.047619,0,0.0,21,3,0.142857,17,0.809524,1,0.047619,21,0,0.0,18,0.857143,0,0.0,1,0.047619,2,0.095238,21,0,0.0,1,0.047619,20,0.952381,0,0.0,0,0.0
2749131,주신 보충자료는 변형없이 그대로 냈다고 하셨고요. 시간이 여유롭지 않으니,4.5,2,1,1,0,0,0,2,0,0.0,2,1.0,0,0.0,2,1,0.5,1,0.5,0,0.0,2,2,1.0,0,0.0,0,0.0,2,0,0.0,0,0.0,0,0.0,2,1.0,0,0.0,2,0,0.0,0,0.0,2,1.0,0,0.0,0,0.0
2749132,,5,1,1,0,0,0,0,1,0,0.0,1,1.0,0,0.0,1,0,0.0,1,1.0,0,0.0,1,0,0.0,1,1.0,0,0.0,1,0,0.0,0,0.0,0,0.0,1,1.0,0,0.0,1,1,1.0,0,0.0,0,0.0,0,0.0,0,0.0
2749135,1-2줄 작성하는 short 부분 3문제 논증에 대한 설명 및 비판을,0,0,0,0,0,0,0,0,0,0.0,0,0.0,0,0.0,0,0,0.0,0,0.0,0,0.0,0,0,0.0,0,0.0,0,0.0,0,0,0.0,0,0.0,0,0.0,0,0.0,0,0.0,0,0,0.0,0,0.0,0,0.0,0,0.0,0,0.0
2749136,,4,1,0,1,0,0,0,1,0,0.0,1,1.0,0,0.0,1,1,1.0,0,0.0,0,0.0,1,1,1.0,0,0.0,0,0.0,1,0,0.0,0,0.0,0,0.0,1,1.0,0,0.0,1,0,0.0,1,1.0,0,0.0,0,0.0,0,0.0
2749137,시험은 주차마다 대주제가 있는데 그 안에서 강조하신게 나옵니다. 시험 임,4.73,15,13,1,0,1,0,15,2,0.133333,11,0.733333,2,0.133333,15,2,0.133333,10,0.666667,3,0.2,15,14,0.933333,1,0.066667,0,0.0,15,0,0.0,14,0.933333,0,0.0,0,0.0,1,0.066667,15,0,0.0,1,0.066667,14,0.933333,0,0.0,0,0.0
2749149,교수님이 원하시는 방향과 정도를 교수님께서 감당하지 못하시는 것 같습니다,3.12,25,0,8,12,5,0,25,1,0.04,4,0.16,20,0.8,25,2,0.08,3,0.12,20,0.8,25,4,0.16,16,0.64,5,0.2,25,1,0.04,2,0.08,0,0.0,21,0.84,1,0.04,25,18,0.72,4,0.16,1,0.04,0,0.0,2,0.08
2749158,,5,1,1,0,0,0,0,1,0,0.0,1,1.0,0,0.0,1,1,1.0,0,0.0,0,0.0,1,1,1.0,0,0.0,0,0.0,1,0,0.0,1,1.0,0,0.0,0,0.0,0,0.0,1,0,0.0,0,0.0,1,1.0,0,0.0,0,0.0
2749159,1. 게임을 만들어서 제출 정상적인 작동을 하는 게임을 제출만 해도 성적,3.62,13,3,4,4,2,0,13,0,0.0,10,0.769231,3,0.230769,13,12,0.923077,0,0.0,1,0.076923,13,8,0.615385,5,0.384615,0,0.0,13,1,0.076923,7,0.538462,0,0.0,3,0.230769,2,0.153846,13,9,0.692308,0,0.0,4,0.307692,0,0.0,0,0.0
2749171,- 12:00 ~ 1:15 in 61803 - 객관식 / 주관식 -,5,6,6,0,0,0,0,6,5,0.833333,1,0.166667,0,0.0,6,0,0.0,6,1.0,0,0.0,6,2,0.333333,4,0.666667,0,0.0,6,0,0.0,0,0.0,0,0.0,6,1.0,0,0.0,6,0,0.0,0,0.0,6,1.0,0,0.0,0,0.0
2749181,7주차에 올려신 복습 내용만 보고 들어가도 왠만한 건 풀 수 있습니다.,4.16,31,15,10,3,2,1,31,26,0.83871,4,0.129032,1,0.032258,31,31,1.0,0,0.0,0,0.0,31,6,0.193548,24,0.774194,1,0.032258,31,5,0.16129,23,0.741935,0,0.0,0,0.0,3,0.096774,31,0,0.0,0,0.0,31,1.0,0,0.0,0,0.0
2749183,,4.92,12,11,1,0,0,0,12,3,0.25,9,0.75,0,0.0,12,0,0.0,7,0.583333,5,0.416667,12,5,0.416667,7,0.583333,0,0.0,12,0,0.0,10,0.833333,0,0.0,0,0.0,2,0.166667,12,0,0.0,1,0.083333,11,0.916667,0,0.0,0,0.0
2749190,1번 70점 2번 20점 3번 10점(아래의 3.4.5번) 완전 논술형에,3.74,42,14,16,5,1,6,42,7,0.166667,31,0.738095,4,0.095238,42,36,0.857143,5,0.119048,1,0.02381,42,7,0.166667,27,0.642857,8,0.190476,42,0,0.0,3,0.071429,0,0.0,26,0.619048,13,0.309524,42,1,0.02381,0,0.0,41,0.97619,0,0.0,0,0.0
2749191,,0,0,0,0,0,0,0,0,0,0.0,0,0.0,0,0.0,0,0,0.0,0,0.0,0,0.0,0,0,0.0,0,0.0,0,0.0,0,0,0.0,0,0.0,0,0.0,0,0.0,0,0.0,0,0,0.0,0,0.0,0,0.0,0,0.0,0,0.0
2749192,"중간고사는 논리 구조 배운 게 있어서 그거 활용하는 서술형 3~4개, 수",4.45,22,16,2,2,2,0,22,11,0.5,8,0.363636,3,0.136364,22,22,1.0,0,0.0,0,0.0,22,10,0.454545,11,0.5,1,0.045455,22,1,0.045455,16,0.727273,1,0.045455,2,0.090909,2,0.090909,22,0,0.0,0,0.0,22,1.0,0,0.0,0,0.0
2749194,교안에 있는 기본 용어들 꼼꼼히 외우시면 좋습니다. 용어를 설명하라는 문,4.38,13,8,4,0,0,1,13,0,0.0,9,0.692308,4,0.307692,13,0,0.0,10,0.769231,3,0.230769,13,6,0.461538,6,0.461538,1,0.076923,13,0,0.0,3,0.230769,1,0.076923,8,0.615385,1,0.076923,13,0,0.0,0,0.0,12,0.923077,0,0.0,1,0.076923
2749198,과제에서 70프로 나오고 수업 중 중요하다고 언급하신 부분에서 좀 나옵니,0,0,0,0,0,0,0,0,0,0.0,0,0.0,0,0.0,0,0,0.0,0,0.0,0,0.0,0,0,0.0,0,0.0,0,0.0,0,0,0.0,0,0.0,0,0.0,0,0.0,0,0.0,0,0,0.0,0,0.0,0,0.0,0,0.0,0,0.0
2749201,"1강 교안 앞에 나오는 영어 개념 정의 나오니까 그거 알아두시고, 매주",0,0,0,0,0,0,0,0,0,0.0,0,0.0,0,0.0,0,0,0.0,0,0.0,0,0.0,0,0,0.0,0,0.0,0,0.0,0,0,0.0,0,0.0,0,0.0,0,0.0,0,0.0,0,0,0.0,0,0.0,0,0.0,0,0.0,0,0.0
2749202,실습 시간에 배운 코드 위주로 공부하시면 될 것 같습니다.,0,0,0,0,0,0,0,0,0,0.0,0,0.0,0,0.0,0,0,0.0,0,0.0,0,0.0,0,0,0.0,0,0.0,0,0.0,0,0,0.0,0,0.0,0,0.0,0,0.0,0,0.0,0,0,0.0,0,0.0,0,0.0,0,0.0,0,0.0
2749206,"논술형 6문항. 분량은 자유(쓸게 많으면 많이 작성해도 되고, 짧게 작성",4.33,24,15,4,4,0,1,24,10,0.416667,12,0.5,2,0.083333,24,4,0.166667,10,0.416667,10,0.416667,24,11,0.458333,8,0.333333,5,0.208333,24,18,0.75,5,0.208333,0,0.0,0,0.0,1,0.041667,24,0,0.0,24,1.0,0,0.0,0,0.0,0,0.0
2749209,,0,0,0,0,0,0,0,0,0,0.0,0,0.0,0,0.0,0,0,0.0,0,0.0,0,0.0,0,0,0.0,0,0.0,0,0.0,0,0,0.0,0,0.0,0,0.0,0,0.0,0,0.0,0,0,0.0,0,0.0,0,0.0,0,0.0,0,0.0
2749210,,0,0,0,0,0,0,0,0,0,0.0,0,0.0,0,0.0,0,0,0.0,0,0.0,0,0.0,0,0,0.0,0,0.0,0,0.0,0,0,0.0,0,0.0,0,0.0,0,0.0,0,0.0,0,0,0.0,0,0.0,0,0.0,0,0.0,0,0.0
2749211,,2,1,0,0,0,1,0,1,1,1.0,0,0.0,0,0.0,1,1,1.0,0,0.0,0,0.0,1,1,1.0,0,0.0,0,0.0,1,0,0.0,1,1.0,0,0.0,0,0.0,0,0.0,1,1,1.0,0,0.0,0,0.0,0,0.0,0,0.0
2749213,생각보다 지엽적으로 내심 말장난 같은 내용이 조금 있었음 문제가 공개되,4.92,13,12,1,0,0,0,13,5,0.384615,8,0.615385,0,0.0,13,2,0.153846,7,0.538462,4,0.307692,13,12,0.923077,1,0.076923,0,0.0,13,1,0.076923,8,0.615385,0,0.0,0,0.0,4,0.307692,13,1,0.076923,0,0.0,12,0.923077,0,0.0,0,0.0
2749214,그저 갓... 파이썬 과목임에도 불구하고 들여쓰기 칸 수가 다른 오류는,4.91,11,10,1,0,0,0,11,0,0.0,9,0.818182,2,0.181818,11,10,0.909091,1,0.090909,0,0.0,11,10,0.909091,1,0.090909,0,0.0,11,0,0.0,11,1.0,0,0.0,0,0.0,0,0.0,11,0,0.0,0,0.0,10,0.909091,1,0.090909,0,0.0
2749218,중간/기말 없고 플젝 대체 - github 관리 미리미리 해 놓을 것.,3,3,0,2,0,0,1,3,0,0.0,2,0.666667,1,0.333333,3,2,0.666667,0,0.0,1,0.333333,3,1,0.333333,2,0.666667,0,0.0,3,0,0.0,0,0.0,0,0.0,1,0.333333,2,0.666667,3,1,0.333333,0,0.0,2,0.666667,0,0.0,0,0.0
2749227,,3.29,7,3,1,0,1,2,7,1,0.142857,6,0.857143,0,0.0,7,5,0.714286,2,0.285714,0,0.0,7,3,0.428571,4,0.571429,0,0.0,7,0,0.0,5,0.714286,0,0.0,1,0.142857,1,0.142857,7,7,1.0,0,0.0,0,0.0,0,0.0,0,0.0
2749228,Lecture 1부터 7까지가 범위였습니다. 다만 7장은 실제로 나오진,3.8,20,7,8,1,2,2,20,3,0.15,17,0.85,0,0.0,20,19,0.95,1,0.05,0,0.0,20,10,0.5,9,0.45,1,0.05,20,2,0.1,14,0.7,0,0.0,1,0.05,3,0.15,20,0,0.0,0,0.0,19,0.95,0,0.0,1,0.05
2749229,,0,0,0,0,0,0,0,0,0,0.0,0,0.0,0,0.0,0,0,0.0,0,0.0,0,0.0,0,0,0.0,0,0.0,0,0.0,0,0,0.0,0,0.0,0,0.0,0,0.0,0,0.0,0,0,0.0,0,0.0,0,0.0,0,0.0,0,0.0
2749230,,0,0,0,0,0,0,0,0,0,0.0,0,0.0,0,0.0,0,0,0.0,0,0.0,0,0.0,0,0,0.0,0,0.0,0,0.0,0,0,0.0,0,0.0,0,0.0,0,0.0,0,0.0,0,0,0.0,0,0.0,0,0.0,0,0.0,0,0.0
2749232,,1,1,0,0,0,0,1,1,0,0.0,1,1.0,0,0.0,1,0,0.0,0,0.0,1,1.0,1,0,0.0,1,1.0,0,0.0,1,0,0.0,1,1.0,0,0.0,0,0.0,0,0.0,1,0,0.0,1,1.0,0,0.0,0,0.0,0,0.0
2749234,간단한 문제 2진법 계산 방법이랑 boolean식 계산하는 방법 잘 이해,3.64,69,27,14,13,6,9,69,25,0.362319,43,0.623188,1,0.014493,69,69,1.0,0,0.0,0,0.0,69,23,0.333333,42,0.608696,4,0.057971,69,21,0.304348,38,0.550725,0,0.0,0,0.0,10,0.144928,69,1,0.014493,1,0.014493,67,0.971014,0,0.0,0,0.0
2749235,연습문제를 충실히 잘푸세요 그리고 과제로 내주는 연습문제는 더 신경써서,4.63,30,25,3,0,0,2,30,1,0.033333,21,0.7,8,0.266667,30,30,1.0,0,0.0,0,0.0,30,17,0.566667,10,0.333333,3,0.1,30,0,0.0,26,0.866667,0,0.0,0,0.0,4,0.133333,30,0,0.0,0,0.0,23,0.766667,0,0.0,7,0.233333
2749236,5문제였는데 2문제는 아예 기억이 안남 근데 둘 중 하나는 걍 쉬운 거였,4.5,18,13,3,1,0,1,18,0,0.0,5,0.277778,13,0.722222,18,11,0.611111,7,0.388889,0,0.0,18,9,0.5,9,0.5,0,0.0,18,1,0.055556,2,0.111111,2,0.111111,6,0.333333,7,0.388889,18,0,0.0,15,0.833333,3,0.166667,0,0.0,0,0.0
2749238,,5,1,1,0,0,0,0,1,0,0.0,1,1.0,0,0.0,1,1,1.0,0,0.0,0,0.0,1,0,0.0,1,1.0,0,0.0,1,0,0.0,1,1.0,0,0.0,0,0.0,0,0.0,1,1,1.0,0,0.0,0,0.0,0,0.0,0,0.0
2749244,,3,1,0,0,1,0,0,1,0,0.0,1,1.0,0,0.0,1,0,0.0,1,1.0,0,0.0,1,0,0.0,0,0.0,1,1.0,1,0,0.0,0,0.0,0,0.0,1,1.0,0,0.0,1,0,0.0,0,0.0,1,1.0,0,0.0,0,0.0
2749245,족보를 참고하고 약품분석학 교재에 있는 문제들 힘들겠지만 다 풀어야합니다,4.33,3,1,2,0,0,0,3,2,0.666667,1,0.333333,0,0.0,3,3,1.0,0,0.0,0,0.0,3,1,0.333333,1,0.333333,1,0.333333,3,0,0.0,3,1.0,0,0.0,0,0.0,0,0.0,3,0,0.0,0,0.0,3,1.0,0,0.0,0,0.0
2749247,,5,1,1,0,0,0,0,1,1,1.0,0,0.0,0,0.0,1,1,1.0,0,0.0,0,0.0,1,0,0.0,1,1.0,0,0.0,1,0,0.0,1,1.0,0,0.0,0,0.0,0,0.0,1,0,0.0,0,0.0,1,1.0,0,0.0,0,0.0
2749248,,0,0,0,0,0,0,0,0,0,0.0,0,0.0,0,0.0,0,0,0.0,0,0.0,0,0.0,0,0,0.0,0,0.0,0,0.0,0,0,0.0,0,0.0,0,0.0,0,0.0,0,0.0,0,0,0.0,0,0.0,0,0.0,0,0.0,0,0.0
2749249,,0,0,0,0,0,0,0,0,0,0.0,0,0.0,0,0.0,0,0,0.0,0,0.0,0,0.0,0,0,0.0,0,0.0,0,0.0,0,0,0.0,0,0.0,0,0.0,0,0.0,0,0.0,0,0,0.0,0,0.0,0,0.0,0,0.0,0,0.0
2749250,,0,0,0,0,0,0,0,0,0,0.0,0,0.0,0,0.0,0,0,0.0,0,0.0,0,0.0,0,0,0.0,0,0.0,0,0.0,0,0,0.0,0,0.0,0,0.0,0,0.0,0,0.0,0,0,0.0,0,0.0,0,0.0,0,0.0,0,0.0
2749251,,0,0,0,0,0,0,0,0,0,0.0,0,0.0,0,0.0,0,0,0.0,0,0.0,0,0.0,0,0,0.0,0,0.0,0,0.0,0,0,0.0,0,0.0,0,0.0,0,0.0,0,0.0,0,0,0.0,0,0.0,0,0.0,0,0.0,0,0.0
2749252,,5,1,1,0,0,0,0,1,1,1.0,0,0.0,0,0.0,1,1,1.0,0,0.0,0,0.0,1,1,1.0,0,0.0,0,0.0,1,0,0.0,1,1.0,0,0.0,0,0.0,0,0.0,1,0,0.0,0,0.0,1,1.0,0,0.0,0,0.0
2749254,,4,2,1,0,1,0,0,2,2,1.0,0,0.0,0,0.0,2,2,1.0,0,0.0,0,0.0,2,1,0.5,1,0.5,0,0.0,2,0,0.0,0,0.0,0,0.0,1,0.5,1,0.5,2,0,0.0,1,0.5,1,0.5,0,0.0,0,0.0
2749255,,5,3,3,0,0,0,0,3,0,0.0,2,0.666667,1,0.333333,3,1,0.333333,2,0.666667,0,0.0,3,3,1.0,0,0.0,0,0.0,3,0,0.0,3,1.0,0,0.0,0,0.0,0,0.0,3,3,1.0,0,0.0,0,0.0,0,0.0,0,0.0
2749262,,5,2,2,0,0,0,0,2,0,0.0,2,1.0,0,0.0,2,2,1.0,0,0.0,0,0.0,2,2,1.0,0,0.0,0,0.0,2,0,0.0,0,0.0,0,0.0,2,1.0,0,0.0,2,0,0.0,0,0.0,2,1.0,0,0.0,0,0.0
2749263,,3.5,2,1,0,0,1,0,2,0,0.0,1,0.5,1,0.5,2,1,0.5,1,0.5,0,0.0,2,1,0.5,1,0.5,0,0.0,2,0,0.0,0,0.0,0,0.0,2,1.0,0,0.0,2,1,0.5,1,0.5,0,0.0,0,0.0,0,0.0
2749264,,5,2,2,0,0,0,0,2,0,0.0,2,1.0,0,0.0,2,1,0.5,1,0.5,0,0.0,2,1,0.5,1,0.5,0,0.0,2,0,0.0,0,0.0,0,0.0,2,1.0,0,0.0,2,2,1.0,0,0.0,0,0.0,0,0.0,0,0.0
2749265,,3,3,1,0,0,2,0,3,0,0.0,1,0.333333,2,0.666667,3,3,1.0,0,0.0,0,0.0,3,1,0.333333,1,0.333333,1,0.333333,3,0,0.0,1,0.333333,0,0.0,2,0.666667,0,0.0,3,2,0.666667,0,0.0,1,0.333333,0,0.0,0,0.0
2749267,,5,5,5,0,0,0,0,5,2,0.4,1,0.2,2,0.4,5,1,0.2,2,0.4,2,0.4,5,3,0.6,2,0.4,0,0.0,5,0,0.0,2,0.4,0,0.0,2,0.4,1,0.2,5,4,0.8,0,0.0,1,0.2,0,0.0,0,0.0
2749275,,0,0,0,0,0,0,0,0,0,0.0,0,0.0,0,0.0,0,0,0.0,0,0.0,0,0.0,0,0,0.0,0,0.0,0,0.0,0,0,0.0,0,0.0,0,0.0,0,0.0,0,0.0,0,0,0.0,0,0.0,0,0.0,0,0.0,0,0.0
2749279,,0,0,0,0,0,0,0,0,0,0.0,0,0.0,0,0.0,0,0,0.0,0,0.0,0,0.0,0,0,0.0,0,0.0,0,0.0,0,0,0.0,0,0.0,0,0.0,0,0.0,0,0.0,0,0,0.0,0,0.0,0,0.0,0,0.0,0,0.0
2749284,오픈북형식으로 2시간 동안 자필로 적어서 제출하는 형식이었습니다. 미리,4,3,1,1,1,0,0,3,2,0.666667,1,0.333333,0,0.0,3,3,1.0,0,0.0,0,0.0,3,0,0.0,3,1.0,0,0.0,3,0,0.0,0,0.0,0,0.0,2,0.666667,1,0.333333,3,0,0.0,2,0.666667,1,0.333333,0,0.0,0,0.0
2749300,수업 시간에 배운 것들만 잘 외우고 가면 어려울 건 없습니다.,4,6,3,1,1,1,0,6,0,0.0,4,0.666667,2,0.333333,6,0,0.0,3,0.5,3,0.5,6,3,0.5,3,0.5,0,0.0,6,0,0.0,0,0.0,0,0.0,6,1.0,0,0.0,6,0,0.0,5,0.833333,1,0.166667,0,0.0,0,0.0
2749301,피피티 잘 보시면 좋은 점수 받을 수 있습니다!! 선배님들 다 어렵다고,4.7,30,23,5,2,0,0,30,4,0.133333,24,0.8,2,0.066667,30,1,0.033333,14,0.466667,15,0.5,30,19,0.633333,10,0.333333,1,0.033333,30,0,0.0,0,0.0,1,0.033333,23,0.766667,6,0.2,30,0,0.0,27,0.9,3,0.1,0,0.0,0,0.0
2749303,교안 주시는 거만 달달 외우면 백점 쌉가능 정말 교안 그대로 문제 내시고,5,3,3,0,0,0,0,3,3,1.0,0,0.0,0,0.0,3,2,0.666667,1,0.333333,0,0.0,3,2,0.666667,0,0.0,1,0.333333,3,0,0.0,0,0.0,0,0.0,2,0.666667,1,0.333333,3,1,0.333333,1,0.333333,0,0.0,1,0.333333,0,0.0
2749304,,0,0,0,0,0,0,0,0,0,0.0,0,0.0,0,0.0,0,0,0.0,0,0.0,0,0.0,0,0,0.0,0,0.0,0,0.0,0,0,0.0,0,0.0,0,0.0,0,0.0,0,0.0,0,0,0.0,0,0.0,0,0.0,0,0.0,0,0.0
2749305,,5,9,9,0,0,0,0,9,2,0.222222,7,0.777778,0,0.0,9,8,0.888889,1,0.111111,0,0.0,9,7,0.777778,2,0.222222,0,0.0,9,0,0.0,0,0.0,0,0.0,8,0.888889,1,0.111111,9,9,1.0,0,0.0,0,0.0,0,0.0,0,0.0
2749306,중간편집본 제출 때도 다른 사람들꺼 보니까 거의 완성 상태로 가져오더라고,5,4,4,0,0,0,0,4,0,0.0,2,0.5,2,0.5,4,4,1.0,0,0.0,0,0.0,4,2,0.5,2,0.5,0,0.0,4,0,0.0,0,0.0,0,0.0,4,1.0,0,0.0,4,4,1.0,0,0.0,0,0.0,0,0.0,0,0.0
2749307,프리미어 프로 매뉴얼 PDF를 여러 번 읽으세요. 이론 수업 내용을 필기,4.92,13,12,1,0,0,0,13,0,0.0,9,0.692308,4,0.307692,13,12,0.923077,1,0.076923,0,0.0,13,6,0.461538,7,0.538462,0,0.0,13,0,0.0,0,0.0,0,0.0,13,1.0,0,0.0,13,0,0.0,6,0.461538,7,0.538462,0,0.0,0,0.0
2749309,기말고사 대체 시험이 내 아이템으로 OTT에 판매할 기획안 발표/피드백,4.83,6,5,1,0,0,0,6,0,0.0,6,1.0,0,0.0,6,3,0.5,3,0.5,0,0.0,6,2,0.333333,3,0.5,1,0.166667,6,0,0.0,0,0.0,0,0.0,4,0.666667,2,0.333333,6,5,0.833333,1,0.166667,0,0.0,0,0.0,0,0.0
2749310,,5,1,1,0,0,0,0,1,0,0.0,1,1.0,0,0.0,1,0,0.0,0,0.0,1,1.0,1,0,0.0,1,1.0,0,0.0,1,0,0.0,0,0.0,0,0.0,1,1.0,0,0.0,1,1,1.0,0,0.0,0,0.0,0,0.0,0,0.0
2749315,,5,8,8,0,0,0,0,8,0,0.0,5,0.625,3,0.375,8,8,1.0,0,0.0,0,0.0,8,7,0.875,1,0.125,0,0.0,8,0,0.0,2,0.25,0,0.0,5,0.625,1,0.125,8,8,1.0,0,0.0,0,0.0,0,0.0,0,0.0
2749318,랩과제는 계산기 두들기는거 위주인데 중기말은 계산+이론 이라 이론 내용도,5,7,7,0,0,0,0,7,0,0.0,7,1.0,0,0.0,7,4,0.571429,3,0.428571,0,0.0,7,5,0.714286,2,0.285714,0,0.0,7,0,0.0,7,1.0,0,0.0,0,0.0,0,0.0,7,0,0.0,0,0.0,5,0.714286,0,0.0,2,0.285714
2749321,"기말고사는 수업시간에 다루는 핵심문제, 토론문제 그대로 나옵니다. 근데도",5,7,7,0,0,0,0,7,0,0.0,6,0.857143,1,0.142857,7,0,0.0,7,1.0,0,0.0,7,2,0.285714,5,0.714286,0,0.0,7,0,0.0,5,0.714286,0,0.0,2,0.285714,0,0.0,7,0,0.0,7,1.0,0,0.0,0,0.0,0,0.0
2749328,,3.86,7,0,6,1,0,0,7,1,0.142857,6,0.857143,0,0.0,7,0,0.0,4,0.571429,3,0.428571,7,6,0.857143,1,0.142857,0,0.0,7,0,0.0,5,0.714286,0,0.0,0,0.0,2,0.285714,7,7,1.0,0,0.0,0,0.0,0,0.0,0,0.0
2749330,,0,0,0,0,0,0,0,0,0,0.0,0,0.0,0,0.0,0,0,0.0,0,0.0,0,0.0,0,0,0.0,0,0.0,0,0.0,0,0,0.0,0,0.0,0,0.0,0,0.0,0,0.0,0,0,0.0,0,0.0,0,0.0,0,0.0,0,0.0
2749331,,0,0,0,0,0,0,0,0,0,0.0,0,0.0,0,0.0,0,0,0.0,0,0.0,0,0.0,0,0,0.0,0,0.0,0,0.0,0,0,0.0,0,0.0,0,0.0,0,0.0,0,0.0,0,0,0.0,0,0.0,0,0.0,0,0.0,0,0.0
2749332,,0,0,0,0,0,0,0,0,0,0.0,0,0.0,0,0.0,0,0,0.0,0,0.0,0,0.0,0,0,0.0,0,0.0,0,0.0,0,0,0.0,0,0.0,0,0.0,0,0.0,0,0.0,0,0,0.0,0,0.0,0,0.0,0,0.0,0,0.0
2749340,교재 뒤 연습문제 특히 과제에 내준거 우선적으로 풀줄 알아야함 수업시간에,4.56,18,12,5,0,1,0,18,2,0.111111,14,0.777778,2,0.111111,18,17,0.944444,1,0.055556,0,0.0,18,9,0.5,7,0.388889,2,0.111111,18,0,0.0,4,0.222222,0,0.0,6,0.333333,8,0.444444,18,0,0.0,1,0.055556,1,0.055556,15,0.833333,1,0.055556
2749341,시험은 안보고 연습문자 챕터 뱔로 지정하주신거 발표하면 된다. 그리 어렵,4,2,1,0,1,0,0,2,2,1.0,0,0.0,0,0.0,2,2,1.0,0,0.0,0,0.0,2,1,0.5,1,0.5,0,0.0,2,0,0.0,2,1.0,0,0.0,0,0.0,0,0.0,2,0,0.0,2,1.0,0,0.0,0,0.0,0,0.0
2749343,,5,5,5,0,0,0,0,5,0,0.0,5,1.0,0,0.0,5,5,1.0,0,0.0,0,0.0,5,4,0.8,1,0.2,0,0.0,5,0,0.0,5,1.0,0,0.0,0,0.0,0,0.0,5,0,0.0,0,0.0,5,1.0,0,0.0,0,0.0
2749344,,5,1,1,0,0,0,0,1,1,1.0,0,0.0,0,0.0,1,1,1.0,0,0.0,0,0.0,1,1,1.0,0,0.0,0,0.0,1,0,0.0,1,1.0,0,0.0,0,0.0,0,0.0,1,0,0.0,0,0.0,1,1.0,0,0.0,0,0.0
2749351,사전에 내주신 과제(더밋 연습문제 48개)에서 시험문제가 많이 나왔습니다,5,1,1,0,0,0,0,1,0,0.0,1,1.0,0,0.0,1,1,1.0,0,0.0,0,0.0,1,0,0.0,1,1.0,0,0.0,1,0,0.0,0,0.0,0,0.0,1,1.0,0,0.0,1,0,0.0,0,0.0,1,1.0,0,0.0,0,0.0
2749355,"Drain, source, gate 0. 1 구별 transistor 4",4.5,32,21,7,3,1,0,30,2,0.066667,11,0.366667,17,0.566667,30,0,0.0,7,0.233333,23,0.766667,30,17,0.566667,13,0.433333,0,0.0,30,1,0.033333,14,0.466667,12,0.4,1,0.033333,2,0.066667,30,29,0.966667,0,0.0,1,0.033333,0,0.0,0,0.0
2749357,꽤 어려웠음 교재에서 몇 개 가져오시고 외부에서 몇 개 가져오시는 듯,4.56,25,18,5,0,2,0,25,23,0.92,2,0.08,0,0.0,25,25,1.0,0,0.0,0,0.0,25,9,0.36,11,0.44,5,0.2,25,0,0.0,20,0.8,0,0.0,0,0.0,5,0.2,25,0,0.0,0,0.0,16,0.64,0,0.0,9,0.36
2749358,"과제, exercise, 교안 예제 다 풀어보시고 꼼꼼하게 개념 공부하시",4.85,20,17,3,0,0,0,20,2,0.1,15,0.75,3,0.15,20,17,0.85,3,0.15,0,0.0,20,7,0.35,11,0.55,2,0.1,20,0,0.0,12,0.6,5,0.25,0,0.0,3,0.15,20,0,0.0,0,0.0,20,1.0,0,0.0,0,0.0
2749360,매우매우 어렵습니다 1번이 50점인데 그냥 단답형 모아둔거고 이거는 교안,4.67,18,13,4,1,0,0,18,0,0.0,18,1.0,0,0.0,18,18,1.0,0,0.0,0,0.0,18,9,0.5,8,0.444444,1,0.055556,18,0,0.0,14,0.777778,0,0.0,1,0.055556,3,0.166667,18,0,0.0,0,0.0,18,1.0,0,0.0,0,0.0
2749361,리트코드 유명 예제 위주로 나옴. 코딩을 통해 지시문 예제 결과를 구현하,4.5,10,6,3,1,0,0,10,0,0.0,6,0.6,4,0.4,10,10,1.0,0,0.0,0,0.0,10,4,0.4,5,0.5,1,0.1,10,2,0.2,4,0.4,3,0.3,0,0.0,1,0.1,10,0,0.0,0,0.0,10,1.0,0,0.0,0,0.0
2749362,저희과만 족보 보는 건 불공정하다 생각해서 타과분들 위해 공개합니다.,4.33,15,8,5,1,1,0,15,0,0.0,5,0.333333,10,0.666667,15,15,1.0,0,0.0,0,0.0,15,4,0.266667,11,0.733333,0,0.0,15,0,0.0,7,0.466667,6,0.4,0,0.0,2,0.133333,15,0,0.0,0,0.0,13,0.866667,0,0.0,2,0.133333
2749364,,5,2,2,0,0,0,0,2,0,0.0,0,0.0,2,1.0,2,2,1.0,0,0.0,0,0.0,2,1,0.5,0,0.0,1,0.5,2,0,0.0,0,0.0,1,0.5,0,0.0,1,0.5,2,2,1.0,0,0.0,0,0.0,0,0.0,0,0.0
2749366,수업시간에한내용나오고중요한부분은낸다고하시니까괜찮아요,0,0,0,0,0,0,0,0,0,0.0,0,0.0,0,0.0,0,0,0.0,0,0.0,0,0.0,0,0,0.0,0,0.0,0,0.0,0,0,0.0,0,0.0,0,0.0,0,0.0,0,0.0,0,0,0.0,0,0.0,0,0.0,0,0.0,0,0.0
2749367,첫시험에 썼던것들 뒷시험에 계속활용되니까 잘 숙지하시고 연습문제 많이푸세,0,0,0,0,0,0,0,0,0,0.0,0,0.0,0,0.0,0,0,0.0,0,0.0,0,0.0,0,0,0.0,0,0.0,0,0.0,0,0,0.0,0,0.0,0,0.0,0,0.0,0,0.0,0,0,0.0,0,0.0,0,0.0,0,0.0,0,0.0
2749368,"예제문제, 연습문제에서 나오니 많이 풀어봐야함",0,0,0,0,0,0,0,0,0,0.0,0,0.0,0,0.0,0,0,0.0,0,0.0,0,0.0,0,0,0.0,0,0.0,0,0.0,0,0,0.0,0,0.0,0,0.0,0,0.0,0,0.0,0,0,0.0,0,0.0,0,0.0,0,0.0,0,0.0
2749372,,0,0,0,0,0,0,0,0,0,0.0,0,0.0,0,0.0,0,0,0.0,0,0.0,0,0.0,0,0,0.0,0,0.0,0,0.0,0,0,0.0,0,0.0,0,0.0,0,0.0,0,0.0,0,0,0.0,0,0.0,0,0.0,0,0.0,0,0.0
2749373,교안에서 모든 문제가 나오기 때문에 예시들을 읽어가는게 도움이 됨 실습,2.38,82,8,8,20,17,29,82,28,0.341463,24,0.292683,30,0.365854,82,79,0.963415,3,0.036585,0,0.0,82,6,0.073171,60,0.731707,16,0.195122,82,9,0.109756,39,0.47561,0,0.0,10,0.121951,24,0.292683,82,0,0.0,1,0.012195,81,0.987805,0,0.0,0,0.0
2749374,첫 시험이니 나중엔 바뀔지도 모르겠는데 그냥 강의교안 달달 외워서 가면,3.03,121,27,23,26,17,28,121,2,0.016529,34,0.280992,85,0.702479,121,113,0.933884,6,0.049587,2,0.016529,121,12,0.099174,83,0.68595,26,0.214876,121,36,0.297521,29,0.239669,1,0.008264,7,0.057851,48,0.396694,121,0,0.0,6,0.049587,113,0.933884,2,0.016529,0,0.0
2750399,시험은 없고 보고서로 대체함. 주차마다 쓰는 수행과제 있는데 그것 전체,3.6,15,5,2,6,1,1,15,3,0.2,7,0.466667,5,0.333333,15,0,0.0,8,0.533333,7,0.466667,15,5,0.333333,9,0.6,1,0.066667,15,0,0.0,6,0.4,0,0.0,9,0.6,0,0.0,15,0,0.0,7,0.466667,8,0.533333,0,0.0,0,0.0
2750400,,4,2,0,2,0,0,0,2,1,0.5,1,0.5,0,0.0,2,2,1.0,0,0.0,0,0.0,2,0,0.0,2,1.0,0,0.0,2,0,0.0,0,0.0,0,0.0,2,1.0,0,0.0,2,0,0.0,2,1.0,0,0.0,0,0.0,0,0.0
2750401,,5,3,3,0,0,0,0,3,1,0.333333,2,0.666667,0,0.0,3,0,0.0,2,0.666667,1,0.333333,3,0,0.0,3,1.0,0,0.0,3,0,0.0,3,1.0,0,0.0,0,0.0,0,0.0,3,0,0.0,3,1.0,0,0.0,0,0.0,0,0.0
2750402,"시험문제를 전부 알려주십니다! 책, ppt 교안 안에 답이 들어있고 올해",4.41,190,116,53,11,3,7,190,37,0.194737,116,0.610526,37,0.194737,190,7,0.036842,128,0.673684,55,0.289474,190,106,0.557895,64,0.336842,20,0.105263,190,1,0.005263,137,0.721053,1,0.005263,23,0.121053,28,0.147368,190,4,0.021053,161,0.847368,17,0.089474,3,0.015789,5,0.026316
2750403,"일단 문법 퀴즈를 위해서는 피피티랑 평소 설명해주신 문법 내용, 교안,",4.19,144,75,38,20,5,6,144,5,0.034722,60,0.416667,79,0.548611,144,31,0.215278,107,0.743056,6,0.041667,144,57,0.395833,55,0.381944,32,0.222222,144,0,0.0,96,0.666667,1,0.006944,21,0.145833,26,0.180556,144,1,0.006944,77,0.534722,57,0.395833,7,0.048611,2,0.013889
2750407,세부적인 것 전혀 공부해 갈 필요 없고 큰 그림만 알면 됩니다. 교재 안,3.74,34,13,10,4,3,4,34,6,0.176471,14,0.411765,14,0.411765,34,2,0.058824,28,0.823529,4,0.117647,34,8,0.235294,22,0.647059,4,0.117647,34,0,0.0,6,0.176471,0,0.0,24,0.705882,4,0.117647,34,0,0.0,33,0.970588,1,0.029412,0,0.0,0,0.0
2750417,그냥 갑자기 어느 순간 시험을 보다고 하시고 큰 종이를 갖고 오심 ppt,3.49,47,15,11,10,4,7,47,3,0.06383,25,0.531915,19,0.404255,47,1,0.021277,4,0.085106,42,0.893617,47,21,0.446809,22,0.468085,4,0.085106,47,0,0.0,29,0.617021,0,0.0,11,0.234043,7,0.148936,47,28,0.595745,17,0.361702,2,0.042553,0,0.0,0,0.0
2750418,언매랑 비슷합니다. 헷갈리는 용법/띄어쓰기/표현 적절히 바꾸기 이정도였는,4.53,58,37,15,6,0,0,58,7,0.12069,47,0.810345,4,0.068966,58,36,0.62069,22,0.37931,0,0.0,58,15,0.258621,33,0.568966,10,0.172414,58,0,0.0,54,0.931034,0,0.0,1,0.017241,3,0.051724,58,0,0.0,53,0.913793,5,0.086207,0,0.0,0,0.0
2750440,"시나리오 한편을 써서 제출 주제 정해진 것 없음, 미리 써놨다가 디벨롬하",5,1,1,0,0,0,0,1,0,0.0,1,1.0,0,0.0,1,0,0.0,1,1.0,0,0.0,1,1,1.0,0,0.0,0,0.0,1,0,0.0,0,0.0,0,0.0,0,0.0,1,1.0,1,1,1.0,0,0.0,0,0.0,0,0.0,0,0.0
2752994,,0,0,0,0,0,0,0,0,0,0.0,0,0.0,0,0.0,0,0,0.0,0,0.0,0,0.0,0,0,0.0,0,0.0,0,0.0,0,0,0.0,0,0.0,0,0.0,0,0.0,0,0.0,0,0,0.0,0,0.0,0,0.0,0,0.0,0,0.0
2758337,"총 6문제고 전부 서술형으로 나오는데 1-A, 1-B 이런 식으로 나와",4.57,23,17,3,2,1,0,23,12,0.521739,11,0.478261,0,0.0,23,22,0.956522,1,0.043478,0,0.0,23,15,0.652174,8,0.347826,0,0.0,23,0,0.0,17,0.73913,0,0.0,5,0.217391,1,0.043478,23,0,0.0,2,0.086957,21,0.913043,0,0.0,0,0.0
2760776,조원들과의 팀플 과제 예술이라고 생각하고 잘 짱구굴리면 그리 어렵지 않,3.4,25,14,0,2,0,9,25,0,0.0,10,0.4,15,0.6,25,0,0.0,1,0.04,24,0.96,25,11,0.44,7,0.28,7,0.28,25,1,0.04,0,0.0,0,0.0,23,0.92,1,0.04,25,24,0.96,0,0.0,1,0.04,0,0.0,0,0.0
2760777,,4.67,3,2,1,0,0,0,3,1,0.333333,1,0.333333,1,0.333333,3,3,1.0,0,0.0,0,0.0,3,0,0.0,3,1.0,0,0.0,3,0,0.0,0,0.0,0,0.0,3,1.0,0,0.0,3,0,0.0,0,0.0,3,1.0,0,0.0,0,0.0
2762659,시험 난이도가 쉽습니다.ㅡ대 교재에 있는 내용을 바탕으로 그대로 출재하십,5,3,3,0,0,0,0,3,3,1.0,0,0.0,0,0.0,3,3,1.0,0,0.0,0,0.0,3,3,1.0,0,0.0,0,0.0,3,0,0.0,0,0.0,0,0.0,3,1.0,0,0.0,3,0,0.0,0,0.0,2,0.666667,1,0.333333,0,0.0
2762663,,4,2,1,0,1,0,0,2,0,0.0,2,1.0,0,0.0,2,0,0.0,2,1.0,0,0.0,2,0,0.0,1,0.5,1,0.5,2,0,0.0,0,0.0,0,0.0,2,1.0,0,0.0,2,1,0.5,1,0.5,0,0.0,0,0.0,0,0.0
2766665,,4,2,0,2,0,0,0,2,2,1.0,0,0.0,0,0.0,2,1,0.5,1,0.5,0,0.0,2,2,1.0,0,0.0,0,0.0,2,0,0.0,2,1.0,0,0.0,0,0.0,0,0.0,2,0,0.0,0,0.0,2,1.0,0,0.0,0,0.0
2767307,,0,0,0,0,0,0,0,0,0,0.0,0,0.0,0,0.0,0,0,0.0,0,0.0,0,0.0,0,0,0.0,0,0.0,0,0.0,0,0,0.0,0,0.0,0,0.0,0,0.0,0,0.0,0,0,0.0,0,0.0,0,0.0,0,0.0,0,0.0
2768543,"•성적처리 : Pass/Fail(출석 50%, 과제 50%) - 총 수업",4.99,338,333,5,0,0,0,338,226,0.668639,111,0.328402,1,0.002959,338,330,0.976331,7,0.02071,1,0.002959,338,309,0.914201,27,0.079882,2,0.005917,338,88,0.260355,216,0.639053,1,0.002959,3,0.008876,30,0.088757,338,325,0.961538,12,0.035503,1,0.002959,0,0.0,0,0.0
2768544,별 거 하는 건 없고 RMS 커리어 포트폴리오 만들면 됩니다! R-re,4.98,122,120,2,0,0,0,122,56,0.459016,64,0.52459,2,0.016393,122,119,0.97541,1,0.008197,2,0.016393,122,113,0.92623,9,0.07377,0,0.0,122,31,0.254098,81,0.663934,1,0.008197,0,0.0,9,0.07377,122,118,0.967213,4,0.032787,0,0.0,0,0.0,0,0.0
2768545,"기말 대체 과제는 진로 희망이 뭔 지, 무슨 일을 할 때 즐거운 지, 진",4.99,345,340,5,0,0,0,345,228,0.66087,112,0.324638,5,0.014493,345,340,0.985507,5,0.014493,0,0.0,345,321,0.930435,23,0.066667,1,0.002899,345,101,0.292754,198,0.573913,1,0.002899,0,0.0,45,0.130435,345,338,0.97971,0,0.0,7,0.02029,0,0.0,0,0.0
2768546,따로 중간고사나 기말고사는 없고 기말대체과제 하나 있습니다.,4.99,222,220,2,0,0,0,222,120,0.540541,101,0.454955,1,0.004505,222,214,0.963964,7,0.031532,1,0.004505,222,196,0.882883,25,0.112613,1,0.004505,222,49,0.220721,153,0.689189,1,0.004505,4,0.018018,15,0.067568,222,216,0.972973,5,0.022523,1,0.004505,0,0.0,0,0.0
2827114,시험 전날에 시험문제 여기서 나온다고 pdf 올려주시고 설명해주시면서 문,4.98,143,140,3,0,0,0,143,100,0.699301,42,0.293706,1,0.006993,143,8,0.055944,56,0.391608,79,0.552448,143,120,0.839161,23,0.160839,0,0.0,143,0,0.0,16,0.111888,1,0.006993,113,0.79021,13,0.090909,143,3,0.020979,135,0.944056,5,0.034965,0,0.0,0,0.0
2827115,주로 인의예지에 대한 인식을 고사함. 수업에 따라 하시고 자신의 생각을,4.96,110,107,2,1,0,0,110,69,0.627273,39,0.354545,2,0.018182,110,32,0.290909,57,0.518182,21,0.190909,110,99,0.9,11,0.1,0,0.0,110,0,0.0,37,0.336364,0,0.0,67,0.609091,6,0.054545,110,13,0.118182,90,0.818182,7,0.063636,0,0.0,0,0.0
2827116,"시 두개를 주시고 하나의 작품을 선택해서 분석, 에세이 작성하는 시험을",4.45,129,83,30,10,3,3,129,15,0.116279,74,0.573643,40,0.310078,129,8,0.062016,25,0.193798,96,0.744186,129,53,0.410853,66,0.511628,10,0.077519,129,0,0.0,56,0.434109,0,0.0,52,0.403101,21,0.162791,129,1,0.007752,36,0.27907,91,0.705426,0,0.0,1,0.007752
2827118,새로운 지문에 대해서 수업 때 배웠던 것처럼 분석하는 문제가 절반이었어요,4.5,2,1,1,0,0,0,2,0,0.0,2,1.0,0,0.0,2,0,0.0,2,1.0,0,0.0,2,0,0.0,2,1.0,0,0.0,2,0,0.0,1,0.5,0,0.0,1,0.5,0,0.0,2,0,0.0,0,0.0,2,1.0,0,0.0,0,0.0
2827120,교수님 말씀하신대로 너무 쉬어요. 개념 잘 암기하시면 점수 잘 나오는데,4.68,19,14,4,1,0,0,19,1,0.052632,13,0.684211,5,0.263158,19,17,0.894737,1,0.052632,1,0.052632,19,10,0.526316,8,0.421053,1,0.052632,19,1,0.052632,13,0.684211,0,0.0,3,0.157895,2,0.105263,19,0,0.0,1,0.052632,17,0.894737,0,0.0,1,0.052632
2827132,대부분 암기가 아니라 이해하면 된다고 하시는데 저는 오히려 암기의 영역이,4.06,18,8,6,2,1,1,18,18,1.0,0,0.0,0,0.0,18,18,1.0,0,0.0,0,0.0,18,4,0.222222,13,0.722222,1,0.055556,18,0,0.0,5,0.277778,0,0.0,12,0.666667,1,0.055556,18,0,0.0,0,0.0,18,1.0,0,0.0,0,0.0
2827138,오픈북시험이기도해서 특별히준비할건없고 족보랑 꽤나 유사하게 나오는편 마지,5,6,6,0,0,0,0,6,3,0.5,3,0.5,0,0.0,6,6,1.0,0,0.0,0,0.0,6,2,0.333333,4,0.666667,0,0.0,6,1,0.166667,5,0.833333,0,0.0,0,0.0,0,0.0,6,0,0.0,6,1.0,0,0.0,0,0.0,0,0.0
2827143,시험없습니다. 과제는 PF과목이라 제출 여부만 평가하시는 거 같아요.,4.76,17,13,4,0,0,0,17,7,0.411765,10,0.588235,0,0.0,17,15,0.882353,2,0.117647,0,0.0,17,9,0.529412,7,0.411765,1,0.058824,17,1,0.058824,11,0.647059,0,0.0,1,0.058824,4,0.235294,17,15,0.882353,0,0.0,1,0.058824,0,0.0,1,0.058824
2827150,,5,3,3,0,0,0,0,3,1,0.333333,2,0.666667,0,0.0,3,2,0.666667,1,0.333333,0,0.0,3,3,1.0,0,0.0,0,0.0,3,0,0.0,1,0.333333,0,0.0,2,0.666667,0,0.0,3,2,0.666667,1,0.333333,0,0.0,0,0.0,0,0.0
2827151,,5,10,10,0,0,0,0,10,4,0.4,6,0.6,0,0.0,10,2,0.2,8,0.8,0,0.0,10,8,0.8,2,0.2,0,0.0,10,1,0.1,3,0.3,0,0.0,3,0.3,3,0.3,10,10,1.0,0,0.0,0,0.0,0,0.0,0,0.0
2827154,중간고사는 그냥 성격기질 이런거에 대한 심도있는 검사를 하고 자신의 검사,3.4,5,1,2,1,0,1,5,0,0.0,5,1.0,0,0.0,5,3,0.6,1,0.2,1,0.2,5,2,0.4,2,0.4,1,0.2,5,0,0.0,1,0.2,0,0.0,3,0.6,1,0.2,5,0,0.0,5,1.0,0,0.0,0,0.0,0,0.0
2827198,문제는 예제 수준보다 조금 어려운 느낌으로 교수님이 직접 문제를 만드십니,4.8,15,12,3,0,0,0,15,1,0.066667,1,0.066667,13,0.866667,15,14,0.933333,1,0.066667,0,0.0,15,5,0.333333,9,0.6,1,0.066667,15,0,0.0,15,1.0,0,0.0,0,0.0,0,0.0,15,0,0.0,0,0.0,15,1.0,0,0.0,0,0.0
2827204,,2.4,5,0,2,0,1,2,5,0,0.0,1,0.2,4,0.8,5,0,0.0,2,0.4,3,0.6,5,4,0.8,0,0.0,1,0.2,5,2,0.4,0,0.0,0,0.0,2,0.4,1,0.2,5,3,0.6,0,0.0,1,0.2,1,0.2,0,0.0
2827213,수업시간 및 과제에서 다룬 프로그래밍 문제들을 확실하게 이해하고 빠르게,4,4,3,0,0,0,1,4,0,0.0,3,0.75,1,0.25,4,3,0.75,1,0.25,0,0.0,4,0,0.0,2,0.5,2,0.5,4,0,0.0,3,0.75,0,0.0,1,0.25,0,0.0,4,0,0.0,0,0.0,4,1.0,0,0.0,0,0.0
2827248,"객관식 5문제에, 서술형 3개 중 2개를 택하여 답변하는 방식이었습니다.",0,0,0,0,0,0,0,0,0,0.0,0,0.0,0,0.0,0,0,0.0,0,0.0,0,0.0,0,0,0.0,0,0.0,0,0.0,0,0,0.0,0,0.0,0,0.0,0,0.0,0,0.0,0,0,0.0,0,0.0,0,0.0,0,0.0,0,0.0
2827266,객관식은 피피티 그냥 다 암기하시면 됩니다. 생각보다 쉬워서 거의다 잘보,3.5,8,2,3,1,1,1,8,6,0.75,2,0.25,0,0.0,8,8,1.0,0,0.0,0,0.0,8,5,0.625,2,0.25,1,0.125,8,0,0.0,1,0.125,0,0.0,7,0.875,0,0.0,8,0,0.0,1,0.125,7,0.875,0,0.0,0,0.0
2827268,"Fill in blank, short answer questions 입니",2.78,9,3,0,0,4,2,9,2,0.222222,7,0.777778,0,0.0,9,4,0.444444,4,0.444444,1,0.111111,9,2,0.222222,2,0.222222,5,0.555556,9,0,0.0,0,0.0,1,0.111111,5,0.555556,3,0.333333,9,0,0.0,0,0.0,9,1.0,0,0.0,0,0.0
2827269,,0,0,0,0,0,0,0,0,0,0.0,0,0.0,0,0.0,0,0,0.0,0,0.0,0,0.0,0,0,0.0,0,0.0,0,0.0,0,0,0.0,0,0.0,0,0.0,0,0.0,0,0.0,0,0,0.0,0,0.0,0,0.0,0,0.0,0,0.0
2827275,"온라인, 오프라인 내용 모두 나옵니다. 온라인 부분은 작품의 특징 하나하",5,10,10,0,0,0,0,10,4,0.4,6,0.6,0,0.0,10,8,0.8,2,0.2,0,0.0,10,4,0.4,5,0.5,1,0.1,10,0,0.0,2,0.2,0,0.0,8,0.8,0,0.0,10,0,0.0,0,0.0,10,1.0,0,0.0,0,0.0
2827280,,2,1,0,0,0,1,0,1,0,0.0,1,1.0,0,0.0,1,1,1.0,0,0.0,0,0.0,1,0,0.0,0,0.0,1,1.0,1,0,0.0,0,0.0,0,0.0,1,1.0,0,0.0,1,0,0.0,0,0.0,1,1.0,0,0.0,0,0.0
2827282,"시험은 딱히 없고 과제 4번인데, 다 그냥 할만 합니다!",3.33,6,3,0,1,0,2,6,0,0.0,6,1.0,0,0.0,6,5,0.833333,1,0.166667,0,0.0,6,3,0.5,3,0.5,0,0.0,6,0,0.0,1,0.166667,0,0.0,4,0.666667,1,0.166667,6,6,1.0,0,0.0,0,0.0,0,0.0,0,0.0
2827318,시험은 비평 과제로 대체됩니다 중간고사 기간 전에 논문이랑 평가기준 공개,2.33,6,0,0,3,2,1,6,0,0.0,4,0.666667,2,0.333333,6,0,0.0,6,1.0,0,0.0,6,3,0.5,3,0.5,0,0.0,6,0,0.0,6,1.0,0,0.0,0,0.0,0,0.0,6,0,0.0,6,1.0,0,0.0,0,0.0,0,0.0
2827322,이번학기에 시험은 없었지만 대체과제로 자유주제 보고서작성이있었습니다. 조,4.23,31,17,10,1,0,3,31,2,0.064516,17,0.548387,12,0.387097,31,0,0.0,4,0.129032,27,0.870968,31,27,0.870968,4,0.129032,0,0.0,31,0,0.0,26,0.83871,0,0.0,1,0.032258,4,0.129032,31,29,0.935484,2,0.064516,0,0.0,0,0.0,0,0.0
2827342,"코드 시험, 이론 시험 2개 코드 시험의 경우, 슬라이드 프린트 후 참고",4.24,17,9,4,3,1,0,17,0,0.0,7,0.411765,10,0.588235,17,0,0.0,15,0.882353,2,0.117647,17,5,0.294118,12,0.705882,0,0.0,17,4,0.235294,12,0.705882,0,0.0,0,0.0,1,0.058824,17,0,0.0,0,0.0,17,1.0,0,0.0,0,0.0
2827346,각 팀의 프로젝트 발표에 만들어야 하는 토론 주제들을 발췌해서 기말고사,2.67,6,2,0,1,0,3,6,3,0.5,1,0.166667,2,0.333333,6,0,0.0,1,0.166667,5,0.833333,6,2,0.333333,1,0.166667,3,0.5,6,0,0.0,5,0.833333,0,0.0,0,0.0,1,0.166667,6,2,0.333333,4,0.666667,0,0.0,0,0.0,0,0.0
2827348,시험은 없고 팀플로 이루어집니다. 교수님께서 소통하려는 게 느껴져요,3.33,9,2,2,3,1,1,9,3,0.333333,4,0.444444,2,0.222222,9,1,0.111111,4,0.444444,4,0.444444,9,3,0.333333,5,0.555556,1,0.111111,9,0,0.0,8,0.888889,0,0.0,0,0.0,1,0.111111,9,9,1.0,0,0.0,0,0.0,0,0.0,0,0.0
2827350,"교안 맨 처음인 2,8,10,16진법 변환(IEEE754는 안나왔어요)",4.67,3,2,1,0,0,0,3,1,0.333333,2,0.666667,0,0.0,3,3,1.0,0,0.0,0,0.0,3,2,0.666667,1,0.333333,0,0.0,3,0,0.0,3,1.0,0,0.0,0,0.0,0,0.0,3,0,0.0,1,0.333333,2,0.666667,0,0.0,0,0.0
2827355,"직접 코딩하는 문제는 전혀 없고 모두 객관식, 단답형으로 이루어져 있습니",4.56,86,65,11,5,3,2,86,1,0.011628,47,0.546512,38,0.44186,86,85,0.988372,1,0.011628,0,0.0,86,59,0.686047,26,0.302326,1,0.011628,86,46,0.534884,21,0.244186,0,0.0,4,0.046512,15,0.174419,86,0,0.0,0,0.0,86,1.0,0,0.0,0,0.0
2827360,강의 중 나온 중요한 수식 및 중요한 핵심 개념 위주로 공부하는 것이 좋,4.8,51,41,10,0,0,0,51,8,0.156863,42,0.823529,1,0.019608,51,51,1.0,0,0.0,0,0.0,51,16,0.313725,33,0.647059,2,0.039216,51,0,0.0,44,0.862745,0,0.0,3,0.058824,4,0.078431,51,0,0.0,0,0.0,51,1.0,0,0.0,0,0.0
2827361,,0,0,0,0,0,0,0,0,0,0.0,0,0.0,0,0.0,0,0,0.0,0,0.0,0,0.0,0,0,0.0,0,0.0,0,0.0,0,0,0.0,0,0.0,0,0.0,0,0.0,0,0.0,0,0,0.0,0,0.0,0,0.0,0,0.0,0,0.0
2827377,,0,0,0,0,0,0,0,0,0,0.0,0,0.0,0,0.0,0,0,0.0,0,0.0,0,0.0,0,0,0.0,0,0.0,0,0.0,0,0,0.0,0,0.0,0,0.0,0,0.0,0,0.0,0,0,0.0,0,0.0,0,0.0,0,0.0,0,0.0
2827439,,0,0,0,0,0,0,0,0,0,0.0,0,0.0,0,0.0,0,0,0.0,0,0.0,0,0.0,0,0,0.0,0,0.0,0,0.0,0,0,0.0,0,0.0,0,0.0,0,0.0,0,0.0,0,0,0.0,0,0.0,0,0.0,0,0.0,0,0.0
2827462,"계산기 불가인데 지수, 로그 계산하라는 문제가 나옴 나머지는 치팅시트를",2.75,4,1,1,0,0,2,4,1,0.25,2,0.5,1,0.25,4,4,1.0,0,0.0,0,0.0,4,1,0.25,3,0.75,0,0.0,4,0,0.0,4,1.0,0,0.0,0,0.0,0,0.0,4,0,0.0,2,0.5,2,0.5,0,0.0,0,0.0
2827478,,0,0,0,0,0,0,0,0,0,0.0,0,0.0,0,0.0,0,0,0.0,0,0.0,0,0.0,0,0,0.0,0,0.0,0,0.0,0,0,0.0,0,0.0,0,0.0,0,0.0,0,0.0,0,0,0.0,0,0.0,0,0.0,0,0.0,0,0.0
2827479,,0,0,0,0,0,0,0,0,0,0.0,0,0.0,0,0.0,0,0,0.0,0,0.0,0,0.0,0,0,0.0,0,0.0,0,0.0,0,0,0.0,0,0.0,0,0.0,0,0.0,0,0.0,0,0,0.0,0,0.0,0,0.0,0,0.0,0,0.0
2827480,,0,0,0,0,0,0,0,0,0,0.0,0,0.0,0,0.0,0,0,0.0,0,0.0,0,0.0,0,0,0.0,0,0.0,0,0.0,0,0,0.0,0,0.0,0,0.0,0,0.0,0,0.0,0,0,0.0,0,0.0,0,0.0,0,0.0,0,0.0
2827606,The midterm exam is designed to assess y,4.38,8,5,2,0,1,0,8,2,0.25,3,0.375,3,0.375,8,0,0.0,2,0.25,6,0.75,8,2,0.25,6,0.75,0,0.0,8,0,0.0,1,0.125,0,0.0,2,0.25,5,0.625,8,0,0.0,6,0.75,2,0.25,0,0.0,0,0.0
2827699,퀴즈 1 교안 회독만 하시면 좋은 성적 받으실 수 있습니다 다만 빈칸 영,4.83,12,10,2,0,0,0,12,0,0.0,7,0.583333,5,0.416667,12,1,0.083333,9,0.75,2,0.166667,12,3,0.25,8,0.666667,1,0.083333,12,0,0.0,2,0.166667,0,0.0,4,0.333333,6,0.5,12,2,0.166667,0,0.0,8,0.666667,0,0.0,2,0.166667
2827706,"용수철, 미분 4번하는거 yh yp 구하는거, rlc회로,베르누이, un",4.91,47,44,2,1,0,0,47,3,0.06383,43,0.914894,1,0.021277,47,45,0.957447,1,0.021277,1,0.021277,47,36,0.765957,11,0.234043,0,0.0,47,0,0.0,44,0.93617,1,0.021277,0,0.0,2,0.042553,47,0,0.0,0,0.0,47,1.0,0,0.0,0,0.0
2829592,생각보다 꼼꼼하게 봐야하고 개념을 완전히 이해해야해요 헷갈리는 문제가 많,4.23,61,28,20,12,1,0,61,4,0.065574,30,0.491803,27,0.442623,61,2,0.032787,17,0.278689,42,0.688525,61,10,0.163934,41,0.672131,10,0.163934,61,0,0.0,54,0.885246,1,0.016393,6,0.098361,0,0.0,61,1,0.016393,0,0.0,60,0.983607,0,0.0,0,0.0
2829975,,0,0,0,0,0,0,0,0,0,0.0,0,0.0,0,0.0,0,0,0.0,0,0.0,0,0.0,0,0,0.0,0,0.0,0,0.0,0,0,0.0,0,0.0,0,0.0,0,0.0,0,0.0,0,0,0.0,0,0.0,0,0.0,0,0.0,0,0.0
2836295,전체 주관식이고 자기 생각 쓰는 게 가장 중요해요 평소 과제였던 리뷰랑,4.55,11,9,1,0,0,1,11,0,0.0,9,0.818182,2,0.181818,11,5,0.454545,6,0.545455,0,0.0,11,7,0.636364,4,0.363636,0,0.0,11,0,0.0,1,0.090909,0,0.0,5,0.454545,5,0.454545,11,0,0.0,0,0.0,11,1.0,0,0.0,0,0.0
2836298,,4,4,3,0,0,0,1,4,2,0.5,2,0.5,0,0.0,4,0,0.0,2,0.5,2,0.5,4,2,0.5,1,0.25,1,0.25,4,1,0.25,1,0.25,0,0.0,2,0.5,0,0.0,4,2,0.5,0,0.0,1,0.25,0,0.0,1,0.25
2836321,교안 중에서 강조하시는 부분 + 복습 해주는 부분 + 교안에 있는 문제,4.98,47,46,1,0,0,0,47,46,0.978723,1,0.021277,0,0.0,47,47,1.0,0,0.0,0,0.0,47,43,0.914894,4,0.085106,0,0.0,47,1,0.021277,22,0.468085,0,0.0,21,0.446809,3,0.06383,47,0,0.0,0,0.0,47,1.0,0,0.0,0,0.0
2836322,38문제 빈칸으로 나와요. 교수님이 수업시간에 말씀하신거랑 교안 그림만,4.76,34,28,5,0,1,0,34,27,0.794118,6,0.176471,1,0.029412,34,32,0.941176,1,0.029412,1,0.029412,34,10,0.294118,19,0.558824,5,0.147059,34,2,0.058824,32,0.941176,0,0.0,0,0.0,0,0.0,34,0,0.0,0,0.0,34,1.0,0,0.0,0,0.0
2836325,"중간고사, 기말고사 모두 시험 없이 대체과제 팀플로 진행되었습니다. 주제",4.93,28,26,2,0,0,0,28,2,0.071429,11,0.392857,15,0.535714,28,2,0.071429,4,0.142857,22,0.785714,28,21,0.75,7,0.25,0,0.0,28,0,0.0,2,0.071429,1,0.035714,25,0.892857,0,0.0,28,25,0.892857,0,0.0,3,0.107143,0,0.0,0,0.0
2836333,강의자료 꼼꼼히 읽어보세요! TF로도 문제 나옵니다 TF는 10문제가,4.88,143,132,7,2,2,0,143,6,0.041958,134,0.937063,3,0.020979,143,141,0.986014,1,0.006993,1,0.006993,143,98,0.685315,45,0.314685,0,0.0,143,31,0.216783,95,0.664336,1,0.006993,0,0.0,16,0.111888,143,0,0.0,0,0.0,143,1.0,0,0.0,0,0.0
2836345,수업 시간에 다루시는 토론 주제에 대해서 평소에 생각정리 잘 해두시면 그,5,3,3,0,0,0,0,3,1,0.333333,2,0.666667,0,0.0,3,0,0.0,2,0.666667,1,0.333333,3,3,1.0,0,0.0,0,0.0,3,0,0.0,3,1.0,0,0.0,0,0.0,0,0.0,3,0,0.0,0,0.0,3,1.0,0,0.0,0,0.0
2836368,프로젝트로 기말고사가 대체됩니다 프로젝트는 ai를 활용해서 사업계획서를,3.56,9,2,4,1,1,1,9,1,0.111111,6,0.666667,2,0.222222,9,0,0.0,2,0.222222,7,0.777778,9,2,0.222222,7,0.777778,0,0.0,9,1,0.111111,8,0.888889,0,0.0,0,0.0,0,0.0,9,9,1.0,0,0.0,0,0.0,0,0.0,0,0.0
2836392,"이번에 휴일이 좀 많았는데 휴일에 수업을 전혀 안하고, 또 시험도 다른",4.5,4,2,2,0,0,0,4,3,0.75,1,0.25,0,0.0,4,4,1.0,0,0.0,0,0.0,4,3,0.75,1,0.25,0,0.0,4,0,0.0,4,1.0,0,0.0,0,0.0,0,0.0,4,0,0.0,4,1.0,0,0.0,0,0.0,0,0.0
2838282,,0,0,0,0,0,0,0,0,0,0.0,0,0.0,0,0.0,0,0,0.0,0,0.0,0,0.0,0,0,0.0,0,0.0,0,0.0,0,0,0.0,0,0.0,0,0.0,0,0.0,0,0.0,0,0,0.0,0,0.0,0,0.0,0,0.0,0,0.0
2838283,,0,0,0,0,0,0,0,0,0,0.0,0,0.0,0,0.0,0,0,0.0,0,0.0,0,0.0,0,0,0.0,0,0.0,0,0.0,0,0,0.0,0,0.0,0,0.0,0,0.0,0,0.0,0,0,0.0,0,0.0,0,0.0,0,0.0,0,0.0
2838288,,4.75,4,3,1,0,0,0,4,0,0.0,4,1.0,0,0.0,4,0,0.0,2,0.5,2,0.5,4,3,0.75,1,0.25,0,0.0,4,0,0.0,0,0.0,0,0.0,4,1.0,0,0.0,4,0,0.0,4,1.0,0,0.0,0,0.0,0,0.0
2838299,그냥 2-3회독하면 평균이상 받을 수 있어요! 좀 더 꼼꼼하게 읽어보시고,4.38,13,7,4,2,0,0,13,0,0.0,7,0.538462,6,0.461538,13,0,0.0,2,0.153846,11,0.846154,13,3,0.230769,10,0.769231,0,0.0,13,0,0.0,13,1.0,0,0.0,0,0.0,0,0.0,13,0,0.0,13,1.0,0,0.0,0,0.0,0,0.0
2840821,"-definition of setup time&hold time, com",4.88,104,91,13,0,0,0,104,4,0.038462,95,0.913462,5,0.048077,104,56,0.538462,47,0.451923,1,0.009615,104,49,0.471154,53,0.509615,2,0.019231,104,9,0.086538,94,0.903846,0,0.0,1,0.009615,0,0.0,104,1,0.009615,1,0.009615,102,0.980769,0,0.0,0,0.0
2840823,사실 치팅페이퍼를 a4 딱 한장에 요약해서 갈 수는 있지만 본인이 적어,4.48,33,21,9,2,0,1,33,1,0.030303,23,0.69697,9,0.272727,33,0,0.0,11,0.333333,22,0.666667,33,21,0.636364,10,0.30303,2,0.060606,33,0,0.0,30,0.909091,1,0.030303,0,0.0,2,0.060606,33,19,0.575758,14,0.424242,0,0.0,0,0.0,0,0.0
2841401,,5,3,3,0,0,0,0,3,2,0.666667,0,0.0,1,0.333333,3,2,0.666667,1,0.333333,0,0.0,3,2,0.666667,0,0.0,1,0.333333,3,1,0.333333,0,0.0,0,0.0,2,0.666667,0,0.0,3,2,0.666667,0,0.0,1,0.333333,0,0.0,0,0.0
2843622,강의 중 설명해준 부분 중심으로 공부하면 쉬움. 온라인으로 보는데 선지가,4.65,34,24,8,2,0,0,34,8,0.235294,23,0.676471,3,0.088235,34,0,0.0,21,0.617647,13,0.382353,34,9,0.264706,24,0.705882,1,0.029412,34,0,0.0,20,0.588235,1,0.029412,11,0.323529,2,0.058824,34,19,0.558824,3,0.088235,7,0.205882,0,0.0,5,0.147059
2843623,"교수님이 퀴즈보기 전에 교과서에서 중요한 부분 한번 싹 훑어주시는 데,",4.95,21,20,1,0,0,0,21,0,0.0,14,0.666667,7,0.333333,21,4,0.190476,12,0.571429,5,0.238095,21,18,0.857143,3,0.142857,0,0.0,21,0,0.0,17,0.809524,0,0.0,1,0.047619,3,0.142857,21,3,0.142857,1,0.047619,17,0.809524,0,0.0,0,0.0
2845212,,0,0,0,0,0,0,0,0,0,0.0,0,0.0,0,0.0,0,0,0.0,0,0.0,0,0.0,0,0,0.0,0,0.0,0,0.0,0,0,0.0,0,0.0,0,0.0,0,0.0,0,0.0,0,0,0.0,0,0.0,0,0.0,0,0.0,0,0.0
2846185,교안에서 대부분 및 수업에서 자주 언급한거 은근 쉬운거 같아도 엄청 꼬아,3.88,16,8,3,2,1,2,16,6,0.375,10,0.625,0,0.0,16,15,0.9375,0,0.0,1,0.0625,16,11,0.6875,5,0.3125,0,0.0,16,1,0.0625,14,0.875,0,0.0,0,0.0,1,0.0625,16,0,0.0,0,0.0,15,0.9375,0,0.0,1,0.0625
2849820,복잡한 계산문제는 마지막 하나밖에 안나오고 나머지는 대부분 개념에 대한,4,43,21,7,11,2,2,43,4,0.093023,35,0.813953,4,0.093023,43,40,0.930233,3,0.069767,0,0.0,43,33,0.767442,10,0.232558,0,0.0,43,0,0.0,39,0.906977,0,0.0,4,0.093023,0,0.0,43,0,0.0,0,0.0,43,1.0,0,0.0,0,0.0
2892966,"문제는 5문제정도, 모두 논술형으로 나옵니다. 객관식을 기대하고 다회독하",4.38,29,15,10,4,0,0,29,2,0.068966,21,0.724138,6,0.206897,29,27,0.931034,2,0.068966,0,0.0,29,18,0.62069,10,0.344828,1,0.034483,29,0,0.0,27,0.931034,0,0.0,1,0.034483,1,0.034483,29,0,0.0,27,0.931034,2,0.068966,0,0.0,0,0.0
2892967,,3.85,13,8,1,1,0,3,13,10,0.769231,3,0.230769,0,0.0,13,13,1.0,0,0.0,0,0.0,13,8,0.615385,4,0.307692,1,0.076923,13,0,0.0,1,0.076923,0,0.0,12,0.923077,0,0.0,13,0,0.0,0,0.0,13,1.0,0,0.0,0,0.0
2892968,"객관식 20문제, 단답형 5문제, 약술형 5문제",4.9,39,36,2,1,0,0,39,15,0.384615,23,0.589744,1,0.025641,39,16,0.410256,9,0.230769,14,0.358974,39,23,0.589744,16,0.410256,0,0.0,39,1,0.025641,8,0.205128,0,0.0,28,0.717949,2,0.051282,39,0,0.0,37,0.948718,2,0.051282,0,0.0,0,0.0
2892970,,4.79,14,12,1,1,0,0,14,0,0.0,11,0.785714,3,0.214286,14,0,0.0,2,0.142857,12,0.857143,14,10,0.714286,4,0.285714,0,0.0,14,0,0.0,11,0.785714,0,0.0,2,0.142857,1,0.071429,14,14,1.0,0,0.0,0,0.0,0,0.0,0,0.0
2892971,시험 없고 과제 하나 끝입니다 조별평가로 성적 결정나니 최대한 열심히 해,4.18,11,6,3,0,2,0,11,0,0.0,8,0.727273,3,0.272727,11,0,0.0,3,0.272727,8,0.727273,11,6,0.545455,3,0.272727,2,0.181818,11,0,0.0,8,0.727273,0,0.0,1,0.090909,2,0.181818,11,10,0.909091,1,0.090909,0,0.0,0,0.0,0,0.0
2892976,Example Questions 만 공부해가도 됨 질문 그대로 나옴!,2.4,5,1,1,0,0,3,5,4,0.8,0,0.0,1,0.2,5,0,0.0,3,0.6,2,0.4,5,1,0.2,3,0.6,1,0.2,5,0,0.0,3,0.6,0,0.0,2,0.4,0,0.0,5,0,0.0,4,0.8,1,0.2,0,0.0,0,0.0
2892977,브슴 공통시험이라 결국에는 얼마나 더 스스로 공부했냐에 따라 갈리는 것,3.41,17,4,6,3,1,3,17,5,0.294118,12,0.705882,0,0.0,17,16,0.941176,1,0.058824,0,0.0,17,0,0.0,9,0.529412,8,0.470588,17,4,0.235294,6,0.352941,0,0.0,3,0.176471,4,0.235294,17,0,0.0,0,0.0,17,1.0,0,0.0,0,0.0
2892978,시험은 공통시험으로 진행되고 한 7~8 문제 정도 나옵니다 시험에 가까워,4.76,45,35,9,1,0,0,45,8,0.177778,37,0.822222,0,0.0,45,44,0.977778,1,0.022222,0,0.0,45,15,0.333333,28,0.622222,2,0.044444,45,0,0.0,3,0.066667,0,0.0,27,0.6,15,0.333333,45,0,0.0,0,0.0,45,1.0,0,0.0,0,0.0
2892980,문제은행식으로 나옵니다. 어렵습니다. 그냥 싹다 외우세여. 서술형부분이,4.69,16,13,2,0,1,0,16,2,0.125,13,0.8125,1,0.0625,16,1,0.0625,5,0.3125,10,0.625,16,5,0.3125,11,0.6875,0,0.0,16,0,0.0,15,0.9375,0,0.0,0,0.0,1,0.0625,16,0,0.0,0,0.0,16,1.0,0,0.0,0,0.0
2892981,,3.67,6,3,0,2,0,1,6,0,0.0,2,0.333333,4,0.666667,6,0,0.0,4,0.666667,2,0.333333,6,0,0.0,5,0.833333,1,0.166667,6,0,0.0,0,0.0,0,0.0,6,1.0,0,0.0,6,1,0.166667,5,0.833333,0,0.0,0,0.0,0,0.0
2892985,개념과 증명을 많이 알아두시는게 좋을것 같습니다. 문제풀이도 중요하지만,2.8,15,3,4,1,1,6,15,1,0.066667,12,0.8,2,0.133333,15,15,1.0,0,0.0,0,0.0,15,1,0.066667,10,0.666667,4,0.266667,15,0,0.0,13,0.866667,0,0.0,1,0.066667,1,0.066667,15,0,0.0,0,0.0,15,1.0,0,0.0,0,0.0
2892987,자신의 인생을 돌아보시오를 주제로 한장 레포트 쓰기 한글로 써도 됨 점수,4.48,62,45,7,7,1,2,62,61,0.983871,1,0.016129,0,0.0,62,61,0.983871,1,0.016129,0,0.0,62,48,0.774194,11,0.177419,3,0.048387,62,5,0.080645,57,0.919355,0,0.0,0,0.0,0,0.0,62,1,0.016129,60,0.967742,1,0.016129,0,0.0,0,0.0
2892989,암기형 시험입니다. 10개의 주관식 단답형 문제와 1개의 논술형 문제로,4.84,25,21,4,0,0,0,25,23,0.92,2,0.08,0,0.0,25,25,1.0,0,0.0,0,0.0,25,7,0.28,18,0.72,0,0.0,25,0,0.0,1,0.04,0,0.0,24,0.96,0,0.0,25,0,0.0,0,0.0,25,1.0,0,0.0,0,0.0
2892991,지엽적인 암기가 필요없다고 하신 교수님 말씀 그대로입니다. 굳이 세세한,5,10,10,0,0,0,0,10,6,0.6,4,0.4,0,0.0,10,6,0.6,4,0.4,0,0.0,10,9,0.9,1,0.1,0,0.0,10,0,0.0,0,0.0,0,0.0,10,1.0,0,0.0,10,0,0.0,0,0.0,10,1.0,0,0.0,0,0.0
2892996,수업 전에 교수님께서 문제 짚어주시는데 그거에 대해서 어떻게 적을지 미리,4.84,37,34,2,0,0,1,37,22,0.594595,14,0.378378,1,0.027027,37,5,0.135135,12,0.324324,20,0.540541,37,28,0.756757,9,0.243243,0,0.0,37,1,0.027027,2,0.054054,0,0.0,30,0.810811,4,0.108108,37,3,0.081081,32,0.864865,2,0.054054,0,0.0,0,0.0
2892998,4지선다 1회독 이상 하면 쉽게 해결할 수 있는 문제들이 꽤 있음. 하지,4.59,318,230,60,19,5,4,315,124,0.393651,187,0.593651,4,0.012698,315,306,0.971429,8,0.025397,1,0.003175,315,176,0.55873,134,0.425397,5,0.015873,315,64,0.203175,221,0.701587,0,0.0,2,0.006349,28,0.088889,315,0,0.0,308,0.977778,6,0.019048,1,0.003175,0,0.0
2893002,ppt 예제랑 과제 문제를 꼭 다시 스스로 풀어보세요. 교수님이 다른 곳,4.79,29,24,4,1,0,0,28,0,0.0,20,0.714286,8,0.285714,28,28,1.0,0,0.0,0,0.0,28,21,0.75,7,0.25,0,0.0,28,5,0.178571,14,0.5,0,0.0,2,0.071429,7,0.25,28,0,0.0,0,0.0,28,1.0,0,0.0,0,0.0
2893004,시험 비중은 25%고 현장에서 직접 보는 시험이 아니라 내가 창업을 한,4.52,21,15,4,1,0,1,21,12,0.571429,9,0.428571,0,0.0,21,21,1.0,0,0.0,0,0.0,21,14,0.666667,6,0.285714,1,0.047619,21,1,0.047619,12,0.571429,0,0.0,5,0.238095,3,0.142857,21,19,0.904762,1,0.047619,1,0.047619,0,0.0,0,0.0
2893008,,0,0,0,0,0,0,0,0,0,0.0,0,0.0,0,0.0,0,0,0.0,0,0.0,0,0.0,0,0,0.0,0,0.0,0,0.0,0,0,0.0,0,0.0,0,0.0,0,0.0,0,0.0,0,0,0.0,0,0.0,0,0.0,0,0.0,0,0.0
2893009,,5,11,11,0,0,0,0,11,11,1.0,0,0.0,0,0.0,11,11,1.0,0,0.0,0,0.0,11,10,0.909091,1,0.090909,0,0.0,11,1,0.090909,10,0.909091,0,0.0,0,0.0,0,0.0,11,11,1.0,0,0.0,0,0.0,0,0.0,0,0.0
2893010,성균프레시세미나 시험은 없지만 마지막에 출결 계산한다고 긴장 될 것 입니,4.46,39,27,6,4,1,1,39,17,0.435897,20,0.512821,2,0.051282,39,36,0.923077,2,0.051282,1,0.025641,39,32,0.820513,7,0.179487,0,0.0,39,0,0.0,3,0.076923,28,0.717949,2,0.051282,6,0.153846,39,38,0.974359,1,0.025641,0,0.0,0,0.0,0,0.0
2893012,본인의 경험을 바탕으로 글을 써내려가면 됩니다. 수업시간에 이미 한것들이,4.66,35,24,10,1,0,0,35,3,0.085714,21,0.6,11,0.314286,35,1,0.028571,10,0.285714,24,0.685714,35,19,0.542857,15,0.428571,1,0.028571,35,0,0.0,30,0.857143,0,0.0,0,0.0,5,0.142857,35,19,0.542857,13,0.371429,3,0.085714,0,0.0,0,0.0
2893016,시험 전 공부할 범위를 알려주시기 때문에 교안 전체를 공부할 필요는 없습,4.75,4,3,1,0,0,0,4,1,0.25,2,0.5,1,0.25,4,3,0.75,1,0.25,0,0.0,4,4,1.0,0,0.0,0,0.0,4,0,0.0,4,1.0,0,0.0,0,0.0,0,0.0,4,0,0.0,4,1.0,0,0.0,0,0.0,0,0.0
2893017,본인이 과제했던 거 시험 전에 꼭 보고 가기! 1학기 시험 정보 보고 시,4.43,60,39,13,5,1,2,60,6,0.1,46,0.766667,8,0.133333,60,59,0.983333,1,0.016667,0,0.0,60,29,0.483333,26,0.433333,5,0.083333,60,0,0.0,30,0.5,0,0.0,19,0.316667,11,0.183333,60,0,0.0,24,0.4,36,0.6,0,0.0,0,0.0
2893018,,0,0,0,0,0,0,0,0,0,0.0,0,0.0,0,0.0,0,0,0.0,0,0.0,0,0.0,0,0,0.0,0,0.0,0,0.0,0,0,0.0,0,0.0,0,0.0,0,0.0,0,0.0,0,0,0.0,0,0.0,0,0.0,0,0.0,0,0.0
2893019,,0,0,0,0,0,0,0,0,0,0.0,0,0.0,0,0.0,0,0,0.0,0,0.0,0,0.0,0,0,0.0,0,0.0,0,0.0,0,0,0.0,0,0.0,0,0.0,0,0.0,0,0.0,0,0,0.0,0,0.0,0,0.0,0,0.0,0,0.0
2893021,,0,0,0,0,0,0,0,0,0,0.0,0,0.0,0,0.0,0,0,0.0,0,0.0,0,0.0,0,0,0.0,0,0.0,0,0.0,0,0,0.0,0,0.0,0,0.0,0,0.0,0,0.0,0,0,0.0,0,0.0,0,0.0,0,0.0,0,0.0
2893023,지피티 적극 활용하셔서 코드같은 거에 의문 생기는 거 확실하게 알아두고,3.95,121,44,39,27,10,1,121,6,0.049587,38,0.31405,77,0.636364,121,7,0.057851,30,0.247934,84,0.694215,121,58,0.479339,58,0.479339,5,0.041322,121,20,0.165289,80,0.661157,0,0.0,1,0.008264,20,0.165289,121,0,0.0,50,0.413223,71,0.586777,0,0.0,0,0.0
2893024,파이썬을 할 줄 모르면 거의 풀 수 없는 시험이었다고 생각합니다. 기본적,2.6,156,13,25,45,32,41,156,2,0.012821,10,0.064103,144,0.923077,156,5,0.032051,70,0.448718,81,0.519231,156,31,0.198718,104,0.666667,21,0.134615,156,20,0.128205,98,0.628205,0,0.0,0,0.0,38,0.24359,156,0,0.0,23,0.147436,129,0.826923,1,0.00641,3,0.019231
2893025,,1,2,0,0,0,0,2,2,0,0.0,0,0.0,2,1.0,2,0,0.0,0,0.0,2,1.0,2,0,0.0,0,0.0,2,1.0,2,0,0.0,2,1.0,0,0.0,0,0.0,0,0.0,2,0,0.0,2,1.0,0,0.0,0,0.0,0,0.0
2893026,오픈북이라 시험 부담은 적습니다. 중간고사는 코딩보다 이론 위주로 나와서,4.25,163,82,53,21,1,6,162,2,0.012346,76,0.469136,84,0.518519,162,3,0.018519,74,0.45679,85,0.524691,162,94,0.580247,64,0.395062,4,0.024691,162,25,0.154321,108,0.666667,0,0.0,0,0.0,29,0.179012,162,0,0.0,5,0.030864,157,0.969136,0,0.0,0,0.0
2893028,시험은 없었고 팀프로젝트는 삼성전자의 특정 제품을 특정 타겟 (정해져잇음,4.11,18,9,6,1,0,2,18,0,0.0,3,0.166667,15,0.833333,18,0,0.0,1,0.055556,17,0.944444,18,2,0.111111,14,0.777778,2,0.111111,18,0,0.0,15,0.833333,0,0.0,2,0.111111,1,0.055556,18,18,1.0,0,0.0,0,0.0,0,0.0,0,0.0
2893029,일단 중간고사는 없고 마지막 기말시험을 시험 or 레포트 중에 선택할 수,3.31,13,4,2,4,0,3,13,4,0.307692,8,0.615385,1,0.076923,13,7,0.538462,5,0.384615,1,0.076923,13,4,0.307692,9,0.692308,0,0.0,13,0,0.0,2,0.153846,0,0.0,10,0.769231,1,0.076923,13,5,0.384615,7,0.538462,1,0.076923,0,0.0,0,0.0
2893031,교재 예제 위주로 공부하시면 쉽게 풀 수 있는 난이도로 나와요,1,1,0,0,0,0,1,1,0,0.0,1,1.0,0,0.0,1,0,0.0,1,1.0,0,0.0,1,0,0.0,1,1.0,0,0.0,1,0,0.0,0,0.0,0,0.0,1,1.0,0,0.0,1,0,0.0,0,0.0,1,1.0,0,0.0,0,0.0
2893034,,0,0,0,0,0,0,0,0,0,0.0,0,0.0,0,0.0,0,0,0.0,0,0.0,0,0.0,0,0,0.0,0,0.0,0,0.0,0,0,0.0,0,0.0,0,0.0,0,0.0,0,0.0,0,0,0.0,0,0.0,0,0.0,0,0.0,0,0.0
2893041,중간고사는 대체과제로 봤다 테이크 홈 시험 즉 집에서 24시간 동안 볼,3.75,8,4,2,0,0,2,8,1,0.125,5,0.625,2,0.25,8,0,0.0,4,0.5,4,0.5,8,2,0.25,4,0.5,2,0.25,8,0,0.0,5,0.625,0,0.0,0,0.0,3,0.375,8,0,0.0,5,0.625,3,0.375,0,0.0,0,0.0
2893042,,5,11,11,0,0,0,0,11,10,0.909091,1,0.090909,0,0.0,11,10,0.909091,1,0.090909,0,0.0,11,7,0.636364,4,0.363636,0,0.0,11,1,0.090909,8,0.727273,0,0.0,1,0.090909,1,0.090909,11,0,0.0,10,0.909091,1,0.090909,0,0.0,0,0.0
2893044,교안 꼼꼼히 보셈 Exercise 많기는 한데 열심히 풀고.. 연습할 문,4.91,33,30,3,0,0,0,33,1,0.030303,27,0.818182,5,0.151515,33,31,0.939394,2,0.060606,0,0.0,33,19,0.575758,14,0.424242,0,0.0,33,0,0.0,4,0.121212,0,0.0,8,0.242424,21,0.636364,33,0,0.0,0,0.0,29,0.878788,1,0.030303,3,0.090909
2893046,객관식 10 서술형 5 교안 설명 그대로 많이 나와서 많이 보면 어렵지,4.85,27,24,2,1,0,0,27,7,0.259259,18,0.666667,2,0.074074,27,1,0.037037,20,0.740741,6,0.222222,27,7,0.259259,19,0.703704,1,0.037037,27,0,0.0,24,0.888889,0,0.0,1,0.037037,2,0.074074,27,0,0.0,6,0.222222,21,0.777778,0,0.0,0,0.0
2893054,과제수준의 문제들과 더불어 과제에 없지만 교안에 있는 sample들은 타,4.82,22,18,4,0,0,0,22,1,0.045455,19,0.863636,2,0.090909,22,22,1.0,0,0.0,0,0.0,22,5,0.227273,17,0.772727,0,0.0,22,1,0.045455,20,0.909091,0,0.0,0,0.0,1,0.045455,22,0,0.0,0,0.0,22,1.0,0,0.0,0,0.0
2893055,교안 열심히 보면 될 듯 합니다 !! 막 그렇게 완전 어렵다고는 못할 것,4.32,25,12,9,4,0,0,25,10,0.4,15,0.6,0,0.0,25,25,1.0,0,0.0,0,0.0,25,4,0.16,19,0.76,2,0.08,25,0,0.0,24,0.96,1,0.04,0,0.0,0,0.0,25,0,0.0,0,0.0,25,1.0,0,0.0,0,0.0
2893064,교수님이 게시판에 올려주신 연습문제 많이 풀어보면 좋습니두,0,0,0,0,0,0,0,0,0,0.0,0,0.0,0,0.0,0,0,0.0,0,0.0,0,0.0,0,0,0.0,0,0.0,0,0.0,0,0,0.0,0,0.0,0,0.0,0,0.0,0,0.0,0,0,0.0,0,0.0,0,0.0,0,0.0,0,0.0
2893065,시험이 없어요! 다들 그냥 자는듯 게임도 많이 함 근데 교수님 다 기억하,1.4,5,0,0,1,0,4,5,0,0.0,5,1.0,0,0.0,5,1,0.2,2,0.4,2,0.4,5,0,0.0,3,0.6,2,0.4,5,0,0.0,0,0.0,0,0.0,1,0.2,4,0.8,5,5,1.0,0,0.0,0,0.0,0,0.0,0,0.0
2893066,,0,0,0,0,0,0,0,0,0,0.0,0,0.0,0,0.0,0,0,0.0,0,0.0,0,0.0,0,0,0.0,0,0.0,0,0.0,0,0,0.0,0,0.0,0,0.0,0,0.0,0,0.0,0,0,0.0,0,0.0,0,0.0,0,0.0,0,0.0
2893067,교수님이 말씀하신거 별표 해놓으면 됨. 교수님이 쓴 책 보면서 공부 ㄱ,4.75,4,3,1,0,0,0,4,0,0.0,3,0.75,1,0.25,4,0,0.0,3,0.75,1,0.25,4,1,0.25,3,0.75,0,0.0,4,0,0.0,0,0.0,3,0.75,1,0.25,0,0.0,4,0,0.0,0,0.0,4,1.0,0,0.0,0,0.0
2893068,교수님이 수업 중 풀어주신 문제들과 과제들 위주로 공부하세요 1번) 단,4.2,5,2,2,1,0,0,5,1,0.2,4,0.8,0,0.0,5,5,1.0,0,0.0,0,0.0,5,4,0.8,1,0.2,0,0.0,5,1,0.2,3,0.6,0,0.0,1,0.2,0,0.0,5,0,0.0,0,0.0,5,1.0,0,0.0,0,0.0
2893070,실습 설계가 주요 포인트인 과목이라 기말 지필시험 비중은 크지 않습니다.,4,7,2,3,2,0,0,7,0,0.0,1,0.142857,6,0.857143,7,0,0.0,5,0.714286,2,0.285714,7,5,0.714286,2,0.285714,0,0.0,7,0,0.0,0,0.0,0,0.0,7,1.0,0,0.0,7,2,0.285714,5,0.714286,0,0.0,0,0.0,0,0.0
2893073,,0,0,0,0,0,0,0,0,0,0.0,0,0.0,0,0.0,0,0,0.0,0,0.0,0,0.0,0,0,0.0,0,0.0,0,0.0,0,0,0.0,0,0.0,0,0.0,0,0.0,0,0.0,0,0,0.0,0,0.0,0,0.0,0,0.0,0,0.0
2893075,,0,0,0,0,0,0,0,0,0,0.0,0,0.0,0,0.0,0,0,0.0,0,0.0,0,0.0,0,0,0.0,0,0.0,0,0.0,0,0,0.0,0,0.0,0,0.0,0,0.0,0,0.0,0,0,0.0,0,0.0,0,0.0,0,0.0,0,0.0
2893083,,5,1,1,0,0,0,0,1,0,0.0,0,0.0,1,1.0,1,1,1.0,0,0.0,0,0.0,1,0,0.0,1,1.0,0,0.0,1,0,0.0,0,0.0,0,0.0,0,0.0,1,1.0,1,1,1.0,0,0.0,0,0.0,0,0.0,0,0.0
2893086,"과제, 예제, 추가 자료들 다 풀 줄 알면 시험 편하게 볼 수 있습니다",4.56,34,26,4,2,1,1,33,0,0.0,23,0.69697,10,0.30303,33,0,0.0,14,0.424242,19,0.575758,33,10,0.30303,21,0.636364,2,0.060606,33,0,0.0,8,0.242424,16,0.484848,3,0.090909,6,0.181818,33,0,0.0,0,0.0,33,1.0,0,0.0,0,0.0
2893087,"전부 OX 문제고, 정확하게 틀리게 낸다고 하셨지만.. 말을 너무너무 그",4.82,45,37,8,0,0,0,45,8,0.177778,37,0.822222,0,0.0,45,42,0.933333,2,0.044444,1,0.022222,45,7,0.155556,32,0.711111,6,0.133333,45,1,0.022222,43,0.955556,0,0.0,0,0.0,1,0.022222,45,0,0.0,0,0.0,45,1.0,0,0.0,0,0.0
2893089,"개념 1문제, 증명이 3문제, 계산 1문제 정도로 생각하면 될 것 같습니",3.5,40,8,16,9,2,5,40,0,0.0,27,0.675,13,0.325,40,39,0.975,1,0.025,0,0.0,40,8,0.2,31,0.775,1,0.025,40,1,0.025,14,0.35,0,0.0,16,0.4,9,0.225,40,0,0.0,0,0.0,40,1.0,0,0.0,0,0.0
2893091,기초적인거 많이 내심 수업시간에 특히 강조하시는거 열심히 보면 될듯,4.52,63,43,13,5,1,1,63,47,0.746032,16,0.253968,0,0.0,63,61,0.968254,2,0.031746,0,0.0,63,25,0.396825,37,0.587302,1,0.015873,63,3,0.047619,48,0.761905,0,0.0,6,0.095238,6,0.095238,63,1,0.015873,0,0.0,61,0.968254,0,0.0,1,0.015873
2893092,시험시간에 비해 시간 걸리는 문제가 하나도 없어서 알아도 빨리 풀고 몰라,4.85,40,34,6,0,0,0,40,12,0.3,28,0.7,0,0.0,40,40,1.0,0,0.0,0,0.0,40,22,0.55,17,0.425,1,0.025,40,10,0.25,24,0.6,0,0.0,2,0.05,4,0.1,40,0,0.0,1,0.025,39,0.975,0,0.0,0,0.0
2893096,,4.43,14,6,8,0,0,0,14,0,0.0,2,0.142857,12,0.857143,14,0,0.0,1,0.071429,13,0.928571,14,3,0.214286,11,0.785714,0,0.0,14,0,0.0,2,0.142857,0,0.0,11,0.785714,1,0.071429,14,13,0.928571,0,0.0,1,0.071429,0,0.0,0,0.0
2893097,시험은 없고 ppt와 레포트만 있으니 팀원들과 노력해서 좋은 결과 얻으세,5,11,11,0,0,0,0,11,3,0.272727,6,0.545455,2,0.181818,11,1,0.090909,5,0.454545,5,0.454545,11,10,0.909091,1,0.090909,0,0.0,11,8,0.727273,3,0.272727,0,0.0,0,0.0,0,0.0,11,9,0.818182,0,0.0,2,0.181818,0,0.0,0,0.0
2893098,,0,0,0,0,0,0,0,0,0,0.0,0,0.0,0,0.0,0,0,0.0,0,0.0,0,0.0,0,0,0.0,0,0.0,0,0.0,0,0,0.0,0,0.0,0,0.0,0,0.0,0,0.0,0,0,0.0,0,0.0,0,0.0,0,0.0,0,0.0
2893099,,5,5,5,0,0,0,0,5,1,0.2,4,0.8,0,0.0,5,1,0.2,3,0.6,1,0.2,5,5,1.0,0,0.0,0,0.0,5,0,0.0,2,0.4,0,0.0,0,0.0,3,0.6,5,5,1.0,0,0.0,0,0.0,0,0.0,0,0.0
2893100,,0,0,0,0,0,0,0,0,0,0.0,0,0.0,0,0.0,0,0,0.0,0,0.0,0,0.0,0,0,0.0,0,0.0,0,0.0,0,0,0.0,0,0.0,0,0.0,0,0.0,0,0.0,0,0,0.0,0,0.0,0,0.0,0,0.0,0,0.0
2893101,"오픈북 시험이었고, 1. OX 20문제, 2. 단답형 10문제, 3. 사",4.68,66,57,3,2,2,2,66,65,0.984848,1,0.015152,0,0.0,66,65,0.984848,1,0.015152,0,0.0,66,50,0.757576,16,0.242424,0,0.0,66,2,0.030303,58,0.878788,0,0.0,2,0.030303,4,0.060606,66,0,0.0,0,0.0,66,1.0,0,0.0,0,0.0
2893102,,5,3,3,0,0,0,0,3,3,1.0,0,0.0,0,0.0,3,3,1.0,0,0.0,0,0.0,3,3,1.0,0,0.0,0,0.0,3,2,0.666667,0,0.0,0,0.0,1,0.333333,0,0.0,3,0,0.0,3,1.0,0,0.0,0,0.0,0,0.0
2893103,,5,4,4,0,0,0,0,4,3,0.75,1,0.25,0,0.0,4,3,0.75,0,0.0,1,0.25,4,4,1.0,0,0.0,0,0.0,4,1,0.25,1,0.25,0,0.0,2,0.5,0,0.0,4,0,0.0,4,1.0,0,0.0,0,0.0,0,0.0
2893104,총 7문제 전부 다 주관식이에요 앞 문제는 대체로 단답형 뒷 문제는 코드,3.92,26,10,11,1,1,3,26,1,0.038462,23,0.884615,2,0.076923,26,26,1.0,0,0.0,0,0.0,26,13,0.5,13,0.5,0,0.0,26,0,0.0,0,0.0,0,0.0,26,1.0,0,0.0,26,0,0.0,0,0.0,25,0.961538,1,0.038462,0,0.0
2893105,열유실이란 과목자체가 개빠셈.. 열전달 하고 하는걸 매우 추천함,3.25,8,0,2,6,0,0,8,0,0.0,1,0.125,7,0.875,8,0,0.0,1,0.125,7,0.875,8,2,0.25,6,0.75,0,0.0,8,1,0.125,0,0.0,0,0.0,3,0.375,4,0.5,8,8,1.0,0,0.0,0,0.0,0,0.0,0,0.0
2893107,총 5문제. 평이하게 나오는 편. 교수님이 주시는 교안이나 기출에서 원리,4.96,24,23,1,0,0,0,24,0,0.0,24,1.0,0,0.0,24,24,1.0,0,0.0,0,0.0,24,14,0.583333,10,0.416667,0,0.0,24,8,0.333333,16,0.666667,0,0.0,0,0.0,0,0.0,24,0,0.0,0,0.0,24,1.0,0,0.0,0,0.0
2893110,기말고사 대체 발표가 있습니다. 팁 몇가지 드릴게요.,4.5,2,1,1,0,0,0,2,1,0.5,1,0.5,0,0.0,2,2,1.0,0,0.0,0,0.0,2,0,0.0,2,1.0,0,0.0,2,0,0.0,1,0.5,0,0.0,0,0.0,1,0.5,2,1,0.5,1,0.5,0,0.0,0,0.0,0,0.0
2893111,주차 미션이랑 스피드 주행이랑 장애물 주행 3가지 진행합니다 그리고 기말,4.79,14,11,3,0,0,0,14,3,0.214286,8,0.571429,3,0.214286,14,1,0.071429,2,0.142857,11,0.785714,14,11,0.785714,3,0.214286,0,0.0,14,0,0.0,14,1.0,0,0.0,0,0.0,0,0.0,14,1,0.071429,13,0.928571,0,0.0,0,0.0,0,0.0
2893113,,4,8,6,0,0,0,2,8,2,0.25,5,0.625,1,0.125,8,7,0.875,0,0.0,1,0.125,8,5,0.625,3,0.375,0,0.0,8,0,0.0,3,0.375,0,0.0,1,0.125,4,0.5,8,0,0.0,0,0.0,8,1.0,0,0.0,0,0.0
2893115,,0,0,0,0,0,0,0,0,0,0.0,0,0.0,0,0.0,0,0,0.0,0,0.0,0,0.0,0,0,0.0,0,0.0,0,0.0,0,0,0.0,0,0.0,0,0.0,0,0.0,0,0.0,0,0,0.0,0,0.0,0,0.0,0,0.0,0,0.0
2893116,,3,1,0,0,1,0,0,1,0,0.0,1,1.0,0,0.0,1,0,0.0,1,1.0,0,0.0,1,0,0.0,1,1.0,0,0.0,1,0,0.0,1,1.0,0,0.0,0,0.0,0,0.0,1,1,1.0,0,0.0,0,0.0,0,0.0,0,0.0
2893122,,4.79,14,11,3,0,0,0,14,2,0.142857,9,0.642857,3,0.214286,14,0,0.0,1,0.071429,13,0.928571,14,10,0.714286,4,0.285714,0,0.0,14,6,0.428571,4,0.285714,0,0.0,2,0.142857,2,0.142857,14,13,0.928571,0,0.0,1,0.071429,0,0.0,0,0.0
2893125,"과제, 수업 중에 풀었던 예제가 나옵니다 T/F로 두 Uniform 분포",4.8,5,4,1,0,0,0,5,0,0.0,5,1.0,0,0.0,5,5,1.0,0,0.0,0,0.0,5,1,0.2,4,0.8,0,0.0,5,0,0.0,4,0.8,0,0.0,0,0.0,1,0.2,5,0,0.0,0,0.0,5,1.0,0,0.0,0,0.0
2893126,중간고사 범위에 Lecture2에 신공개 내용이 있는데 그 부분 열심히,4.81,21,17,4,0,0,0,21,20,0.952381,1,0.047619,0,0.0,21,20,0.952381,1,0.047619,0,0.0,21,12,0.571429,9,0.428571,0,0.0,21,0,0.0,6,0.285714,0,0.0,14,0.666667,1,0.047619,21,0,0.0,0,0.0,21,1.0,0,0.0,0,0.0
2893128,교수님이 주신 예상 문제에서 거의 다 나오고 예상 문제에 없는건 교안에,3.33,15,4,4,2,3,2,15,12,0.8,3,0.2,0,0.0,15,14,0.933333,0,0.0,1,0.066667,15,2,0.133333,13,0.866667,0,0.0,15,0,0.0,15,1.0,0,0.0,0,0.0,0,0.0,15,0,0.0,0,0.0,15,1.0,0,0.0,0,0.0
2893129,조교님들이 주신 자료먼 잘보면 좋은 성적 얻을 수 있습니다,4,4,2,1,0,1,0,4,1,0.25,1,0.25,2,0.5,4,1,0.25,2,0.5,1,0.25,4,1,0.25,2,0.5,1,0.25,4,2,0.5,0,0.0,0,0.0,2,0.5,0,0.0,4,0,0.0,4,1.0,0,0.0,0,0.0,0,0.0
2893130,"메뉴얼과 실험 내용 전반적으로 공부하되, 개인적으로 메뉴얼에서 pre 레",4.38,8,6,1,0,0,1,8,2,0.25,6,0.75,0,0.0,8,6,0.75,2,0.25,0,0.0,8,3,0.375,4,0.5,1,0.125,8,1,0.125,1,0.125,0,0.0,5,0.625,1,0.125,8,0,0.0,8,1.0,0,0.0,0,0.0,0,0.0
2893131,"시험은 개념위주, 그것도 개념에 대한 설명으로 서술하는 시험이었어요. 수",3.54,13,5,3,1,2,2,13,11,0.846154,2,0.153846,0,0.0,13,6,0.461538,7,0.538462,0,0.0,13,1,0.076923,7,0.538462,5,0.384615,13,1,0.076923,0,0.0,0,0.0,11,0.846154,1,0.076923,13,0,0.0,12,0.923077,1,0.076923,0,0.0,0,0.0
2893132,,5,1,1,0,0,0,0,1,0,0.0,0,0.0,1,1.0,1,1,1.0,0,0.0,0,0.0,1,0,0.0,0,0.0,1,1.0,1,0,0.0,0,0.0,0,0.0,0,0.0,1,1.0,1,0,0.0,0,0.0,1,1.0,0,0.0,0,0.0
2893140,,5,1,1,0,0,0,0,1,0,0.0,1,1.0,0,0.0,1,0,0.0,1,1.0,0,0.0,1,1,1.0,0,0.0,0,0.0,1,0,0.0,1,1.0,0,0.0,0,0.0,0,0.0,1,1,1.0,0,0.0,0,0.0,0,0.0,0,0.0
2893141,"교수님께서 미리 예상 시험 문제를 10가지 정도 뽑아주시는데, 이번 학기",4.28,18,12,3,1,0,2,18,10,0.555556,8,0.444444,0,0.0,18,16,0.888889,2,0.111111,0,0.0,18,14,0.777778,4,0.222222,0,0.0,18,1,0.055556,15,0.833333,0,0.0,1,0.055556,1,0.055556,18,0,0.0,6,0.333333,12,0.666667,0,0.0,0,0.0
2893149,발표자료 위주로 공부하면 됩니다. 지엽적인 게 몇 가지 나오긴 하는데 치,5,3,3,0,0,0,0,3,1,0.333333,2,0.666667,0,0.0,3,3,1.0,0,0.0,0,0.0,3,1,0.333333,1,0.333333,1,0.333333,3,0,0.0,0,0.0,0,0.0,3,1.0,0,0.0,3,0,0.0,3,1.0,0,0.0,0,0.0,0,0.0
2893154,교수님께서 미리 알려주신 문제 보고 써가면 돼요.,4,3,1,1,1,0,0,3,0,0.0,2,0.666667,1,0.333333,3,0,0.0,0,0.0,3,1.0,3,3,1.0,0,0.0,0,0.0,3,0,0.0,3,1.0,0,0.0,0,0.0,0,0.0,3,0,0.0,3,1.0,0,0.0,0,0.0,0,0.0
2893157,,5,1,1,0,0,0,0,1,0,0.0,0,0.0,1,1.0,1,0,0.0,1,1.0,0,0.0,1,1,1.0,0,0.0,0,0.0,1,0,0.0,0,0.0,0,0.0,1,1.0,0,0.0,1,0,0.0,0,0.0,0,0.0,0,0.0,1,1.0
2893161,,4.8,5,4,1,0,0,0,5,0,0.0,5,1.0,0,0.0,5,5,1.0,0,0.0,0,0.0,5,4,0.8,1,0.2,0,0.0,5,0,0.0,1,0.2,0,0.0,3,0.6,1,0.2,5,0,0.0,0,0.0,5,1.0,0,0.0,0,0.0
2893163,,4.38,8,4,3,1,0,0,8,6,0.75,2,0.25,0,0.0,8,7,0.875,1,0.125,0,0.0,8,7,0.875,1,0.125,0,0.0,8,5,0.625,0,0.0,0,0.0,1,0.125,2,0.25,8,0,0.0,0,0.0,8,1.0,0,0.0,0,0.0
2893167,각 개념에 대해 설명할 수 있게 공부하시는 게 좋습니다.,4.42,12,8,3,0,0,1,12,0,0.0,10,0.833333,2,0.166667,12,0,0.0,3,0.25,9,0.75,12,2,0.166667,8,0.666667,2,0.166667,12,0,0.0,3,0.25,0,0.0,2,0.166667,7,0.583333,12,0,0.0,0,0.0,12,1.0,0,0.0,0,0.0
2893173,,0,0,0,0,0,0,0,0,0,0.0,0,0.0,0,0.0,0,0,0.0,0,0.0,0,0.0,0,0,0.0,0,0.0,0,0.0,0,0,0.0,0,0.0,0,0.0,0,0.0,0,0.0,0,0,0.0,0,0.0,0,0.0,0,0.0,0,0.0
2893175,,0,0,0,0,0,0,0,0,0,0.0,0,0.0,0,0.0,0,0,0.0,0,0.0,0,0.0,0,0,0.0,0,0.0,0,0.0,0,0,0.0,0,0.0,0,0.0,0,0.0,0,0.0,0,0,0.0,0,0.0,0,0.0,0,0.0,0,0.0
2893177,exercise 위주로 연습하시면 좋은 결과 있을거예요! 생각보다 문제,3.92,12,3,7,1,0,1,12,6,0.5,2,0.166667,4,0.333333,12,5,0.416667,3,0.25,4,0.333333,12,6,0.5,5,0.416667,1,0.083333,12,0,0.0,12,1.0,0,0.0,0,0.0,0,0.0,12,0,0.0,2,0.166667,10,0.833333,0,0.0,0,0.0
2893184,t/f 문제 20제 + 서술형 5제 30분 밖에 안되긴 하지만 오픈북인,4.19,16,11,1,2,0,2,16,7,0.4375,8,0.5,1,0.0625,16,0,0.0,14,0.875,2,0.125,16,8,0.5,5,0.3125,3,0.1875,16,0,0.0,5,0.3125,0,0.0,4,0.25,7,0.4375,16,0,0.0,0,0.0,16,1.0,0,0.0,0,0.0
2893191,,0,0,0,0,0,0,0,0,0,0.0,0,0.0,0,0.0,0,0,0.0,0,0.0,0,0.0,0,0,0.0,0,0.0,0,0.0,0,0,0.0,0,0.0,0,0.0,0,0.0,0,0.0,0,0,0.0,0,0.0,0,0.0,0,0.0,0,0.0
2893192,"예상문제 6문제를 주시고, 문제마다 소문제가 3개씩 있는 게 간혹 있습니",5,6,6,0,0,0,0,6,2,0.333333,4,0.666667,0,0.0,6,6,1.0,0,0.0,0,0.0,6,4,0.666667,2,0.333333,0,0.0,6,0,0.0,2,0.333333,0,0.0,3,0.5,1,0.166667,6,0,0.0,0,0.0,6,1.0,0,0.0,0,0.0
2893194,교수님하고 같이 한 부분만 보면 돼요 시험은 엄청 어렵지 않게 나오긴 하,4,6,3,2,0,0,1,6,6,1.0,0,0.0,0,0.0,6,2,0.333333,4,0.666667,0,0.0,6,2,0.333333,3,0.5,1,0.166667,6,0,0.0,0,0.0,0,0.0,6,1.0,0,0.0,6,0,0.0,0,0.0,6,1.0,0,0.0,0,0.0
2893195,"DELF A2 형식으로 출제됩니다 청해, 독해, 작문은 수업 교재에서 나",4.94,16,15,1,0,0,0,16,7,0.4375,9,0.5625,0,0.0,16,15,0.9375,1,0.0625,0,0.0,16,7,0.4375,9,0.5625,0,0.0,16,0,0.0,0,0.0,0,0.0,16,1.0,0,0.0,16,0,0.0,0,0.0,16,1.0,0,0.0,0,0.0
2893196,모음중애서도 열린모음이랑 닫힌 모음 구별하는게 중요함 교수님께서 말하시면,5,3,3,0,0,0,0,3,3,1.0,0,0.0,0,0.0,3,3,1.0,0,0.0,0,0.0,3,2,0.666667,1,0.333333,0,0.0,3,0,0.0,0,0.0,0,0.0,3,1.0,0,0.0,3,0,0.0,0,0.0,3,1.0,0,0.0,0,0.0
2893197,듣기가 매우 어려움 단어를 잘 외우면 객관식이나 주관식 문항을 잘 풀 수,5,2,2,0,0,0,0,2,2,1.0,0,0.0,0,0.0,2,2,1.0,0,0.0,0,0.0,2,2,1.0,0,0.0,0,0.0,2,0,0.0,0,0.0,0,0.0,2,1.0,0,0.0,2,0,0.0,0,0.0,2,1.0,0,0.0,0,0.0
2893199,시험이 영어로 출제되며 난이도가 굉장히 높기때문에 잘 준비하셔야 합니다,3.88,17,7,5,2,2,1,17,4,0.235294,13,0.764706,0,0.0,17,12,0.705882,4,0.235294,1,0.058824,17,7,0.411765,10,0.588235,0,0.0,17,0,0.0,15,0.882353,0,0.0,0,0.0,2,0.117647,17,0,0.0,1,0.058824,16,0.941176,0,0.0,0,0.0
2893200,,5,1,1,0,0,0,0,1,0,0.0,1,1.0,0,0.0,1,1,1.0,0,0.0,0,0.0,1,1,1.0,0,0.0,0,0.0,1,0,0.0,1,1.0,0,0.0,0,0.0,0,0.0,1,0,0.0,0,0.0,1,1.0,0,0.0,0,0.0
2893204,,5,2,2,0,0,0,0,2,2,1.0,0,0.0,0,0.0,2,1,0.5,1,0.5,0,0.0,2,1,0.5,1,0.5,0,0.0,2,0,0.0,1,0.5,0,0.0,1,0.5,0,0.0,2,2,1.0,0,0.0,0,0.0,0,0.0,0,0.0
2893207,수업내용 내에서 다 나옵니다. 교수님이 학생들에게 질문하시는거에서 다 나,5,2,2,0,0,0,0,2,1,0.5,1,0.5,0,0.0,2,2,1.0,0,0.0,0,0.0,2,2,1.0,0,0.0,0,0.0,2,1,0.5,0,0.0,0,0.0,1,0.5,0,0.0,2,0,0.0,0,0.0,2,1.0,0,0.0,0,0.0
2893210,교수님이 주시는 방대한 자료 다 읽고 기억하시면 됩니다 수업 중간중간마다,4.79,14,11,3,0,0,0,14,8,0.571429,6,0.428571,0,0.0,14,13,0.928571,1,0.071429,0,0.0,14,11,0.785714,3,0.214286,0,0.0,14,0,0.0,0,0.0,0,0.0,13,0.928571,1,0.071429,14,0,0.0,1,0.071429,13,0.928571,0,0.0,0,0.0
2893212,전에 대해 서술하시오 산문 구절 해석(3문제) 절평입니다. 그래서 타 전,4.67,9,8,0,0,1,0,9,2,0.222222,7,0.777778,0,0.0,9,9,1.0,0,0.0,0,0.0,9,9,1.0,0,0.0,0,0.0,9,0,0.0,0,0.0,0,0.0,9,1.0,0,0.0,9,0,0.0,0,0.0,9,1.0,0,0.0,0,0.0
2893213,"객관식 20문제이고, 선지 양이 방대하여 시간 내에 풀기 버겁습니다. 꽤",4.87,23,20,3,0,0,0,23,21,0.913043,2,0.086957,0,0.0,23,23,1.0,0,0.0,0,0.0,23,19,0.826087,4,0.173913,0,0.0,23,4,0.173913,6,0.26087,0,0.0,8,0.347826,5,0.217391,23,0,0.0,4,0.173913,19,0.826087,0,0.0,0,0.0
2893216,"여기 중에서 7개 뽑아서 내셨습니다. 답안은 유기적으로 적기를 원하시고,",3.8,10,6,1,0,1,2,10,4,0.4,5,0.5,1,0.1,10,10,1.0,0,0.0,0,0.0,10,5,0.5,3,0.3,2,0.2,10,0,0.0,0,0.0,0,0.0,9,0.9,1,0.1,10,0,0.0,0,0.0,10,1.0,0,0.0,0,0.0
2893218,교안 2-3회독 정도만 해도 충분히 교수님께서 제시하시는 A 커트라인(5,4.97,32,31,1,0,0,0,31,31,1.0,0,0.0,0,0.0,31,31,1.0,0,0.0,0,0.0,31,31,1.0,0,0.0,0,0.0,31,25,0.806452,6,0.193548,0,0.0,0,0.0,0,0.0,31,0,0.0,29,0.935484,2,0.064516,0,0.0,0,0.0
2893221,수업 시간에 강의 자료 외에 필기한 내용 + 시험 전 주에 정리해서 말씀,4.72,25,21,2,1,1,0,25,10,0.4,15,0.6,0,0.0,25,25,1.0,0,0.0,0,0.0,25,23,0.92,2,0.08,0,0.0,25,0,0.0,19,0.76,0,0.0,1,0.04,5,0.2,25,1,0.04,2,0.08,22,0.88,0,0.0,0,0.0
2893223,,1,1,0,0,0,0,1,1,0,0.0,0,0.0,1,1.0,1,1,1.0,0,0.0,0,0.0,1,0,0.0,1,1.0,0,0.0,1,0,0.0,1,1.0,0,0.0,0,0.0,0,0.0,1,1,1.0,0,0.0,0,0.0,0,0.0,0,0.0
2893225,단답형 개당 3점 (15개 중 10개 선택해서 설명) 약술형 개당 10점,2.73,15,3,3,1,3,5,15,0,0.0,13,0.866667,2,0.133333,15,13,0.866667,1,0.066667,1,0.066667,15,7,0.466667,6,0.4,2,0.133333,15,0,0.0,3,0.2,0,0.0,10,0.666667,2,0.133333,15,1,0.066667,14,0.933333,0,0.0,0,0.0,0,0.0
2893226,모두 고르기 or 하나만 고르기 객관식 + 주관식 객관식은 개념의 이해,4.88,16,14,2,0,0,0,16,12,0.75,4,0.25,0,0.0,16,15,0.9375,1,0.0625,0,0.0,16,4,0.25,12,0.75,0,0.0,16,0,0.0,16,1.0,0,0.0,0,0.0,0,0.0,16,0,0.0,0,0.0,15,0.9375,0,0.0,1,0.0625
2893227,,2,1,0,0,0,1,0,1,0,0.0,1,1.0,0,0.0,1,0,0.0,0,0.0,1,1.0,1,0,0.0,1,1.0,0,0.0,1,0,0.0,1,1.0,0,0.0,0,0.0,0,0.0,1,0,0.0,1,1.0,0,0.0,0,0.0,0,0.0
2893230,,5,4,4,0,0,0,0,4,0,0.0,4,1.0,0,0.0,4,2,0.5,2,0.5,0,0.0,4,3,0.75,1,0.25,0,0.0,4,0,0.0,0,0.0,0,0.0,4,1.0,0,0.0,4,3,0.75,0,0.0,1,0.25,0,0.0,0,0.0
2893232,피피티 위주로 보셔도 시험 보기 충분합니다. 교수님께서 수업 때 강조하신,3.81,27,9,7,9,1,1,27,1,0.037037,11,0.407407,15,0.555556,27,0,0.0,2,0.074074,25,0.925926,27,4,0.148148,19,0.703704,4,0.148148,27,0,0.0,24,0.888889,0,0.0,0,0.0,3,0.111111,27,0,0.0,23,0.851852,4,0.148148,0,0.0,0,0.0
2893233,교안 내용 많이 나옵니다. Paytech / fintech 등등의 비슷한,3.09,11,1,4,3,1,2,11,10,0.909091,1,0.090909,0,0.0,11,10,0.909091,1,0.090909,0,0.0,11,0,0.0,11,1.0,0,0.0,11,3,0.272727,5,0.454545,0,0.0,0,0.0,3,0.272727,11,0,0.0,0,0.0,11,1.0,0,0.0,0,0.0
2893235,제 기억엔 단답형이랑 서술형였어요. 어려웠어요..제가 기억난 것만 작성,4.8,5,4,1,0,0,0,5,0,0.0,4,0.8,1,0.2,5,0,0.0,1,0.2,4,0.8,5,3,0.6,2,0.4,0,0.0,5,0,0.0,5,1.0,0,0.0,0,0.0,0,0.0,5,0,0.0,3,0.6,2,0.4,0,0.0,0,0.0
2893237,교안 여러 번 읽어보고 발표했던 논문의 핵심 개념과 주제 의식을 파악해,5,1,1,0,0,0,0,1,0,0.0,1,1.0,0,0.0,1,0,0.0,1,1.0,0,0.0,1,0,0.0,1,1.0,0,0.0,1,0,0.0,0,0.0,0,0.0,1,1.0,0,0.0,1,0,0.0,0,0.0,1,1.0,0,0.0,0,0.0
2893241,,0,0,0,0,0,0,0,0,0,0.0,0,0.0,0,0.0,0,0,0.0,0,0.0,0,0.0,0,0,0.0,0,0.0,0,0.0,0,0,0.0,0,0.0,0,0.0,0,0.0,0,0.0,0,0,0.0,0,0.0,0,0.0,0,0.0,0,0.0
2893243,모두 고르기 문제가 여러개 있는데 은근 헷갈려요ㅜ 교수님이 마지막 시간,5,9,9,0,0,0,0,9,1,0.111111,8,0.888889,0,0.0,9,1,0.111111,7,0.777778,1,0.111111,9,5,0.555556,4,0.444444,0,0.0,9,0,0.0,9,1.0,0,0.0,0,0.0,0,0.0,9,0,0.0,0,0.0,9,1.0,0,0.0,0,0.0
2893245,"단답형 10문제, 서술형(핵심위주로 간략하게 2-3문장) 5문제 단답형",3.72,18,5,7,4,0,2,18,10,0.555556,8,0.444444,0,0.0,18,3,0.166667,8,0.444444,7,0.388889,18,0,0.0,10,0.555556,8,0.444444,18,0,0.0,14,0.777778,0,0.0,1,0.055556,3,0.166667,18,0,0.0,0,0.0,18,1.0,0,0.0,0,0.0
2893248,"미리 주어지는 문제에 대해서 교과서 3권, 리딩자료, 강의 교안 3개 다",4.94,16,15,1,0,0,0,16,1,0.0625,13,0.8125,2,0.125,16,8,0.5,7,0.4375,1,0.0625,16,8,0.5,7,0.4375,1,0.0625,16,0,0.0,15,0.9375,0,0.0,1,0.0625,0,0.0,16,0,0.0,0,0.0,16,1.0,0,0.0,0,0.0
2893253,교수님 판서자체를 외우면 됩니다 판서외우면 80점은 무조건 넘어요 100,3.33,15,2,8,1,1,3,15,1,0.066667,14,0.933333,0,0.0,15,14,0.933333,1,0.066667,0,0.0,15,2,0.133333,11,0.733333,2,0.133333,15,0,0.0,2,0.133333,0,0.0,12,0.8,1,0.066667,15,0,0.0,0,0.0,14,0.933333,1,0.066667,0,0.0
2893254,손코딩 교안에있는거 다 외우세요 거의 그대로나옵니다 안보고 짤줄 아셔야해,3.4,10,3,2,3,0,2,10,0,0.0,7,0.7,3,0.3,10,8,0.8,1,0.1,1,0.1,10,5,0.5,4,0.4,1,0.1,10,1,0.1,7,0.7,0,0.0,1,0.1,1,0.1,10,0,0.0,0,0.0,10,1.0,0,0.0,0,0.0
2893255,"1. 오픈북 형태 2. 범위는 중간포함 9단원 (적음) 3. 아이패드,",4,6,3,0,3,0,0,6,0,0.0,4,0.666667,2,0.333333,6,6,1.0,0,0.0,0,0.0,6,4,0.666667,2,0.333333,0,0.0,6,0,0.0,6,1.0,0,0.0,0,0.0,0,0.0,6,0,0.0,0,0.0,6,1.0,0,0.0,0,0.0
2893258,족보 구하세요 그럼 거기 다 나와요 허진희 교수님은 낼만한 문제 위주로,0,0,0,0,0,0,0,0,0,0.0,0,0.0,0,0.0,0,0,0.0,0,0.0,0,0.0,0,0,0.0,0,0.0,0,0.0,0,0,0.0,0,0.0,0,0.0,0,0.0,0,0.0,0,0,0.0,0,0.0,0,0.0,0,0.0,0,0.0
2893261,서술형만 5문제 시험시간 75분 개념 정확히 알면 풀 수 있는 문제 위주,4,15,6,6,0,3,0,15,8,0.533333,7,0.466667,0,0.0,15,14,0.933333,0,0.0,1,0.066667,15,11,0.733333,4,0.266667,0,0.0,15,0,0.0,8,0.533333,0,0.0,5,0.333333,2,0.133333,15,1,0.066667,12,0.8,2,0.133333,0,0.0,0,0.0
2893265,,0,0,0,0,0,0,0,0,0,0.0,0,0.0,0,0.0,0,0,0.0,0,0.0,0,0.0,0,0,0.0,0,0.0,0,0.0,0,0,0.0,0,0.0,0,0.0,0,0.0,0,0.0,0,0,0.0,0,0.0,0,0.0,0,0.0,0,0.0
2893266,"평소 실습문제와 비슷하게 pdf 파일에 한글로 기술된 문제가 있고, 엑셀",3.75,4,2,1,0,0,1,4,4,1.0,0,0.0,0,0.0,4,4,1.0,0,0.0,0,0.0,4,1,0.25,1,0.25,2,0.5,4,0,0.0,1,0.25,0,0.0,0,0.0,3,0.75,4,0,0.0,0,0.0,4,1.0,0,0.0,0,0.0
2893268,교수님이 작년 과목들(경제학입문 등) 대비해서 시험 난이도를 높이려고 노,3,1,0,0,1,0,0,1,1,1.0,0,0.0,0,0.0,1,0,0.0,0,0.0,1,1.0,1,1,1.0,0,0.0,0,0.0,1,0,0.0,1,1.0,0,0.0,0,0.0,0,0.0,1,0,0.0,0,0.0,1,1.0,0,0.0,0,0.0
2893272,,0,0,0,0,0,0,0,0,0,0.0,0,0.0,0,0.0,0,0,0.0,0,0.0,0,0.0,0,0,0.0,0,0.0,0,0.0,0,0,0.0,0,0.0,0,0.0,0,0.0,0,0.0,0,0,0.0,0,0.0,0,0.0,0,0.0,0,0.0
2893273,,0,0,0,0,0,0,0,0,0,0.0,0,0.0,0,0.0,0,0,0.0,0,0.0,0,0.0,0,0,0.0,0,0.0,0,0.0,0,0,0.0,0,0.0,0,0.0,0,0.0,0,0.0,0,0,0.0,0,0.0,0,0.0,0,0.0,0,0.0
2893274,,5,34,34,0,0,0,0,34,3,0.088235,23,0.676471,8,0.235294,34,34,1.0,0,0.0,0,0.0,34,32,0.941176,0,0.0,2,0.058824,34,0,0.0,33,0.970588,0,0.0,0,0.0,1,0.029412,34,33,0.970588,1,0.029412,0,0.0,0,0.0,0,0.0
2893275,,5,1,1,0,0,0,0,1,1,1.0,0,0.0,0,0.0,1,1,1.0,0,0.0,0,0.0,1,1,1.0,0,0.0,0,0.0,1,1,1.0,0,0.0,0,0.0,0,0.0,0,0.0,1,1,1.0,0,0.0,0,0.0,0,0.0,0,0.0
2893287,,0,0,0,0,0,0,0,0,0,0.0,0,0.0,0,0.0,0,0,0.0,0,0.0,0,0.0,0,0,0.0,0,0.0,0,0.0,0,0,0.0,0,0.0,0,0.0,0,0.0,0,0.0,0,0,0.0,0,0.0,0,0.0,0,0.0,0,0.0
2893289,,5,2,2,0,0,0,0,2,1,0.5,1,0.5,0,0.0,2,0,0.0,0,0.0,2,1.0,2,2,1.0,0,0.0,0,0.0,2,0,0.0,2,1.0,0,0.0,0,0.0,0,0.0,2,2,1.0,0,0.0,0,0.0,0,0.0,0,0.0
2893290,,0,0,0,0,0,0,0,0,0,0.0,0,0.0,0,0.0,0,0,0.0,0,0.0,0,0.0,0,0,0.0,0,0.0,0,0.0,0,0,0.0,0,0.0,0,0.0,0,0.0,0,0.0,0,0,0.0,0,0.0,0,0.0,0,0.0,0,0.0
2893300,"Tf가 절반 넘게 나옴 나이쿼스트 개념 tf, 서술문제 확률분포 개념 t",4.75,12,9,3,0,0,0,12,9,0.75,3,0.25,0,0.0,12,12,1.0,0,0.0,0,0.0,12,10,0.833333,2,0.166667,0,0.0,12,1,0.083333,3,0.25,0,0.0,8,0.666667,0,0.0,12,0,0.0,0,0.0,12,1.0,0,0.0,0,0.0
2893304,일단 평소에 백준을 푸는 것이 매우매우매우 중요하다 시험범위에 포함되는,4.83,6,5,1,0,0,0,6,0,0.0,6,1.0,0,0.0,6,5,0.833333,1,0.166667,0,0.0,6,1,0.166667,5,0.833333,0,0.0,6,0,0.0,6,1.0,0,0.0,0,0.0,0,0.0,6,0,0.0,0,0.0,6,1.0,0,0.0,0,0.0
2893307,"교수님께서 제공해주신 기출이랑 수업시간에 푸는 assignment, qu",5,14,14,0,0,0,0,14,13,0.928571,1,0.071429,0,0.0,14,14,1.0,0,0.0,0,0.0,14,12,0.857143,2,0.142857,0,0.0,14,6,0.428571,8,0.571429,0,0.0,0,0.0,0,0.0,14,0,0.0,0,0.0,13,0.928571,0,0.0,1,0.071429
2893308,,5,4,4,0,0,0,0,4,3,0.75,1,0.25,0,0.0,4,1,0.25,1,0.25,2,0.5,4,3,0.75,1,0.25,0,0.0,4,0,0.0,0,0.0,0,0.0,4,1.0,0,0.0,4,4,1.0,0,0.0,0,0.0,0,0.0,0,0.0
2893310,중간고사는 없고 평소학습이랑 기말고사만 봅니다,5,5,5,0,0,0,0,5,5,1.0,0,0.0,0,0.0,5,5,1.0,0,0.0,0,0.0,5,3,0.6,2,0.4,0,0.0,5,0,0.0,0,0.0,0,0.0,5,1.0,0,0.0,5,0,0.0,5,1.0,0,0.0,0,0.0,0,0.0
2893311,,3,5,2,0,0,2,1,5,1,0.2,2,0.4,2,0.4,5,0,0.0,3,0.6,2,0.4,5,3,0.6,2,0.4,0,0.0,5,0,0.0,1,0.2,0,0.0,3,0.6,1,0.2,5,0,0.0,4,0.8,1,0.2,0,0.0,0,0.0
2893312,시험 전주에 말씀해주시는거 그대로 나옵니다 논술로 하고싶어하시는데 객관식,5,3,3,0,0,0,0,3,0,0.0,3,1.0,0,0.0,3,1,0.333333,2,0.666667,0,0.0,3,2,0.666667,1,0.333333,0,0.0,3,0,0.0,1,0.333333,0,0.0,2,0.666667,0,0.0,3,0,0.0,1,0.333333,2,0.666667,0,0.0,0,0.0
2893316,,0,0,0,0,0,0,0,0,0,0.0,0,0.0,0,0.0,0,0,0.0,0,0.0,0,0.0,0,0,0.0,0,0.0,0,0.0,0,0,0.0,0,0.0,0,0.0,0,0.0,0,0.0,0,0,0.0,0,0.0,0,0.0,0,0.0,0,0.0
2893317,,0,0,0,0,0,0,0,0,0,0.0,0,0.0,0,0.0,0,0,0.0,0,0.0,0,0.0,0,0,0.0,0,0.0,0,0.0,0,0,0.0,0,0.0,0,0.0,0,0.0,0,0.0,0,0,0.0,0,0.0,0,0.0,0,0.0,0,0.0
2893319,,0,0,0,0,0,0,0,0,0,0.0,0,0.0,0,0.0,0,0,0.0,0,0.0,0,0.0,0,0,0.0,0,0.0,0,0.0,0,0,0.0,0,0.0,0,0.0,0,0.0,0,0.0,0,0,0.0,0,0.0,0,0.0,0,0.0,0,0.0
2893324,유형은 자유롭고 자신의 색이 있는 것을 좋아하십니다,3.33,3,1,1,0,0,1,3,0,0.0,2,0.666667,1,0.333333,3,1,0.333333,1,0.333333,1,0.333333,3,3,1.0,0,0.0,0,0.0,3,1,0.333333,0,0.0,0,0.0,2,0.666667,0,0.0,3,3,1.0,0,0.0,0,0.0,0,0.0,0,0.0
2893326,,5,2,2,0,0,0,0,2,0,0.0,1,0.5,1,0.5,2,1,0.5,1,0.5,0,0.0,2,1,0.5,1,0.5,0,0.0,2,0,0.0,0,0.0,0,0.0,2,1.0,0,0.0,2,2,1.0,0,0.0,0,0.0,0,0.0,0,0.0
2893328,,0,0,0,0,0,0,0,0,0,0.0,0,0.0,0,0.0,0,0,0.0,0,0.0,0,0.0,0,0,0.0,0,0.0,0,0.0,0,0,0.0,0,0.0,0,0.0,0,0.0,0,0.0,0,0,0.0,0,0.0,0,0.0,0,0.0,0,0.0
2893330,,0,0,0,0,0,0,0,0,0,0.0,0,0.0,0,0.0,0,0,0.0,0,0.0,0,0.0,0,0,0.0,0,0.0,0,0.0,0,0,0.0,0,0.0,0,0.0,0,0.0,0,0.0,0,0,0.0,0,0.0,0,0.0,0,0.0,0,0.0
2893333,,0,0,0,0,0,0,0,0,0,0.0,0,0.0,0,0.0,0,0,0.0,0,0.0,0,0.0,0,0,0.0,0,0.0,0,0.0,0,0,0.0,0,0.0,0,0.0,0,0.0,0,0.0,0,0,0.0,0,0.0,0,0.0,0,0.0,0,0.0
2893335,,0,0,0,0,0,0,0,0,0,0.0,0,0.0,0,0.0,0,0,0.0,0,0.0,0,0.0,0,0,0.0,0,0.0,0,0.0,0,0,0.0,0,0.0,0,0.0,0,0.0,0,0.0,0,0,0.0,0,0.0,0,0.0,0,0.0,0,0.0
2893340,,0,0,0,0,0,0,0,0,0,0.0,0,0.0,0,0.0,0,0,0.0,0,0.0,0,0.0,0,0,0.0,0,0.0,0,0.0,0,0,0.0,0,0.0,0,0.0,0,0.0,0,0.0,0,0,0.0,0,0.0,0,0.0,0,0.0,0,0.0
2893342,,0,0,0,0,0,0,0,0,0,0.0,0,0.0,0,0.0,0,0,0.0,0,0.0,0,0.0,0,0,0.0,0,0.0,0,0.0,0,0,0.0,0,0.0,0,0.0,0,0.0,0,0.0,0,0,0.0,0,0.0,0,0.0,0,0.0,0,0.0
2893346,,0,0,0,0,0,0,0,0,0,0.0,0,0.0,0,0.0,0,0,0.0,0,0.0,0,0.0,0,0,0.0,0,0.0,0,0.0,0,0,0.0,0,0.0,0,0.0,0,0.0,0,0.0,0,0,0.0,0,0.0,0,0.0,0,0.0,0,0.0
2893347,,4,1,0,1,0,0,0,1,1,1.0,0,0.0,0,0.0,1,1,1.0,0,0.0,0,0.0,1,0,0.0,1,1.0,0,0.0,1,0,0.0,0,0.0,0,0.0,1,1.0,0,0.0,1,0,0.0,1,1.0,0,0.0,0,0.0,0,0.0
2893352,,0,0,0,0,0,0,0,0,0,0.0,0,0.0,0,0.0,0,0,0.0,0,0.0,0,0.0,0,0,0.0,0,0.0,0,0.0,0,0,0.0,0,0.0,0,0.0,0,0.0,0,0.0,0,0,0.0,0,0.0,0,0.0,0,0.0,0,0.0
2893354,,0,0,0,0,0,0,0,0,0,0.0,0,0.0,0,0.0,0,0,0.0,0,0.0,0,0.0,0,0,0.0,0,0.0,0,0.0,0,0,0.0,0,0.0,0,0.0,0,0.0,0,0.0,0,0,0.0,0,0.0,0,0.0,0,0.0,0,0.0
2893355,,0,0,0,0,0,0,0,0,0,0.0,0,0.0,0,0.0,0,0,0.0,0,0.0,0,0.0,0,0,0.0,0,0.0,0,0.0,0,0,0.0,0,0.0,0,0.0,0,0.0,0,0.0,0,0,0.0,0,0.0,0,0.0,0,0.0,0,0.0
2893359,교수님께서 시험 3주 전 쯤부터 그동안 배운 범위 내에서 시험에 나오는,4,7,0,7,0,0,0,7,1,0.142857,5,0.714286,1,0.142857,7,7,1.0,0,0.0,0,0.0,7,0,0.0,3,0.428571,4,0.571429,7,0,0.0,3,0.428571,0,0.0,2,0.285714,2,0.285714,7,0,0.0,0,0.0,7,1.0,0,0.0,0,0.0
2893368,,0,0,0,0,0,0,0,0,0,0.0,0,0.0,0,0.0,0,0,0.0,0,0.0,0,0.0,0,0,0.0,0,0.0,0,0.0,0,0,0.0,0,0.0,0,0.0,0,0.0,0,0.0,0,0,0.0,0,0.0,0,0.0,0,0.0,0,0.0
2893369,,0,0,0,0,0,0,0,0,0,0.0,0,0.0,0,0.0,0,0,0.0,0,0.0,0,0.0,0,0,0.0,0,0.0,0,0.0,0,0,0.0,0,0.0,0,0.0,0,0.0,0,0.0,0,0,0.0,0,0.0,0,0.0,0,0.0,0,0.0
2893370,,0,0,0,0,0,0,0,0,0,0.0,0,0.0,0,0.0,0,0,0.0,0,0.0,0,0.0,0,0,0.0,0,0.0,0,0.0,0,0,0.0,0,0.0,0,0.0,0,0.0,0,0.0,0,0,0.0,0,0.0,0,0.0,0,0.0,0,0.0
2893373,"시험은 따로 없으나, 시나리오를 제 때 제출해야 합니다. FM적인 분이시",5,1,1,0,0,0,0,1,0,0.0,0,0.0,1,1.0,1,1,1.0,0,0.0,0,0.0,1,0,0.0,1,1.0,0,0.0,1,0,0.0,0,0.0,0,0.0,1,1.0,0,0.0,1,1,1.0,0,0.0,0,0.0,0,0.0,0,0.0
2893375,제이직바디스변형 앞판 1장과 칼라(3종 중 1개)를 시험 당일에 알려주십,0,0,0,0,0,0,0,0,0,0.0,0,0.0,0,0.0,0,0,0.0,0,0.0,0,0.0,0,0,0.0,0,0.0,0,0.0,0,0,0.0,0,0.0,0,0.0,0,0.0,0,0.0,0,0,0.0,0,0.0,0,0.0,0,0.0,0,0.0
2893376,,5,1,1,0,0,0,0,1,0,0.0,1,1.0,0,0.0,1,1,1.0,0,0.0,0,0.0,1,0,0.0,0,0.0,1,1.0,1,0,0.0,1,1.0,0,0.0,0,0.0,0,0.0,1,0,0.0,0,0.0,1,1.0,0,0.0,0,0.0
2893377,,5,1,1,0,0,0,0,1,0,0.0,0,0.0,1,1.0,1,1,1.0,0,0.0,0,0.0,1,1,1.0,0,0.0,0,0.0,1,0,0.0,0,0.0,0,0.0,1,1.0,0,0.0,1,1,1.0,0,0.0,0,0.0,0,0.0,0,0.0
2893378,사전에 알려주시는 핵심개념에서 다 나와요(10문제)! 보너스 문제로 1주,4.75,4,3,1,0,0,0,4,1,0.25,2,0.5,1,0.25,4,0,0.0,4,1.0,0,0.0,4,4,1.0,0,0.0,0,0.0,4,0,0.0,3,0.75,0,0.0,0,0.0,1,0.25,4,0,0.0,4,1.0,0,0.0,0,0.0,0,0.0
2893383,,4.5,4,2,2,0,0,0,4,3,0.75,1,0.25,0,0.0,4,3,0.75,1,0.25,0,0.0,4,3,0.75,1,0.25,0,0.0,4,0,0.0,2,0.5,0,0.0,2,0.5,0,0.0,4,0,0.0,0,0.0,4,1.0,0,0.0,0,0.0
2893392,,0,0,0,0,0,0,0,0,0,0.0,0,0.0,0,0.0,0,0,0.0,0,0.0,0,0.0,0,0,0.0,0,0.0,0,0.0,0,0,0.0,0,0.0,0,0.0,0,0.0,0,0.0,0,0,0.0,0,0.0,0,0.0,0,0.0,0,0.0
2893396,,0,0,0,0,0,0,0,0,0,0.0,0,0.0,0,0.0,0,0,0.0,0,0.0,0,0.0,0,0,0.0,0,0.0,0,0.0,0,0,0.0,0,0.0,0,0.0,0,0.0,0,0.0,0,0,0.0,0,0.0,0,0.0,0,0.0,0,0.0
2893398,"시험문제 엄청 많이 나옵니다. 문제는 책 연습문제 70퍼센트, 외부문제",1.73,41,1,4,3,8,25,41,10,0.243902,27,0.658537,4,0.097561,41,33,0.804878,5,0.121951,3,0.073171,41,3,0.073171,25,0.609756,13,0.317073,41,0,0.0,30,0.731707,0,0.0,2,0.04878,9,0.219512,41,0,0.0,0,0.0,41,1.0,0,0.0,0,0.0
2893400,메뉴얼 내용 암기가 주 시험 내용입니다 각 실험에서 한 문제씩 나오고,5,2,2,0,0,0,0,2,0,0.0,1,0.5,1,0.5,2,1,0.5,0,0.0,1,0.5,2,1,0.5,1,0.5,0,0.0,2,0,0.0,0,0.0,0,0.0,2,1.0,0,0.0,2,0,0.0,2,1.0,0,0.0,0,0.0,0,0.0
2893401,,5,5,5,0,0,0,0,5,0,0.0,5,1.0,0,0.0,5,5,1.0,0,0.0,0,0.0,5,5,1.0,0,0.0,0,0.0,5,0,0.0,0,0.0,0,0.0,5,1.0,0,0.0,5,0,0.0,0,0.0,5,1.0,0,0.0,0,0.0
2893402,"메뉴얼의 회로가 응용된 형태로 시험 문제에 출제됩니다. 즉, 단순히 회로",4,11,4,4,2,1,0,11,1,0.090909,3,0.272727,7,0.636364,11,2,0.181818,3,0.272727,6,0.545455,11,4,0.363636,7,0.636364,0,0.0,11,0,0.0,0,0.0,1,0.090909,10,0.909091,0,0.0,11,0,0.0,10,0.909091,1,0.090909,0,0.0,0,0.0
2893403,,5,1,1,0,0,0,0,1,0,0.0,1,1.0,0,0.0,1,1,1.0,0,0.0,0,0.0,1,1,1.0,0,0.0,0,0.0,1,0,0.0,0,0.0,0,0.0,1,1.0,0,0.0,1,1,1.0,0,0.0,0,0.0,0,0.0,0,0.0
2893404,,5,1,1,0,0,0,0,1,1,1.0,0,0.0,0,0.0,1,1,1.0,0,0.0,0,0.0,1,1,1.0,0,0.0,0,0.0,1,1,1.0,0,0.0,0,0.0,0,0.0,0,0.0,1,1,1.0,0,0.0,0,0.0,0,0.0,0,0.0
2893410,,5,1,1,0,0,0,0,1,0,0.0,0,0.0,1,1.0,1,1,1.0,0,0.0,0,0.0,1,1,1.0,0,0.0,0,0.0,1,0,0.0,0,0.0,0,0.0,1,1.0,0,0.0,1,0,0.0,0,0.0,1,1.0,0,0.0,0,0.0
2893411,,0,0,0,0,0,0,0,0,0,0.0,0,0.0,0,0.0,0,0,0.0,0,0.0,0,0.0,0,0,0.0,0,0.0,0,0.0,0,0,0.0,0,0.0,0,0.0,0,0.0,0,0.0,0,0,0.0,0,0.0,0,0.0,0,0.0,0,0.0
2893417,"6번 문제를 제외하고는 수업시간에 강조하신 내용, Munkres 추천 연",3.5,4,1,0,3,0,0,4,3,0.75,1,0.25,0,0.0,4,4,1.0,0,0.0,0,0.0,4,1,0.25,2,0.5,1,0.25,4,0,0.0,4,1.0,0,0.0,0,0.0,0,0.0,4,0,0.0,2,0.5,2,0.5,0,0.0,0,0.0
2893418,이번엔 난이도가 어느정도 있었던 것 같습니다. 교수님께서 설명하신 내용,4.82,11,9,2,0,0,0,11,0,0.0,10,0.909091,1,0.090909,11,11,1.0,0,0.0,0,0.0,11,2,0.181818,8,0.727273,1,0.090909,11,1,0.090909,10,0.909091,0,0.0,0,0.0,0,0.0,11,0,0.0,0,0.0,11,1.0,0,0.0,0,0.0
2893419,엄청 쉽게 나옵니다 복습만 잘하셔도 거의 다 푸실듯하네요,0,0,0,0,0,0,0,0,0,0.0,0,0.0,0,0.0,0,0,0.0,0,0.0,0,0.0,0,0,0.0,0,0.0,0,0.0,0,0,0.0,0,0.0,0,0.0,0,0.0,0,0.0,0,0,0.0,0,0.0,0,0.0,0,0.0,0,0.0
2893423,아무래도 교수님께서 기대가 많으신 듯 하다.. 학생들이 생각보다 뛰어날,4.5,10,6,3,1,0,0,10,7,0.7,3,0.3,0,0.0,10,8,0.8,2,0.2,0,0.0,10,5,0.5,5,0.5,0,0.0,10,0,0.0,2,0.2,0,0.0,7,0.7,1,0.1,10,0,0.0,1,0.1,9,0.9,0,0.0,0,0.0
2893426,처음 열린 수업 들어줬으니 특혜로 시험을 쉽게.. 내셨다고 하셨습니다.,4.6,10,9,0,0,0,1,10,9,0.9,1,0.1,0,0.0,10,9,0.9,1,0.1,0,0.0,10,9,0.9,1,0.1,0,0.0,10,1,0.1,9,0.9,0,0.0,0,0.0,0,0.0,10,0,0.0,1,0.1,9,0.9,0,0.0,0,0.0
2893431,,5,3,3,0,0,0,0,3,0,0.0,3,1.0,0,0.0,3,2,0.666667,1,0.333333,0,0.0,3,3,1.0,0,0.0,0,0.0,3,1,0.333333,0,0.0,0,0.0,2,0.666667,0,0.0,3,3,1.0,0,0.0,0,0.0,0,0.0,0,0.0
2893435,시험 예상문제 약 20문항 알려주시고 거기서 7문항 출제됨 교수님 예상답,4.89,9,8,1,0,0,0,9,9,1.0,0,0.0,0,0.0,9,8,0.888889,0,0.0,1,0.111111,9,5,0.555556,4,0.444444,0,0.0,9,0,0.0,7,0.777778,2,0.222222,0,0.0,0,0.0,9,0,0.0,0,0.0,9,1.0,0,0.0,0,0.0
2893439,교재 내용을 피피티로 잘 설명해주십니다 시험문제는 문제풀이 10문제 이런,4.7,10,8,1,1,0,0,10,1,0.1,8,0.8,1,0.1,10,9,0.9,0,0.0,1,0.1,10,7,0.7,3,0.3,0,0.0,10,0,0.0,1,0.1,0,0.0,5,0.5,4,0.4,10,0,0.0,0,0.0,10,1.0,0,0.0,0,0.0
2893442,내신시험처럼 지엽적인 내용이 매우 많이 나왔다. 혹시 몰라서 외워뒀던 것,4.71,7,5,2,0,0,0,7,3,0.428571,4,0.571429,0,0.0,7,6,0.857143,1,0.142857,0,0.0,7,7,1.0,0,0.0,0,0.0,7,0,0.0,2,0.285714,4,0.571429,0,0.0,1,0.142857,7,0,0.0,0,0.0,3,0.428571,0,0.0,4,0.571429
2893443,숙제만 열심히 하면 잘 볼 수 있어요 문제 유형이 비슷함 그리고 교안의,3.4,52,23,6,5,5,13,52,8,0.153846,42,0.807692,2,0.038462,52,50,0.961538,2,0.038462,0,0.0,52,28,0.538462,24,0.461538,0,0.0,52,5,0.096154,47,0.903846,0,0.0,0,0.0,0,0.0,52,2,0.038462,0,0.0,50,0.961538,0,0.0,0,0.0
2893445,"이론은 예비보고서 바탕으로 4문제 정도 출제됨 나머지는 브레드보드 2개,",0,0,0,0,0,0,0,0,0,0.0,0,0.0,0,0.0,0,0,0.0,0,0.0,0,0.0,0,0,0.0,0,0.0,0,0.0,0,0,0.0,0,0.0,0,0.0,0,0.0,0,0.0,0,0,0.0,0,0.0,0,0.0,0,0.0,0,0.0
2893448,시험 전 주에 수업하시는 슬라이드랑 비슷하게 나옴 용어 설명 vanish,4.8,10,9,0,1,0,0,10,0,0.0,10,1.0,0,0.0,10,10,1.0,0,0.0,0,0.0,10,6,0.6,4,0.4,0,0.0,10,0,0.0,10,1.0,0,0.0,0,0.0,0,0.0,10,0,0.0,0,0.0,10,1.0,0,0.0,0,0.0
2893449,"주기나 족에 관련된 내용, 실리콘이나 물질에대한 기본 성질이나옵니다",0,0,0,0,0,0,0,0,0,0.0,0,0.0,0,0.0,0,0,0.0,0,0.0,0,0.0,0,0,0.0,0,0.0,0,0.0,0,0,0.0,0,0.0,0,0.0,0,0.0,0,0.0,0,0,0.0,0,0.0,0,0.0,0,0.0,0,0.0
2893450,,0,0,0,0,0,0,0,0,0,0.0,0,0.0,0,0.0,0,0,0.0,0,0.0,0,0.0,0,0,0.0,0,0.0,0,0.0,0,0,0.0,0,0.0,0,0.0,0,0.0,0,0.0,0,0,0.0,0,0.0,0,0.0,0,0.0,0,0.0
2893451,,0,0,0,0,0,0,0,0,0,0.0,0,0.0,0,0.0,0,0,0.0,0,0.0,0,0.0,0,0,0.0,0,0.0,0,0.0,0,0,0.0,0,0.0,0,0.0,0,0.0,0,0.0,0,0,0.0,0,0.0,0,0.0,0,0.0,0,0.0
2893452,시험 전략이라고 할게 없고 그냥 매주 보는 주차 과제랑 비슷하게 나옴.,5,11,11,0,0,0,0,11,5,0.454545,6,0.545455,0,0.0,11,10,0.909091,1,0.090909,0,0.0,11,7,0.636364,4,0.363636,0,0.0,11,0,0.0,9,0.818182,1,0.090909,1,0.090909,0,0.0,11,0,0.0,8,0.727273,1,0.090909,0,0.0,2,0.181818
2893453,,4.22,18,7,8,3,0,0,18,2,0.111111,12,0.666667,4,0.222222,18,2,0.111111,11,0.611111,5,0.277778,18,12,0.666667,6,0.333333,0,0.0,18,0,0.0,3,0.166667,0,0.0,15,0.833333,0,0.0,18,15,0.833333,1,0.055556,2,0.111111,0,0.0,0,0.0
2893454,,3.8,10,4,2,2,2,0,10,0,0.0,9,0.9,1,0.1,10,3,0.3,4,0.4,3,0.3,10,6,0.6,4,0.4,0,0.0,10,2,0.2,0,0.0,1,0.1,3,0.3,4,0.4,10,9,0.9,1,0.1,0,0.0,0,0.0,0,0.0
2893459,,0,0,0,0,0,0,0,0,0,0.0,0,0.0,0,0.0,0,0,0.0,0,0.0,0,0.0,0,0,0.0,0,0.0,0,0.0,0,0,0.0,0,0.0,0,0.0,0,0.0,0,0.0,0,0,0.0,0,0.0,0,0.0,0,0.0,0,0.0
2893461,,5,2,2,0,0,0,0,2,0,0.0,2,1.0,0,0.0,2,0,0.0,1,0.5,1,0.5,2,2,1.0,0,0.0,0,0.0,2,0,0.0,0,0.0,0,0.0,1,0.5,1,0.5,2,2,1.0,0,0.0,0,0.0,0,0.0,0,0.0
2893462,,0,0,0,0,0,0,0,0,0,0.0,0,0.0,0,0.0,0,0,0.0,0,0.0,0,0.0,0,0,0.0,0,0.0,0,0.0,0,0,0.0,0,0.0,0,0.0,0,0.0,0,0.0,0,0,0.0,0,0.0,0,0.0,0,0.0,0,0.0
2893464,,0,0,0,0,0,0,0,0,0,0.0,0,0.0,0,0.0,0,0,0.0,0,0.0,0,0.0,0,0,0.0,0,0.0,0,0.0,0,0,0.0,0,0.0,0,0.0,0,0.0,0,0.0,0,0,0.0,0,0.0,0,0.0,0,0.0,0,0.0
2893465,,0,0,0,0,0,0,0,0,0,0.0,0,0.0,0,0.0,0,0,0.0,0,0.0,0,0.0,0,0,0.0,0,0.0,0,0.0,0,0,0.0,0,0.0,0,0.0,0,0.0,0,0.0,0,0,0.0,0,0.0,0,0.0,0,0.0,0,0.0
2893466,,0,0,0,0,0,0,0,0,0,0.0,0,0.0,0,0.0,0,0,0.0,0,0.0,0,0.0,0,0,0.0,0,0.0,0,0.0,0,0,0.0,0,0.0,0,0.0,0,0.0,0,0.0,0,0,0.0,0,0.0,0,0.0,0,0.0,0,0.0
2893469,,5,1,1,0,0,0,0,1,0,0.0,1,1.0,0,0.0,1,1,1.0,0,0.0,0,0.0,1,1,1.0,0,0.0,0,0.0,1,0,0.0,0,0.0,0,0.0,1,1.0,0,0.0,1,0,0.0,1,1.0,0,0.0,0,0.0,0,0.0
2893470,,2,1,0,0,0,1,0,1,1,1.0,0,0.0,0,0.0,1,1,1.0,0,0.0,0,0.0,1,0,0.0,1,1.0,0,0.0,1,0,0.0,1,1.0,0,0.0,0,0.0,0,0.0,1,0,0.0,1,1.0,0,0.0,0,0.0,0,0.0
2893471,,0,0,0,0,0,0,0,0,0,0.0,0,0.0,0,0.0,0,0,0.0,0,0.0,0,0.0,0,0,0.0,0,0.0,0,0.0,0,0,0.0,0,0.0,0,0.0,0,0.0,0,0.0,0,0,0.0,0,0.0,0,0.0,0,0.0,0,0.0
2893474,,0,0,0,0,0,0,0,0,0,0.0,0,0.0,0,0.0,0,0,0.0,0,0.0,0,0.0,0,0,0.0,0,0.0,0,0.0,0,0,0.0,0,0.0,0,0.0,0,0.0,0,0.0,0,0,0.0,0,0.0,0,0.0,0,0.0,0,0.0
2893475,,0,0,0,0,0,0,0,0,0,0.0,0,0.0,0,0.0,0,0,0.0,0,0.0,0,0.0,0,0,0.0,0,0.0,0,0.0,0,0,0.0,0,0.0,0,0.0,0,0.0,0,0.0,0,0,0.0,0,0.0,0,0.0,0,0.0,0,0.0
2893476,,0,0,0,0,0,0,0,0,0,0.0,0,0.0,0,0.0,0,0,0.0,0,0.0,0,0.0,0,0,0.0,0,0.0,0,0.0,0,0,0.0,0,0.0,0,0.0,0,0.0,0,0.0,0,0,0.0,0,0.0,0,0.0,0,0.0,0,0.0
2893478,,0,0,0,0,0,0,0,0,0,0.0,0,0.0,0,0.0,0,0,0.0,0,0.0,0,0.0,0,0,0.0,0,0.0,0,0.0,0,0,0.0,0,0.0,0,0.0,0,0.0,0,0.0,0,0,0.0,0,0.0,0,0.0,0,0.0,0,0.0
2899531,,0,0,0,0,0,0,0,0,0,0.0,0,0.0,0,0.0,0,0,0.0,0,0.0,0,0.0,0,0,0.0,0,0.0,0,0.0,0,0,0.0,0,0.0,0,0.0,0,0.0,0,0.0,0,0,0.0,0,0.0,0,0.0,0,0.0,0,0.0
2899533,,3.67,3,2,0,0,0,1,3,0,0.0,2,0.666667,1,0.333333,3,0,0.0,0,0.0,3,1.0,3,2,0.666667,0,0.0,1,0.333333,3,0,0.0,0,0.0,0,0.0,3,1.0,0,0.0,3,3,1.0,0,0.0,0,0.0,0,0.0,0,0.0
2904306,"기말만 보고 총 15문제 나오고, 객관식은 3-4문제 나머지는 단답형이랑",4.97,66,64,2,0,0,0,66,27,0.409091,39,0.590909,0,0.0,66,50,0.757576,16,0.242424,0,0.0,66,54,0.818182,12,0.181818,0,0.0,66,0,0.0,52,0.787879,0,0.0,11,0.166667,3,0.045455,66,0,0.0,63,0.954545,3,0.045455,0,0.0,0,0.0
2904307,시험 안 봅니다! 기말밖에 없어요 중간은 안 내신다고 합니다,4.78,9,7,2,0,0,0,9,8,0.888889,1,0.111111,0,0.0,9,8,0.888889,1,0.111111,0,0.0,9,6,0.666667,3,0.333333,0,0.0,9,0,0.0,1,0.111111,0,0.0,8,0.888889,0,0.0,9,0,0.0,8,0.888889,1,0.111111,0,0.0,0,0.0
2904341,,5,1,1,0,0,0,0,1,0,0.0,1,1.0,0,0.0,1,1,1.0,0,0.0,0,0.0,1,1,1.0,0,0.0,0,0.0,1,0,0.0,1,1.0,0,0.0,0,0.0,0,0.0,1,0,0.0,0,0.0,1,1.0,0,0.0,0,0.0
2904346,,5,1,1,0,0,0,0,1,1,1.0,0,0.0,0,0.0,1,1,1.0,0,0.0,0,0.0,1,1,1.0,0,0.0,0,0.0,1,0,0.0,1,1.0,0,0.0,0,0.0,0,0.0,1,1,1.0,0,0.0,0,0.0,0,0.0,0,0.0
2906346,,0,0,0,0,0,0,0,0,0,0.0,0,0.0,0,0.0,0,0,0.0,0,0.0,0,0.0,0,0,0.0,0,0.0,0,0.0,0,0,0.0,0,0.0,0,0.0,0,0.0,0,0.0,0,0,0.0,0,0.0,0,0.0,0,0.0,0,0.0
2906347,"1. 핵심 키워드를 중심으로 대표적 작가, 작품명, 의의, 평가를 중심으",0,0,0,0,0,0,0,0,0,0.0,0,0.0,0,0.0,0,0,0.0,0,0.0,0,0.0,0,0,0.0,0,0.0,0,0.0,0,0,0.0,0,0.0,0,0.0,0,0.0,0,0.0,0,0,0.0,0,0.0,0,0.0,0,0.0,0,0.0
2906351,기말고사는 모두 서술형이었는데 교수님이 미리 30문제를 주시고 그 안에서,4.8,10,8,2,0,0,0,10,10,1.0,0,0.0,0,0.0,10,2,0.2,5,0.5,3,0.3,10,6,0.6,4,0.4,0,0.0,10,0,0.0,6,0.6,0,0.0,4,0.4,0,0.0,10,0,0.0,0,0.0,10,1.0,0,0.0,0,0.0
2906352,"교수님이 온라인으로 수업해주신 내용이랑 교안을 바탕으로, 논술식 문제가",5,5,5,0,0,0,0,5,1,0.2,4,0.8,0,0.0,5,0,0.0,2,0.4,3,0.6,5,4,0.8,1,0.2,0,0.0,5,0,0.0,4,0.8,0,0.0,0,0.0,1,0.2,5,0,0.0,1,0.2,4,0.8,0,0.0,0,0.0
2906355,,0,0,0,0,0,0,0,0,0,0.0,0,0.0,0,0.0,0,0,0.0,0,0.0,0,0.0,0,0,0.0,0,0.0,0,0.0,0,0,0.0,0,0.0,0,0.0,0,0.0,0,0.0,0,0,0.0,0,0.0,0,0.0,0,0.0,0,0.0
2906356,,5,1,1,0,0,0,0,1,1,1.0,0,0.0,0,0.0,1,1,1.0,0,0.0,0,0.0,1,1,1.0,0,0.0,0,0.0,1,1,1.0,0,0.0,0,0.0,0,0.0,0,0.0,1,1,1.0,0,0.0,0,0.0,0,0.0,0,0.0
2906357,,5,3,3,0,0,0,0,3,2,0.666667,1,0.333333,0,0.0,3,2,0.666667,1,0.333333,0,0.0,3,2,0.666667,0,0.0,1,0.333333,3,3,1.0,0,0.0,0,0.0,0,0.0,0,0.0,3,3,1.0,0,0.0,0,0.0,0,0.0,0,0.0
2907764,교재에서만 내시고 생각보다 쉬워서 변별력이 없다는 생각을 할 수도 있음,0,0,0,0,0,0,0,0,0,0.0,0,0.0,0,0.0,0,0,0.0,0,0.0,0,0.0,0,0,0.0,0,0.0,0,0.0,0,0,0.0,0,0.0,0,0.0,0,0.0,0,0.0,0,0,0.0,0,0.0,0,0.0,0,0.0,0,0.0
2912930,개념 자체를 묻는 문항은 없었고 배운 경제게념을 사례에 적용하는 문항이,4.73,41,33,5,3,0,0,41,11,0.268293,28,0.682927,2,0.04878,41,36,0.878049,4,0.097561,1,0.02439,41,20,0.487805,14,0.341463,7,0.170732,41,0,0.0,37,0.902439,0,0.0,0,0.0,4,0.097561,41,0,0.0,0,0.0,40,0.97561,0,0.0,1,0.02439
2919687,,0,0,0,0,0,0,0,0,0,0.0,0,0.0,0,0.0,0,0,0.0,0,0.0,0,0.0,0,0,0.0,0,0.0,0,0.0,0,0,0.0,0,0.0,0,0.0,0,0.0,0,0.0,0,0,0.0,0,0.0,0,0.0,0,0.0,0,0.0
2924144,,5,3,3,0,0,0,0,3,0,0.0,3,1.0,0,0.0,3,3,1.0,0,0.0,0,0.0,3,2,0.666667,1,0.333333,0,0.0,3,3,1.0,0,0.0,0,0.0,0,0.0,0,0.0,3,3,1.0,0,0.0,0,0.0,0,0.0,0,0.0
2924145,,0,0,0,0,0,0,0,0,0,0.0,0,0.0,0,0.0,0,0,0.0,0,0.0,0,0.0,0,0,0.0,0,0.0,0,0.0,0,0,0.0,0,0.0,0,0.0,0,0.0,0,0.0,0,0,0.0,0,0.0,0,0.0,0,0.0,0,0.0
2924800,모두 해보았던 문제 그대로 나옵니다. 연습 문제만 잘 풀어보시면 될 것,5,5,5,0,0,0,0,5,1,0.2,3,0.6,1,0.2,5,4,0.8,1,0.2,0,0.0,5,4,0.8,1,0.2,0,0.0,5,0,0.0,2,0.4,0,0.0,3,0.6,0,0.0,5,0,0.0,1,0.2,4,0.8,0,0.0,0,0.0
2926590,6주차에 보는 퀴즈에 대한 정보입니다. 치팅페이퍼 1면을 자필로 써서 가,3.79,24,13,1,5,2,3,24,3,0.125,15,0.625,6,0.25,24,0,0.0,3,0.125,21,0.875,24,11,0.458333,11,0.458333,2,0.083333,24,0,0.0,18,0.75,0,0.0,1,0.041667,5,0.208333,24,4,0.166667,17,0.708333,3,0.125,0,0.0,0,0.0
2926593,교수님이 강의에 써둔 내용을 a4용지에 최대한 작은 글씨로 적어서 꽉 채,4.42,38,24,8,5,0,1,38,6,0.157895,19,0.5,13,0.342105,38,0,0.0,2,0.052632,36,0.947368,38,15,0.394737,20,0.526316,3,0.078947,38,0,0.0,20,0.526316,1,0.026316,3,0.078947,14,0.368421,38,7,0.184211,29,0.763158,2,0.052632,0,0.0,0,0.0
2926594,그냥 다 A4 한 장에 우겨넣으셔야합니다.. 그럼 시험 보실 때 그냥 옮,4.31,36,23,6,3,3,1,36,1,0.027778,26,0.722222,9,0.25,36,0,0.0,5,0.138889,31,0.861111,36,14,0.388889,20,0.555556,2,0.055556,36,0,0.0,23,0.638889,0,0.0,4,0.111111,9,0.25,36,7,0.194444,25,0.694444,4,0.111111,0,0.0,0,0.0
2926595,컨닝페이퍼 허용하는 쪽지시험인데 교안 쭉 훑고 커닝페이퍼 만드는 것보단,4.13,15,6,6,2,1,0,15,1,0.066667,10,0.666667,4,0.266667,15,0,0.0,3,0.2,12,0.8,15,11,0.733333,3,0.2,1,0.066667,15,0,0.0,7,0.466667,0,0.0,5,0.333333,3,0.2,15,3,0.2,11,0.733333,1,0.066667,0,0.0,0,0.0
2926878,,1,2,0,0,0,0,2,2,1,0.5,0,0.0,1,0.5,2,1,0.5,0,0.0,1,0.5,2,2,1.0,0,0.0,0,0.0,2,0,0.0,0,0.0,0,0.0,2,1.0,0,0.0,2,2,1.0,0,0.0,0,0.0,0,0.0,0,0.0
2926879,,5,1,1,0,0,0,0,1,1,1.0,0,0.0,0,0.0,1,0,0.0,1,1.0,0,0.0,1,1,1.0,0,0.0,0,0.0,1,0,0.0,0,0.0,0,0.0,1,1.0,0,0.0,1,1,1.0,0,0.0,0,0.0,0,0.0,0,0.0
2926880,,0,0,0,0,0,0,0,0,0,0.0,0,0.0,0,0.0,0,0,0.0,0,0.0,0,0.0,0,0,0.0,0,0.0,0,0.0,0,0,0.0,0,0.0,0,0.0,0,0.0,0,0.0,0,0,0.0,0,0.0,0,0.0,0,0.0,0,0.0
2926881,,0,0,0,0,0,0,0,0,0,0.0,0,0.0,0,0.0,0,0,0.0,0,0.0,0,0.0,0,0,0.0,0,0.0,0,0.0,0,0,0.0,0,0.0,0,0.0,0,0.0,0,0.0,0,0,0.0,0,0.0,0,0.0,0,0.0,0,0.0
2927342,백준 많이 풀어서 알고리즘에 익숙해지는 것도 좋음. 하지만 교안을 더 중,4.53,36,26,5,4,0,1,36,2,0.055556,31,0.861111,3,0.083333,36,32,0.888889,4,0.111111,0,0.0,36,15,0.416667,19,0.527778,2,0.055556,36,1,0.027778,34,0.944444,0,0.0,0,0.0,1,0.027778,36,1,0.027778,0,0.0,35,0.972222,0,0.0,0,0.0
2927577,중간고사는 없고 기말고사는 오프라인이었어요. 시험 전에 어느 부분에서 문,4.38,24,13,8,2,1,0,24,1,0.041667,7,0.291667,16,0.666667,24,2,0.083333,9,0.375,13,0.541667,24,9,0.375,12,0.5,3,0.125,24,0,0.0,2,0.083333,1,0.041667,20,0.833333,1,0.041667,24,0,0.0,24,1.0,0,0.0,0,0.0,0,0.0
2929030,,5,1,1,0,0,0,0,1,1,1.0,0,0.0,0,0.0,1,0,0.0,0,0.0,1,1.0,1,0,0.0,1,1.0,0,0.0,1,0,0.0,1,1.0,0,0.0,0,0.0,0,0.0,1,0,0.0,0,0.0,1,1.0,0,0.0,0,0.0
2929859,컨닝페이퍼 작성하게 하는데 정말 모든 내용 빠짐없이 작성하시는게 좋습니다,4.44,43,31,3,7,1,1,43,5,0.116279,26,0.604651,12,0.27907,43,1,0.023256,11,0.255814,31,0.72093,43,31,0.72093,10,0.232558,2,0.046512,43,0,0.0,38,0.883721,0,0.0,1,0.023256,4,0.093023,43,7,0.162791,28,0.651163,8,0.186047,0,0.0,0,0.0
2930539,(1차 퀴즈) 저희는 A4 단면에 컨닝 페이퍼를 수기로 작성할 수 있었,4.42,26,17,6,1,1,1,26,6,0.230769,18,0.692308,2,0.076923,26,0,0.0,7,0.269231,19,0.730769,26,18,0.692308,7,0.269231,1,0.038462,26,1,0.038462,20,0.769231,0,0.0,1,0.038462,4,0.153846,26,4,0.153846,21,0.807692,1,0.038462,0,0.0,0,0.0
2930540,전에는 동류평가 비중이 많이 차지됐다면 25년부터 창융디에서 개인평가 비,4.33,45,26,14,1,2,2,45,4,0.088889,32,0.711111,9,0.2,45,0,0.0,6,0.133333,39,0.866667,45,26,0.577778,18,0.4,1,0.022222,45,0,0.0,43,0.955556,0,0.0,0,0.0,2,0.044444,45,8,0.177778,29,0.644444,8,0.177778,0,0.0,0,0.0
2932026,시험이 존재하지 않습니다. 걱정 안 하셔도 되고 fye 세미나 점수는 어,4.85,34,31,1,2,0,0,34,21,0.617647,13,0.382353,0,0.0,34,19,0.558824,12,0.352941,3,0.088235,34,31,0.911765,3,0.088235,0,0.0,34,29,0.852941,2,0.058824,0,0.0,1,0.029412,2,0.058824,34,33,0.970588,0,0.0,1,0.029412,0,0.0,0,0.0
2937029,,5,5,5,0,0,0,0,5,2,0.4,2,0.4,1,0.2,5,1,0.2,2,0.4,2,0.4,5,4,0.8,1,0.2,0,0.0,5,5,1.0,0,0.0,0,0.0,0,0.0,0,0.0,5,5,1.0,0,0.0,0,0.0,0,0.0,0,0.0
2968216,시험 문제는 크게 3문제 입니다. 시험 전에 문제 다 알려 주시니 그거,4.63,19,17,0,0,1,1,19,14,0.736842,5,0.263158,0,0.0,19,17,0.894737,2,0.105263,0,0.0,19,12,0.631579,5,0.263158,2,0.105263,19,1,0.052632,1,0.052632,0,0.0,17,0.894737,0,0.0,19,0,0.0,17,0.894737,2,0.105263,0,0.0,0,0.0
2968219,수업내용과 교안을 완벽히 이해하고 시험보러 가면 웬만한 문제 다 뚫리는,4.76,17,13,4,0,0,0,17,3,0.176471,14,0.823529,0,0.0,17,15,0.882353,1,0.058824,1,0.058824,17,5,0.294118,11,0.647059,1,0.058824,17,4,0.235294,10,0.588235,0,0.0,0,0.0,3,0.176471,17,0,0.0,0,0.0,17,1.0,0,0.0,0,0.0
2968259,1. 과제를 푼다 2. ai 사용 허용하므로 지피티 사용 3. 수업 때,2.52,88,18,7,16,9,38,88,2,0.022727,12,0.136364,74,0.840909,88,88,1.0,0,0.0,0,0.0,88,26,0.295455,52,0.590909,10,0.113636,88,23,0.261364,40,0.454545,1,0.011364,1,0.011364,23,0.261364,88,1,0.011364,3,0.034091,84,0.954545,0,0.0,0,0.0
2968263,,4.8,5,4,1,0,0,0,5,1,0.2,4,0.8,0,0.0,5,1,0.2,1,0.2,3,0.6,5,3,0.6,2,0.4,0,0.0,5,0,0.0,1,0.2,0,0.0,3,0.6,1,0.2,5,3,0.6,0,0.0,1,0.2,1,0.2,0,0.0
2968269,"시험은 없고 퀴즈, hw 1.2.3, 중간과제, 기말과제 있었습니다 기말",2.18,45,4,1,11,12,17,45,0,0.0,2,0.044444,43,0.955556,45,4,0.088889,26,0.577778,15,0.333333,45,3,0.066667,19,0.422222,23,0.511111,45,0,0.0,40,0.888889,0,0.0,0,0.0,5,0.111111,45,35,0.777778,2,0.044444,7,0.155556,0,0.0,1,0.022222
2968271,,0,0,0,0,0,0,0,0,0,0.0,0,0.0,0,0.0,0,0,0.0,0,0.0,0,0.0,0,0,0.0,0,0.0,0,0.0,0,0,0.0,0,0.0,0,0.0,0,0.0,0,0.0,0,0,0.0,0,0.0,0,0.0,0,0.0,0,0.0
2968277,-지엽적인 문제 거의 출제 안 됨. 문제수도 많아(소문제 기준 약 15문,4,13,4,6,2,1,0,13,0,0.0,8,0.615385,5,0.384615,13,12,0.923077,1,0.076923,0,0.0,13,1,0.076923,12,0.923077,0,0.0,13,0,0.0,5,0.384615,0,0.0,2,0.153846,6,0.461538,13,0,0.0,0,0.0,13,1.0,0,0.0,0,0.0
2968287,"사전에 공지해주신 바와 같이 전반적으로 기출과 유사한 형태, 난이도로 출",4.78,23,18,5,0,0,0,23,0,0.0,15,0.652174,8,0.347826,23,22,0.956522,1,0.043478,0,0.0,23,8,0.347826,15,0.652174,0,0.0,23,7,0.304348,16,0.695652,0,0.0,0,0.0,0,0.0,23,0,0.0,0,0.0,23,1.0,0,0.0,0,0.0
2968291,시험은 없지만 과제가 2회 있습니다. 발표점수가 생각보다 중요해요.,4.7,10,7,3,0,0,0,10,1,0.1,8,0.8,1,0.1,10,0,0.0,4,0.4,6,0.6,10,9,0.9,1,0.1,0,0.0,10,0,0.0,8,0.8,0,0.0,1,0.1,1,0.1,10,10,1.0,0,0.0,0,0.0,0,0.0,0,0.0
2968321,,3.71,7,2,3,1,0,1,7,0,0.0,5,0.714286,2,0.285714,7,0,0.0,4,0.571429,3,0.428571,7,1,0.142857,4,0.571429,2,0.285714,7,0,0.0,2,0.285714,0,0.0,4,0.571429,1,0.142857,7,7,1.0,0,0.0,0,0.0,0,0.0,0,0.0
2968331,교안 프린트 해놓고 필기 열심히 해놓으세요. 필요한 내용 어딨는지 잘 숙,4.67,9,7,1,1,0,0,9,0,0.0,7,0.777778,2,0.222222,9,8,0.888889,1,0.111111,0,0.0,9,3,0.333333,6,0.666667,0,0.0,9,0,0.0,1,0.111111,0,0.0,5,0.555556,3,0.333333,9,0,0.0,4,0.444444,5,0.555556,0,0.0,0,0.0
2968332,실험 매뉴얼 잘 읽고 가세요 중간은 1 2 3 4에서 하나씩 나옴,2.67,3,1,0,0,1,1,3,0,0.0,0,0.0,3,1.0,3,2,0.666667,0,0.0,1,0.333333,3,0,0.0,2,0.666667,1,0.333333,3,0,0.0,0,0.0,0,0.0,3,1.0,0,0.0,3,0,0.0,0,0.0,3,1.0,0,0.0,0,0.0
2968334,,0,0,0,0,0,0,0,0,0,0.0,0,0.0,0,0.0,0,0,0.0,0,0.0,0,0.0,0,0,0.0,0,0.0,0,0.0,0,0,0.0,0,0.0,0,0.0,0,0.0,0,0.0,0,0,0.0,0,0.0,0,0.0,0,0.0,0,0.0
2968341,최고점수 85 / 평균 61.4 (70점 이상은 3~4/ 평균 근처 몰려,4.41,29,14,13,2,0,0,28,0,0.0,19,0.678571,9,0.321429,28,24,0.857143,3,0.107143,1,0.035714,28,0,0.0,20,0.714286,8,0.285714,28,3,0.107143,25,0.892857,0,0.0,0,0.0,0,0.0,28,0,0.0,1,0.035714,27,0.964286,0,0.0,0,0.0
2968346,,0,0,0,0,0,0,0,0,0,0.0,0,0.0,0,0.0,0,0,0.0,0,0.0,0,0.0,0,0,0.0,0,0.0,0,0.0,0,0,0.0,0,0.0,0,0.0,0,0.0,0,0.0,0,0,0.0,0,0.0,0,0.0,0,0.0,0,0.0
2968379,,0,0,0,0,0,0,0,0,0,0.0,0,0.0,0,0.0,0,0,0.0,0,0.0,0,0.0,0,0,0.0,0,0.0,0,0.0,0,0,0.0,0,0.0,0,0.0,0,0.0,0,0.0,0,0,0.0,0,0.0,0,0.0,0,0.0,0,0.0
2968450,"객관식, T/F 문제는 총 15-20문제 나온 것 같습니다 기억나는 건",3.91,23,10,8,0,3,2,23,6,0.26087,12,0.521739,5,0.217391,23,1,0.043478,5,0.217391,17,0.73913,23,6,0.26087,17,0.73913,0,0.0,23,1,0.043478,18,0.782609,0,0.0,0,0.0,4,0.173913,23,1,0.043478,0,0.0,22,0.956522,0,0.0,0,0.0
2968473,,5,2,2,0,0,0,0,2,1,0.5,1,0.5,0,0.0,2,0,0.0,2,1.0,0,0.0,2,2,1.0,0,0.0,0,0.0,2,0,0.0,2,1.0,0,0.0,0,0.0,0,0.0,2,0,0.0,2,1.0,0,0.0,0,0.0,0,0.0
2968489,"교수님께서 소개하신 방법론을 어떻게 활용할 지, 교수님께서 수업시간에 강",4.5,2,1,1,0,0,0,2,0,0.0,1,0.5,1,0.5,2,0,0.0,2,1.0,0,0.0,2,1,0.5,1,0.5,0,0.0,2,0,0.0,1,0.5,0,0.0,0,0.0,1,0.5,2,0,0.0,0,0.0,2,1.0,0,0.0,0,0.0
2968490,,3.5,4,1,2,0,0,1,4,0,0.0,2,0.5,2,0.5,4,1,0.25,0,0.0,3,0.75,4,3,0.75,0,0.0,1,0.25,4,0,0.0,3,0.75,0,0.0,0,0.0,1,0.25,4,3,0.75,1,0.25,0,0.0,0,0.0,0,0.0
2968494,,0,0,0,0,0,0,0,0,0,0.0,0,0.0,0,0.0,0,0,0.0,0,0.0,0,0.0,0,0,0.0,0,0.0,0,0.0,0,0,0.0,0,0.0,0,0.0,0,0.0,0,0.0,0,0,0.0,0,0.0,0,0.0,0,0.0,0,0.0
2968567,,2,1,0,0,0,1,0,1,1,1.0,0,0.0,0,0.0,1,1,1.0,0,0.0,0,0.0,1,0,0.0,0,0.0,1,1.0,1,0,0.0,0,0.0,0,0.0,1,1.0,0,0.0,1,0,0.0,0,0.0,1,1.0,0,0.0,0,0.0
2968587,중간 시험 자체는 없는데 본인이 선정한 주제를 가지고 발표를 진행해야함,0,0,0,0,0,0,0,0,0,0.0,0,0.0,0,0.0,0,0,0.0,0,0.0,0,0.0,0,0,0.0,0,0.0,0,0.0,0,0,0.0,0,0.0,0,0.0,0,0.0,0,0.0,0,0,0.0,0,0.0,0,0.0,0,0.0,0,0.0
2968595,,0,0,0,0,0,0,0,0,0,0.0,0,0.0,0,0.0,0,0,0.0,0,0.0,0,0.0,0,0,0.0,0,0.0,0,0.0,0,0,0.0,0,0.0,0,0.0,0,0.0,0,0.0,0,0,0.0,0,0.0,0,0.0,0,0.0,0,0.0
2968650,,0,0,0,0,0,0,0,0,0,0.0,0,0.0,0,0.0,0,0,0.0,0,0.0,0,0.0,0,0,0.0,0,0.0,0,0.0,0,0,0.0,0,0.0,0,0.0,0,0.0,0,0.0,0,0,0.0,0,0.0,0,0.0,0,0.0,0,0.0
2970230,학글이 그렇듯이 과제로 대체 되어요. 기사/사설 형식의 세 가지 글을 제,4.67,15,13,1,0,0,1,15,3,0.2,11,0.733333,1,0.066667,15,3,0.2,5,0.333333,7,0.466667,15,8,0.533333,6,0.4,1,0.066667,15,0,0.0,14,0.933333,0,0.0,0,0.0,1,0.066667,15,15,1.0,0,0.0,0,0.0,0,0.0,0,0.0
2970231,시험은 개인기량. 패스 드리블 등등보고 후반부는 경기를 합니다. 경기 승,5,12,12,0,0,0,0,12,9,0.75,3,0.25,0,0.0,12,11,0.916667,0,0.0,1,0.083333,12,7,0.583333,5,0.416667,0,0.0,12,0,0.0,1,0.083333,0,0.0,11,0.916667,0,0.0,12,5,0.416667,4,0.333333,3,0.25,0,0.0,0,0.0
2970232,,5,3,3,0,0,0,0,3,3,1.0,0,0.0,0,0.0,3,2,0.666667,1,0.333333,0,0.0,3,1,0.333333,2,0.666667,0,0.0,3,1,0.333333,0,0.0,0,0.0,2,0.666667,0,0.0,3,0,0.0,3,1.0,0,0.0,0,0.0,0,0.0
2970235,"교수님께서 족보가 있다는 것을 알고 계셔서, 시험 전에 기출들을 올려주시",4.56,27,17,8,2,0,0,27,2,0.074074,20,0.740741,5,0.185185,27,2,0.074074,17,0.62963,8,0.296296,27,17,0.62963,10,0.37037,0,0.0,27,4,0.148148,15,0.555556,0,0.0,1,0.037037,7,0.259259,27,0,0.0,8,0.296296,19,0.703704,0,0.0,0,0.0
2974104,시험 전에 교수님께서 문제 50개를 올려주시는데 답은 직접 책이나 프린트,1.72,29,2,0,5,3,19,29,1,0.034483,10,0.344828,18,0.62069,29,0,0.0,7,0.241379,22,0.758621,29,0,0.0,5,0.172414,24,0.827586,29,0,0.0,26,0.896552,1,0.034483,1,0.034483,1,0.034483,29,0,0.0,19,0.655172,8,0.275862,0,0.0,2,0.068966
2974105,"문법이나 어려운 문장을 사용하기 보단 자신감있고 자유로운 느낌, 대본을",4.9,10,9,1,0,0,0,10,3,0.3,6,0.6,1,0.1,10,0,0.0,5,0.5,5,0.5,10,6,0.6,4,0.4,0,0.0,10,0,0.0,1,0.1,0,0.0,8,0.8,1,0.1,10,9,0.9,0,0.0,0,0.0,0,0.0,1,0.1
2974107,최고의 교수님. 과제에서 나올 수 있는 문제 후보들 다 뽑아서 알려주십,4.78,46,39,5,1,1,0,46,3,0.065217,39,0.847826,4,0.086957,46,46,1.0,0,0.0,0,0.0,46,32,0.695652,14,0.304348,0,0.0,46,0,0.0,45,0.978261,1,0.021739,0,0.0,0,0.0,46,0,0.0,1,0.021739,45,0.978261,0,0.0,0,0.0
2974122,교안이 영어고 시험 문제도 시험 답안도 영어로 작성해야 돼서 많이 어렵습,2.54,13,0,3,3,5,2,13,2,0.153846,7,0.538462,4,0.307692,13,11,0.846154,2,0.153846,0,0.0,13,3,0.230769,9,0.692308,1,0.076923,13,1,0.076923,12,0.923077,0,0.0,0,0.0,0,0.0,13,1,0.076923,0,0.0,12,0.923077,0,0.0,0,0.0
2980989,시험은 없지만 매주 반페이지 리포트를 써서 제출해야합니다,4.97,30,29,1,0,0,0,30,3,0.1,25,0.833333,2,0.066667,30,30,1.0,0,0.0,0,0.0,30,23,0.766667,7,0.233333,0,0.0,30,16,0.533333,11,0.366667,0,0.0,0,0.0,3,0.1,30,28,0.933333,1,0.033333,1,0.033333,0,0.0,0,0.0
2980990,시험은 따로 없습니다! 중간 기말 발표와 그룹 발표 한 번으로 진행됩니다,4.61,18,14,2,1,1,0,18,7,0.388889,11,0.611111,0,0.0,18,0,0.0,15,0.833333,3,0.166667,18,10,0.555556,8,0.444444,0,0.0,18,0,0.0,2,0.111111,0,0.0,14,0.777778,2,0.111111,18,11,0.611111,1,0.055556,4,0.222222,2,0.111111,0,0.0
2983657,,0,0,0,0,0,0,0,0,0,0.0,0,0.0,0,0.0,0,0,0.0,0,0.0,0,0.0,0,0,0.0,0,0.0,0,0.0,0,0,0.0,0,0.0,0,0.0,0,0.0,0,0.0,0,0,0.0,0,0.0,0,0.0,0,0.0,0,0.0
2991090,객관식 18 서술형 2 - 요구사항 관련 내용 많았음. - 액터나 다이어,5,15,15,0,0,0,0,15,7,0.466667,8,0.533333,0,0.0,15,15,1.0,0,0.0,0,0.0,15,15,1.0,0,0.0,0,0.0,15,0,0.0,14,0.933333,0,0.0,0,0.0,1,0.066667,15,0,0.0,1,0.066667,14,0.933333,0,0.0,0,0.0
2996822,PPT에서 논어와 관련된 부분만 나오는 것 같습니다. 현대와 엮은 부분?,4.9,20,19,0,1,0,0,20,14,0.7,6,0.3,0,0.0,20,19,0.95,1,0.05,0,0.0,20,18,0.9,2,0.1,0,0.0,20,1,0.05,2,0.1,0,0.0,13,0.65,4,0.2,20,1,0.05,19,0.95,0,0.0,0,0.0,0,0.0
3001473,,0,0,0,0,0,0,0,0,0,0.0,0,0.0,0,0.0,0,0,0.0,0,0.0,0,0.0,0,0,0.0,0,0.0,0,0.0,0,0,0.0,0,0.0,0,0.0,0,0.0,0,0.0,0,0,0.0,0,0.0,0,0.0,0,0.0,0,0.0
3001474,,0,0,0,0,0,0,0,0,0,0.0,0,0.0,0,0.0,0,0,0.0,0,0.0,0,0.0,0,0,0.0,0,0.0,0,0.0,0,0,0.0,0,0.0,0,0.0,0,0.0,0,0.0,0,0,0.0,0,0.0,0,0.0,0,0.0,0,0.0
3008305,,4.67,3,2,1,0,0,0,3,0,0.0,3,1.0,0,0.0,3,0,0.0,2,0.666667,1,0.333333,3,2,0.666667,1,0.333333,0,0.0,3,0,0.0,0,0.0,1,0.333333,2,0.666667,0,0.0,3,0,0.0,0,0.0,3,1.0,0,0.0,0,0.0
3008306,,1,1,0,0,0,0,1,1,0,0.0,0,0.0,1,1.0,1,1,1.0,0,0.0,0,0.0,1,0,0.0,0,0.0,1,1.0,1,0,0.0,1,1.0,0,0.0,0,0.0,0,0.0,1,0,0.0,0,0.0,0,0.0,0,0.0,1,1.0
3008307,,0,0,0,0,0,0,0,0,0,0.0,0,0.0,0,0.0,0,0,0.0,0,0.0,0,0.0,0,0,0.0,0,0.0,0,0.0,0,0,0.0,0,0.0,0,0.0,0,0.0,0,0.0,0,0,0.0,0,0.0,0,0.0,0,0.0,0,0.0
3008308,,0,0,0,0,0,0,0,0,0,0.0,0,0.0,0,0.0,0,0,0.0,0,0.0,0,0.0,0,0,0.0,0,0.0,0,0.0,0,0,0.0,0,0.0,0,0.0,0,0.0,0,0.0,0,0,0.0,0,0.0,0,0.0,0,0.0,0,0.0
3008477,,0,0,0,0,0,0,0,0,0,0.0,0,0.0,0,0.0,0,0,0.0,0,0.0,0,0.0,0,0,0.0,0,0.0,0,0.0,0,0,0.0,0,0.0,0,0.0,0,0.0,0,0.0,0,0,0.0,0,0.0,0,0.0,0,0.0,0,0.0
3009996,"중간고사는 기본 포워드랑 백 각각 30개씩 했고, 불규칙이라고 교수님께서",5,14,14,0,0,0,0,14,12,0.857143,2,0.142857,0,0.0,14,7,0.5,5,0.357143,2,0.142857,14,8,0.571429,6,0.428571,0,0.0,14,0,0.0,1,0.071429,0,0.0,13,0.928571,0,0.0,14,0,0.0,1,0.071429,13,0.928571,0,0.0,0,0.0
3012024,커닝페이퍼로 진행/웬만하면 강의 내용도 숙지하시는 걸 추천드립니다,3.48,23,5,9,4,2,3,23,2,0.086957,11,0.478261,10,0.434783,23,1,0.043478,2,0.086957,20,0.869565,23,6,0.26087,10,0.434783,7,0.304348,23,0,0.0,21,0.913043,0,0.0,1,0.043478,1,0.043478,23,6,0.26087,15,0.652174,2,0.086957,0,0.0,0,0.0
3057919,,5,1,1,0,0,0,0,1,0,0.0,1,1.0,0,0.0,1,0,0.0,1,1.0,0,0.0,1,1,1.0,0,0.0,0,0.0,1,0,0.0,0,0.0,0,0.0,1,1.0,0,0.0,1,0,0.0,0,0.0,1,1.0,0,0.0,0,0.0
3057920,,0,0,0,0,0,0,0,0,0,0.0,0,0.0,0,0.0,0,0,0.0,0,0.0,0,0.0,0,0,0.0,0,0.0,0,0.0,0,0,0.0,0,0.0,0,0.0,0,0.0,0,0.0,0,0,0.0,0,0.0,0,0.0,0,0.0,0,0.0
3057921,,0,0,0,0,0,0,0,0,0,0.0,0,0.0,0,0.0,0,0,0.0,0,0.0,0,0.0,0,0,0.0,0,0.0,0,0.0,0,0,0.0,0,0.0,0,0.0,0,0.0,0,0.0,0,0,0.0,0,0.0,0,0.0,0,0.0,0,0.0
3057922,,0,0,0,0,0,0,0,0,0,0.0,0,0.0,0,0.0,0,0,0.0,0,0.0,0,0.0,0,0,0.0,0,0.0,0,0.0,0,0,0.0,0,0.0,0,0.0,0,0.0,0,0.0,0,0,0.0,0,0.0,0,0.0,0,0.0,0,0.0
3057923,,5,3,3,0,0,0,0,3,1,0.333333,2,0.666667,0,0.0,3,0,0.0,2,0.666667,1,0.333333,3,3,1.0,0,0.0,0,0.0,3,0,0.0,3,1.0,0,0.0,0,0.0,0,0.0,3,1,0.333333,2,0.666667,0,0.0,0,0.0,0,0.0
3057924,,0,0,0,0,0,0,0,0,0,0.0,0,0.0,0,0.0,0,0,0.0,0,0.0,0,0.0,0,0,0.0,0,0.0,0,0.0,0,0,0.0,0,0.0,0,0.0,0,0.0,0,0.0,0,0,0.0,0,0.0,0,0.0,0,0.0,0,0.0
3057925,중간고사 대체과제로 글쓰기 과제 주어지는데 평소에 책 성실히 읽었으면 괜,5,1,1,0,0,0,0,1,0,0.0,1,1.0,0,0.0,1,0,0.0,0,0.0,1,1.0,1,0,0.0,1,1.0,0,0.0,1,0,0.0,0,0.0,0,0.0,0,0.0,1,1.0,1,0,0.0,1,1.0,0,0.0,0,0.0,0,0.0
3057926,,0,0,0,0,0,0,0,0,0,0.0,0,0.0,0,0.0,0,0,0.0,0,0.0,0,0.0,0,0,0.0,0,0.0,0,0.0,0,0,0.0,0,0.0,0,0.0,0,0.0,0,0.0,0,0,0.0,0,0.0,0,0.0,0,0.0,0,0.0
3057927,,3,1,0,0,1,0,0,1,0,0.0,0,0.0,1,1.0,1,1,1.0,0,0.0,0,0.0,1,0,0.0,1,1.0,0,0.0,1,0,0.0,1,1.0,0,0.0,0,0.0,0,0.0,1,1,1.0,0,0.0,0,0.0,0,0.0,0,0.0
3057928,,0,0,0,0,0,0,0,0,0,0.0,0,0.0,0,0.0,0,0,0.0,0,0.0,0,0.0,0,0,0.0,0,0.0,0,0.0,0,0,0.0,0,0.0,0,0.0,0,0.0,0,0.0,0,0,0.0,0,0.0,0,0.0,0,0.0,0,0.0
3057929,중간은 대체과제로 합니다 A유형과 B유형있는데 B유형은 Ai 사용 가능,0,0,0,0,0,0,0,0,0,0.0,0,0.0,0,0.0,0,0,0.0,0,0.0,0,0.0,0,0,0.0,0,0.0,0,0.0,0,0,0.0,0,0.0,0,0.0,0,0.0,0,0.0,0,0,0.0,0,0.0,0,0.0,0,0.0,0,0.0
3057930,,4,2,1,0,1,0,0,2,1,0.5,1,0.5,0,0.0,2,2,1.0,0,0.0,0,0.0,2,1,0.5,1,0.5,0,0.0,2,0,0.0,1,0.5,0,0.0,0,0.0,1,0.5,2,1,0.5,1,0.5,0,0.0,0,0.0,0,0.0
3057931,기말 발표랑 에세이 있는데 발표는 내가 존경하는 인물의 리더십 분석하기고,5,6,6,0,0,0,0,6,2,0.333333,4,0.666667,0,0.0,6,5,0.833333,1,0.166667,0,0.0,6,5,0.833333,1,0.166667,0,0.0,6,1,0.166667,0,0.0,0,0.0,4,0.666667,1,0.166667,6,5,0.833333,1,0.166667,0,0.0,0,0.0,0,0.0
3057932,,0,0,0,0,0,0,0,0,0,0.0,0,0.0,0,0.0,0,0,0.0,0,0.0,0,0.0,0,0,0.0,0,0.0,0,0.0,0,0,0.0,0,0.0,0,0.0,0,0.0,0,0.0,0,0,0.0,0,0.0,0,0.0,0,0.0,0,0.0
3057933,,0,0,0,0,0,0,0,0,0,0.0,0,0.0,0,0.0,0,0,0.0,0,0.0,0,0.0,0,0,0.0,0,0.0,0,0.0,0,0,0.0,0,0.0,0,0.0,0,0.0,0,0.0,0,0,0.0,0,0.0,0,0.0,0,0.0,0,0.0
3057935,,0,0,0,0,0,0,0,0,0,0.0,0,0.0,0,0.0,0,0,0.0,0,0.0,0,0.0,0,0,0.0,0,0.0,0,0.0,0,0,0.0,0,0.0,0,0.0,0,0.0,0,0.0,0,0,0.0,0,0.0,0,0.0,0,0.0,0,0.0
3057936,,0,0,0,0,0,0,0,0,0,0.0,0,0.0,0,0.0,0,0,0.0,0,0.0,0,0.0,0,0,0.0,0,0.0,0,0.0,0,0,0.0,0,0.0,0,0.0,0,0.0,0,0.0,0,0,0.0,0,0.0,0,0.0,0,0.0,0,0.0
3057937,,0,0,0,0,0,0,0,0,0,0.0,0,0.0,0,0.0,0,0,0.0,0,0.0,0,0.0,0,0,0.0,0,0.0,0,0.0,0,0,0.0,0,0.0,0,0.0,0,0.0,0,0.0,0,0,0.0,0,0.0,0,0.0,0,0.0,0,0.0
3057938,,0,0,0,0,0,0,0,0,0,0.0,0,0.0,0,0.0,0,0,0.0,0,0.0,0,0.0,0,0,0.0,0,0.0,0,0.0,0,0,0.0,0,0.0,0,0.0,0,0.0,0,0.0,0,0,0.0,0,0.0,0,0.0,0,0.0,0,0.0
3057939,,0,0,0,0,0,0,0,0,0,0.0,0,0.0,0,0.0,0,0,0.0,0,0.0,0,0.0,0,0,0.0,0,0.0,0,0.0,0,0,0.0,0,0.0,0,0.0,0,0.0,0,0.0,0,0,0.0,0,0.0,0,0.0,0,0.0,0,0.0
3057940,,0,0,0,0,0,0,0,0,0,0.0,0,0.0,0,0.0,0,0,0.0,0,0.0,0,0.0,0,0,0.0,0,0.0,0,0.0,0,0,0.0,0,0.0,0,0.0,0,0.0,0,0.0,0,0,0.0,0,0.0,0,0.0,0,0.0,0,0.0
3057941,,0,0,0,0,0,0,0,0,0,0.0,0,0.0,0,0.0,0,0,0.0,0,0.0,0,0.0,0,0,0.0,0,0.0,0,0.0,0,0,0.0,0,0.0,0,0.0,0,0.0,0,0.0,0,0,0.0,0,0.0,0,0.0,0,0.0,0,0.0
3057942,,0,0,0,0,0,0,0,0,0,0.0,0,0.0,0,0.0,0,0,0.0,0,0.0,0,0.0,0,0,0.0,0,0.0,0,0.0,0,0,0.0,0,0.0,0,0.0,0,0.0,0,0.0,0,0,0.0,0,0.0,0,0.0,0,0.0,0,0.0
3057943,,0,0,0,0,0,0,0,0,0,0.0,0,0.0,0,0.0,0,0,0.0,0,0.0,0,0.0,0,0,0.0,0,0.0,0,0.0,0,0,0.0,0,0.0,0,0.0,0,0.0,0,0.0,0,0,0.0,0,0.0,0,0.0,0,0.0,0,0.0
3057944,,5,1,1,0,0,0,0,1,1,1.0,0,0.0,0,0.0,1,1,1.0,0,0.0,0,0.0,1,0,0.0,1,1.0,0,0.0,1,0,0.0,0,0.0,0,0.0,1,1.0,0,0.0,1,0,0.0,0,0.0,1,1.0,0,0.0,0,0.0
3057946,"문장 고치기, 각주 쓰기 위주로 문제가 출제됩니다. 문제의 난이도 자체가",0,0,0,0,0,0,0,0,0,0.0,0,0.0,0,0.0,0,0,0.0,0,0.0,0,0.0,0,0,0.0,0,0.0,0,0.0,0,0,0.0,0,0.0,0,0.0,0,0.0,0,0.0,0,0,0.0,0,0.0,0,0.0,0,0.0,0,0.0
3057947,"중간고사는 맞춤법, 띄어쓰기, 외래어 표기규정, 문장의 오류 관련해서 나",4,1,0,1,0,0,0,1,0,0.0,1,1.0,0,0.0,1,1,1.0,0,0.0,0,0.0,1,0,0.0,1,1.0,0,0.0,1,0,0.0,0,0.0,0,0.0,1,1.0,0,0.0,1,0,0.0,0,0.0,1,1.0,0,0.0,0,0.0
3057948,,0,0,0,0,0,0,0,0,0,0.0,0,0.0,0,0.0,0,0,0.0,0,0.0,0,0.0,0,0,0.0,0,0.0,0,0.0,0,0,0.0,0,0.0,0,0.0,0,0.0,0,0.0,0,0,0.0,0,0.0,0,0.0,0,0.0,0,0.0
3057950,,0,0,0,0,0,0,0,0,0,0.0,0,0.0,0,0.0,0,0,0.0,0,0.0,0,0.0,0,0,0.0,0,0.0,0,0.0,0,0,0.0,0,0.0,0,0.0,0,0.0,0,0.0,0,0,0.0,0,0.0,0,0.0,0,0.0,0,0.0
3057953,,0,0,0,0,0,0,0,0,0,0.0,0,0.0,0,0.0,0,0,0.0,0,0.0,0,0.0,0,0,0.0,0,0.0,0,0.0,0,0,0.0,0,0.0,0,0.0,0,0.0,0,0.0,0,0,0.0,0,0.0,0,0.0,0,0.0,0,0.0
3057954,,0,0,0,0,0,0,0,0,0,0.0,0,0.0,0,0.0,0,0,0.0,0,0.0,0,0.0,0,0,0.0,0,0.0,0,0.0,0,0,0.0,0,0.0,0,0.0,0,0.0,0,0.0,0,0,0.0,0,0.0,0,0.0,0,0.0,0,0.0
3057955,,0,0,0,0,0,0,0,0,0,0.0,0,0.0,0,0.0,0,0,0.0,0,0.0,0,0.0,0,0,0.0,0,0.0,0,0.0,0,0,0.0,0,0.0,0,0.0,0,0.0,0,0.0,0,0,0.0,0,0.0,0,0.0,0,0.0,0,0.0
3057957,,0,0,0,0,0,0,0,0,0,0.0,0,0.0,0,0.0,0,0,0.0,0,0.0,0,0.0,0,0,0.0,0,0.0,0,0.0,0,0,0.0,0,0.0,0,0.0,0,0.0,0,0.0,0,0,0.0,0,0.0,0,0.0,0,0.0,0,0.0
3057958,,0,0,0,0,0,0,0,0,0,0.0,0,0.0,0,0.0,0,0,0.0,0,0.0,0,0.0,0,0,0.0,0,0.0,0,0.0,0,0,0.0,0,0.0,0,0.0,0,0.0,0,0.0,0,0,0.0,0,0.0,0,0.0,0,0.0,0,0.0
3057959,,1,1,0,0,0,0,1,1,1,1.0,0,0.0,0,0.0,1,1,1.0,0,0.0,0,0.0,1,0,0.0,1,1.0,0,0.0,1,0,0.0,0,0.0,0,0.0,1,1.0,0,0.0,1,0,0.0,0,0.0,1,1.0,0,0.0,0,0.0
3057960,"교수님이 미리 한자 단어, 문장, 한시 찝어주십니다 거기서만 나와요 3일",5,4,4,0,0,0,0,4,1,0.25,3,0.75,0,0.0,4,4,1.0,0,0.0,0,0.0,4,3,0.75,1,0.25,0,0.0,4,0,0.0,0,0.0,0,0.0,4,1.0,0,0.0,4,0,0.0,0,0.0,4,1.0,0,0.0,0,0.0
3057961,"20문제 한자어활용(진짜 생암기)에서 주로 낸다고 하셨고 주술, 술식관계",4,1,0,1,0,0,0,1,0,0.0,1,1.0,0,0.0,1,1,1.0,0,0.0,0,0.0,1,0,0.0,1,1.0,0,0.0,1,0,0.0,0,0.0,0,0.0,1,1.0,0,0.0,1,0,0.0,0,0.0,1,1.0,0,0.0,0,0.0
3057963,평소수업 좀 잘들으시고 교안에 있는 한자들 하나하나 외우시는게 좋아요!,0,0,0,0,0,0,0,0,0,0.0,0,0.0,0,0.0,0,0,0.0,0,0.0,0,0.0,0,0,0.0,0,0.0,0,0.0,0,0,0.0,0,0.0,0,0.0,0,0.0,0,0.0,0,0,0.0,0,0.0,0,0.0,0,0.0,0,0.0
3057964,객관식 정말 지엽적으로 나옵니다. 교안 이외에 교수님께서 수업 시간에 지,3,2,1,0,0,0,1,2,1,0.5,1,0.5,0,0.0,2,1,0.5,1,0.5,0,0.0,2,0,0.0,2,1.0,0,0.0,2,0,0.0,0,0.0,0,0.0,1,0.5,1,0.5,2,0,0.0,0,0.0,2,1.0,0,0.0,0,0.0
3057965,"4개의 보기에 답이 하나인 객관식 28문제 + OX 7문제, 총 35문제",0,0,0,0,0,0,0,0,0,0.0,0,0.0,0,0.0,0,0,0.0,0,0.0,0,0.0,0,0,0.0,0,0.0,0,0.0,0,0,0.0,0,0.0,0,0.0,0,0.0,0,0.0,0,0,0.0,0,0.0,0,0.0,0,0.0,0,0.0
3057966,,0,0,0,0,0,0,0,0,0,0.0,0,0.0,0,0.0,0,0,0.0,0,0.0,0,0.0,0,0,0.0,0,0.0,0,0.0,0,0,0.0,0,0.0,0,0.0,0,0.0,0,0.0,0,0,0.0,0,0.0,0,0.0,0,0.0,0,0.0
3057968,생각보다 교수님이 나올거라고 찝어주신 예상 문제에서 안나오고 이것저것 좀,4.5,4,2,2,0,0,0,4,2,0.5,2,0.5,0,0.0,4,4,1.0,0,0.0,0,0.0,4,2,0.5,2,0.5,0,0.0,4,0,0.0,2,0.5,0,0.0,1,0.25,1,0.25,4,0,0.0,0,0.0,4,1.0,0,0.0,0,0.0
3057969,,0,0,0,0,0,0,0,0,0,0.0,0,0.0,0,0.0,0,0,0.0,0,0.0,0,0.0,0,0,0.0,0,0.0,0,0.0,0,0,0.0,0,0.0,0,0.0,0,0.0,0,0.0,0,0,0.0,0,0.0,0,0.0,0,0.0,0,0.0
3057970,한자에 대한 이해도가 있으면 비교적 쉽게 풀수 있고 흥미 있게 공부 할수,0,0,0,0,0,0,0,0,0,0.0,0,0.0,0,0.0,0,0,0.0,0,0.0,0,0.0,0,0,0.0,0,0.0,0,0.0,0,0,0.0,0,0.0,0,0.0,0,0.0,0,0.0,0,0,0.0,0,0.0,0,0.0,0,0.0,0,0.0
3057971,,4.17,6,2,3,1,0,0,6,1,0.166667,5,0.833333,0,0.0,6,6,1.0,0,0.0,0,0.0,6,0,0.0,6,1.0,0,0.0,6,0,0.0,6,1.0,0,0.0,0,0.0,0,0.0,6,0,0.0,0,0.0,6,1.0,0,0.0,0,0.0
3057972,조별활동 문제에서 똑같이도 나오고 살짝 다르게 하나였나 나왔습니다,0,0,0,0,0,0,0,0,0,0.0,0,0.0,0,0.0,0,0,0.0,0,0.0,0,0.0,0,0,0.0,0,0.0,0,0.0,0,0,0.0,0,0.0,0,0.0,0,0.0,0,0.0,0,0,0.0,0,0.0,0,0.0,0,0.0,0,0.0
3057973,수업내용 위주의 시험 아캠 강의로 복습하면서 공부하기 편함,5,2,2,0,0,0,0,2,0,0.0,2,1.0,0,0.0,2,2,1.0,0,0.0,0,0.0,2,1,0.5,1,0.5,0,0.0,2,1,0.5,1,0.5,0,0.0,0,0.0,0,0.0,2,0,0.0,0,0.0,2,1.0,0,0.0,0,0.0
3057975,,0,0,0,0,0,0,0,0,0,0.0,0,0.0,0,0.0,0,0,0.0,0,0.0,0,0.0,0,0,0.0,0,0.0,0,0.0,0,0,0.0,0,0.0,0,0.0,0,0.0,0,0.0,0,0,0.0,0,0.0,0,0.0,0,0.0,0,0.0
3057976,일반화학은 공통시험이어서 교수님 수업 안 듣고 자습하셔도 됩니다만 정말,0,0,0,0,0,0,0,0,0,0.0,0,0.0,0,0.0,0,0,0.0,0,0.0,0,0.0,0,0,0.0,0,0.0,0,0.0,0,0,0.0,0,0.0,0,0.0,0,0.0,0,0.0,0,0,0.0,0,0.0,0,0.0,0,0.0,0,0.0
3057977,,0,0,0,0,0,0,0,0,0,0.0,0,0.0,0,0.0,0,0,0.0,0,0.0,0,0.0,0,0,0.0,0,0.0,0,0.0,0,0,0.0,0,0.0,0,0.0,0,0.0,0,0.0,0,0,0.0,0,0.0,0,0.0,0,0.0,0,0.0
3057978,수업을 안듣더라도 매 주차 출석과 연습문제는 일요일 안으로 꼭 완료해두셔,4.25,92,44,35,9,0,4,92,5,0.054348,75,0.815217,12,0.130435,92,89,0.967391,2,0.021739,1,0.01087,92,12,0.130435,77,0.836957,3,0.032609,92,15,0.163043,59,0.641304,0,0.0,0,0.0,18,0.195652,92,0,0.0,0,0.0,91,0.98913,0,0.0,1,0.01087
3057982,,0,0,0,0,0,0,0,0,0,0.0,0,0.0,0,0.0,0,0,0.0,0,0.0,0,0.0,0,0,0.0,0,0.0,0,0.0,0,0,0.0,0,0.0,0,0.0,0,0.0,0,0.0,0,0,0.0,0,0.0,0,0.0,0,0.0,0,0.0
3057983,요약본만 보면 100점 가능! 객관식 단답형 나와요 어렵지않습니다 요약본,4.8,5,4,1,0,0,0,5,5,1.0,0,0.0,0,0.0,5,0,0.0,2,0.4,3,0.6,5,3,0.6,2,0.4,0,0.0,5,0,0.0,2,0.4,0,0.0,1,0.2,2,0.4,5,0,0.0,0,0.0,5,1.0,0,0.0,0,0.0
3057985,"단답형, 약술형, 논술형으로 구성되어 있습니다. 약술형은 2-3행 적으면",0,0,0,0,0,0,0,0,0,0.0,0,0.0,0,0.0,0,0,0.0,0,0.0,0,0.0,0,0,0.0,0,0.0,0,0.0,0,0,0.0,0,0.0,0,0.0,0,0.0,0,0.0,0,0,0.0,0,0.0,0,0.0,0,0.0,0,0.0
3057987,"중국 백지도에 성, 성의 줄임말, 성의 수도, 자치구, 직할시 및 특별행",5,7,7,0,0,0,0,7,6,0.857143,0,0.0,1,0.142857,7,1,0.142857,6,0.857143,0,0.0,7,6,0.857143,1,0.142857,0,0.0,7,0,0.0,1,0.142857,0,0.0,6,0.857143,0,0.0,7,0,0.0,1,0.142857,6,0.857143,0,0.0,0,0.0
3057988,,0,0,0,0,0,0,0,0,0,0.0,0,0.0,0,0.0,0,0,0.0,0,0.0,0,0.0,0,0,0.0,0,0.0,0,0.0,0,0,0.0,0,0.0,0,0.0,0,0.0,0,0.0,0,0,0.0,0,0.0,0,0.0,0,0.0,0,0.0
3057990,,0,0,0,0,0,0,0,0,0,0.0,0,0.0,0,0.0,0,0,0.0,0,0.0,0,0.0,0,0,0.0,0,0.0,0,0.0,0,0,0.0,0,0.0,0,0.0,0,0.0,0,0.0,0,0,0.0,0,0.0,0,0.0,0,0.0,0,0.0
3057993,,0,0,0,0,0,0,0,0,0,0.0,0,0.0,0,0.0,0,0,0.0,0,0.0,0,0.0,0,0,0.0,0,0.0,0,0.0,0,0,0.0,0,0.0,0,0.0,0,0.0,0,0.0,0,0,0.0,0,0.0,0,0.0,0,0.0,0,0.0
3057995,객관식 20문제 단답형 5문제 서술형 1문제 출제 교수님께서 서술형 어느,0,0,0,0,0,0,0,0,0,0.0,0,0.0,0,0.0,0,0,0.0,0,0.0,0,0.0,0,0,0.0,0,0.0,0,0.0,0,0,0.0,0,0.0,0,0.0,0,0.0,0,0.0,0,0,0.0,0,0.0,0,0.0,0,0.0,0,0.0
3057997,,5,3,3,0,0,0,0,3,0,0.0,2,0.666667,1,0.333333,3,3,1.0,0,0.0,0,0.0,3,1,0.333333,2,0.666667,0,0.0,3,0,0.0,0,0.0,0,0.0,3,1.0,0,0.0,3,1,0.333333,2,0.666667,0,0.0,0,0.0,0,0.0
3057998,강의 교안에서 충실하게 내주시고 40문제 모두 객관식이어서 부담이 크지않,0,0,0,0,0,0,0,0,0,0.0,0,0.0,0,0.0,0,0,0.0,0,0.0,0,0.0,0,0,0.0,0,0.0,0,0.0,0,0,0.0,0,0.0,0,0.0,0,0.0,0,0.0,0,0,0.0,0,0.0,0,0.0,0,0.0,0,0.0
3057999,"1강부터 6주차 진도까지 출제, 선택형 ox 단답형 출제",5,2,2,0,0,0,0,2,2,1.0,0,0.0,0,0.0,2,2,1.0,0,0.0,0,0.0,2,1,0.5,1,0.5,0,0.0,2,0,0.0,2,1.0,0,0.0,0,0.0,0,0.0,2,0,0.0,0,0.0,2,1.0,0,0.0,0,0.0
3058004,PPT자료 위주로 O/X문제랑 객관식 틀린거 개수 고르기 총 20개 단답,4.8,5,4,1,0,0,0,5,4,0.8,1,0.2,0,0.0,5,5,1.0,0,0.0,0,0.0,5,0,0.0,5,1.0,0,0.0,5,1,0.2,3,0.6,0,0.0,0,0.0,1,0.2,5,0,0.0,0,0.0,5,1.0,0,0.0,0,0.0
3058007,교안을 꼼꼼히 보셔야 할 것 같습니다. 전 기업 설립일 같은 문제가 많이,5,3,3,0,0,0,0,3,2,0.666667,1,0.333333,0,0.0,3,3,1.0,0,0.0,0,0.0,3,0,0.0,3,1.0,0,0.0,3,0,0.0,1,0.333333,0,0.0,1,0.333333,1,0.333333,3,0,0.0,0,0.0,3,1.0,0,0.0,0,0.0
3058008,정말 조은 과목 그냥 강의 스밍하고 과제 하라는 거 해서 60점만 넘기면,5,16,16,0,0,0,0,16,14,0.875,2,0.125,0,0.0,16,15,0.9375,1,0.0625,0,0.0,16,16,1.0,0,0.0,0,0.0,16,9,0.5625,7,0.4375,0,0.0,0,0.0,0,0.0,16,16,1.0,0,0.0,0,0.0,0,0.0,0,0.0
3058011,,0,0,0,0,0,0,0,0,0,0.0,0,0.0,0,0.0,0,0,0.0,0,0.0,0,0.0,0,0,0.0,0,0.0,0,0.0,0,0,0.0,0,0.0,0,0.0,0,0.0,0,0.0,0,0,0.0,0,0.0,0,0.0,0,0.0,0,0.0
3058013,,5,3,3,0,0,0,0,3,3,1.0,0,0.0,0,0.0,3,2,0.666667,1,0.333333,0,0.0,3,2,0.666667,1,0.333333,0,0.0,3,0,0.0,0,0.0,0,0.0,3,1.0,0,0.0,3,1,0.333333,2,0.666667,0,0.0,0,0.0,0,0.0
3058014,,5,3,3,0,0,0,0,3,3,1.0,0,0.0,0,0.0,3,3,1.0,0,0.0,0,0.0,3,3,1.0,0,0.0,0,0.0,3,1,0.333333,2,0.666667,0,0.0,0,0.0,0,0.0,3,3,1.0,0,0.0,0,0.0,0,0.0,0,0.0
3058015,,5,3,3,0,0,0,0,3,3,1.0,0,0.0,0,0.0,3,3,1.0,0,0.0,0,0.0,3,2,0.666667,1,0.333333,0,0.0,3,1,0.333333,2,0.666667,0,0.0,0,0.0,0,0.0,3,3,1.0,0,0.0,0,0.0,0,0.0,0,0.0
3058017,,0,0,0,0,0,0,0,0,0,0.0,0,0.0,0,0.0,0,0,0.0,0,0.0,0,0.0,0,0,0.0,0,0.0,0,0.0,0,0,0.0,0,0.0,0,0.0,0,0.0,0,0.0,0,0,0.0,0,0.0,0,0.0,0,0.0,0,0.0
3058018,,0,0,0,0,0,0,0,0,0,0.0,0,0.0,0,0.0,0,0,0.0,0,0.0,0,0.0,0,0,0.0,0,0.0,0,0.0,0,0,0.0,0,0.0,0,0.0,0,0.0,0,0.0,0,0,0.0,0,0.0,0,0.0,0,0.0,0,0.0
3058019,,0,0,0,0,0,0,0,0,0,0.0,0,0.0,0,0.0,0,0,0.0,0,0.0,0,0.0,0,0,0.0,0,0.0,0,0.0,0,0,0.0,0,0.0,0,0.0,0,0.0,0,0.0,0,0,0.0,0,0.0,0,0.0,0,0.0,0,0.0
3058020,,0,0,0,0,0,0,0,0,0,0.0,0,0.0,0,0.0,0,0,0.0,0,0.0,0,0.0,0,0,0.0,0,0.0,0,0.0,0,0,0.0,0,0.0,0,0.0,0,0.0,0,0.0,0,0,0.0,0,0.0,0,0.0,0,0.0,0,0.0
3058021,,0,0,0,0,0,0,0,0,0,0.0,0,0.0,0,0.0,0,0,0.0,0,0.0,0,0.0,0,0,0.0,0,0.0,0,0.0,0,0,0.0,0,0.0,0,0.0,0,0.0,0,0.0,0,0,0.0,0,0.0,0,0.0,0,0.0,0,0.0
3058022,,0,0,0,0,0,0,0,0,0,0.0,0,0.0,0,0.0,0,0,0.0,0,0.0,0,0.0,0,0,0.0,0,0.0,0,0.0,0,0,0.0,0,0.0,0,0.0,0,0.0,0,0.0,0,0,0.0,0,0.0,0,0.0,0,0.0,0,0.0
3058023,,0,0,0,0,0,0,0,0,0,0.0,0,0.0,0,0.0,0,0,0.0,0,0.0,0,0.0,0,0,0.0,0,0.0,0,0.0,0,0,0.0,0,0.0,0,0.0,0,0.0,0,0.0,0,0,0.0,0,0.0,0,0.0,0,0.0,0,0.0
3058024,,0,0,0,0,0,0,0,0,0,0.0,0,0.0,0,0.0,0,0,0.0,0,0.0,0,0.0,0,0,0.0,0,0.0,0,0.0,0,0,0.0,0,0.0,0,0.0,0,0.0,0,0.0,0,0,0.0,0,0.0,0,0.0,0,0.0,0,0.0
3058025,,0,0,0,0,0,0,0,0,0,0.0,0,0.0,0,0.0,0,0,0.0,0,0.0,0,0.0,0,0,0.0,0,0.0,0,0.0,0,0,0.0,0,0.0,0,0.0,0,0.0,0,0.0,0,0,0.0,0,0.0,0,0.0,0,0.0,0,0.0
3058026,,5,1,1,0,0,0,0,1,0,0.0,1,1.0,0,0.0,1,0,0.0,1,1.0,0,0.0,1,1,1.0,0,0.0,0,0.0,1,0,0.0,0,0.0,0,0.0,1,1.0,0,0.0,1,1,1.0,0,0.0,0,0.0,0,0.0,0,0.0
3058027,,0,0,0,0,0,0,0,0,0,0.0,0,0.0,0,0.0,0,0,0.0,0,0.0,0,0.0,0,0,0.0,0,0.0,0,0.0,0,0,0.0,0,0.0,0,0.0,0,0.0,0,0.0,0,0,0.0,0,0.0,0,0.0,0,0.0,0,0.0
3058028,,0,0,0,0,0,0,0,0,0,0.0,0,0.0,0,0.0,0,0,0.0,0,0.0,0,0.0,0,0,0.0,0,0.0,0,0.0,0,0,0.0,0,0.0,0,0.0,0,0.0,0,0.0,0,0,0.0,0,0.0,0,0.0,0,0.0,0,0.0
3058029,,0,0,0,0,0,0,0,0,0,0.0,0,0.0,0,0.0,0,0,0.0,0,0.0,0,0.0,0,0,0.0,0,0.0,0,0.0,0,0,0.0,0,0.0,0,0.0,0,0.0,0,0.0,0,0,0.0,0,0.0,0,0.0,0,0.0,0,0.0
3058030,,0,0,0,0,0,0,0,0,0,0.0,0,0.0,0,0.0,0,0,0.0,0,0.0,0,0.0,0,0,0.0,0,0.0,0,0.0,0,0,0.0,0,0.0,0,0.0,0,0.0,0,0.0,0,0,0.0,0,0.0,0,0.0,0,0.0,0,0.0
3058031,,0,0,0,0,0,0,0,0,0,0.0,0,0.0,0,0.0,0,0,0.0,0,0.0,0,0.0,0,0,0.0,0,0.0,0,0.0,0,0,0.0,0,0.0,0,0.0,0,0.0,0,0.0,0,0,0.0,0,0.0,0,0.0,0,0.0,0,0.0
3058032,,0,0,0,0,0,0,0,0,0,0.0,0,0.0,0,0.0,0,0,0.0,0,0.0,0,0.0,0,0,0.0,0,0.0,0,0.0,0,0,0.0,0,0.0,0,0.0,0,0.0,0,0.0,0,0,0.0,0,0.0,0,0.0,0,0.0,0,0.0
3058033,,0,0,0,0,0,0,0,0,0,0.0,0,0.0,0,0.0,0,0,0.0,0,0.0,0,0.0,0,0,0.0,0,0.0,0,0.0,0,0,0.0,0,0.0,0,0.0,0,0.0,0,0.0,0,0,0.0,0,0.0,0,0.0,0,0.0,0,0.0
3058034,,0,0,0,0,0,0,0,0,0,0.0,0,0.0,0,0.0,0,0,0.0,0,0.0,0,0.0,0,0,0.0,0,0.0,0,0.0,0,0,0.0,0,0.0,0,0.0,0,0.0,0,0.0,0,0,0.0,0,0.0,0,0.0,0,0.0,0,0.0
3058035,,5,1,1,0,0,0,0,1,1,1.0,0,0.0,0,0.0,1,0,0.0,0,0.0,1,1.0,1,1,1.0,0,0.0,0,0.0,1,1,1.0,0,0.0,0,0.0,0,0.0,0,0.0,1,1,1.0,0,0.0,0,0.0,0,0.0,0,0.0
3058036,,0,0,0,0,0,0,0,0,0,0.0,0,0.0,0,0.0,0,0,0.0,0,0.0,0,0.0,0,0,0.0,0,0.0,0,0.0,0,0,0.0,0,0.0,0,0.0,0,0.0,0,0.0,0,0,0.0,0,0.0,0,0.0,0,0.0,0,0.0
3058037,,0,0,0,0,0,0,0,0,0,0.0,0,0.0,0,0.0,0,0,0.0,0,0.0,0,0.0,0,0,0.0,0,0.0,0,0.0,0,0,0.0,0,0.0,0,0.0,0,0.0,0,0.0,0,0,0.0,0,0.0,0,0.0,0,0.0,0,0.0
3058038,,0,0,0,0,0,0,0,0,0,0.0,0,0.0,0,0.0,0,0,0.0,0,0.0,0,0.0,0,0,0.0,0,0.0,0,0.0,0,0,0.0,0,0.0,0,0.0,0,0.0,0,0.0,0,0,0.0,0,0.0,0,0.0,0,0.0,0,0.0
3058039,,0,0,0,0,0,0,0,0,0,0.0,0,0.0,0,0.0,0,0,0.0,0,0.0,0,0.0,0,0,0.0,0,0.0,0,0.0,0,0,0.0,0,0.0,0,0.0,0,0.0,0,0.0,0,0,0.0,0,0.0,0,0.0,0,0.0,0,0.0
3058040,,0,0,0,0,0,0,0,0,0,0.0,0,0.0,0,0.0,0,0,0.0,0,0.0,0,0.0,0,0,0.0,0,0.0,0,0.0,0,0,0.0,0,0.0,0,0.0,0,0.0,0,0.0,0,0,0.0,0,0.0,0,0.0,0,0.0,0,0.0
3058041,,0,0,0,0,0,0,0,0,0,0.0,0,0.0,0,0.0,0,0,0.0,0,0.0,0,0.0,0,0,0.0,0,0.0,0,0.0,0,0,0.0,0,0.0,0,0.0,0,0.0,0,0.0,0,0,0.0,0,0.0,0,0.0,0,0.0,0,0.0
3058042,,0,0,0,0,0,0,0,0,0,0.0,0,0.0,0,0.0,0,0,0.0,0,0.0,0,0.0,0,0,0.0,0,0.0,0,0.0,0,0,0.0,0,0.0,0,0.0,0,0.0,0,0.0,0,0,0.0,0,0.0,0,0.0,0,0.0,0,0.0
3058043,,0,0,0,0,0,0,0,0,0,0.0,0,0.0,0,0.0,0,0,0.0,0,0.0,0,0.0,0,0,0.0,0,0.0,0,0.0,0,0,0.0,0,0.0,0,0.0,0,0.0,0,0.0,0,0,0.0,0,0.0,0,0.0,0,0.0,0,0.0
3058044,,0,0,0,0,0,0,0,0,0,0.0,0,0.0,0,0.0,0,0,0.0,0,0.0,0,0.0,0,0,0.0,0,0.0,0,0.0,0,0,0.0,0,0.0,0,0.0,0,0.0,0,0.0,0,0,0.0,0,0.0,0,0.0,0,0.0,0,0.0
3058045,,0,0,0,0,0,0,0,0,0,0.0,0,0.0,0,0.0,0,0,0.0,0,0.0,0,0.0,0,0,0.0,0,0.0,0,0.0,0,0,0.0,0,0.0,0,0.0,0,0.0,0,0.0,0,0,0.0,0,0.0,0,0.0,0,0.0,0,0.0
3058046,,0,0,0,0,0,0,0,0,0,0.0,0,0.0,0,0.0,0,0,0.0,0,0.0,0,0.0,0,0,0.0,0,0.0,0,0.0,0,0,0.0,0,0.0,0,0.0,0,0.0,0,0.0,0,0,0.0,0,0.0,0,0.0,0,0.0,0,0.0
3058047,,0,0,0,0,0,0,0,0,0,0.0,0,0.0,0,0.0,0,0,0.0,0,0.0,0,0.0,0,0,0.0,0,0.0,0,0.0,0,0,0.0,0,0.0,0,0.0,0,0.0,0,0.0,0,0,0.0,0,0.0,0,0.0,0,0.0,0,0.0
3058048,,0,0,0,0,0,0,0,0,0,0.0,0,0.0,0,0.0,0,0,0.0,0,0.0,0,0.0,0,0,0.0,0,0.0,0,0.0,0,0,0.0,0,0.0,0,0.0,0,0.0,0,0.0,0,0,0.0,0,0.0,0,0.0,0,0.0,0,0.0
3058049,,0,0,0,0,0,0,0,0,0,0.0,0,0.0,0,0.0,0,0,0.0,0,0.0,0,0.0,0,0,0.0,0,0.0,0,0.0,0,0,0.0,0,0.0,0,0.0,0,0.0,0,0.0,0,0,0.0,0,0.0,0,0.0,0,0.0,0,0.0
3058050,,0,0,0,0,0,0,0,0,0,0.0,0,0.0,0,0.0,0,0,0.0,0,0.0,0,0.0,0,0,0.0,0,0.0,0,0.0,0,0,0.0,0,0.0,0,0.0,0,0.0,0,0.0,0,0,0.0,0,0.0,0,0.0,0,0.0,0,0.0
3058051,,0,0,0,0,0,0,0,0,0,0.0,0,0.0,0,0.0,0,0,0.0,0,0.0,0,0.0,0,0,0.0,0,0.0,0,0.0,0,0,0.0,0,0.0,0,0.0,0,0.0,0,0.0,0,0,0.0,0,0.0,0,0.0,0,0.0,0,0.0
3058052,,0,0,0,0,0,0,0,0,0,0.0,0,0.0,0,0.0,0,0,0.0,0,0.0,0,0.0,0,0,0.0,0,0.0,0,0.0,0,0,0.0,0,0.0,0,0.0,0,0.0,0,0.0,0,0,0.0,0,0.0,0,0.0,0,0.0,0,0.0
3058054,중간 대체 느낌으로 진행됩니다. 큰 부담없이 치르셔도 됩니다. 1번은 자,1.33,9,0,0,1,1,7,9,3,0.333333,5,0.555556,1,0.111111,9,1,0.111111,7,0.777778,1,0.111111,9,1,0.111111,8,0.888889,0,0.0,9,0,0.0,0,0.0,0,0.0,7,0.777778,2,0.222222,9,1,0.111111,7,0.777778,1,0.111111,0,0.0,0,0.0
3058055,,1,1,0,0,0,0,1,1,1,1.0,0,0.0,0,0.0,1,0,0.0,1,1.0,0,0.0,1,0,0.0,0,0.0,1,1.0,1,0,0.0,0,0.0,0,0.0,1,1.0,0,0.0,1,0,0.0,0,0.0,1,1.0,0,0.0,0,0.0
3058056,,0,0,0,0,0,0,0,0,0,0.0,0,0.0,0,0.0,0,0,0.0,0,0.0,0,0.0,0,0,0.0,0,0.0,0,0.0,0,0,0.0,0,0.0,0,0.0,0,0.0,0,0.0,0,0,0.0,0,0.0,0,0.0,0,0.0,0,0.0
3058057,,0,0,0,0,0,0,0,0,0,0.0,0,0.0,0,0.0,0,0,0.0,0,0.0,0,0.0,0,0,0.0,0,0.0,0,0.0,0,0,0.0,0,0.0,0,0.0,0,0.0,0,0.0,0,0,0.0,0,0.0,0,0.0,0,0.0,0,0.0
3058059,중간고사 없이 대체과제로 진행됨 1주차 수업이 없어서 2주차부터 수업했다,4.5,2,1,1,0,0,0,1,1,1.0,0,0.0,0,0.0,1,0,0.0,1,1.0,0,0.0,1,0,0.0,1,1.0,0,0.0,1,0,0.0,0,0.0,0,0.0,1,1.0,0,0.0,1,0,0.0,0,0.0,1,1.0,0,0.0,0,0.0
3058060,,5,2,2,0,0,0,0,2,1,0.5,1,0.5,0,0.0,2,2,1.0,0,0.0,0,0.0,2,1,0.5,1,0.5,0,0.0,2,0,0.0,0,0.0,0,0.0,2,1.0,0,0.0,2,0,0.0,0,0.0,2,1.0,0,0.0,0,0.0
3058061,,4,1,0,1,0,0,0,1,0,0.0,1,1.0,0,0.0,1,1,1.0,0,0.0,0,0.0,1,0,0.0,1,1.0,0,0.0,1,0,0.0,1,1.0,0,0.0,0,0.0,0,0.0,1,1,1.0,0,0.0,0,0.0,0,0.0,0,0.0
3058062,종이로 코드 쓰는건데 백준이나 주시는 과제 열심히 했다면 문제 없을듯함,0,0,0,0,0,0,0,0,0,0.0,0,0.0,0,0.0,0,0,0.0,0,0.0,0,0.0,0,0,0.0,0,0.0,0,0.0,0,0,0.0,0,0.0,0,0.0,0,0.0,0,0.0,0,0,0.0,0,0.0,0,0.0,0,0.0,0,0.0
3058063,진짜 그냥 개념이랑 예제 몇개만 풀 줄 알면 됩니다 역사 문제 안나온거,1.75,4,0,1,0,0,3,4,0,0.0,3,0.75,1,0.25,4,4,1.0,0,0.0,0,0.0,4,0,0.0,4,1.0,0,0.0,4,1,0.25,2,0.5,0,0.0,0,0.0,1,0.25,4,0,0.0,0,0.0,4,1.0,0,0.0,0,0.0
3058064,copilot 이용해서 에이전트 만들고 데이터를 분석하는 중간고사를 실시,5,12,12,0,0,0,0,12,0,0.0,10,0.833333,2,0.166667,12,12,1.0,0,0.0,0,0.0,12,4,0.333333,8,0.666667,0,0.0,12,2,0.166667,8,0.666667,0,0.0,0,0.0,2,0.166667,12,0,0.0,2,0.166667,10,0.833333,0,0.0,0,0.0
3058065,,1.84,38,1,2,6,10,19,38,0,0.0,2,0.052632,36,0.947368,38,18,0.473684,18,0.473684,2,0.052632,38,1,0.026316,32,0.842105,5,0.131579,38,4,0.105263,27,0.710526,0,0.0,0,0.0,7,0.184211,38,0,0.0,30,0.789474,6,0.157895,1,0.026316,1,0.026316
3058067,,4.5,2,1,1,0,0,0,2,0,0.0,2,1.0,0,0.0,2,0,0.0,1,0.5,1,0.5,2,0,0.0,2,1.0,0,0.0,2,0,0.0,1,0.5,0,0.0,1,0.5,0,0.0,2,0,0.0,2,1.0,0,0.0,0,0.0,0,0.0
3058068,,0,0,0,0,0,0,0,0,0,0.0,0,0.0,0,0.0,0,0,0.0,0,0.0,0,0.0,0,0,0.0,0,0.0,0,0.0,0,0,0.0,0,0.0,0,0.0,0,0.0,0,0.0,0,0,0.0,0,0.0,0,0.0,0,0.0,0,0.0
3058071,cpa과목이라 cpa 하던거 하시면됩니다. 유인물은 2차 기출인데 중간고,5,3,3,0,0,0,0,3,0,0.0,1,0.333333,2,0.666667,3,3,1.0,0,0.0,0,0.0,3,3,1.0,0,0.0,0,0.0,3,0,0.0,3,1.0,0,0.0,0,0.0,0,0.0,3,0,0.0,0,0.0,3,1.0,0,0.0,0,0.0
3058074,중간고사는 아주 간단하게 나옵니다. 그리고 시험 전 시간에 수업에서 다,3.71,7,2,1,4,0,0,7,2,0.285714,2,0.285714,3,0.428571,7,0,0.0,4,0.571429,3,0.428571,7,2,0.285714,5,0.714286,0,0.0,7,0,0.0,0,0.0,0,0.0,6,0.857143,1,0.142857,7,0,0.0,0,0.0,7,1.0,0,0.0,0,0.0
3058078,교수님께서 올려주시는 교안 예제랑 시험대비문제만 잘 풀 수 있으면+기본,4.88,8,7,1,0,0,0,8,1,0.125,7,0.875,0,0.0,8,8,1.0,0,0.0,0,0.0,8,5,0.625,3,0.375,0,0.0,8,0,0.0,7,0.875,0,0.0,0,0.0,1,0.125,8,0,0.0,0,0.0,8,1.0,0,0.0,0,0.0
3058079,,0,0,0,0,0,0,0,0,0,0.0,0,0.0,0,0.0,0,0,0.0,0,0.0,0,0.0,0,0,0.0,0,0.0,0,0.0,0,0,0.0,0,0.0,0,0.0,0,0.0,0,0.0,0,0,0.0,0,0.0,0,0.0,0,0.0,0,0.0
3058081,생각보다 되게 평이하게 나왔어요. 평소 배운것들만 할 줄 알면 충분합니다,5,2,2,0,0,0,0,2,2,1.0,0,0.0,0,0.0,2,2,1.0,0,0.0,0,0.0,2,2,1.0,0,0.0,0,0.0,2,0,0.0,2,1.0,0,0.0,0,0.0,0,0.0,2,0,0.0,0,0.0,2,1.0,0,0.0,0,0.0
3058084,교수님이 객관식/단답형 시험 문제 질문을 전부 알려주십니다. 선지는 안알,5,8,8,0,0,0,0,8,1,0.125,5,0.625,2,0.25,8,8,1.0,0,0.0,0,0.0,8,6,0.75,2,0.25,0,0.0,8,0,0.0,8,1.0,0,0.0,0,0.0,0,0.0,8,0,0.0,0,0.0,8,1.0,0,0.0,0,0.0
3058086,,5,2,2,0,0,0,0,2,0,0.0,2,1.0,0,0.0,2,0,0.0,0,0.0,2,1.0,2,0,0.0,2,1.0,0,0.0,2,0,0.0,2,1.0,0,0.0,0,0.0,0,0.0,2,0,0.0,1,0.5,1,0.5,0,0.0,0,0.0
3058087,,0,0,0,0,0,0,0,0,0,0.0,0,0.0,0,0.0,0,0,0.0,0,0.0,0,0.0,0,0,0.0,0,0.0,0,0.0,0,0,0.0,0,0.0,0,0.0,0,0.0,0,0.0,0,0,0.0,0,0.0,0,0.0,0,0.0,0,0.0
3058088,시험은 온라인으로 치뤄지고 오픈북이었습니다 문제 2개가 나왔고 하나는 K,0,0,0,0,0,0,0,0,0,0.0,0,0.0,0,0.0,0,0,0.0,0,0.0,0,0.0,0,0,0.0,0,0.0,0,0.0,0,0,0.0,0,0.0,0,0.0,0,0.0,0,0.0,0,0,0.0,0,0.0,0,0.0,0,0.0,0,0.0
3058089,1차 퀴즈 대비법입니다. 논문 중에서 Rationalism 관련 논문,0,0,0,0,0,0,0,0,0,0.0,0,0.0,0,0.0,0,0,0.0,0,0.0,0,0.0,0,0,0.0,0,0.0,0,0.0,0,0,0.0,0,0.0,0,0.0,0,0.0,0,0.0,0,0,0.0,0,0.0,0,0.0,0,0.0,0,0.0
3058090,총 3문제로 각 문제당 소문제 3개씩 있었습니다. 1번은 주어진 f(x),0,0,0,0,0,0,0,0,0,0.0,0,0.0,0,0.0,0,0,0.0,0,0.0,0,0.0,0,0,0.0,0,0.0,0,0.0,0,0,0.0,0,0.0,0,0.0,0,0.0,0,0.0,0,0,0.0,0,0.0,0,0.0,0,0.0,0,0.0
3058093,"단어 정의, 객관식, OX, 그림 주고 뭔지 맞추기. 교안에 있는 그림",0,0,0,0,0,0,0,0,0,0.0,0,0.0,0,0.0,0,0,0.0,0,0.0,0,0.0,0,0,0.0,0,0.0,0,0.0,0,0,0.0,0,0.0,0,0.0,0,0.0,0,0.0,0,0,0.0,0,0.0,0,0.0,0,0.0,0,0.0
3058094,"10문제 나왔고 객관식 4개, TF 5개, 서술형 한 개 나옵니다 쉽게",4,3,1,1,1,0,0,3,0,0.0,3,1.0,0,0.0,3,0,0.0,3,1.0,0,0.0,3,1,0.333333,2,0.666667,0,0.0,3,0,0.0,2,0.666667,0,0.0,0,0.0,1,0.333333,3,0,0.0,0,0.0,3,1.0,0,0.0,0,0.0
3058095,,0,0,0,0,0,0,0,0,0,0.0,0,0.0,0,0.0,0,0,0.0,0,0.0,0,0.0,0,0,0.0,0,0.0,0,0.0,0,0,0.0,0,0.0,0,0.0,0,0.0,0,0.0,0,0,0.0,0,0.0,0,0.0,0,0.0,0,0.0
3058099,,0,0,0,0,0,0,0,0,0,0.0,0,0.0,0,0.0,0,0,0.0,0,0.0,0,0.0,0,0,0.0,0,0.0,0,0.0,0,0,0.0,0,0.0,0,0.0,0,0.0,0,0.0,0,0,0.0,0,0.0,0,0.0,0,0.0,0,0.0
3058100,,0,0,0,0,0,0,0,0,0,0.0,0,0.0,0,0.0,0,0,0.0,0,0.0,0,0.0,0,0,0.0,0,0.0,0,0.0,0,0,0.0,0,0.0,0,0.0,0,0.0,0,0.0,0,0,0.0,0,0.0,0,0.0,0,0.0,0,0.0
3058101,,0,0,0,0,0,0,0,0,0,0.0,0,0.0,0,0.0,0,0,0.0,0,0.0,0,0.0,0,0,0.0,0,0.0,0,0.0,0,0,0.0,0,0.0,0,0.0,0,0.0,0,0.0,0,0,0.0,0,0.0,0,0.0,0,0.0,0,0.0
3058102,,0,0,0,0,0,0,0,0,0,0.0,0,0.0,0,0.0,0,0,0.0,0,0.0,0,0.0,0,0,0.0,0,0.0,0,0.0,0,0,0.0,0,0.0,0,0.0,0,0.0,0,0.0,0,0,0.0,0,0.0,0,0.0,0,0.0,0,0.0
3058103,,0,0,0,0,0,0,0,0,0,0.0,0,0.0,0,0.0,0,0,0.0,0,0.0,0,0.0,0,0,0.0,0,0.0,0,0.0,0,0,0.0,0,0.0,0,0.0,0,0.0,0,0.0,0,0,0.0,0,0.0,0,0.0,0,0.0,0,0.0
3058109,기사 지문 하나랑 관련 법조문 주시면 기본권 침해 여부 판단하는 문제였습,4,2,1,0,1,0,0,2,0,0.0,2,1.0,0,0.0,2,0,0.0,2,1.0,0,0.0,2,0,0.0,2,1.0,0,0.0,2,0,0.0,0,0.0,0,0.0,2,1.0,0,0.0,2,0,0.0,0,0.0,2,1.0,0,0.0,0,0.0
3058112,,4,1,0,1,0,0,0,1,0,0.0,0,0.0,1,1.0,1,0,0.0,1,1.0,0,0.0,1,0,0.0,1,1.0,0,0.0,1,0,0.0,0,0.0,0,0.0,0,0.0,1,1.0,1,1,1.0,0,0.0,0,0.0,0,0.0,0,0.0
3058113,,5,1,1,0,0,0,0,1,1,1.0,0,0.0,0,0.0,1,1,1.0,0,0.0,0,0.0,1,0,0.0,1,1.0,0,0.0,1,0,0.0,1,1.0,0,0.0,0,0.0,0,0.0,1,1,1.0,0,0.0,0,0.0,0,0.0,0,0.0
3058115,,1,1,0,0,0,0,1,1,0,0.0,0,0.0,1,1.0,1,0,0.0,0,0.0,1,1.0,1,0,0.0,1,1.0,0,0.0,1,0,0.0,0,0.0,0,0.0,0,0.0,1,1.0,1,0,0.0,0,0.0,0,0.0,1,1.0,0,0.0
3058116,,0,0,0,0,0,0,0,0,0,0.0,0,0.0,0,0.0,0,0,0.0,0,0.0,0,0.0,0,0,0.0,0,0.0,0,0.0,0,0,0.0,0,0.0,0,0.0,0,0.0,0,0.0,0,0,0.0,0,0.0,0,0.0,0,0.0,0,0.0
3058117,,0,0,0,0,0,0,0,0,0,0.0,0,0.0,0,0.0,0,0,0.0,0,0.0,0,0.0,0,0,0.0,0,0.0,0,0.0,0,0,0.0,0,0.0,0,0.0,0,0.0,0,0.0,0,0,0.0,0,0.0,0,0.0,0,0.0,0,0.0
3058119,,0,0,0,0,0,0,0,0,0,0.0,0,0.0,0,0.0,0,0,0.0,0,0.0,0,0.0,0,0,0.0,0,0.0,0,0.0,0,0,0.0,0,0.0,0,0.0,0,0.0,0,0.0,0,0,0.0,0,0.0,0,0.0,0,0.0,0,0.0
3058120,,0,0,0,0,0,0,0,0,0,0.0,0,0.0,0,0.0,0,0,0.0,0,0.0,0,0.0,0,0,0.0,0,0.0,0,0.0,0,0,0.0,0,0.0,0,0.0,0,0.0,0,0.0,0,0,0.0,0,0.0,0,0.0,0,0.0,0,0.0
3058121,,0,0,0,0,0,0,0,0,0,0.0,0,0.0,0,0.0,0,0,0.0,0,0.0,0,0.0,0,0,0.0,0,0.0,0,0.0,0,0,0.0,0,0.0,0,0.0,0,0.0,0,0.0,0,0,0.0,0,0.0,0,0.0,0,0.0,0,0.0
3058122,,0,0,0,0,0,0,0,0,0,0.0,0,0.0,0,0.0,0,0,0.0,0,0.0,0,0.0,0,0,0.0,0,0.0,0,0.0,0,0,0.0,0,0.0,0,0.0,0,0.0,0,0.0,0,0,0.0,0,0.0,0,0.0,0,0.0,0,0.0
3058123,,0,0,0,0,0,0,0,0,0,0.0,0,0.0,0,0.0,0,0,0.0,0,0.0,0,0.0,0,0,0.0,0,0.0,0,0.0,0,0,0.0,0,0.0,0,0.0,0,0.0,0,0.0,0,0,0.0,0,0.0,0,0.0,0,0.0,0,0.0
3058124,매 수업시간 종료 후 보여주시는 3-4개의 디스커션에서 거의 다 나온다,0,0,0,0,0,0,0,0,0,0.0,0,0.0,0,0.0,0,0,0.0,0,0.0,0,0.0,0,0,0.0,0,0.0,0,0.0,0,0,0.0,0,0.0,0,0.0,0,0.0,0,0.0,0,0,0.0,0,0.0,0,0.0,0,0.0,0,0.0
3058125,,0,0,0,0,0,0,0,0,0,0.0,0,0.0,0,0.0,0,0,0.0,0,0.0,0,0.0,0,0,0.0,0,0.0,0,0.0,0,0,0.0,0,0.0,0,0.0,0,0.0,0,0.0,0,0,0.0,0,0.0,0,0.0,0,0.0,0,0.0
3058126,,0,0,0,0,0,0,0,0,0,0.0,0,0.0,0,0.0,0,0,0.0,0,0.0,0,0.0,0,0,0.0,0,0.0,0,0.0,0,0,0.0,0,0.0,0,0.0,0,0.0,0,0.0,0,0,0.0,0,0.0,0,0.0,0,0.0,0,0.0
3058127,,0,0,0,0,0,0,0,0,0,0.0,0,0.0,0,0.0,0,0,0.0,0,0.0,0,0.0,0,0,0.0,0,0.0,0,0.0,0,0,0.0,0,0.0,0,0.0,0,0.0,0,0.0,0,0,0.0,0,0.0,0,0.0,0,0.0,0,0.0
3058128,,0,0,0,0,0,0,0,0,0,0.0,0,0.0,0,0.0,0,0,0.0,0,0.0,0,0.0,0,0,0.0,0,0.0,0,0.0,0,0,0.0,0,0.0,0,0.0,0,0.0,0,0.0,0,0,0.0,0,0.0,0,0.0,0,0.0,0,0.0
3058129,,0,0,0,0,0,0,0,0,0,0.0,0,0.0,0,0.0,0,0,0.0,0,0.0,0,0.0,0,0,0.0,0,0.0,0,0.0,0,0,0.0,0,0.0,0,0.0,0,0.0,0,0.0,0,0,0.0,0,0.0,0,0.0,0,0.0,0,0.0
3058130,,0,0,0,0,0,0,0,0,0,0.0,0,0.0,0,0.0,0,0,0.0,0,0.0,0,0.0,0,0,0.0,0,0.0,0,0.0,0,0,0.0,0,0.0,0,0.0,0,0.0,0,0.0,0,0,0.0,0,0.0,0,0.0,0,0.0,0,0.0
3058131,,0,0,0,0,0,0,0,0,0,0.0,0,0.0,0,0.0,0,0,0.0,0,0.0,0,0.0,0,0,0.0,0,0.0,0,0.0,0,0,0.0,0,0.0,0,0.0,0,0.0,0,0.0,0,0,0.0,0,0.0,0,0.0,0,0.0,0,0.0
3058133,객관식 5문제 주관식 5문제 주관식에 꼬리문제 있음,5,3,3,0,0,0,0,3,1,0.333333,2,0.666667,0,0.0,3,3,1.0,0,0.0,0,0.0,3,1,0.333333,2,0.666667,0,0.0,3,0,0.0,0,0.0,0,0.0,3,1.0,0,0.0,3,0,0.0,0,0.0,3,1.0,0,0.0,0,0.0
3058134,oblique plane에 대한 유도과정들 안나왔습니다. Stress-s,4.4,5,2,3,0,0,0,5,4,0.8,1,0.2,0,0.0,5,5,1.0,0,0.0,0,0.0,5,2,0.4,3,0.6,0,0.0,5,0,0.0,5,1.0,0,0.0,0,0.0,0,0.0,5,0,0.0,0,0.0,5,1.0,0,0.0,0,0.0
3058135,,4,1,0,1,0,0,0,1,0,0.0,0,0.0,1,1.0,1,0,0.0,0,0.0,1,1.0,1,0,0.0,0,0.0,1,1.0,1,1,1.0,0,0.0,0,0.0,0,0.0,0,0.0,1,1,1.0,0,0.0,0,0.0,0,0.0,0,0.0
3058136,,0,0,0,0,0,0,0,0,0,0.0,0,0.0,0,0.0,0,0,0.0,0,0.0,0,0.0,0,0,0.0,0,0.0,0,0.0,0,0,0.0,0,0.0,0,0.0,0,0.0,0,0.0,0,0,0.0,0,0.0,0,0.0,0,0.0,0,0.0
3058137,공식유도가 출제되는데 교수님이 짚어주시는 부분만 외워가면 되고 반도체소자,0,0,0,0,0,0,0,0,0,0.0,0,0.0,0,0.0,0,0,0.0,0,0.0,0,0.0,0,0,0.0,0,0.0,0,0.0,0,0,0.0,0,0.0,0,0.0,0,0.0,0,0.0,0,0,0.0,0,0.0,0,0.0,0,0.0,0,0.0
3058138,,0,0,0,0,0,0,0,0,0,0.0,0,0.0,0,0.0,0,0,0.0,0,0.0,0,0.0,0,0,0.0,0,0.0,0,0.0,0,0,0.0,0,0.0,0,0.0,0,0.0,0,0.0,0,0,0.0,0,0.0,0,0.0,0,0.0,0,0.0
3058139,,0,0,0,0,0,0,0,0,0,0.0,0,0.0,0,0.0,0,0,0.0,0,0.0,0,0.0,0,0,0.0,0,0.0,0,0.0,0,0,0.0,0,0.0,0,0.0,0,0.0,0,0.0,0,0,0.0,0,0.0,0,0.0,0,0.0,0,0.0
3058140,,0,0,0,0,0,0,0,0,0,0.0,0,0.0,0,0.0,0,0,0.0,0,0.0,0,0.0,0,0,0.0,0,0.0,0,0.0,0,0,0.0,0,0.0,0,0.0,0,0.0,0,0.0,0,0,0.0,0,0.0,0,0.0,0,0.0,0,0.0
3058141,,0,0,0,0,0,0,0,0,0,0.0,0,0.0,0,0.0,0,0,0.0,0,0.0,0,0.0,0,0,0.0,0,0.0,0,0.0,0,0,0.0,0,0.0,0,0.0,0,0.0,0,0.0,0,0,0.0,0,0.0,0,0.0,0,0.0,0,0.0
3058143,,0,0,0,0,0,0,0,0,0,0.0,0,0.0,0,0.0,0,0,0.0,0,0.0,0,0.0,0,0,0.0,0,0.0,0,0.0,0,0,0.0,0,0.0,0,0.0,0,0.0,0,0.0,0,0,0.0,0,0.0,0,0.0,0,0.0,0,0.0
3058144,,0,0,0,0,0,0,0,0,0,0.0,0,0.0,0,0.0,0,0,0.0,0,0.0,0,0.0,0,0,0.0,0,0.0,0,0.0,0,0,0.0,0,0.0,0,0.0,0,0.0,0,0.0,0,0,0.0,0,0.0,0,0.0,0,0.0,0,0.0
3058145,,0,0,0,0,0,0,0,0,0,0.0,0,0.0,0,0.0,0,0,0.0,0,0.0,0,0.0,0,0,0.0,0,0.0,0,0.0,0,0,0.0,0,0.0,0,0.0,0,0.0,0,0.0,0,0,0.0,0,0.0,0,0.0,0,0.0,0,0.0
3058146,,0,0,0,0,0,0,0,0,0,0.0,0,0.0,0,0.0,0,0,0.0,0,0.0,0,0.0,0,0,0.0,0,0.0,0,0.0,0,0,0.0,0,0.0,0,0.0,0,0.0,0,0.0,0,0,0.0,0,0.0,0,0.0,0,0.0,0,0.0
3058147,,0,0,0,0,0,0,0,0,0,0.0,0,0.0,0,0.0,0,0,0.0,0,0.0,0,0.0,0,0,0.0,0,0.0,0,0.0,0,0,0.0,0,0.0,0,0.0,0,0.0,0,0.0,0,0,0.0,0,0.0,0,0.0,0,0.0,0,0.0
3058148,,0,0,0,0,0,0,0,0,0,0.0,0,0.0,0,0.0,0,0,0.0,0,0.0,0,0.0,0,0,0.0,0,0.0,0,0.0,0,0,0.0,0,0.0,0,0.0,0,0.0,0,0.0,0,0,0.0,0,0.0,0,0.0,0,0.0,0,0.0
3058149,,0,0,0,0,0,0,0,0,0,0.0,0,0.0,0,0.0,0,0,0.0,0,0.0,0,0.0,0,0,0.0,0,0.0,0,0.0,0,0,0.0,0,0.0,0,0.0,0,0.0,0,0.0,0,0,0.0,0,0.0,0,0.0,0,0.0,0,0.0
3058152,,0,0,0,0,0,0,0,0,0,0.0,0,0.0,0,0.0,0,0,0.0,0,0.0,0,0.0,0,0,0.0,0,0.0,0,0.0,0,0,0.0,0,0.0,0,0.0,0,0.0,0,0.0,0,0,0.0,0,0.0,0,0.0,0,0.0,0,0.0
3058153,,2,2,0,0,1,0,1,2,0,0.0,2,1.0,0,0.0,2,0,0.0,2,1.0,0,0.0,2,0,0.0,2,1.0,0,0.0,2,0,0.0,1,0.5,0,0.0,1,0.5,0,0.0,2,0,0.0,2,1.0,0,0.0,0,0.0,0,0.0
3058154,시험은 없습니다! 포인트 얻기 위해서 써요 죄송합니다 성적이 오로지 교,3.75,12,6,2,1,1,2,12,5,0.416667,6,0.5,1,0.083333,12,0,0.0,1,0.083333,11,0.916667,12,6,0.5,6,0.5,0,0.0,12,0,0.0,11,0.916667,0,0.0,1,0.083333,0,0.0,12,12,1.0,0,0.0,0,0.0,0,0.0,0,0.0
3058156,이기백 교수님은 시험 전에 어떤 걸 중점으로 공부해야 할 지 다 알려주시,0,0,0,0,0,0,0,0,0,0.0,0,0.0,0,0.0,0,0,0.0,0,0.0,0,0.0,0,0,0.0,0,0.0,0,0.0,0,0,0.0,0,0.0,0,0.0,0,0.0,0,0.0,0,0,0.0,0,0.0,0,0.0,0,0.0,0,0.0
3058157,빈칸 채우기 식으로 출제되고 교안에 있는 중요한 키워드들 위주로 나와요,0,0,0,0,0,0,0,0,0,0.0,0,0.0,0,0.0,0,0,0.0,0,0.0,0,0.0,0,0,0.0,0,0.0,0,0.0,0,0,0.0,0,0.0,0,0.0,0,0.0,0,0.0,0,0,0.0,0,0.0,0,0.0,0,0.0,0,0.0
3058159,,5,1,1,0,0,0,0,1,0,0.0,1,1.0,0,0.0,1,0,0.0,1,1.0,0,0.0,1,0,0.0,1,1.0,0,0.0,1,0,0.0,0,0.0,0,0.0,1,1.0,0,0.0,1,0,0.0,1,1.0,0,0.0,0,0.0,0,0.0
3058160,,0,0,0,0,0,0,0,0,0,0.0,0,0.0,0,0.0,0,0,0.0,0,0.0,0,0.0,0,0,0.0,0,0.0,0,0.0,0,0,0.0,0,0.0,0,0.0,0,0.0,0,0.0,0,0,0.0,0,0.0,0,0.0,0,0.0,0,0.0
3058161,,5,2,2,0,0,0,0,2,2,1.0,0,0.0,0,0.0,2,2,1.0,0,0.0,0,0.0,2,1,0.5,1,0.5,0,0.0,2,0,0.0,0,0.0,0,0.0,2,1.0,0,0.0,2,0,0.0,2,1.0,0,0.0,0,0.0,0,0.0
3058162,,0,0,0,0,0,0,0,0,0,0.0,0,0.0,0,0.0,0,0,0.0,0,0.0,0,0.0,0,0,0.0,0,0.0,0,0.0,0,0,0.0,0,0.0,0,0.0,0,0.0,0,0.0,0,0,0.0,0,0.0,0,0.0,0,0.0,0,0.0
3058164,,0,0,0,0,0,0,0,0,0,0.0,0,0.0,0,0.0,0,0,0.0,0,0.0,0,0.0,0,0,0.0,0,0.0,0,0.0,0,0,0.0,0,0.0,0,0.0,0,0.0,0,0.0,0,0,0.0,0,0.0,0,0.0,0,0.0,0,0.0
3058165,,0,0,0,0,0,0,0,0,0,0.0,0,0.0,0,0.0,0,0,0.0,0,0.0,0,0.0,0,0,0.0,0,0.0,0,0.0,0,0,0.0,0,0.0,0,0.0,0,0.0,0,0.0,0,0,0.0,0,0.0,0,0.0,0,0.0,0,0.0
3058166,,0,0,0,0,0,0,0,0,0,0.0,0,0.0,0,0.0,0,0,0.0,0,0.0,0,0.0,0,0,0.0,0,0.0,0,0.0,0,0,0.0,0,0.0,0,0.0,0,0.0,0,0.0,0,0,0.0,0,0.0,0,0.0,0,0.0,0,0.0
3058167,,0,0,0,0,0,0,0,0,0,0.0,0,0.0,0,0.0,0,0,0.0,0,0.0,0,0.0,0,0,0.0,0,0.0,0,0.0,0,0,0.0,0,0.0,0,0.0,0,0.0,0,0.0,0,0,0.0,0,0.0,0,0.0,0,0.0,0,0.0
3058168,,4,1,0,1,0,0,0,1,0,0.0,0,0.0,1,1.0,1,0,0.0,1,1.0,0,0.0,1,0,0.0,1,1.0,0,0.0,1,0,0.0,0,0.0,0,0.0,1,1.0,0,0.0,1,0,0.0,1,1.0,0,0.0,0,0.0,0,0.0
3058169,,0,0,0,0,0,0,0,0,0,0.0,0,0.0,0,0.0,0,0,0.0,0,0.0,0,0.0,0,0,0.0,0,0.0,0,0.0,0,0,0.0,0,0.0,0,0.0,0,0.0,0,0.0,0,0,0.0,0,0.0,0,0.0,0,0.0,0,0.0
3058170,,0,0,0,0,0,0,0,0,0,0.0,0,0.0,0,0.0,0,0,0.0,0,0.0,0,0.0,0,0,0.0,0,0.0,0,0.0,0,0,0.0,0,0.0,0,0.0,0,0.0,0,0.0,0,0,0.0,0,0.0,0,0.0,0,0.0,0,0.0
3058172,"중간대체과제, 에세이 제출. 분량 A4 4장~5장",0,0,0,0,0,0,0,0,0,0.0,0,0.0,0,0.0,0,0,0.0,0,0.0,0,0.0,0,0,0.0,0,0.0,0,0.0,0,0,0.0,0,0.0,0,0.0,0,0.0,0,0.0,0,0,0.0,0,0.0,0,0.0,0,0.0,0,0.0
3058173,,5,2,2,0,0,0,0,2,1,0.5,1,0.5,0,0.0,2,1,0.5,1,0.5,0,0.0,2,2,1.0,0,0.0,0,0.0,2,0,0.0,0,0.0,0,0.0,2,1.0,0,0.0,2,0,0.0,0,0.0,2,1.0,0,0.0,0,0.0
3058174,,5,1,1,0,0,0,0,1,1,1.0,0,0.0,0,0.0,1,1,1.0,0,0.0,0,0.0,1,1,1.0,0,0.0,0,0.0,1,0,0.0,0,0.0,0,0.0,1,1.0,0,0.0,1,0,0.0,0,0.0,1,1.0,0,0.0,0,0.0
3058175,,0,0,0,0,0,0,0,0,0,0.0,0,0.0,0,0.0,0,0,0.0,0,0.0,0,0.0,0,0,0.0,0,0.0,0,0.0,0,0,0.0,0,0.0,0,0.0,0,0.0,0,0.0,0,0,0.0,0,0.0,0,0.0,0,0.0,0,0.0
3058178,,0,0,0,0,0,0,0,0,0,0.0,0,0.0,0,0.0,0,0,0.0,0,0.0,0,0.0,0,0,0.0,0,0.0,0,0.0,0,0,0.0,0,0.0,0,0.0,0,0.0,0,0.0,0,0,0.0,0,0.0,0,0.0,0,0.0,0,0.0
3058179,,0,0,0,0,0,0,0,0,0,0.0,0,0.0,0,0.0,0,0,0.0,0,0.0,0,0.0,0,0,0.0,0,0.0,0,0.0,0,0,0.0,0,0.0,0,0.0,0,0.0,0,0.0,0,0,0.0,0,0.0,0,0.0,0,0.0,0,0.0
3058180,,0,0,0,0,0,0,0,0,0,0.0,0,0.0,0,0.0,0,0,0.0,0,0.0,0,0.0,0,0,0.0,0,0.0,0,0.0,0,0,0.0,0,0.0,0,0.0,0,0.0,0,0.0,0,0,0.0,0,0.0,0,0.0,0,0.0,0,0.0
3058181,,0,0,0,0,0,0,0,0,0,0.0,0,0.0,0,0.0,0,0,0.0,0,0.0,0,0.0,0,0,0.0,0,0.0,0,0.0,0,0,0.0,0,0.0,0,0.0,0,0.0,0,0.0,0,0,0.0,0,0.0,0,0.0,0,0.0,0,0.0
3058182,,0,0,0,0,0,0,0,0,0,0.0,0,0.0,0,0.0,0,0,0.0,0,0.0,0,0.0,0,0,0.0,0,0.0,0,0.0,0,0,0.0,0,0.0,0,0.0,0,0.0,0,0.0,0,0,0.0,0,0.0,0,0.0,0,0.0,0,0.0
3058183,"5프로 들어가는 중간 , 기말 2번 본다고 하십니다. 점수가 좋지않으면",0,0,0,0,0,0,0,0,0,0.0,0,0.0,0,0.0,0,0,0.0,0,0.0,0,0.0,0,0,0.0,0,0.0,0,0.0,0,0,0.0,0,0.0,0,0.0,0,0.0,0,0.0,0,0,0.0,0,0.0,0,0.0,0,0.0,0,0.0
3058184,중간고사 대체 과제로 팀플 있습니다. 교수님이 주신 템플릿 보고 제출물,0,0,0,0,0,0,0,0,0,0.0,0,0.0,0,0.0,0,0,0.0,0,0.0,0,0.0,0,0,0.0,0,0.0,0,0.0,0,0,0.0,0,0.0,0,0.0,0,0.0,0,0.0,0,0,0.0,0,0.0,0,0.0,0,0.0,0,0.0
3058185,"객관식 각 2점, 참/거짓 각 1점, 단답 각 1점, 마지막 rdf작성",0,0,0,0,0,0,0,0,0,0.0,0,0.0,0,0.0,0,0,0.0,0,0.0,0,0.0,0,0,0.0,0,0.0,0,0.0,0,0,0.0,0,0.0,0,0.0,0,0.0,0,0.0,0,0,0.0,0,0.0,0,0.0,0,0.0,0,0.0
3058186,,0,0,0,0,0,0,0,0,0,0.0,0,0.0,0,0.0,0,0,0.0,0,0.0,0,0.0,0,0,0.0,0,0.0,0,0.0,0,0,0.0,0,0.0,0,0.0,0,0.0,0,0.0,0,0,0.0,0,0.0,0,0.0,0,0.0,0,0.0
3058188,,5,1,1,0,0,0,0,1,1,1.0,0,0.0,0,0.0,1,1,1.0,0,0.0,0,0.0,1,0,0.0,1,1.0,0,0.0,1,0,0.0,0,0.0,0,0.0,1,1.0,0,0.0,1,0,0.0,1,1.0,0,0.0,0,0.0,0,0.0
3058189,교수님께서 세부적인 것보다는 큰 주제를 가지고 시험을 내신다고 말씀하셨습,5,1,1,0,0,0,0,1,0,0.0,1,1.0,0,0.0,1,1,1.0,0,0.0,0,0.0,1,1,1.0,0,0.0,0,0.0,1,0,0.0,1,1.0,0,0.0,0,0.0,0,0.0,1,0,0.0,0,0.0,1,1.0,0,0.0,0,0.0
3058190,피피티에서 중요하다고 하신 부분 다 외우세요!!!!,0,0,0,0,0,0,0,0,0,0.0,0,0.0,0,0.0,0,0,0.0,0,0.0,0,0.0,0,0,0.0,0,0.0,0,0.0,0,0,0.0,0,0.0,0,0.0,0,0.0,0,0.0,0,0,0.0,0,0.0,0,0.0,0,0.0,0,0.0
3058191,,4,1,0,1,0,0,0,1,0,0.0,0,0.0,1,1.0,1,1,1.0,0,0.0,0,0.0,1,0,0.0,1,1.0,0,0.0,1,0,0.0,1,1.0,0,0.0,0,0.0,0,0.0,1,0,0.0,1,1.0,0,0.0,0,0.0,0,0.0
3058193,기본적으로 학석 연계여서 시험은 없습니다. 2020년 이후 최신박서논문을,0,0,0,0,0,0,0,0,0,0.0,0,0.0,0,0.0,0,0,0.0,0,0.0,0,0.0,0,0,0.0,0,0.0,0,0.0,0,0,0.0,0,0.0,0,0.0,0,0.0,0,0.0,0,0,0.0,0,0.0,0,0.0,0,0.0,0,0.0
3058194,수업 듣는 게 중요할 것 같아요! 시험에 나오는 게 피피티만 보면 충분히,0,0,0,0,0,0,0,0,0,0.0,0,0.0,0,0.0,0,0,0.0,0,0.0,0,0.0,0,0,0.0,0,0.0,0,0.0,0,0,0.0,0,0.0,0,0.0,0,0.0,0,0.0,0,0,0.0,0,0.0,0,0.0,0,0.0,0,0.0
3058195,수업때 열심히 참여하고 조별활동 열심히 참여하는게 제일 도움 됨. pp,3.67,3,1,0,2,0,0,3,0,0.0,2,0.666667,1,0.333333,3,0,0.0,0,0.0,3,1.0,3,0,0.0,3,1.0,0,0.0,3,0,0.0,2,0.666667,0,0.0,1,0.333333,0,0.0,3,0,0.0,0,0.0,3,1.0,0,0.0,0,0.0
3058196,올리버 트위스트- 사람 이름 단답형으로 많이 내셨습니다.. 특히 풀네임,4,2,0,2,0,0,0,2,2,1.0,0,0.0,0,0.0,2,0,0.0,0,0.0,2,1.0,2,1,0.5,1,0.5,0,0.0,2,0,0.0,2,1.0,0,0.0,0,0.0,0,0.0,2,0,0.0,0,0.0,2,1.0,0,0.0,0,0.0
3058197,,4,1,0,1,0,0,0,1,0,0.0,1,1.0,0,0.0,1,1,1.0,0,0.0,0,0.0,1,0,0.0,1,1.0,0,0.0,1,0,0.0,0,0.0,0,0.0,1,1.0,0,0.0,1,0,0.0,1,1.0,0,0.0,0,0.0,0,0.0
3058198,,0,0,0,0,0,0,0,0,0,0.0,0,0.0,0,0.0,0,0,0.0,0,0.0,0,0.0,0,0,0.0,0,0.0,0,0.0,0,0,0.0,0,0.0,0,0.0,0,0.0,0,0.0,0,0,0.0,0,0.0,0,0.0,0,0.0,0,0.0
3058200,,0,0,0,0,0,0,0,0,0,0.0,0,0.0,0,0.0,0,0,0.0,0,0.0,0,0.0,0,0,0.0,0,0.0,0,0.0,0,0,0.0,0,0.0,0,0.0,0,0.0,0,0.0,0,0,0.0,0,0.0,0,0.0,0,0.0,0,0.0
3058201,,5,1,1,0,0,0,0,1,1,1.0,0,0.0,0,0.0,1,0,0.0,1,1.0,0,0.0,1,1,1.0,0,0.0,0,0.0,1,0,0.0,0,0.0,0,0.0,1,1.0,0,0.0,1,0,0.0,1,1.0,0,0.0,0,0.0,0,0.0
3058202,단어 잘 외우고 교수님이 말씀해주시는 듣기 평가 뱡음으로 쓰기 본문 단어,1.67,3,0,0,1,0,2,3,0,0.0,3,1.0,0,0.0,3,2,0.666667,1,0.333333,0,0.0,3,0,0.0,3,1.0,0,0.0,3,0,0.0,0,0.0,0,0.0,3,1.0,0,0.0,3,0,0.0,0,0.0,3,1.0,0,0.0,0,0.0
3058204,예상 문제 4문제 중 2문제 + 새로운 문제 1문제 총 3문제 출제됩니다,5,3,3,0,0,0,0,3,1,0.333333,2,0.666667,0,0.0,3,3,1.0,0,0.0,0,0.0,3,2,0.666667,1,0.333333,0,0.0,3,0,0.0,0,0.0,0,0.0,3,1.0,0,0.0,3,0,0.0,0,0.0,3,1.0,0,0.0,0,0.0
3058205,텍스트 꼼꼼히 읽고 교수님 중간에 칠판에 적어주시는 키워드를 중심하고 한,5,1,1,0,0,0,0,1,0,0.0,1,1.0,0,0.0,1,1,1.0,0,0.0,0,0.0,1,0,0.0,1,1.0,0,0.0,1,0,0.0,0,0.0,0,0.0,1,1.0,0,0.0,1,0,0.0,0,0.0,1,1.0,0,0.0,0,0.0
3058206,,0,0,0,0,0,0,0,0,0,0.0,0,0.0,0,0.0,0,0,0.0,0,0.0,0,0.0,0,0,0.0,0,0.0,0,0.0,0,0,0.0,0,0.0,0,0.0,0,0.0,0,0.0,0,0,0.0,0,0.0,0,0.0,0,0.0,0,0.0
3058208,,5,2,2,0,0,0,0,2,0,0.0,2,1.0,0,0.0,2,2,1.0,0,0.0,0,0.0,2,0,0.0,2,1.0,0,0.0,2,0,0.0,0,0.0,0,0.0,2,1.0,0,0.0,2,0,0.0,2,1.0,0,0.0,0,0.0,0,0.0
3058209,,0,0,0,0,0,0,0,0,0,0.0,0,0.0,0,0.0,0,0,0.0,0,0.0,0,0.0,0,0,0.0,0,0.0,0,0.0,0,0,0.0,0,0.0,0,0.0,0,0.0,0,0.0,0,0,0.0,0,0.0,0,0.0,0,0.0,0,0.0
3058210,,5,1,1,0,0,0,0,1,0,0.0,1,1.0,0,0.0,1,0,0.0,1,1.0,0,0.0,1,0,0.0,1,1.0,0,0.0,1,0,0.0,1,1.0,0,0.0,0,0.0,0,0.0,1,0,0.0,0,0.0,1,1.0,0,0.0,0,0.0
3058212,,0,0,0,0,0,0,0,0,0,0.0,0,0.0,0,0.0,0,0,0.0,0,0.0,0,0.0,0,0,0.0,0,0.0,0,0.0,0,0,0.0,0,0.0,0,0.0,0,0.0,0,0.0,0,0,0.0,0,0.0,0,0.0,0,0.0,0,0.0
3058213,,0,0,0,0,0,0,0,0,0,0.0,0,0.0,0,0.0,0,0,0.0,0,0.0,0,0.0,0,0,0.0,0,0.0,0,0.0,0,0,0.0,0,0.0,0,0.0,0,0.0,0,0.0,0,0,0.0,0,0.0,0,0.0,0,0.0,0,0.0
3058215,,0,0,0,0,0,0,0,0,0,0.0,0,0.0,0,0.0,0,0,0.0,0,0.0,0,0.0,0,0,0.0,0,0.0,0,0.0,0,0,0.0,0,0.0,0,0.0,0,0.0,0,0.0,0,0,0.0,0,0.0,0,0.0,0,0.0,0,0.0
3058216,,0,0,0,0,0,0,0,0,0,0.0,0,0.0,0,0.0,0,0,0.0,0,0.0,0,0.0,0,0,0.0,0,0.0,0,0.0,0,0,0.0,0,0.0,0,0.0,0,0.0,0,0.0,0,0,0.0,0,0.0,0,0.0,0,0.0,0,0.0
3058217,,0,0,0,0,0,0,0,0,0,0.0,0,0.0,0,0.0,0,0,0.0,0,0.0,0,0.0,0,0,0.0,0,0.0,0,0.0,0,0,0.0,0,0.0,0,0.0,0,0.0,0,0.0,0,0,0.0,0,0.0,0,0.0,0,0.0,0,0.0
3058218,,0,0,0,0,0,0,0,0,0,0.0,0,0.0,0,0.0,0,0,0.0,0,0.0,0,0.0,0,0,0.0,0,0.0,0,0.0,0,0,0.0,0,0.0,0,0.0,0,0.0,0,0.0,0,0,0.0,0,0.0,0,0.0,0,0.0,0,0.0
3058219,,5,2,2,0,0,0,0,2,0,0.0,2,1.0,0,0.0,2,2,1.0,0,0.0,0,0.0,2,1,0.5,1,0.5,0,0.0,2,0,0.0,0,0.0,0,0.0,2,1.0,0,0.0,2,2,1.0,0,0.0,0,0.0,0,0.0,0,0.0
3058221,시험 며칠 전에 교수님이 어떤 내용 중에 내신다고 공지를 올려주셔서 그거,3.33,3,1,1,0,0,1,3,0,0.0,3,1.0,0,0.0,3,3,1.0,0,0.0,0,0.0,3,1,0.333333,2,0.666667,0,0.0,3,0,0.0,0,0.0,0,0.0,3,1.0,0,0.0,3,0,0.0,2,0.666667,1,0.333333,0,0.0,0,0.0
3058222,문제 난이도는 무난합니다 가르쳐 주신 것 안에서 나오고 문제가 지엽적이라,0,0,0,0,0,0,0,0,0,0.0,0,0.0,0,0.0,0,0,0.0,0,0.0,0,0.0,0,0,0.0,0,0.0,0,0.0,0,0,0.0,0,0.0,0,0.0,0,0.0,0,0.0,0,0,0.0,0,0.0,0,0.0,0,0.0,0,0.0
3058223,,4.5,2,1,1,0,0,0,2,0,0.0,2,1.0,0,0.0,2,0,0.0,2,1.0,0,0.0,2,0,0.0,2,1.0,0,0.0,2,0,0.0,0,0.0,0,0.0,2,1.0,0,0.0,2,0,0.0,2,1.0,0,0.0,0,0.0,0,0.0
3058224,,0,0,0,0,0,0,0,0,0,0.0,0,0.0,0,0.0,0,0,0.0,0,0.0,0,0.0,0,0,0.0,0,0.0,0,0.0,0,0,0.0,0,0.0,0,0.0,0,0.0,0,0.0,0,0,0.0,0,0.0,0,0.0,0,0.0,0,0.0
3058225,,5,2,2,0,0,0,0,2,2,1.0,0,0.0,0,0.0,2,2,1.0,0,0.0,0,0.0,2,2,1.0,0,0.0,0,0.0,2,0,0.0,0,0.0,0,0.0,2,1.0,0,0.0,2,1,0.5,0,0.0,1,0.5,0,0.0,0,0.0
3058226,시험은 2시간 동안 자유롭게 답안 작성하신 뒤 교수님께 이메일로 전송하면,5,1,1,0,0,0,0,1,1,1.0,0,0.0,0,0.0,1,1,1.0,0,0.0,0,0.0,1,0,0.0,1,1.0,0,0.0,1,0,0.0,1,1.0,0,0.0,0,0.0,0,0.0,1,0,0.0,0,0.0,1,1.0,0,0.0,0,0.0
3058227,교안 위주로 회독 및 암기 지엽적인건 안 나오는듯. 사례도 보기 중요한,0,0,0,0,0,0,0,0,0,0.0,0,0.0,0,0.0,0,0,0.0,0,0.0,0,0.0,0,0,0.0,0,0.0,0,0.0,0,0,0.0,0,0.0,0,0.0,0,0.0,0,0.0,0,0,0.0,0,0.0,0,0.0,0,0.0,0,0.0
3058228,시험범위 분량 120~130 페이지 정도 되는데 거의 다 외우는 걸 추천,0,0,0,0,0,0,0,0,0,0.0,0,0.0,0,0.0,0,0,0.0,0,0.0,0,0.0,0,0,0.0,0,0.0,0,0.0,0,0,0.0,0,0.0,0,0.0,0,0.0,0,0.0,0,0,0.0,0,0.0,0,0.0,0,0.0,0,0.0
3058229,,0,0,0,0,0,0,0,0,0,0.0,0,0.0,0,0.0,0,0,0.0,0,0.0,0,0.0,0,0,0.0,0,0.0,0,0.0,0,0,0.0,0,0.0,0,0.0,0,0.0,0,0.0,0,0,0.0,0,0.0,0,0.0,0,0.0,0,0.0
3058230,,0,0,0,0,0,0,0,0,0,0.0,0,0.0,0,0.0,0,0,0.0,0,0.0,0,0.0,0,0,0.0,0,0.0,0,0.0,0,0,0.0,0,0.0,0,0.0,0,0.0,0,0.0,0,0,0.0,0,0.0,0,0.0,0,0.0,0,0.0
3058231,Total 30 problem. Multiple choice (O) Ju,0,0,0,0,0,0,0,0,0,0.0,0,0.0,0,0.0,0,0,0.0,0,0.0,0,0.0,0,0,0.0,0,0.0,0,0.0,0,0,0.0,0,0.0,0,0.0,0,0.0,0,0.0,0,0,0.0,0,0.0,0,0.0,0,0.0,0,0.0
3058232,이론과 역사에 대해서 흐름이랑 개념 자세히 알고 있으면 객관식 21문제는,4.67,3,2,1,0,0,0,3,2,0.666667,1,0.333333,0,0.0,3,2,0.666667,1,0.333333,0,0.0,3,1,0.333333,2,0.666667,0,0.0,3,0,0.0,3,1.0,0,0.0,0,0.0,0,0.0,3,0,0.0,0,0.0,3,1.0,0,0.0,0,0.0
3058233,,3,1,0,0,1,0,0,1,0,0.0,0,0.0,1,1.0,1,0,0.0,0,0.0,1,1.0,1,0,0.0,1,1.0,0,0.0,1,0,0.0,0,0.0,0,0.0,1,1.0,0,0.0,1,0,0.0,1,1.0,0,0.0,0,0.0,0,0.0
3058234,,5,1,1,0,0,0,0,1,1,1.0,0,0.0,0,0.0,1,0,0.0,1,1.0,0,0.0,1,1,1.0,0,0.0,0,0.0,1,0,0.0,1,1.0,0,0.0,0,0.0,0,0.0,1,0,0.0,1,1.0,0,0.0,0,0.0,0,0.0
3058235,교수님이 수업시간에 가르쳐 주시는 거에 비해서 퀴즈는 개빡세요... 물론,0,0,0,0,0,0,0,0,0,0.0,0,0.0,0,0.0,0,0,0.0,0,0.0,0,0.0,0,0,0.0,0,0.0,0,0.0,0,0,0.0,0,0.0,0,0.0,0,0.0,0,0.0,0,0,0.0,0,0.0,0,0.0,0,0.0,0,0.0
3058236,"OX 15문제, 객관식 10문제, 주관식 10문제 나오는데 교수님이 올려",3.5,2,0,1,1,0,0,2,0,0.0,1,0.5,1,0.5,2,0,0.0,0,0.0,2,1.0,2,0,0.0,2,1.0,0,0.0,2,0,0.0,2,1.0,0,0.0,0,0.0,0,0.0,2,0,0.0,1,0.5,1,0.5,0,0.0,0,0.0
3058237,,5,1,1,0,0,0,0,1,0,0.0,1,1.0,0,0.0,1,0,0.0,0,0.0,1,1.0,1,1,1.0,0,0.0,0,0.0,1,0,0.0,0,0.0,0,0.0,1,1.0,0,0.0,1,0,0.0,1,1.0,0,0.0,0,0.0,0,0.0
3058238,,5,4,4,0,0,0,0,4,0,0.0,4,1.0,0,0.0,4,4,1.0,0,0.0,0,0.0,4,4,1.0,0,0.0,0,0.0,4,0,0.0,4,1.0,0,0.0,0,0.0,0,0.0,4,0,0.0,0,0.0,4,1.0,0,0.0,0,0.0
3058240,"심리학이 그나마 제일 이해를 요하는 수준으로 나와서 최대한 이해하고, 그",4.58,26,15,11,0,0,0,26,23,0.884615,3,0.115385,0,0.0,26,25,0.961538,1,0.038462,0,0.0,26,3,0.115385,23,0.884615,0,0.0,26,5,0.192308,21,0.807692,0,0.0,0,0.0,0,0.0,26,0,0.0,0,0.0,26,1.0,0,0.0,0,0.0
3058241,,0,0,0,0,0,0,0,0,0,0.0,0,0.0,0,0.0,0,0,0.0,0,0.0,0,0.0,0,0,0.0,0,0.0,0,0.0,0,0,0.0,0,0.0,0,0.0,0,0.0,0,0.0,0,0,0.0,0,0.0,0,0.0,0,0.0,0,0.0
3058242,,0,0,0,0,0,0,0,0,0,0.0,0,0.0,0,0.0,0,0,0.0,0,0.0,0,0.0,0,0,0.0,0,0.0,0,0.0,0,0,0.0,0,0.0,0,0.0,0,0.0,0,0.0,0,0,0.0,0,0.0,0,0.0,0,0.0,0,0.0
3058243,,0,0,0,0,0,0,0,0,0,0.0,0,0.0,0,0.0,0,0,0.0,0,0.0,0,0.0,0,0,0.0,0,0.0,0,0.0,0,0,0.0,0,0.0,0,0.0,0,0.0,0,0.0,0,0,0.0,0,0.0,0,0.0,0,0.0,0,0.0
3058244,,0,0,0,0,0,0,0,0,0,0.0,0,0.0,0,0.0,0,0,0.0,0,0.0,0,0.0,0,0,0.0,0,0.0,0,0.0,0,0,0.0,0,0.0,0,0.0,0,0.0,0,0.0,0,0,0.0,0,0.0,0,0.0,0,0.0,0,0.0
3058246,,0,0,0,0,0,0,0,0,0,0.0,0,0.0,0,0.0,0,0,0.0,0,0.0,0,0.0,0,0,0.0,0,0.0,0,0.0,0,0,0.0,0,0.0,0,0.0,0,0.0,0,0.0,0,0,0.0,0,0.0,0,0.0,0,0.0,0,0.0
3058247,중간고사는 딱히 안봄. 중간 시즌에 영어논문 읽고 이고 토대로 15분 발,0,0,0,0,0,0,0,0,0,0.0,0,0.0,0,0.0,0,0,0.0,0,0.0,0,0.0,0,0,0.0,0,0.0,0,0.0,0,0,0.0,0,0.0,0,0.0,0,0.0,0,0.0,0,0,0.0,0,0.0,0,0.0,0,0.0,0,0.0
3058248,,0,0,0,0,0,0,0,0,0,0.0,0,0.0,0,0.0,0,0,0.0,0,0.0,0,0.0,0,0,0.0,0,0.0,0,0.0,0,0,0.0,0,0.0,0,0.0,0,0.0,0,0.0,0,0,0.0,0,0.0,0,0.0,0,0.0,0,0.0
3058249,,0,0,0,0,0,0,0,0,0,0.0,0,0.0,0,0.0,0,0,0.0,0,0.0,0,0.0,0,0,0.0,0,0.0,0,0.0,0,0,0.0,0,0.0,0,0.0,0,0.0,0,0.0,0,0,0.0,0,0.0,0,0.0,0,0.0,0,0.0
3058250,올 객관식이고 이해하는 수준으로 공부하면 됩니다 각 개념의 정의와 예시를,4,1,0,1,0,0,0,1,0,0.0,1,1.0,0,0.0,1,1,1.0,0,0.0,0,0.0,1,0,0.0,1,1.0,0,0.0,1,0,0.0,1,1.0,0,0.0,0,0.0,0,0.0,1,0,0.0,0,0.0,1,1.0,0,0.0,0,0.0
3058251,,0,0,0,0,0,0,0,0,0,0.0,0,0.0,0,0.0,0,0,0.0,0,0.0,0,0.0,0,0,0.0,0,0.0,0,0.0,0,0,0.0,0,0.0,0,0.0,0,0.0,0,0.0,0,0,0.0,0,0.0,0,0.0,0,0.0,0,0.0
3058252,서술형 18개 객관식 6개 객관식은 ~와 ~를 비교하여 쓰세요 식의 개념,0,0,0,0,0,0,0,0,0,0.0,0,0.0,0,0.0,0,0,0.0,0,0.0,0,0.0,0,0,0.0,0,0.0,0,0.0,0,0,0.0,0,0.0,0,0.0,0,0.0,0,0.0,0,0,0.0,0,0.0,0,0.0,0,0.0,0,0.0
3058253,교안 바탕으로 공부하면 큰 사고력 없이도 잘 풀 수 있습니다. 객관식으,5,3,3,0,0,0,0,3,0,0.0,3,1.0,0,0.0,3,3,1.0,0,0.0,0,0.0,3,1,0.333333,2,0.666667,0,0.0,3,0,0.0,3,1.0,0,0.0,0,0.0,0,0.0,3,0,0.0,0,0.0,3,1.0,0,0.0,0,0.0
3058254,범위가 많아 전체적인 틀 위주로 공부하면 됩니다.,4,1,0,1,0,0,0,1,0,0.0,0,0.0,1,1.0,1,0,0.0,0,0.0,1,1.0,1,0,0.0,1,1.0,0,0.0,1,0,0.0,0,0.0,0,0.0,0,0.0,1,1.0,1,0,0.0,1,1.0,0,0.0,0,0.0,0,0.0
3058255,,0,0,0,0,0,0,0,0,0,0.0,0,0.0,0,0.0,0,0,0.0,0,0.0,0,0.0,0,0,0.0,0,0.0,0,0.0,0,0,0.0,0,0.0,0,0.0,0,0.0,0,0.0,0,0,0.0,0,0.0,0,0.0,0,0.0,0,0.0
3058257,,0,0,0,0,0,0,0,0,0,0.0,0,0.0,0,0.0,0,0,0.0,0,0.0,0,0.0,0,0,0.0,0,0.0,0,0.0,0,0,0.0,0,0.0,0,0.0,0,0.0,0,0.0,0,0,0.0,0,0.0,0,0.0,0,0.0,0,0.0
3058258,7주차에 교수님이 피피티 정리해주시는 데 그 내용+전체 피피티 내용 확인,0,0,0,0,0,0,0,0,0,0.0,0,0.0,0,0.0,0,0,0.0,0,0.0,0,0.0,0,0,0.0,0,0.0,0,0.0,0,0,0.0,0,0.0,0,0.0,0,0.0,0,0.0,0,0,0.0,0,0.0,0,0.0,0,0.0,0,0.0
3058260,,0,0,0,0,0,0,0,0,0,0.0,0,0.0,0,0.0,0,0,0.0,0,0.0,0,0.0,0,0,0.0,0,0.0,0,0.0,0,0,0.0,0,0.0,0,0.0,0,0.0,0,0.0,0,0,0.0,0,0.0,0,0.0,0,0.0,0,0.0
3058261,,5,2,2,0,0,0,0,2,0,0.0,2,1.0,0,0.0,2,0,0.0,2,1.0,0,0.0,2,1,0.5,1,0.5,0,0.0,2,0,0.0,1,0.5,0,0.0,0,0.0,1,0.5,2,0,0.0,2,1.0,0,0.0,0,0.0,0,0.0
3058262,,0,0,0,0,0,0,0,0,0,0.0,0,0.0,0,0.0,0,0,0.0,0,0.0,0,0.0,0,0,0.0,0,0.0,0,0.0,0,0,0.0,0,0.0,0,0.0,0,0.0,0,0.0,0,0,0.0,0,0.0,0,0.0,0,0.0,0,0.0
3058263,,3,1,0,0,1,0,0,1,0,0.0,1,1.0,0,0.0,1,0,0.0,0,0.0,1,1.0,1,1,1.0,0,0.0,0,0.0,1,0,0.0,1,1.0,0,0.0,0,0.0,0,0.0,1,0,0.0,1,1.0,0,0.0,0,0.0,0,0.0
3058265,,0,0,0,0,0,0,0,0,0,0.0,0,0.0,0,0.0,0,0,0.0,0,0.0,0,0.0,0,0,0.0,0,0.0,0,0.0,0,0,0.0,0,0.0,0,0.0,0,0.0,0,0.0,0,0,0.0,0,0.0,0,0.0,0,0.0,0,0.0
3058266,평소 설명하신 것 중 지엽적인것들 많이 나옵니다 26학년도 1학기 중간고,0,0,0,0,0,0,0,0,0,0.0,0,0.0,0,0.0,0,0,0.0,0,0.0,0,0.0,0,0,0.0,0,0.0,0,0.0,0,0,0.0,0,0.0,0,0.0,0,0.0,0,0.0,0,0,0.0,0,0.0,0,0.0,0,0.0,0,0.0
3058267,,0,0,0,0,0,0,0,0,0,0.0,0,0.0,0,0.0,0,0,0.0,0,0.0,0,0.0,0,0,0.0,0,0.0,0,0.0,0,0,0.0,0,0.0,0,0.0,0,0.0,0,0.0,0,0,0.0,0,0.0,0,0.0,0,0.0,0,0.0
3058268,,0,0,0,0,0,0,0,0,0,0.0,0,0.0,0,0.0,0,0,0.0,0,0.0,0,0.0,0,0,0.0,0,0.0,0,0.0,0,0,0.0,0,0.0,0,0.0,0,0.0,0,0.0,0,0,0.0,0,0.0,0,0.0,0,0.0,0,0.0
3058269,,0,0,0,0,0,0,0,0,0,0.0,0,0.0,0,0.0,0,0,0.0,0,0.0,0,0.0,0,0,0.0,0,0.0,0,0.0,0,0,0.0,0,0.0,0,0.0,0,0.0,0,0.0,0,0,0.0,0,0.0,0,0.0,0,0.0,0,0.0
3058270,교안을 보면 (온라인 수업) 누가 봐도 나올듯한 역학 문제가 잇음 쉬워서,4,1,0,1,0,0,0,1,0,0.0,1,1.0,0,0.0,1,0,0.0,1,1.0,0,0.0,1,0,0.0,1,1.0,0,0.0,1,0,0.0,1,1.0,0,0.0,0,0.0,0,0.0,1,0,0.0,0,0.0,1,1.0,0,0.0,0,0.0
3058271,"교수님이 공지하신 내용과 강의안 숙지, 동영상 수강 필수입니다. 지엽적",4.4,5,2,3,0,0,0,5,4,0.8,1,0.2,0,0.0,5,5,1.0,0,0.0,0,0.0,5,5,1.0,0,0.0,0,0.0,5,0,0.0,0,0.0,0,0.0,5,1.0,0,0.0,5,0,0.0,0,0.0,5,1.0,0,0.0,0,0.0
3058272,CAD 시험과 같은 시험을 봄 창의적 공학 설계 피피티랑 공지에 올려주신,5,1,1,0,0,0,0,1,0,0.0,1,1.0,0,0.0,1,1,1.0,0,0.0,0,0.0,1,0,0.0,1,1.0,0,0.0,1,0,0.0,0,0.0,0,0.0,1,1.0,0,0.0,1,0,0.0,0,0.0,1,1.0,0,0.0,0,0.0
3058273,,0,0,0,0,0,0,0,0,0,0.0,0,0.0,0,0.0,0,0,0.0,0,0.0,0,0.0,0,0,0.0,0,0.0,0,0.0,0,0,0.0,0,0.0,0,0.0,0,0.0,0,0.0,0,0,0.0,0,0.0,0,0.0,0,0.0,0,0.0
3058274,"서술형, 단답형, TF, 빈칸 단어로 채우기, 기능성 원료 번호 맞춰 넣",4,5,1,3,1,0,0,5,5,1.0,0,0.0,0,0.0,5,5,1.0,0,0.0,0,0.0,5,2,0.4,3,0.6,0,0.0,5,0,0.0,5,1.0,0,0.0,0,0.0,0,0.0,5,0,0.0,0,0.0,5,1.0,0,0.0,0,0.0
3058275,,0,0,0,0,0,0,0,0,0,0.0,0,0.0,0,0.0,0,0,0.0,0,0.0,0,0.0,0,0,0.0,0,0.0,0,0.0,0,0,0.0,0,0.0,0,0.0,0,0.0,0,0.0,0,0,0.0,0,0.0,0,0.0,0,0.0,0,0.0
3058276,,0,0,0,0,0,0,0,0,0,0.0,0,0.0,0,0.0,0,0,0.0,0,0.0,0,0.0,0,0,0.0,0,0.0,0,0.0,0,0,0.0,0,0.0,0,0.0,0,0.0,0,0.0,0,0,0.0,0,0.0,0,0.0,0,0.0,0,0.0
3058277,,0,0,0,0,0,0,0,0,0,0.0,0,0.0,0,0.0,0,0,0.0,0,0.0,0,0.0,0,0,0.0,0,0.0,0,0.0,0,0,0.0,0,0.0,0,0.0,0,0.0,0,0.0,0,0,0.0,0,0.0,0,0.0,0,0.0,0,0.0
3058278,전영준 교수님께서 시험문제 거의 알려주심 기초적인것들만 열심히 하면 웬만,0,0,0,0,0,0,0,0,0,0.0,0,0.0,0,0.0,0,0,0.0,0,0.0,0,0.0,0,0,0.0,0,0.0,0,0.0,0,0,0.0,0,0.0,0,0.0,0,0.0,0,0.0,0,0,0.0,0,0.0,0,0.0,0,0.0,0,0.0
3058279,,0,0,0,0,0,0,0,0,0,0.0,0,0.0,0,0.0,0,0,0.0,0,0.0,0,0.0,0,0,0.0,0,0.0,0,0.0,0,0,0.0,0,0.0,0,0.0,0,0.0,0,0.0,0,0,0.0,0,0.0,0,0.0,0,0.0,0,0.0
3058280,,0,0,0,0,0,0,0,0,0,0.0,0,0.0,0,0.0,0,0,0.0,0,0.0,0,0.0,0,0,0.0,0,0.0,0,0.0,0,0,0.0,0,0.0,0,0.0,0,0.0,0,0.0,0,0,0.0,0,0.0,0,0.0,0,0.0,0,0.0
3058281,,0,0,0,0,0,0,0,0,0,0.0,0,0.0,0,0.0,0,0,0.0,0,0.0,0,0.0,0,0,0.0,0,0.0,0,0.0,0,0,0.0,0,0.0,0,0.0,0,0.0,0,0.0,0,0,0.0,0,0.0,0,0.0,0,0.0,0,0.0
3058282,,0,0,0,0,0,0,0,0,0,0.0,0,0.0,0,0.0,0,0,0.0,0,0.0,0,0.0,0,0,0.0,0,0.0,0,0.0,0,0,0.0,0,0.0,0,0.0,0,0.0,0,0.0,0,0,0.0,0,0.0,0,0.0,0,0.0,0,0.0
3058283,,0,0,0,0,0,0,0,0,0,0.0,0,0.0,0,0.0,0,0,0.0,0,0.0,0,0.0,0,0,0.0,0,0.0,0,0.0,0,0,0.0,0,0.0,0,0.0,0,0.0,0,0.0,0,0,0.0,0,0.0,0,0.0,0,0.0,0,0.0
3058284,,0,0,0,0,0,0,0,0,0,0.0,0,0.0,0,0.0,0,0,0.0,0,0.0,0,0.0,0,0,0.0,0,0.0,0,0.0,0,0,0.0,0,0.0,0,0.0,0,0.0,0,0.0,0,0,0.0,0,0.0,0,0.0,0,0.0,0,0.0
3058285,,0,0,0,0,0,0,0,0,0,0.0,0,0.0,0,0.0,0,0,0.0,0,0.0,0,0.0,0,0,0.0,0,0.0,0,0.0,0,0,0.0,0,0.0,0,0.0,0,0.0,0,0.0,0,0,0.0,0,0.0,0,0.0,0,0.0,0,0.0
3058287,생산운영관리 개념 수요예측 공정 및 설비배치 용량계획 입지선정..,3,1,0,0,1,0,0,1,0,0.0,1,1.0,0,0.0,1,0,0.0,1,1.0,0,0.0,1,0,0.0,1,1.0,0,0.0,1,0,0.0,0,0.0,0,0.0,1,1.0,0,0.0,1,0,0.0,0,0.0,1,1.0,0,0.0,0,0.0
3058288,,0,0,0,0,0,0,0,0,0,0.0,0,0.0,0,0.0,0,0,0.0,0,0.0,0,0.0,0,0,0.0,0,0.0,0,0.0,0,0,0.0,0,0.0,0,0.0,0,0.0,0,0.0,0,0,0.0,0,0.0,0,0.0,0,0.0,0,0.0
3058290,,0,0,0,0,0,0,0,0,0,0.0,0,0.0,0,0.0,0,0,0.0,0,0.0,0,0.0,0,0,0.0,0,0.0,0,0.0,0,0,0.0,0,0.0,0,0.0,0,0.0,0,0.0,0,0,0.0,0,0.0,0,0.0,0,0.0,0,0.0
3058291,10문제 나왔는데 3문제는 피피티에 있는 계산하는 예제들 케이스만 바꿔서,0,0,0,0,0,0,0,0,0,0.0,0,0.0,0,0.0,0,0,0.0,0,0.0,0,0.0,0,0,0.0,0,0.0,0,0.0,0,0,0.0,0,0.0,0,0.0,0,0.0,0,0.0,0,0,0.0,0,0.0,0,0.0,0,0.0,0,0.0
3058292,중간은 오픈북이었어요 중간에 전반적으로 잘 쓴거같으면 기말은 오픈북 없이,0,0,0,0,0,0,0,0,0,0.0,0,0.0,0,0.0,0,0,0.0,0,0.0,0,0.0,0,0,0.0,0,0.0,0,0.0,0,0,0.0,0,0.0,0,0.0,0,0.0,0,0.0,0,0,0.0,0,0.0,0,0.0,0,0.0,0,0.0
3058293,교안 바탕으로 공부하시면 됩니다 ! 수식 같은거는 의미 정도 파악하시면,0,0,0,0,0,0,0,0,0,0.0,0,0.0,0,0.0,0,0,0.0,0,0.0,0,0.0,0,0,0.0,0,0.0,0,0.0,0,0,0.0,0,0.0,0,0.0,0,0.0,0,0.0,0,0,0.0,0,0.0,0,0.0,0,0.0,0,0.0
3058294,전체적으로 난이도는 어렵지 않았습니다. 수업 슬라이드 잘 정리해서 퀴즈랑,5,1,1,0,0,0,0,1,0,0.0,1,1.0,0,0.0,1,0,0.0,1,1.0,0,0.0,1,0,0.0,1,1.0,0,0.0,1,0,0.0,0,0.0,0,0.0,1,1.0,0,0.0,1,0,0.0,0,0.0,1,1.0,0,0.0,0,0.0
3058295,,5,3,3,0,0,0,0,3,0,0.0,3,1.0,0,0.0,3,3,1.0,0,0.0,0,0.0,3,1,0.333333,2,0.666667,0,0.0,3,0,0.0,3,1.0,0,0.0,0,0.0,0,0.0,3,2,0.666667,1,0.333333,0,0.0,0,0.0,0,0.0
3058296,"객관식은 모두 고르시오라는 문제가 많은데, 개수가 1개부터 보기 개수 전",4.86,7,6,1,0,0,0,7,0,0.0,6,0.857143,1,0.142857,7,2,0.285714,4,0.571429,1,0.142857,7,2,0.285714,5,0.714286,0,0.0,7,0,0.0,0,0.0,0,0.0,7,1.0,0,0.0,7,0,0.0,1,0.142857,6,0.857143,0,0.0,0,0.0
3058297,1. 복기하다가 문제 순서 섞였음 2. 지문 기본적으로 영어로 5~7줄,5,1,1,0,0,0,0,1,0,0.0,1,1.0,0,0.0,1,1,1.0,0,0.0,0,0.0,1,1,1.0,0,0.0,0,0.0,1,0,0.0,1,1.0,0,0.0,0,0.0,0,0.0,1,0,0.0,1,1.0,0,0.0,0,0.0,0,0.0
3058298,,0,0,0,0,0,0,0,0,0,0.0,0,0.0,0,0.0,0,0,0.0,0,0.0,0,0.0,0,0,0.0,0,0.0,0,0.0,0,0,0.0,0,0.0,0,0.0,0,0.0,0,0.0,0,0,0.0,0,0.0,0,0.0,0,0.0,0,0.0
3058300,,0,0,0,0,0,0,0,0,0,0.0,0,0.0,0,0.0,0,0,0.0,0,0.0,0,0.0,0,0,0.0,0,0.0,0,0.0,0,0,0.0,0,0.0,0,0.0,0,0.0,0,0.0,0,0,0.0,0,0.0,0,0.0,0,0.0,0,0.0
3058302,,0,0,0,0,0,0,0,0,0,0.0,0,0.0,0,0.0,0,0,0.0,0,0.0,0,0.0,0,0,0.0,0,0.0,0,0.0,0,0,0.0,0,0.0,0,0.0,0,0.0,0,0.0,0,0,0.0,0,0.0,0,0.0,0,0.0,0,0.0
3058303,,0,0,0,0,0,0,0,0,0,0.0,0,0.0,0,0.0,0,0,0.0,0,0.0,0,0.0,0,0,0.0,0,0.0,0,0.0,0,0,0.0,0,0.0,0,0.0,0,0.0,0,0.0,0,0,0.0,0,0.0,0,0.0,0,0.0,0,0.0
3058304,,0,0,0,0,0,0,0,0,0,0.0,0,0.0,0,0.0,0,0,0.0,0,0.0,0,0.0,0,0,0.0,0,0.0,0,0.0,0,0,0.0,0,0.0,0,0.0,0,0.0,0,0.0,0,0,0.0,0,0.0,0,0.0,0,0.0,0,0.0
3058305,25년도에는 교과서에 찝어주신 문제랑 똑같아 내셨는데 이번엔 아니었어요.,0,0,0,0,0,0,0,0,0,0.0,0,0.0,0,0.0,0,0,0.0,0,0.0,0,0.0,0,0,0.0,0,0.0,0,0.0,0,0,0.0,0,0.0,0,0.0,0,0.0,0,0.0,0,0,0.0,0,0.0,0,0.0,0,0.0,0,0.0
3058306,,0,0,0,0,0,0,0,0,0,0.0,0,0.0,0,0.0,0,0,0.0,0,0.0,0,0.0,0,0,0.0,0,0.0,0,0.0,0,0,0.0,0,0.0,0,0.0,0,0.0,0,0.0,0,0,0.0,0,0.0,0,0.0,0,0.0,0,0.0
3058307,,0,0,0,0,0,0,0,0,0,0.0,0,0.0,0,0.0,0,0,0.0,0,0.0,0,0.0,0,0,0.0,0,0.0,0,0.0,0,0,0.0,0,0.0,0,0.0,0,0.0,0,0.0,0,0,0.0,0,0.0,0,0.0,0,0.0,0,0.0
3058308,,0,0,0,0,0,0,0,0,0,0.0,0,0.0,0,0.0,0,0,0.0,0,0.0,0,0.0,0,0,0.0,0,0.0,0,0.0,0,0,0.0,0,0.0,0,0.0,0,0.0,0,0.0,0,0,0.0,0,0.0,0,0.0,0,0.0,0,0.0
3058309,,0,0,0,0,0,0,0,0,0,0.0,0,0.0,0,0.0,0,0,0.0,0,0.0,0,0.0,0,0,0.0,0,0.0,0,0.0,0,0,0.0,0,0.0,0,0.0,0,0.0,0,0.0,0,0,0.0,0,0.0,0,0.0,0,0.0,0,0.0
3058310,,0,0,0,0,0,0,0,0,0,0.0,0,0.0,0,0.0,0,0,0.0,0,0.0,0,0.0,0,0,0.0,0,0.0,0,0.0,0,0,0.0,0,0.0,0,0.0,0,0.0,0,0.0,0,0,0.0,0,0.0,0,0.0,0,0.0,0,0.0
3058311,,0,0,0,0,0,0,0,0,0,0.0,0,0.0,0,0.0,0,0,0.0,0,0.0,0,0.0,0,0,0.0,0,0.0,0,0.0,0,0,0.0,0,0.0,0,0.0,0,0.0,0,0.0,0,0,0.0,0,0.0,0,0.0,0,0.0,0,0.0
3058312,,0,0,0,0,0,0,0,0,0,0.0,0,0.0,0,0.0,0,0,0.0,0,0.0,0,0.0,0,0,0.0,0,0.0,0,0.0,0,0,0.0,0,0.0,0,0.0,0,0.0,0,0.0,0,0,0.0,0,0.0,0,0.0,0,0.0,0,0.0
3058314,,0,0,0,0,0,0,0,0,0,0.0,0,0.0,0,0.0,0,0,0.0,0,0.0,0,0.0,0,0,0.0,0,0.0,0,0.0,0,0,0.0,0,0.0,0,0.0,0,0.0,0,0.0,0,0,0.0,0,0.0,0,0.0,0,0.0,0,0.0
3058315,,0,0,0,0,0,0,0,0,0,0.0,0,0.0,0,0.0,0,0,0.0,0,0.0,0,0.0,0,0,0.0,0,0.0,0,0.0,0,0,0.0,0,0.0,0,0.0,0,0.0,0,0.0,0,0,0.0,0,0.0,0,0.0,0,0.0,0,0.0
3058317,,0,0,0,0,0,0,0,0,0,0.0,0,0.0,0,0.0,0,0,0.0,0,0.0,0,0.0,0,0,0.0,0,0.0,0,0.0,0,0,0.0,0,0.0,0,0.0,0,0.0,0,0.0,0,0,0.0,0,0.0,0,0.0,0,0.0,0,0.0
3058319,,0,0,0,0,0,0,0,0,0,0.0,0,0.0,0,0.0,0,0,0.0,0,0.0,0,0.0,0,0,0.0,0,0.0,0,0.0,0,0,0.0,0,0.0,0,0.0,0,0.0,0,0.0,0,0,0.0,0,0.0,0,0.0,0,0.0,0,0.0
3058320,,0,0,0,0,0,0,0,0,0,0.0,0,0.0,0,0.0,0,0,0.0,0,0.0,0,0.0,0,0,0.0,0,0.0,0,0.0,0,0,0.0,0,0.0,0,0.0,0,0.0,0,0.0,0,0,0.0,0,0.0,0,0.0,0,0.0,0,0.0
3058322,,5,1,1,0,0,0,0,1,0,0.0,1,1.0,0,0.0,1,0,0.0,1,1.0,0,0.0,1,0,0.0,1,1.0,0,0.0,1,0,0.0,1,1.0,0,0.0,0,0.0,0,0.0,1,1,1.0,0,0.0,0,0.0,0,0.0,0,0.0
3058323,,0,0,0,0,0,0,0,0,0,0.0,0,0.0,0,0.0,0,0,0.0,0,0.0,0,0.0,0,0,0.0,0,0.0,0,0.0,0,0,0.0,0,0.0,0,0.0,0,0.0,0,0.0,0,0,0.0,0,0.0,0,0.0,0,0.0,0,0.0
3058324,,0,0,0,0,0,0,0,0,0,0.0,0,0.0,0,0.0,0,0,0.0,0,0.0,0,0.0,0,0,0.0,0,0.0,0,0.0,0,0,0.0,0,0.0,0,0.0,0,0.0,0,0.0,0,0,0.0,0,0.0,0,0.0,0,0.0,0,0.0
3058325,8주차까지 판서를 총 네 번 진행하셨는데 웬만하면 일찍 가서 앞자리에 앉,3.5,16,5,4,2,4,1,15,6,0.4,9,0.6,0,0.0,15,13,0.866667,2,0.133333,0,0.0,15,2,0.133333,13,0.866667,0,0.0,15,0,0.0,6,0.4,0,0.0,4,0.266667,5,0.333333,15,0,0.0,0,0.0,15,1.0,0,0.0,0,0.0
3058326,걍 외우려하지말고 이해를 해야 돼요 퀴즈랑 어싸 많이 풀어보시고 건너뛰는,5,8,8,0,0,0,0,8,6,0.75,2,0.25,0,0.0,8,8,1.0,0,0.0,0,0.0,8,4,0.5,3,0.375,1,0.125,8,5,0.625,3,0.375,0,0.0,0,0.0,0,0.0,8,0,0.0,0,0.0,6,0.75,0,0.0,2,0.25
3058327,시험은 없고 프로젝트 과제 2개있음 각 35프로,0,0,0,0,0,0,0,0,0,0.0,0,0.0,0,0.0,0,0,0.0,0,0.0,0,0.0,0,0,0.0,0,0.0,0,0.0,0,0,0.0,0,0.0,0,0.0,0,0.0,0,0.0,0,0,0.0,0,0.0,0,0.0,0,0.0,0,0.0
3058328,플립러닝에 수업하신 교안에서 대부분 나옵니다. 응용되는 문제는 아예 없었,4,1,0,1,0,0,0,1,0,0.0,1,1.0,0,0.0,1,0,0.0,1,1.0,0,0.0,1,0,0.0,1,1.0,0,0.0,1,0,0.0,1,1.0,0,0.0,0,0.0,0,0.0,1,0,0.0,0,0.0,1,1.0,0,0.0,0,0.0
3058329,"검정 쪽이 다른 부분에 비해 난이도가 높고 계산이 복잡하기 때문에, 쉬운",4.5,10,6,3,1,0,0,10,0,0.0,1,0.1,9,0.9,10,10,1.0,0,0.0,0,0.0,10,1,0.1,9,0.9,0,0.0,10,1,0.1,9,0.9,0,0.0,0,0.0,0,0.0,10,0,0.0,0,0.0,10,1.0,0,0.0,0,0.0
3058330,퀴즈보다 쉽게 나왔다. 6번 빼고 까다로운 문제가 없었음. 알고리즘을 d,0,0,0,0,0,0,0,0,0,0.0,0,0.0,0,0.0,0,0,0.0,0,0.0,0,0.0,0,0,0.0,0,0.0,0,0.0,0,0,0.0,0,0.0,0,0.0,0,0.0,0,0.0,0,0,0.0,0,0.0,0,0.0,0,0.0,0,0.0
3058332,,5,1,1,0,0,0,0,1,0,0.0,1,1.0,0,0.0,1,1,1.0,0,0.0,0,0.0,1,1,1.0,0,0.0,0,0.0,1,1,1.0,0,0.0,0,0.0,0,0.0,0,0.0,1,1,1.0,0,0.0,0,0.0,0,0.0,0,0.0
3058333,,0,0,0,0,0,0,0,0,0,0.0,0,0.0,0,0.0,0,0,0.0,0,0.0,0,0.0,0,0,0.0,0,0.0,0,0.0,0,0,0.0,0,0.0,0,0.0,0,0.0,0,0.0,0,0,0.0,0,0.0,0,0.0,0,0.0,0,0.0
3058334,,5,2,2,0,0,0,0,2,1,0.5,1,0.5,0,0.0,2,0,0.0,1,0.5,1,0.5,2,0,0.0,2,1.0,0,0.0,2,0,0.0,2,1.0,0,0.0,0,0.0,0,0.0,2,2,1.0,0,0.0,0,0.0,0,0.0,0,0.0
3058335,중간고사 초반에 반영 비율 있었는데 한 2주 전에 없다고 공지 하셨습니다,5,3,3,0,0,0,0,3,0,0.0,2,0.666667,1,0.333333,3,3,1.0,0,0.0,0,0.0,3,3,1.0,0,0.0,0,0.0,3,0,0.0,3,1.0,0,0.0,0,0.0,0,0.0,3,0,0.0,3,1.0,0,0.0,0,0.0,0,0.0
3058336,,0,0,0,0,0,0,0,0,0,0.0,0,0.0,0,0.0,0,0,0.0,0,0.0,0,0.0,0,0,0.0,0,0.0,0,0.0,0,0,0.0,0,0.0,0,0.0,0,0.0,0,0.0,0,0,0.0,0,0.0,0,0.0,0,0.0,0,0.0
3058337,,0,0,0,0,0,0,0,0,0,0.0,0,0.0,0,0.0,0,0,0.0,0,0.0,0,0.0,0,0,0.0,0,0.0,0,0.0,0,0,0.0,0,0.0,0,0.0,0,0.0,0,0.0,0,0,0.0,0,0.0,0,0.0,0,0.0,0,0.0
3058338,그냥 PDF랑 교과서 보고 달달 외우면 됩니다 문제수는 많지만 엄청 쉬워,5,1,1,0,0,0,0,1,0,0.0,1,1.0,0,0.0,1,1,1.0,0,0.0,0,0.0,1,1,1.0,0,0.0,0,0.0,1,0,0.0,0,0.0,0,0.0,0,0.0,1,1.0,1,0,0.0,0,0.0,1,1.0,0,0.0,0,0.0
3058339,교수님이 외우라는 개념을 이해하시면 풀만 합니다,5,1,1,0,0,0,0,1,0,0.0,0,0.0,1,1.0,1,0,0.0,1,1.0,0,0.0,1,1,1.0,0,0.0,0,0.0,1,0,0.0,0,0.0,0,0.0,0,0.0,1,1.0,1,0,0.0,1,1.0,0,0.0,0,0.0,0,0.0
3058340,,5,1,1,0,0,0,0,1,1,1.0,0,0.0,0,0.0,1,0,0.0,1,1.0,0,0.0,1,1,1.0,0,0.0,0,0.0,1,0,0.0,0,0.0,0,0.0,0,0.0,1,1.0,1,0,0.0,0,0.0,1,1.0,0,0.0,0,0.0
3058341,수업 열심히 들으시면 충분히 풀 수 있습니다 주요 용어 많이 외우는 게,5,3,3,0,0,0,0,3,1,0.333333,2,0.666667,0,0.0,3,1,0.333333,2,0.666667,0,0.0,3,3,1.0,0,0.0,0,0.0,3,0,0.0,0,0.0,0,0.0,1,0.333333,2,0.666667,3,0,0.0,0,0.0,3,1.0,0,0.0,0,0.0
3058343,,0,0,0,0,0,0,0,0,0,0.0,0,0.0,0,0.0,0,0,0.0,0,0.0,0,0.0,0,0,0.0,0,0.0,0,0.0,0,0,0.0,0,0.0,0,0.0,0,0.0,0,0.0,0,0,0.0,0,0.0,0,0.0,0,0.0,0,0.0
3058344,,0,0,0,0,0,0,0,0,0,0.0,0,0.0,0,0.0,0,0,0.0,0,0.0,0,0.0,0,0,0.0,0,0.0,0,0.0,0,0,0.0,0,0.0,0,0.0,0,0.0,0,0.0,0,0,0.0,0,0.0,0,0.0,0,0.0,0,0.0
3058345,,5,1,1,0,0,0,0,1,0,0.0,1,1.0,0,0.0,1,0,0.0,1,1.0,0,0.0,1,1,1.0,0,0.0,0,0.0,1,0,0.0,1,1.0,0,0.0,0,0.0,0,0.0,1,1,1.0,0,0.0,0,0.0,0,0.0,0,0.0
3058346,,0,0,0,0,0,0,0,0,0,0.0,0,0.0,0,0.0,0,0,0.0,0,0.0,0,0.0,0,0,0.0,0,0.0,0,0.0,0,0,0.0,0,0.0,0,0.0,0,0.0,0,0.0,0,0,0.0,0,0.0,0,0.0,0,0.0,0,0.0
3058347,,0,0,0,0,0,0,0,0,0,0.0,0,0.0,0,0.0,0,0,0.0,0,0.0,0,0.0,0,0,0.0,0,0.0,0,0.0,0,0,0.0,0,0.0,0,0.0,0,0.0,0,0.0,0,0,0.0,0,0.0,0,0.0,0,0.0,0,0.0
3058348,,0,0,0,0,0,0,0,0,0,0.0,0,0.0,0,0.0,0,0,0.0,0,0.0,0,0.0,0,0,0.0,0,0.0,0,0.0,0,0,0.0,0,0.0,0,0.0,0,0.0,0,0.0,0,0,0.0,0,0.0,0,0.0,0,0.0,0,0.0
3058349,,0,0,0,0,0,0,0,0,0,0.0,0,0.0,0,0.0,0,0,0.0,0,0.0,0,0.0,0,0,0.0,0,0.0,0,0.0,0,0,0.0,0,0.0,0,0.0,0,0.0,0,0.0,0,0,0.0,0,0.0,0,0.0,0,0.0,0,0.0
3058350,,0,0,0,0,0,0,0,0,0,0.0,0,0.0,0,0.0,0,0,0.0,0,0.0,0,0.0,0,0,0.0,0,0.0,0,0.0,0,0,0.0,0,0.0,0,0.0,0,0.0,0,0.0,0,0,0.0,0,0.0,0,0.0,0,0.0,0,0.0
3058351,,0,0,0,0,0,0,0,0,0,0.0,0,0.0,0,0.0,0,0,0.0,0,0.0,0,0.0,0,0,0.0,0,0.0,0,0.0,0,0,0.0,0,0.0,0,0.0,0,0.0,0,0.0,0,0,0.0,0,0.0,0,0.0,0,0.0,0,0.0
3058352,,0,0,0,0,0,0,0,0,0,0.0,0,0.0,0,0.0,0,0,0.0,0,0.0,0,0.0,0,0,0.0,0,0.0,0,0.0,0,0,0.0,0,0.0,0,0.0,0,0.0,0,0.0,0,0,0.0,0,0.0,0,0.0,0,0.0,0,0.0
3058353,,0,0,0,0,0,0,0,0,0,0.0,0,0.0,0,0.0,0,0,0.0,0,0.0,0,0.0,0,0,0.0,0,0.0,0,0.0,0,0,0.0,0,0.0,0,0.0,0,0.0,0,0.0,0,0,0.0,0,0.0,0,0.0,0,0.0,0,0.0
3058354,,0,0,0,0,0,0,0,0,0,0.0,0,0.0,0,0.0,0,0,0.0,0,0.0,0,0.0,0,0,0.0,0,0.0,0,0.0,0,0,0.0,0,0.0,0,0.0,0,0.0,0,0.0,0,0,0.0,0,0.0,0,0.0,0,0.0,0,0.0
3058355,,0,0,0,0,0,0,0,0,0,0.0,0,0.0,0,0.0,0,0,0.0,0,0.0,0,0.0,0,0,0.0,0,0.0,0,0.0,0,0,0.0,0,0.0,0,0.0,0,0.0,0,0.0,0,0,0.0,0,0.0,0,0.0,0,0.0,0,0.0
3058356,,0,0,0,0,0,0,0,0,0,0.0,0,0.0,0,0.0,0,0,0.0,0,0.0,0,0.0,0,0,0.0,0,0.0,0,0.0,0,0,0.0,0,0.0,0,0.0,0,0.0,0,0.0,0,0,0.0,0,0.0,0,0.0,0,0.0,0,0.0
3058357,,0,0,0,0,0,0,0,0,0,0.0,0,0.0,0,0.0,0,0,0.0,0,0.0,0,0.0,0,0,0.0,0,0.0,0,0.0,0,0,0.0,0,0.0,0,0.0,0,0.0,0,0.0,0,0,0.0,0,0.0,0,0.0,0,0.0,0,0.0
3058358,,0,0,0,0,0,0,0,0,0,0.0,0,0.0,0,0.0,0,0,0.0,0,0.0,0,0.0,0,0,0.0,0,0.0,0,0.0,0,0,0.0,0,0.0,0,0.0,0,0.0,0,0.0,0,0,0.0,0,0.0,0,0.0,0,0.0,0,0.0
3058359,,4,1,0,1,0,0,0,1,1,1.0,0,0.0,0,0.0,1,1,1.0,0,0.0,0,0.0,1,0,0.0,1,1.0,0,0.0,1,0,0.0,0,0.0,0,0.0,0,0.0,1,1.0,1,0,0.0,0,0.0,1,1.0,0,0.0,0,0.0
3058360,,0,0,0,0,0,0,0,0,0,0.0,0,0.0,0,0.0,0,0,0.0,0,0.0,0,0.0,0,0,0.0,0,0.0,0,0.0,0,0,0.0,0,0.0,0,0.0,0,0.0,0,0.0,0,0,0.0,0,0.0,0,0.0,0,0.0,0,0.0
3058361,,0,0,0,0,0,0,0,0,0,0.0,0,0.0,0,0.0,0,0,0.0,0,0.0,0,0.0,0,0,0.0,0,0.0,0,0.0,0,0,0.0,0,0.0,0,0.0,0,0.0,0,0.0,0,0,0.0,0,0.0,0,0.0,0,0.0,0,0.0
3058362,,0,0,0,0,0,0,0,0,0,0.0,0,0.0,0,0.0,0,0,0.0,0,0.0,0,0.0,0,0,0.0,0,0.0,0,0.0,0,0,0.0,0,0.0,0,0.0,0,0.0,0,0.0,0,0,0.0,0,0.0,0,0.0,0,0.0,0,0.0
3058363,Keyword Combination Graphics 프로젝트를 진행합니다,0,0,0,0,0,0,0,0,0,0.0,0,0.0,0,0.0,0,0,0.0,0,0.0,0,0.0,0,0,0.0,0,0.0,0,0.0,0,0,0.0,0,0.0,0,0.0,0,0.0,0,0.0,0,0,0.0,0,0.0,0,0.0,0,0.0,0,0.0
3058365,,4,1,0,1,0,0,0,1,0,0.0,1,1.0,0,0.0,1,0,0.0,0,0.0,1,1.0,1,0,0.0,0,0.0,1,1.0,1,0,0.0,1,1.0,0,0.0,0,0.0,0,0.0,1,0,0.0,0,0.0,0,0.0,0,0.0,1,1.0
3058366,,0,0,0,0,0,0,0,0,0,0.0,0,0.0,0,0.0,0,0,0.0,0,0.0,0,0.0,0,0,0.0,0,0.0,0,0.0,0,0,0.0,0,0.0,0,0.0,0,0.0,0,0.0,0,0,0.0,0,0.0,0,0.0,0,0.0,0,0.0
3058367,"절대평가이고, 과제 제출이라 큰 부담은 없습니다! 국제어 수업이지만, 한",0,0,0,0,0,0,0,0,0,0.0,0,0.0,0,0.0,0,0,0.0,0,0.0,0,0.0,0,0,0.0,0,0.0,0,0.0,0,0,0.0,0,0.0,0,0.0,0,0.0,0,0.0,0,0,0.0,0,0.0,0,0.0,0,0.0,0,0.0
3058368,,0,0,0,0,0,0,0,0,0,0.0,0,0.0,0,0.0,0,0,0.0,0,0.0,0,0.0,0,0,0.0,0,0.0,0,0.0,0,0,0.0,0,0.0,0,0.0,0,0.0,0,0.0,0,0,0.0,0,0.0,0,0.0,0,0.0,0,0.0
3058369,,0,0,0,0,0,0,0,0,0,0.0,0,0.0,0,0.0,0,0,0.0,0,0.0,0,0.0,0,0,0.0,0,0.0,0,0.0,0,0,0.0,0,0.0,0,0.0,0,0.0,0,0.0,0,0,0.0,0,0.0,0,0.0,0,0.0,0,0.0
3058370,,0,0,0,0,0,0,0,0,0,0.0,0,0.0,0,0.0,0,0,0.0,0,0.0,0,0.0,0,0,0.0,0,0.0,0,0.0,0,0,0.0,0,0.0,0,0.0,0,0.0,0,0.0,0,0,0.0,0,0.0,0,0.0,0,0.0,0,0.0
3058371,,0,0,0,0,0,0,0,0,0,0.0,0,0.0,0,0.0,0,0,0.0,0,0.0,0,0.0,0,0,0.0,0,0.0,0,0.0,0,0,0.0,0,0.0,0,0.0,0,0.0,0,0.0,0,0,0.0,0,0.0,0,0.0,0,0.0,0,0.0
3058374,,0,0,0,0,0,0,0,0,0,0.0,0,0.0,0,0.0,0,0,0.0,0,0.0,0,0.0,0,0,0.0,0,0.0,0,0.0,0,0,0.0,0,0.0,0,0.0,0,0.0,0,0.0,0,0,0.0,0,0.0,0,0.0,0,0.0,0,0.0
3058375,,0,0,0,0,0,0,0,0,0,0.0,0,0.0,0,0.0,0,0,0.0,0,0.0,0,0.0,0,0,0.0,0,0.0,0,0.0,0,0,0.0,0,0.0,0,0.0,0,0.0,0,0.0,0,0,0.0,0,0.0,0,0.0,0,0.0,0,0.0
3058376,,0,0,0,0,0,0,0,0,0,0.0,0,0.0,0,0.0,0,0,0.0,0,0.0,0,0.0,0,0,0.0,0,0.0,0,0.0,0,0,0.0,0,0.0,0,0.0,0,0.0,0,0.0,0,0,0.0,0,0.0,0,0.0,0,0.0,0,0.0
3058377,,0,0,0,0,0,0,0,0,0,0.0,0,0.0,0,0.0,0,0,0.0,0,0.0,0,0.0,0,0,0.0,0,0.0,0,0.0,0,0,0.0,0,0.0,0,0.0,0,0.0,0,0.0,0,0,0.0,0,0.0,0,0.0,0,0.0,0,0.0
3058378,,0,0,0,0,0,0,0,0,0,0.0,0,0.0,0,0.0,0,0,0.0,0,0.0,0,0.0,0,0,0.0,0,0.0,0,0.0,0,0,0.0,0,0.0,0,0.0,0,0.0,0,0.0,0,0,0.0,0,0.0,0,0.0,0,0.0,0,0.0
3058380,,0,0,0,0,0,0,0,0,0,0.0,0,0.0,0,0.0,0,0,0.0,0,0.0,0,0.0,0,0,0.0,0,0.0,0,0.0,0,0,0.0,0,0.0,0,0.0,0,0.0,0,0.0,0,0,0.0,0,0.0,0,0.0,0,0.0,0,0.0
3058381,,0,0,0,0,0,0,0,0,0,0.0,0,0.0,0,0.0,0,0,0.0,0,0.0,0,0.0,0,0,0.0,0,0.0,0,0.0,0,0,0.0,0,0.0,0,0.0,0,0.0,0,0.0,0,0,0.0,0,0.0,0,0.0,0,0.0,0,0.0
3058383,,0,0,0,0,0,0,0,0,0,0.0,0,0.0,0,0.0,0,0,0.0,0,0.0,0,0.0,0,0,0.0,0,0.0,0,0.0,0,0,0.0,0,0.0,0,0.0,0,0.0,0,0.0,0,0,0.0,0,0.0,0,0.0,0,0.0,0,0.0
3058384,,0,0,0,0,0,0,0,0,0,0.0,0,0.0,0,0.0,0,0,0.0,0,0.0,0,0.0,0,0,0.0,0,0.0,0,0.0,0,0,0.0,0,0.0,0,0.0,0,0.0,0,0.0,0,0,0.0,0,0.0,0,0.0,0,0.0,0,0.0
3058385,,0,0,0,0,0,0,0,0,0,0.0,0,0.0,0,0.0,0,0,0.0,0,0.0,0,0.0,0,0,0.0,0,0.0,0,0.0,0,0,0.0,0,0.0,0,0.0,0,0.0,0,0.0,0,0,0.0,0,0.0,0,0.0,0,0.0,0,0.0
3058386,,0,0,0,0,0,0,0,0,0,0.0,0,0.0,0,0.0,0,0,0.0,0,0.0,0,0.0,0,0,0.0,0,0.0,0,0.0,0,0,0.0,0,0.0,0,0.0,0,0.0,0,0.0,0,0,0.0,0,0.0,0,0.0,0,0.0,0,0.0
3058388,,0,0,0,0,0,0,0,0,0,0.0,0,0.0,0,0.0,0,0,0.0,0,0.0,0,0.0,0,0,0.0,0,0.0,0,0.0,0,0,0.0,0,0.0,0,0.0,0,0.0,0,0.0,0,0,0.0,0,0.0,0,0.0,0,0.0,0,0.0
3058389,,0,0,0,0,0,0,0,0,0,0.0,0,0.0,0,0.0,0,0,0.0,0,0.0,0,0.0,0,0,0.0,0,0.0,0,0.0,0,0,0.0,0,0.0,0,0.0,0,0.0,0,0.0,0,0,0.0,0,0.0,0,0.0,0,0.0,0,0.0
3058390,,0,0,0,0,0,0,0,0,0,0.0,0,0.0,0,0.0,0,0,0.0,0,0.0,0,0.0,0,0,0.0,0,0.0,0,0.0,0,0,0.0,0,0.0,0,0.0,0,0.0,0,0.0,0,0,0.0,0,0.0,0,0.0,0,0.0,0,0.0
3058391,,0,0,0,0,0,0,0,0,0,0.0,0,0.0,0,0.0,0,0,0.0,0,0.0,0,0.0,0,0,0.0,0,0.0,0,0.0,0,0,0.0,0,0.0,0,0.0,0,0.0,0,0.0,0,0,0.0,0,0.0,0,0.0,0,0.0,0,0.0
3058392,,0,0,0,0,0,0,0,0,0,0.0,0,0.0,0,0.0,0,0,0.0,0,0.0,0,0.0,0,0,0.0,0,0.0,0,0.0,0,0,0.0,0,0.0,0,0.0,0,0.0,0,0.0,0,0,0.0,0,0.0,0,0.0,0,0.0,0,0.0
3058394,,0,0,0,0,0,0,0,0,0,0.0,0,0.0,0,0.0,0,0,0.0,0,0.0,0,0.0,0,0,0.0,0,0.0,0,0.0,0,0,0.0,0,0.0,0,0.0,0,0.0,0,0.0,0,0,0.0,0,0.0,0,0.0,0,0.0,0,0.0
3058397,,0,0,0,0,0,0,0,0,0,0.0,0,0.0,0,0.0,0,0,0.0,0,0.0,0,0.0,0,0,0.0,0,0.0,0,0.0,0,0,0.0,0,0.0,0,0.0,0,0.0,0,0.0,0,0,0.0,0,0.0,0,0.0,0,0.0,0,0.0
3058398,시험없어용 손쌤최고 다른 수업 티켓 받을려고 글써용 머라쓰지 머라쓰지머라,5,1,1,0,0,0,0,1,0,0.0,0,0.0,1,1.0,1,1,1.0,0,0.0,0,0.0,1,1,1.0,0,0.0,0,0.0,1,0,0.0,0,0.0,0,0.0,1,1.0,0,0.0,1,1,1.0,0,0.0,0,0.0,0,0.0,0,0.0
3058399,,0,0,0,0,0,0,0,0,0,0.0,0,0.0,0,0.0,0,0,0.0,0,0.0,0,0.0,0,0,0.0,0,0.0,0,0.0,0,0,0.0,0,0.0,0,0.0,0,0.0,0,0.0,0,0,0.0,0,0.0,0,0.0,0,0.0,0,0.0
3058400,,0,0,0,0,0,0,0,0,0,0.0,0,0.0,0,0.0,0,0,0.0,0,0.0,0,0.0,0,0,0.0,0,0.0,0,0.0,0,0,0.0,0,0.0,0,0.0,0,0.0,0,0.0,0,0,0.0,0,0.0,0,0.0,0,0.0,0,0.0
3058401,,0,0,0,0,0,0,0,0,0,0.0,0,0.0,0,0.0,0,0,0.0,0,0.0,0,0.0,0,0,0.0,0,0.0,0,0.0,0,0,0.0,0,0.0,0,0.0,0,0.0,0,0.0,0,0,0.0,0,0.0,0,0.0,0,0.0,0,0.0
3058402,,0,0,0,0,0,0,0,0,0,0.0,0,0.0,0,0.0,0,0,0.0,0,0.0,0,0.0,0,0,0.0,0,0.0,0,0.0,0,0,0.0,0,0.0,0,0.0,0,0.0,0,0.0,0,0,0.0,0,0.0,0,0.0,0,0.0,0,0.0
3058403,,0,0,0,0,0,0,0,0,0,0.0,0,0.0,0,0.0,0,0,0.0,0,0.0,0,0.0,0,0,0.0,0,0.0,0,0.0,0,0,0.0,0,0.0,0,0.0,0,0.0,0,0.0,0,0,0.0,0,0.0,0,0.0,0,0.0,0,0.0
3058404,,0,0,0,0,0,0,0,0,0,0.0,0,0.0,0,0.0,0,0,0.0,0,0.0,0,0.0,0,0,0.0,0,0.0,0,0.0,0,0,0.0,0,0.0,0,0.0,0,0.0,0,0.0,0,0,0.0,0,0.0,0,0.0,0,0.0,0,0.0
3058405,,0,0,0,0,0,0,0,0,0,0.0,0,0.0,0,0.0,0,0,0.0,0,0.0,0,0.0,0,0,0.0,0,0.0,0,0.0,0,0,0.0,0,0.0,0,0.0,0,0.0,0,0.0,0,0,0.0,0,0.0,0,0.0,0,0.0,0,0.0
3058406,,0,0,0,0,0,0,0,0,0,0.0,0,0.0,0,0.0,0,0,0.0,0,0.0,0,0.0,0,0,0.0,0,0.0,0,0.0,0,0,0.0,0,0.0,0,0.0,0,0.0,0,0.0,0,0,0.0,0,0.0,0,0.0,0,0.0,0,0.0
3058407,,0,0,0,0,0,0,0,0,0,0.0,0,0.0,0,0.0,0,0,0.0,0,0.0,0,0.0,0,0,0.0,0,0.0,0,0.0,0,0,0.0,0,0.0,0,0.0,0,0.0,0,0.0,0,0,0.0,0,0.0,0,0.0,0,0.0,0,0.0
3058408,,0,0,0,0,0,0,0,0,0,0.0,0,0.0,0,0.0,0,0,0.0,0,0.0,0,0.0,0,0,0.0,0,0.0,0,0.0,0,0,0.0,0,0.0,0,0.0,0,0.0,0,0.0,0,0,0.0,0,0.0,0,0.0,0,0.0,0,0.0
3058409,,0,0,0,0,0,0,0,0,0,0.0,0,0.0,0,0.0,0,0,0.0,0,0.0,0,0.0,0,0,0.0,0,0.0,0,0.0,0,0,0.0,0,0.0,0,0.0,0,0.0,0,0.0,0,0,0.0,0,0.0,0,0.0,0,0.0,0,0.0
3058410,,0,0,0,0,0,0,0,0,0,0.0,0,0.0,0,0.0,0,0,0.0,0,0.0,0,0.0,0,0,0.0,0,0.0,0,0.0,0,0,0.0,0,0.0,0,0.0,0,0.0,0,0.0,0,0,0.0,0,0.0,0,0.0,0,0.0,0,0.0
3058411,교안 분량이 매우 많지만 수업 중에 어떤게 시험에 나올지 대략적으로 알려,0,0,0,0,0,0,0,0,0,0.0,0,0.0,0,0.0,0,0,0.0,0,0.0,0,0.0,0,0,0.0,0,0.0,0,0.0,0,0,0.0,0,0.0,0,0.0,0,0.0,0,0.0,0,0,0.0,0,0.0,0,0.0,0,0.0,0,0.0
3058412,,0,0,0,0,0,0,0,0,0,0.0,0,0.0,0,0.0,0,0,0.0,0,0.0,0,0.0,0,0,0.0,0,0.0,0,0.0,0,0,0.0,0,0.0,0,0.0,0,0.0,0,0.0,0,0,0.0,0,0.0,0,0.0,0,0.0,0,0.0
3058414,,0,0,0,0,0,0,0,0,0,0.0,0,0.0,0,0.0,0,0,0.0,0,0.0,0,0.0,0,0,0.0,0,0.0,0,0.0,0,0,0.0,0,0.0,0,0.0,0,0.0,0,0.0,0,0,0.0,0,0.0,0,0.0,0,0.0,0,0.0
3058419,,0,0,0,0,0,0,0,0,0,0.0,0,0.0,0,0.0,0,0,0.0,0,0.0,0,0.0,0,0,0.0,0,0.0,0,0.0,0,0,0.0,0,0.0,0,0.0,0,0.0,0,0.0,0,0,0.0,0,0.0,0,0.0,0,0.0,0,0.0
3058420,,0,0,0,0,0,0,0,0,0,0.0,0,0.0,0,0.0,0,0,0.0,0,0.0,0,0.0,0,0,0.0,0,0.0,0,0.0,0,0,0.0,0,0.0,0,0.0,0,0.0,0,0.0,0,0,0.0,0,0.0,0,0.0,0,0.0,0,0.0
3058421,,0,0,0,0,0,0,0,0,0,0.0,0,0.0,0,0.0,0,0,0.0,0,0.0,0,0.0,0,0,0.0,0,0.0,0,0.0,0,0,0.0,0,0.0,0,0.0,0,0.0,0,0.0,0,0,0.0,0,0.0,0,0.0,0,0.0,0,0.0
3058425,,0,0,0,0,0,0,0,0,0,0.0,0,0.0,0,0.0,0,0,0.0,0,0.0,0,0.0,0,0,0.0,0,0.0,0,0.0,0,0,0.0,0,0.0,0,0.0,0,0.0,0,0.0,0,0,0.0,0,0.0,0,0.0,0,0.0,0,0.0
3058426,,0,0,0,0,0,0,0,0,0,0.0,0,0.0,0,0.0,0,0,0.0,0,0.0,0,0.0,0,0,0.0,0,0.0,0,0.0,0,0,0.0,0,0.0,0,0.0,0,0.0,0,0.0,0,0,0.0,0,0.0,0,0.0,0,0.0,0,0.0
3058428,,0,0,0,0,0,0,0,0,0,0.0,0,0.0,0,0.0,0,0,0.0,0,0.0,0,0.0,0,0,0.0,0,0.0,0,0.0,0,0,0.0,0,0.0,0,0.0,0,0.0,0,0.0,0,0,0.0,0,0.0,0,0.0,0,0.0,0,0.0
3058429,핵심개념들이 무슨 의미인지만 알면됨 세부적인거 단순암기하는게 아니라 전체,0,0,0,0,0,0,0,0,0,0.0,0,0.0,0,0.0,0,0,0.0,0,0.0,0,0.0,0,0,0.0,0,0.0,0,0.0,0,0,0.0,0,0.0,0,0.0,0,0.0,0,0.0,0,0,0.0,0,0.0,0,0.0,0,0.0,0,0.0
3058433,중간고사 범위에 대해 적어주시는 페이지를 잘보시면됨 딱 적어주신 내용만,0,0,0,0,0,0,0,0,0,0.0,0,0.0,0,0.0,0,0,0.0,0,0.0,0,0.0,0,0,0.0,0,0.0,0,0.0,0,0,0.0,0,0.0,0,0.0,0,0.0,0,0.0,0,0,0.0,0,0.0,0,0.0,0,0.0,0,0.0
3058434,,0,0,0,0,0,0,0,0,0,0.0,0,0.0,0,0.0,0,0,0.0,0,0.0,0,0.0,0,0,0.0,0,0.0,0,0.0,0,0,0.0,0,0.0,0,0.0,0,0.0,0,0.0,0,0,0.0,0,0.0,0,0.0,0,0.0,0,0.0
3058435,,0,0,0,0,0,0,0,0,0,0.0,0,0.0,0,0.0,0,0,0.0,0,0.0,0,0.0,0,0,0.0,0,0.0,0,0.0,0,0,0.0,0,0.0,0,0.0,0,0.0,0,0.0,0,0,0.0,0,0.0,0,0.0,0,0.0,0,0.0
3058436,,0,0,0,0,0,0,0,0,0,0.0,0,0.0,0,0.0,0,0,0.0,0,0.0,0,0.0,0,0,0.0,0,0.0,0,0.0,0,0,0.0,0,0.0,0,0.0,0,0.0,0,0.0,0,0,0.0,0,0.0,0,0.0,0,0.0,0,0.0
3058437,,0,0,0,0,0,0,0,0,0,0.0,0,0.0,0,0.0,0,0,0.0,0,0.0,0,0.0,0,0,0.0,0,0.0,0,0.0,0,0,0.0,0,0.0,0,0.0,0,0.0,0,0.0,0,0,0.0,0,0.0,0,0.0,0,0.0,0,0.0
3058438,,0,0,0,0,0,0,0,0,0,0.0,0,0.0,0,0.0,0,0,0.0,0,0.0,0,0.0,0,0,0.0,0,0.0,0,0.0,0,0,0.0,0,0.0,0,0.0,0,0.0,0,0.0,0,0,0.0,0,0.0,0,0.0,0,0.0,0,0.0
3058439,,0,0,0,0,0,0,0,0,0,0.0,0,0.0,0,0.0,0,0,0.0,0,0.0,0,0.0,0,0,0.0,0,0.0,0,0.0,0,0,0.0,0,0.0,0,0.0,0,0.0,0,0.0,0,0,0.0,0,0.0,0,0.0,0,0.0,0,0.0
3058442,대체 과제임 연회의 기쁨을 예로 들어서 그러한 기쁨을 얻기 위해 겸손,0,0,0,0,0,0,0,0,0,0.0,0,0.0,0,0.0,0,0,0.0,0,0.0,0,0.0,0,0,0.0,0,0.0,0,0.0,0,0,0.0,0,0.0,0,0.0,0,0.0,0,0.0,0,0,0.0,0,0.0,0,0.0,0,0.0,0,0.0
3058443,,0,0,0,0,0,0,0,0,0,0.0,0,0.0,0,0.0,0,0,0.0,0,0.0,0,0.0,0,0,0.0,0,0.0,0,0.0,0,0,0.0,0,0.0,0,0.0,0,0.0,0,0.0,0,0,0.0,0,0.0,0,0.0,0,0.0,0,0.0
3058444,,5,1,1,0,0,0,0,1,1,1.0,0,0.0,0,0.0,1,1,1.0,0,0.0,0,0.0,1,0,0.0,1,1.0,0,0.0,1,0,0.0,0,0.0,0,0.0,1,1.0,0,0.0,1,0,0.0,1,1.0,0,0.0,0,0.0,0,0.0
3058446,,0,0,0,0,0,0,0,0,0,0.0,0,0.0,0,0.0,0,0,0.0,0,0.0,0,0.0,0,0,0.0,0,0.0,0,0.0,0,0,0.0,0,0.0,0,0.0,0,0.0,0,0.0,0,0,0.0,0,0.0,0,0.0,0,0.0,0,0.0
3058447,,0,0,0,0,0,0,0,0,0,0.0,0,0.0,0,0.0,0,0,0.0,0,0.0,0,0.0,0,0,0.0,0,0.0,0,0.0,0,0,0.0,0,0.0,0,0.0,0,0.0,0,0.0,0,0,0.0,0,0.0,0,0.0,0,0.0,0,0.0
3058449,,0,0,0,0,0,0,0,0,0,0.0,0,0.0,0,0.0,0,0,0.0,0,0.0,0,0.0,0,0,0.0,0,0.0,0,0.0,0,0,0.0,0,0.0,0,0.0,0,0.0,0,0.0,0,0,0.0,0,0.0,0,0.0,0,0.0,0,0.0
3058450,,0,0,0,0,0,0,0,0,0,0.0,0,0.0,0,0.0,0,0,0.0,0,0.0,0,0.0,0,0,0.0,0,0.0,0,0.0,0,0,0.0,0,0.0,0,0.0,0,0.0,0,0.0,0,0,0.0,0,0.0,0,0.0,0,0.0,0,0.0
3058452,,0,0,0,0,0,0,0,0,0,0.0,0,0.0,0,0.0,0,0,0.0,0,0.0,0,0.0,0,0,0.0,0,0.0,0,0.0,0,0,0.0,0,0.0,0,0.0,0,0.0,0,0.0,0,0,0.0,0,0.0,0,0.0,0,0.0,0,0.0
3058453,,0,0,0,0,0,0,0,0,0,0.0,0,0.0,0,0.0,0,0,0.0,0,0.0,0,0.0,0,0,0.0,0,0.0,0,0.0,0,0,0.0,0,0.0,0,0.0,0,0.0,0,0.0,0,0,0.0,0,0.0,0,0.0,0,0.0,0,0.0
3058454,,0,0,0,0,0,0,0,0,0,0.0,0,0.0,0,0.0,0,0,0.0,0,0.0,0,0.0,0,0,0.0,0,0.0,0,0.0,0,0,0.0,0,0.0,0,0.0,0,0.0,0,0.0,0,0,0.0,0,0.0,0,0.0,0,0.0,0,0.0
3058455,,0,0,0,0,0,0,0,0,0,0.0,0,0.0,0,0.0,0,0,0.0,0,0.0,0,0.0,0,0,0.0,0,0.0,0,0.0,0,0,0.0,0,0.0,0,0.0,0,0.0,0,0.0,0,0,0.0,0,0.0,0,0.0,0,0.0,0,0.0
3058456,,0,0,0,0,0,0,0,0,0,0.0,0,0.0,0,0.0,0,0,0.0,0,0.0,0,0.0,0,0,0.0,0,0.0,0,0.0,0,0,0.0,0,0.0,0,0.0,0,0.0,0,0.0,0,0,0.0,0,0.0,0,0.0,0,0.0,0,0.0
3058461,,0,0,0,0,0,0,0,0,0,0.0,0,0.0,0,0.0,0,0,0.0,0,0.0,0,0.0,0,0,0.0,0,0.0,0,0.0,0,0,0.0,0,0.0,0,0.0,0,0.0,0,0.0,0,0,0.0,0,0.0,0,0.0,0,0.0,0,0.0
3058462,,0,0,0,0,0,0,0,0,0,0.0,0,0.0,0,0.0,0,0,0.0,0,0.0,0,0.0,0,0,0.0,0,0.0,0,0.0,0,0,0.0,0,0.0,0,0.0,0,0.0,0,0.0,0,0,0.0,0,0.0,0,0.0,0,0.0,0,0.0
3058463,,0,0,0,0,0,0,0,0,0,0.0,0,0.0,0,0.0,0,0,0.0,0,0.0,0,0.0,0,0,0.0,0,0.0,0,0.0,0,0,0.0,0,0.0,0,0.0,0,0.0,0,0.0,0,0,0.0,0,0.0,0,0.0,0,0.0,0,0.0
3058464,,0,0,0,0,0,0,0,0,0,0.0,0,0.0,0,0.0,0,0,0.0,0,0.0,0,0.0,0,0,0.0,0,0.0,0,0.0,0,0,0.0,0,0.0,0,0.0,0,0.0,0,0.0,0,0,0.0,0,0.0,0,0.0,0,0.0,0,0.0
3058465,,0,0,0,0,0,0,0,0,0,0.0,0,0.0,0,0.0,0,0,0.0,0,0.0,0,0.0,0,0,0.0,0,0.0,0,0.0,0,0,0.0,0,0.0,0,0.0,0,0.0,0,0.0,0,0,0.0,0,0.0,0,0.0,0,0.0,0,0.0
3058466,,0,0,0,0,0,0,0,0,0,0.0,0,0.0,0,0.0,0,0,0.0,0,0.0,0,0.0,0,0,0.0,0,0.0,0,0.0,0,0,0.0,0,0.0,0,0.0,0,0.0,0,0.0,0,0,0.0,0,0.0,0,0.0,0,0.0,0,0.0
3058468,회로도 자체는 분명 교안에서 봤던 것들인데 왤케 안풀렸는지 모르겠네요 어,3.75,8,4,2,0,0,2,8,6,0.75,0,0.0,2,0.25,8,7,0.875,0,0.0,1,0.125,8,4,0.5,3,0.375,1,0.125,8,2,0.25,4,0.5,0,0.0,1,0.125,1,0.125,8,0,0.0,0,0.0,6,0.75,2,0.25,0,0.0
3058469,문제가 말도 안되게 어렵게 나옵니다. 계산도 지저분해서 평소에 공학용 계,4,1,0,1,0,0,0,1,1,1.0,0,0.0,0,0.0,1,1,1.0,0,0.0,0,0.0,1,1,1.0,0,0.0,0,0.0,1,0,0.0,1,1.0,0,0.0,0,0.0,0,0.0,1,0,0.0,0,0.0,1,1.0,0,0.0,0,0.0
3058470,"T/F, 다지선다, 서술형 두문제 나옵니다. 계산 수준도 수업시간에 하는",2.89,9,2,0,3,3,1,9,8,0.888889,1,0.111111,0,0.0,9,8,0.888889,1,0.111111,0,0.0,9,1,0.111111,8,0.888889,0,0.0,9,1,0.111111,7,0.777778,0,0.0,1,0.111111,0,0.0,9,0,0.0,0,0.0,9,1.0,0,0.0,0,0.0
3058472,,0,0,0,0,0,0,0,0,0,0.0,0,0.0,0,0.0,0,0,0.0,0,0.0,0,0.0,0,0,0.0,0,0.0,0,0.0,0,0,0.0,0,0.0,0,0.0,0,0.0,0,0.0,0,0,0.0,0,0.0,0,0.0,0,0.0,0,0.0
3058473,,0,0,0,0,0,0,0,0,0,0.0,0,0.0,0,0.0,0,0,0.0,0,0.0,0,0.0,0,0,0.0,0,0.0,0,0.0,0,0,0.0,0,0.0,0,0.0,0,0.0,0,0.0,0,0,0.0,0,0.0,0,0.0,0,0.0,0,0.0
3058474,,0,0,0,0,0,0,0,0,0,0.0,0,0.0,0,0.0,0,0,0.0,0,0.0,0,0.0,0,0,0.0,0,0.0,0,0.0,0,0,0.0,0,0.0,0,0.0,0,0.0,0,0.0,0,0,0.0,0,0.0,0,0.0,0,0.0,0,0.0
3058475,,0,0,0,0,0,0,0,0,0,0.0,0,0.0,0,0.0,0,0,0.0,0,0.0,0,0.0,0,0,0.0,0,0.0,0,0.0,0,0,0.0,0,0.0,0,0.0,0,0.0,0,0.0,0,0,0.0,0,0.0,0,0.0,0,0.0,0,0.0
3058476,"단답형은 지엽적인 부분 안 나왔고, 서술형은 생각보다 꼼꼼히 안 본 부분",5,1,1,0,0,0,0,1,1,1.0,0,0.0,0,0.0,1,1,1.0,0,0.0,0,0.0,1,1,1.0,0,0.0,0,0.0,1,0,0.0,0,0.0,0,0.0,1,1.0,0,0.0,1,0,0.0,0,0.0,1,1.0,0,0.0,0,0.0
3058477,,5,1,1,0,0,0,0,1,0,0.0,1,1.0,0,0.0,1,0,0.0,1,1.0,0,0.0,1,0,0.0,1,1.0,0,0.0,1,0,0.0,0,0.0,0,0.0,1,1.0,0,0.0,1,0,0.0,1,1.0,0,0.0,0,0.0,0,0.0
3058478,Ox . 단답형. 서술형. 2개의 응용문제 다양하게 출제됩니다! 언,5,2,2,0,0,0,0,2,2,1.0,0,0.0,0,0.0,2,1,0.5,1,0.5,0,0.0,2,0,0.0,2,1.0,0,0.0,2,0,0.0,0,0.0,0,0.0,2,1.0,0,0.0,2,0,0.0,0,0.0,2,1.0,0,0.0,0,0.0
3058479,,0,0,0,0,0,0,0,0,0,0.0,0,0.0,0,0.0,0,0,0.0,0,0.0,0,0.0,0,0,0.0,0,0.0,0,0.0,0,0,0.0,0,0.0,0,0.0,0,0.0,0,0.0,0,0,0.0,0,0.0,0,0.0,0,0.0,0,0.0
3058480,어렵게 나왔습니다. (평균 34점) 저는 프렐라이 책에서 theory섹션,5,2,2,0,0,0,0,2,2,1.0,0,0.0,0,0.0,2,2,1.0,0,0.0,0,0.0,2,0,0.0,2,1.0,0,0.0,2,0,0.0,2,1.0,0,0.0,0,0.0,0,0.0,2,0,0.0,0,0.0,2,1.0,0,0.0,0,0.0
3058481,,0,0,0,0,0,0,0,0,0,0.0,0,0.0,0,0.0,0,0,0.0,0,0.0,0,0.0,0,0,0.0,0,0.0,0,0.0,0,0,0.0,0,0.0,0,0.0,0,0.0,0,0.0,0,0,0.0,0,0.0,0,0.0,0,0.0,0,0.0
3058482,,0,0,0,0,0,0,0,0,0,0.0,0,0.0,0,0.0,0,0,0.0,0,0.0,0,0.0,0,0,0.0,0,0.0,0,0.0,0,0,0.0,0,0.0,0,0.0,0,0.0,0,0.0,0,0,0.0,0,0.0,0,0.0,0,0.0,0,0.0
3058483,교수님이 찝어주신 문제에서만 나왔어요. 거의 mechanism이 나오니까,5,1,1,0,0,0,0,1,1,1.0,0,0.0,0,0.0,1,1,1.0,0,0.0,0,0.0,1,1,1.0,0,0.0,0,0.0,1,0,0.0,1,1.0,0,0.0,0,0.0,0,0.0,1,0,0.0,0,0.0,1,1.0,0,0.0,0,0.0
3058484,,5,1,1,0,0,0,0,1,0,0.0,1,1.0,0,0.0,1,1,1.0,0,0.0,0,0.0,1,0,0.0,1,1.0,0,0.0,1,0,0.0,1,1.0,0,0.0,0,0.0,0,0.0,1,0,0.0,0,0.0,1,1.0,0,0.0,0,0.0
3058485,,0,0,0,0,0,0,0,0,0,0.0,0,0.0,0,0.0,0,0,0.0,0,0.0,0,0.0,0,0,0.0,0,0.0,0,0.0,0,0,0.0,0,0.0,0,0.0,0,0.0,0,0.0,0,0,0.0,0,0.0,0,0.0,0,0.0,0,0.0
3058486,시험이 그렇게 난이도 있게 나오진 않는거 같습니다 교수님께서 말씀하신 내,5,2,2,0,0,0,0,2,2,1.0,0,0.0,0,0.0,2,2,1.0,0,0.0,0,0.0,2,1,0.5,1,0.5,0,0.0,2,0,0.0,2,1.0,0,0.0,0,0.0,0,0.0,2,0,0.0,0,0.0,2,1.0,0,0.0,0,0.0
3058487,개인적으로는 시험 시간이 많이 부족하게 느껴졌습니다 첫장에는 개념 문제,3.85,13,7,2,0,3,1,13,0,0.0,13,1.0,0,0.0,13,12,0.923077,1,0.076923,0,0.0,13,1,0.076923,12,0.923077,0,0.0,13,0,0.0,4,0.307692,0,0.0,4,0.307692,5,0.384615,13,0,0.0,0,0.0,13,1.0,0,0.0,0,0.0
3058488,,0,0,0,0,0,0,0,0,0,0.0,0,0.0,0,0.0,0,0,0.0,0,0.0,0,0.0,0,0,0.0,0,0.0,0,0.0,0,0,0.0,0,0.0,0,0.0,0,0.0,0,0.0,0,0,0.0,0,0.0,0,0.0,0,0.0,0,0.0
3058489,"수업시간에 나온다고 한 내용 중에서 주로 나옴. 식 유도, 계산, 개념",4.67,3,2,1,0,0,0,3,0,0.0,2,0.666667,1,0.333333,3,2,0.666667,1,0.333333,0,0.0,3,1,0.333333,2,0.666667,0,0.0,3,0,0.0,0,0.0,0,0.0,2,0.666667,1,0.333333,3,0,0.0,0,0.0,3,1.0,0,0.0,0,0.0
3058490,교안보고 공부하면 됩니다 중간은 매우 쉬움 수업 열심히 들어놓으면 됨,0,0,0,0,0,0,0,0,0,0.0,0,0.0,0,0.0,0,0,0.0,0,0.0,0,0.0,0,0,0.0,0,0.0,0,0.0,0,0,0.0,0,0.0,0,0.0,0,0.0,0,0.0,0,0,0.0,0,0.0,0,0.0,0,0.0,0,0.0
3058491,시험은 따로 없는데 매주 이론수업 내용바탕으로 퀴즈보고 난이도는 어렵지않,4,1,0,1,0,0,0,1,0,0.0,0,0.0,1,1.0,1,1,1.0,0,0.0,0,0.0,1,0,0.0,1,1.0,0,0.0,1,0,0.0,1,1.0,0,0.0,0,0.0,0,0.0,1,0,0.0,0,0.0,0,0.0,0,0.0,1,1.0
3058493,교안과 수업 내용에서 정직하게 나왔습니다 Tf 10개 서술형 5문제 였습,4.5,16,8,8,0,0,0,16,15,0.9375,1,0.0625,0,0.0,16,14,0.875,2,0.125,0,0.0,16,0,0.0,15,0.9375,1,0.0625,16,0,0.0,16,1.0,0,0.0,0,0.0,0,0.0,16,0,0.0,0,0.0,16,1.0,0,0.0,0,0.0
3058494,,0,0,0,0,0,0,0,0,0,0.0,0,0.0,0,0.0,0,0,0.0,0,0.0,0,0.0,0,0,0.0,0,0.0,0,0.0,0,0,0.0,0,0.0,0,0.0,0,0.0,0,0.0,0,0,0.0,0,0.0,0,0.0,0,0.0,0,0.0
3058495,,0,0,0,0,0,0,0,0,0,0.0,0,0.0,0,0.0,0,0,0.0,0,0.0,0,0.0,0,0,0.0,0,0.0,0,0.0,0,0,0.0,0,0.0,0,0.0,0,0.0,0,0.0,0,0,0.0,0,0.0,0,0.0,0,0.0,0,0.0
3058497,교안 위주로 잘 공부하세요 단위랑 공식들 다 알고 가세요,0,0,0,0,0,0,0,0,0,0.0,0,0.0,0,0.0,0,0,0.0,0,0.0,0,0.0,0,0,0.0,0,0.0,0,0.0,0,0,0.0,0,0.0,0,0.0,0,0.0,0,0.0,0,0,0.0,0,0.0,0,0.0,0,0.0,0,0.0
3058498,,0,0,0,0,0,0,0,0,0,0.0,0,0.0,0,0.0,0,0,0.0,0,0.0,0,0.0,0,0,0.0,0,0.0,0,0.0,0,0,0.0,0,0.0,0,0.0,0,0.0,0,0.0,0,0,0.0,0,0.0,0,0.0,0,0.0,0,0.0
3058499,,0,0,0,0,0,0,0,0,0,0.0,0,0.0,0,0.0,0,0,0.0,0,0.0,0,0.0,0,0,0.0,0,0.0,0,0.0,0,0,0.0,0,0.0,0,0.0,0,0.0,0,0.0,0,0,0.0,0,0.0,0,0.0,0,0.0,0,0.0
3058500,퀴즈를 총 4차례 불시에 봅니다 과제 제출일이 퀴즈 보는 날이라 생각하고,4.45,20,16,1,1,0,2,20,1,0.05,17,0.85,2,0.1,20,20,1.0,0,0.0,0,0.0,20,4,0.2,16,0.8,0,0.0,20,0,0.0,19,0.95,0,0.0,0,0.0,1,0.05,20,0,0.0,0,0.0,18,0.9,0,0.0,2,0.1
3058502,,0,0,0,0,0,0,0,0,0,0.0,0,0.0,0,0.0,0,0,0.0,0,0.0,0,0.0,0,0,0.0,0,0.0,0,0.0,0,0,0.0,0,0.0,0,0.0,0,0.0,0,0.0,0,0,0.0,0,0.0,0,0.0,0,0.0,0,0.0
3058503,이전 기출과 다르게 이론적인 부분 뿐만 아니라 파이썬 코드 관련해서도 2,5,3,3,0,0,0,0,3,3,1.0,0,0.0,0,0.0,3,3,1.0,0,0.0,0,0.0,3,1,0.333333,2,0.666667,0,0.0,3,0,0.0,0,0.0,3,1.0,0,0.0,0,0.0,3,0,0.0,0,0.0,3,1.0,0,0.0,0,0.0
3058504,,0,0,0,0,0,0,0,0,0,0.0,0,0.0,0,0.0,0,0,0.0,0,0.0,0,0.0,0,0,0.0,0,0.0,0,0.0,0,0,0.0,0,0.0,0,0.0,0,0.0,0,0.0,0,0,0.0,0,0.0,0,0.0,0,0.0,0,0.0
3058505,,0,0,0,0,0,0,0,0,0,0.0,0,0.0,0,0.0,0,0,0.0,0,0.0,0,0.0,0,0,0.0,0,0.0,0,0.0,0,0,0.0,0,0.0,0,0.0,0,0.0,0,0.0,0,0,0.0,0,0.0,0,0.0,0,0.0,0,0.0
3058506,,0,0,0,0,0,0,0,0,0,0.0,0,0.0,0,0.0,0,0,0.0,0,0.0,0,0.0,0,0,0.0,0,0.0,0,0.0,0,0,0.0,0,0.0,0,0.0,0,0.0,0,0.0,0,0,0.0,0,0.0,0,0.0,0,0.0,0,0.0
3058507,,0,0,0,0,0,0,0,0,0,0.0,0,0.0,0,0.0,0,0,0.0,0,0.0,0,0.0,0,0,0.0,0,0.0,0,0.0,0,0,0.0,0,0.0,0,0.0,0,0.0,0,0.0,0,0,0.0,0,0.0,0,0.0,0,0.0,0,0.0
3058508,,0,0,0,0,0,0,0,0,0,0.0,0,0.0,0,0.0,0,0,0.0,0,0.0,0,0.0,0,0,0.0,0,0.0,0,0.0,0,0,0.0,0,0.0,0,0.0,0,0.0,0,0.0,0,0,0.0,0,0.0,0,0.0,0,0.0,0,0.0
3058509,,0,0,0,0,0,0,0,0,0,0.0,0,0.0,0,0.0,0,0,0.0,0,0.0,0,0.0,0,0,0.0,0,0.0,0,0.0,0,0,0.0,0,0.0,0,0.0,0,0.0,0,0.0,0,0,0.0,0,0.0,0,0.0,0,0.0,0,0.0
3058510,,0,0,0,0,0,0,0,0,0,0.0,0,0.0,0,0.0,0,0,0.0,0,0.0,0,0.0,0,0,0.0,0,0.0,0,0.0,0,0,0.0,0,0.0,0,0.0,0,0.0,0,0.0,0,0,0.0,0,0.0,0,0.0,0,0.0,0,0.0
3058511,,0,0,0,0,0,0,0,0,0,0.0,0,0.0,0,0.0,0,0,0.0,0,0.0,0,0.0,0,0,0.0,0,0.0,0,0.0,0,0,0.0,0,0.0,0,0.0,0,0.0,0,0.0,0,0,0.0,0,0.0,0,0.0,0,0.0,0,0.0
3059664,,0,0,0,0,0,0,0,0,0,0.0,0,0.0,0,0.0,0,0,0.0,0,0.0,0,0.0,0,0,0.0,0,0.0,0,0.0,0,0,0.0,0,0.0,0,0.0,0,0.0,0,0.0,0,0,0.0,0,0.0,0,0.0,0,0.0,0,0.0
3059665,,0,0,0,0,0,0,0,0,0,0.0,0,0.0,0,0.0,0,0,0.0,0,0.0,0,0.0,0,0,0.0,0,0.0,0,0.0,0,0,0.0,0,0.0,0,0.0,0,0.0,0,0.0,0,0,0.0,0,0.0,0,0.0,0,0.0,0,0.0
3059666,,0,0,0,0,0,0,0,0,0,0.0,0,0.0,0,0.0,0,0,0.0,0,0.0,0,0.0,0,0,0.0,0,0.0,0,0.0,0,0,0.0,0,0.0,0,0.0,0,0.0,0,0.0,0,0,0.0,0,0.0,0,0.0,0,0.0,0,0.0
3062214,,0,0,0,0,0,0,0,0,0,0.0,0,0.0,0,0.0,0,0,0.0,0,0.0,0,0.0,0,0,0.0,0,0.0,0,0.0,0,0,0.0,0,0.0,0,0.0,0,0.0,0,0.0,0,0,0.0,0,0.0,0,0.0,0,0.0,0,0.0
3065192,,0,0,0,0,0,0,0,0,0,0.0,0,0.0,0,0.0,0,0,0.0,0,0.0,0,0.0,0,0,0.0,0,0.0,0,0.0,0,0,0.0,0,0.0,0,0.0,0,0.0,0,0.0,0,0,0.0,0,0.0,0,0.0,0,0.0,0,0.0
3065194,이 과목은 시험이 없습니다. 그냥 아주 좋은 과목이에요 ㅎㅎ,0,0,0,0,0,0,0,0,0,0.0,0,0.0,0,0.0,0,0,0.0,0,0.0,0,0.0,0,0,0.0,0,0.0,0,0.0,0,0,0.0,0,0.0,0,0.0,0,0.0,0,0.0,0,0,0.0,0,0.0,0,0.0,0,0.0,0,0.0
3065195,,0,0,0,0,0,0,0,0,0,0.0,0,0.0,0,0.0,0,0,0.0,0,0.0,0,0.0,0,0,0.0,0,0.0,0,0.0,0,0,0.0,0,0.0,0,0.0,0,0.0,0,0.0,0,0,0.0,0,0.0,0,0.0,0,0.0,0,0.0
3067423,,0,0,0,0,0,0,0,0,0,0.0,0,0.0,0,0.0,0,0,0.0,0,0.0,0,0.0,0,0,0.0,0,0.0,0,0.0,0,0,0.0,0,0.0,0,0.0,0,0.0,0,0.0,0,0,0.0,0,0.0,0,0.0,0,0.0,0,0.0
3068747,"말 그대로 한자의 한국어 음을 쓰는 시험임. 한자는 10개, 한자구는 4",4.33,6,3,2,1,0,0,6,1,0.166667,3,0.5,2,0.333333,6,4,0.666667,1,0.166667,1,0.166667,6,1,0.166667,5,0.833333,0,0.0,6,0,0.0,5,0.833333,0,0.0,0,0.0,1,0.166667,6,4,0.666667,0,0.0,0,0.0,0,0.0,2,0.333333
3068748,,0,0,0,0,0,0,0,0,0,0.0,0,0.0,0,0.0,0,0,0.0,0,0.0,0,0.0,0,0,0.0,0,0.0,0,0.0,0,0,0.0,0,0.0,0,0.0,0,0.0,0,0.0,0,0,0.0,0,0.0,0,0.0,0,0.0,0,0.0
3068866,수업에서 밑줄친 부분 위주로 나왔어요 O/X 10문제 1점 객관식 10,4.8,5,4,1,0,0,0,5,2,0.4,3,0.6,0,0.0,5,5,1.0,0,0.0,0,0.0,5,1,0.2,4,0.8,0,0.0,5,0,0.0,3,0.6,0,0.0,1,0.2,1,0.2,5,0,0.0,0,0.0,5,1.0,0,0.0,0,0.0
3068867,,5,3,3,0,0,0,0,3,0,0.0,3,1.0,0,0.0,3,2,0.666667,1,0.333333,0,0.0,3,2,0.666667,1,0.333333,0,0.0,3,0,0.0,1,0.333333,0,0.0,2,0.666667,0,0.0,3,0,0.0,0,0.0,3,1.0,0,0.0,0,0.0
3068868,,2,2,0,0,1,0,1,2,0,0.0,0,0.0,2,1.0,2,0,0.0,0,0.0,2,1.0,2,1,0.5,0,0.0,1,0.5,2,0,0.0,0,0.0,0,0.0,2,1.0,0,0.0,2,1,0.5,1,0.5,0,0.0,0,0.0,0,0.0
3068870,,0,0,0,0,0,0,0,0,0,0.0,0,0.0,0,0.0,0,0,0.0,0,0.0,0,0.0,0,0,0.0,0,0.0,0,0.0,0,0,0.0,0,0.0,0,0.0,0,0.0,0,0.0,0,0,0.0,0,0.0,0,0.0,0,0.0,0,0.0
3073268,"저는 ppt를 다 본건 아니고, 매주 수업 복습하고 간단히 메모한거랑 교",0,0,0,0,0,0,0,0,0,0.0,0,0.0,0,0.0,0,0,0.0,0,0.0,0,0.0,0,0,0.0,0,0.0,0,0.0,0,0,0.0,0,0.0,0,0.0,0,0.0,0,0.0,0,0,0.0,0,0.0,0,0.0,0,0.0,0,0.0
3073269,몇몇 물리 공식 유도문제 몇 개 몇몇 물리 관련 상식문제 몇 개 그리,4,2,1,0,1,0,0,2,0,0.0,0,0.0,2,1.0,2,2,1.0,0,0.0,0,0.0,2,2,1.0,0,0.0,0,0.0,2,0,0.0,2,1.0,0,0.0,0,0.0,0,0.0,2,0,0.0,0,0.0,2,1.0,0,0.0,0,0.0
3073270,,5,1,1,0,0,0,0,1,1,1.0,0,0.0,0,0.0,1,1,1.0,0,0.0,0,0.0,1,0,0.0,1,1.0,0,0.0,1,0,0.0,1,1.0,0,0.0,0,0.0,0,0.0,1,0,0.0,0,0.0,1,1.0,0,0.0,0,0.0
3073271,,1,1,0,0,0,0,1,1,0,0.0,1,1.0,0,0.0,1,1,1.0,0,0.0,0,0.0,1,0,0.0,1,1.0,0,0.0,1,0,0.0,1,1.0,0,0.0,0,0.0,0,0.0,1,0,0.0,0,0.0,1,1.0,0,0.0,0,0.0
3073272,,0,0,0,0,0,0,0,0,0,0.0,0,0.0,0,0.0,0,0,0.0,0,0.0,0,0.0,0,0,0.0,0,0.0,0,0.0,0,0,0.0,0,0.0,0,0.0,0,0.0,0,0.0,0,0,0.0,0,0.0,0,0.0,0,0.0,0,0.0
3073273,과제만 열심히 하면 좋은 점수 얻을 수 있습니다. 교안과 과제 변형에서,4.5,2,1,1,0,0,0,2,0,0.0,2,1.0,0,0.0,2,2,1.0,0,0.0,0,0.0,2,1,0.5,1,0.5,0,0.0,2,0,0.0,0,0.0,0,0.0,2,1.0,0,0.0,2,0,0.0,0,0.0,2,1.0,0,0.0,0,0.0
3073998,시험 많이 어렵지 않아요 그냥 듣기 파일 대본 열심히 보면 돼요 그리고,0,0,0,0,0,0,0,0,0,0.0,0,0.0,0,0.0,0,0,0.0,0,0.0,0,0.0,0,0,0.0,0,0.0,0,0.0,0,0,0.0,0,0.0,0,0.0,0,0.0,0,0.0,0,0,0.0,0,0.0,0,0.0,0,0.0,0,0.0
3073999,,0,0,0,0,0,0,0,0,0,0.0,0,0.0,0,0.0,0,0,0.0,0,0.0,0,0.0,0,0,0.0,0,0.0,0,0.0,0,0,0.0,0,0.0,0,0.0,0,0.0,0,0.0,0,0,0.0,0,0.0,0,0.0,0,0.0,0,0.0
3074000,,0,0,0,0,0,0,0,0,0,0.0,0,0.0,0,0.0,0,0,0.0,0,0.0,0,0.0,0,0,0.0,0,0.0,0,0.0,0,0,0.0,0,0.0,0,0.0,0,0.0,0,0.0,0,0,0.0,0,0.0,0,0.0,0,0.0,0,0.0
3074001,,0,0,0,0,0,0,0,0,0,0.0,0,0.0,0,0.0,0,0,0.0,0,0.0,0,0.0,0,0,0.0,0,0.0,0,0.0,0,0,0.0,0,0.0,0,0.0,0,0.0,0,0.0,0,0,0.0,0,0.0,0,0.0,0,0.0,0,0.0
3074002,,0,0,0,0,0,0,0,0,0,0.0,0,0.0,0,0.0,0,0,0.0,0,0.0,0,0.0,0,0,0.0,0,0.0,0,0.0,0,0,0.0,0,0.0,0,0.0,0,0.0,0,0.0,0,0,0.0,0,0.0,0,0.0,0,0.0,0,0.0
3074003,,0,0,0,0,0,0,0,0,0,0.0,0,0.0,0,0.0,0,0,0.0,0,0.0,0,0.0,0,0,0.0,0,0.0,0,0.0,0,0,0.0,0,0.0,0,0.0,0,0.0,0,0.0,0,0,0.0,0,0.0,0,0.0,0,0.0,0,0.0
3074004,,0,0,0,0,0,0,0,0,0,0.0,0,0.0,0,0.0,0,0,0.0,0,0.0,0,0.0,0,0,0.0,0,0.0,0,0.0,0,0,0.0,0,0.0,0,0.0,0,0.0,0,0.0,0,0,0.0,0,0.0,0,0.0,0,0.0,0,0.0
3074005,,0,0,0,0,0,0,0,0,0,0.0,0,0.0,0,0.0,0,0,0.0,0,0.0,0,0.0,0,0,0.0,0,0.0,0,0.0,0,0,0.0,0,0.0,0,0.0,0,0.0,0,0.0,0,0,0.0,0,0.0,0,0.0,0,0.0,0,0.0
3074009,,0,0,0,0,0,0,0,0,0,0.0,0,0.0,0,0.0,0,0,0.0,0,0.0,0,0.0,0,0,0.0,0,0.0,0,0.0,0,0,0.0,0,0.0,0,0.0,0,0.0,0,0.0,0,0,0.0,0,0.0,0,0.0,0,0.0,0,0.0
3076519,,0,0,0,0,0,0,0,0,0,0.0,0,0.0,0,0.0,0,0,0.0,0,0.0,0,0.0,0,0,0.0,0,0.0,0,0.0,0,0,0.0,0,0.0,0,0.0,0,0.0,0,0.0,0,0,0.0,0,0.0,0,0.0,0,0.0,0,0.0
3076520,,0,0,0,0,0,0,0,0,0,0.0,0,0.0,0,0.0,0,0,0.0,0,0.0,0,0.0,0,0,0.0,0,0.0,0,0.0,0,0,0.0,0,0.0,0,0.0,0,0.0,0,0.0,0,0,0.0,0,0.0,0,0.0,0,0.0,0,0.0
3076521,,0,0,0,0,0,0,0,0,0,0.0,0,0.0,0,0.0,0,0,0.0,0,0.0,0,0.0,0,0,0.0,0,0.0,0,0.0,0,0,0.0,0,0.0,0,0.0,0,0.0,0,0.0,0,0,0.0,0,0.0,0,0.0,0,0.0,0,0.0
3076522,,0,0,0,0,0,0,0,0,0,0.0,0,0.0,0,0.0,0,0,0.0,0,0.0,0,0.0,0,0,0.0,0,0.0,0,0.0,0,0,0.0,0,0.0,0,0.0,0,0.0,0,0.0,0,0,0.0,0,0.0,0,0.0,0,0.0,0,0.0
3076523,,0,0,0,0,0,0,0,0,0,0.0,0,0.0,0,0.0,0,0,0.0,0,0.0,0,0.0,0,0,0.0,0,0.0,0,0.0,0,0,0.0,0,0.0,0,0.0,0,0.0,0,0.0,0,0,0.0,0,0.0,0,0.0,0,0.0,0,0.0
3076524,,0,0,0,0,0,0,0,0,0,0.0,0,0.0,0,0.0,0,0,0.0,0,0.0,0,0.0,0,0,0.0,0,0.0,0,0.0,0,0,0.0,0,0.0,0,0.0,0,0.0,0,0.0,0,0,0.0,0,0.0,0,0.0,0,0.0,0,0.0
3076525,제미나이 돌려서 최대한 문제 많이 만들어서 보면 좋아요 교수님께서 시험,5,8,8,0,0,0,0,8,1,0.125,6,0.75,1,0.125,8,7,0.875,0,0.0,1,0.125,8,6,0.75,2,0.25,0,0.0,8,0,0.0,7,0.875,0,0.0,0,0.0,1,0.125,8,0,0.0,0,0.0,7,0.875,0,0.0,1,0.125
3076526,,0,0,0,0,0,0,0,0,0,0.0,0,0.0,0,0.0,0,0,0.0,0,0.0,0,0.0,0,0,0.0,0,0.0,0,0.0,0,0,0.0,0,0.0,0,0.0,0,0.0,0,0.0,0,0,0.0,0,0.0,0,0.0,0,0.0,0,0.0
3076527,,0,0,0,0,0,0,0,0,0,0.0,0,0.0,0,0.0,0,0,0.0,0,0.0,0,0.0,0,0,0.0,0,0.0,0,0.0,0,0,0.0,0,0.0,0,0.0,0,0.0,0,0.0,0,0,0.0,0,0.0,0,0.0,0,0.0,0,0.0
3076528,,5,1,1,0,0,0,0,1,0,0.0,1,1.0,0,0.0,1,0,0.0,1,1.0,0,0.0,1,1,1.0,0,0.0,0,0.0,1,0,0.0,0,0.0,0,0.0,1,1.0,0,0.0,1,1,1.0,0,0.0,0,0.0,0,0.0,0,0.0
3076529,,0,0,0,0,0,0,0,0,0,0.0,0,0.0,0,0.0,0,0,0.0,0,0.0,0,0.0,0,0,0.0,0,0.0,0,0.0,0,0,0.0,0,0.0,0,0.0,0,0.0,0,0.0,0,0,0.0,0,0.0,0,0.0,0,0.0,0,0.0
3076530,,0,0,0,0,0,0,0,0,0,0.0,0,0.0,0,0.0,0,0,0.0,0,0.0,0,0.0,0,0,0.0,0,0.0,0,0.0,0,0,0.0,0,0.0,0,0.0,0,0.0,0,0.0,0,0,0.0,0,0.0,0,0.0,0,0.0,0,0.0
3076661,,0,0,0,0,0,0,0,0,0,0.0,0,0.0,0,0.0,0,0,0.0,0,0.0,0,0.0,0,0,0.0,0,0.0,0,0.0,0,0,0.0,0,0.0,0,0.0,0,0.0,0,0.0,0,0,0.0,0,0.0,0,0.0,0,0.0,0,0.0
3076662,,0,0,0,0,0,0,0,0,0,0.0,0,0.0,0,0.0,0,0,0.0,0,0.0,0,0.0,0,0,0.0,0,0.0,0,0.0,0,0,0.0,0,0.0,0,0.0,0,0.0,0,0.0,0,0,0.0,0,0.0,0,0.0,0,0.0,0,0.0
3076663,,0,0,0,0,0,0,0,0,0,0.0,0,0.0,0,0.0,0,0,0.0,0,0.0,0,0.0,0,0,0.0,0,0.0,0,0.0,0,0,0.0,0,0.0,0,0.0,0,0.0,0,0.0,0,0,0.0,0,0.0,0,0.0,0,0.0,0,0.0
3076664,,0,0,0,0,0,0,0,0,0,0.0,0,0.0,0,0.0,0,0,0.0,0,0.0,0,0.0,0,0,0.0,0,0.0,0,0.0,0,0,0.0,0,0.0,0,0.0,0,0.0,0,0.0,0,0,0.0,0,0.0,0,0.0,0,0.0,0,0.0
3076665,,0,0,0,0,0,0,0,0,0,0.0,0,0.0,0,0.0,0,0,0.0,0,0.0,0,0.0,0,0,0.0,0,0.0,0,0.0,0,0,0.0,0,0.0,0,0.0,0,0.0,0,0.0,0,0,0.0,0,0.0,0,0.0,0,0.0,0,0.0
3077668,,0,0,0,0,0,0,0,0,0,0.0,0,0.0,0,0.0,0,0,0.0,0,0.0,0,0.0,0,0,0.0,0,0.0,0,0.0,0,0,0.0,0,0.0,0,0.0,0,0.0,0,0.0,0,0,0.0,0,0.0,0,0.0,0,0.0,0,0.0
3077671,,4.67,3,2,1,0,0,0,3,0,0.0,0,0.0,3,1.0,3,0,0.0,0,0.0,3,1.0,3,0,0.0,3,1.0,0,0.0,3,0,0.0,0,0.0,0,0.0,3,1.0,0,0.0,3,0,0.0,3,1.0,0,0.0,0,0.0,0,0.0
3077672,,5,1,1,0,0,0,0,1,0,0.0,1,1.0,0,0.0,1,0,0.0,0,0.0,1,1.0,1,0,0.0,1,1.0,0,0.0,1,0,0.0,1,1.0,0,0.0,0,0.0,0,0.0,1,0,0.0,1,1.0,0,0.0,0,0.0,0,0.0
3077673,,0,0,0,0,0,0,0,0,0,0.0,0,0.0,0,0.0,0,0,0.0,0,0.0,0,0.0,0,0,0.0,0,0.0,0,0.0,0,0,0.0,0,0.0,0,0.0,0,0.0,0,0.0,0,0,0.0,0,0.0,0,0.0,0,0.0,0,0.0
3077747,,4,1,0,1,0,0,0,1,0,0.0,1,1.0,0,0.0,1,0,0.0,0,0.0,1,1.0,1,0,0.0,1,1.0,0,0.0,1,0,0.0,0,0.0,0,0.0,1,1.0,0,0.0,1,0,0.0,1,1.0,0,0.0,0,0.0,0,0.0
3079910,총 18문제로 OX 6문제 + 단답형 + 객관식으로 구성되어 있습니다.,4,1,0,1,0,0,0,1,0,0.0,1,1.0,0,0.0,1,1,1.0,0,0.0,0,0.0,1,0,0.0,1,1.0,0,0.0,1,0,0.0,1,1.0,0,0.0,0,0.0,0,0.0,1,0,0.0,0,0.0,1,1.0,0,0.0,0,0.0
3079911,중간은 ox 40문제에 시간은 30분 주셨습니다. 조문 지엽적인 것을 외,4.75,8,6,2,0,0,0,8,8,1.0,0,0.0,0,0.0,8,8,1.0,0,0.0,0,0.0,8,5,0.625,3,0.375,0,0.0,8,0,0.0,8,1.0,0,0.0,0,0.0,0,0.0,8,0,0.0,0,0.0,8,1.0,0,0.0,0,0.0
3079912,,0,0,0,0,0,0,0,0,0,0.0,0,0.0,0,0.0,0,0,0.0,0,0.0,0,0.0,0,0,0.0,0,0.0,0,0.0,0,0,0.0,0,0.0,0,0.0,0,0.0,0,0.0,0,0,0.0,0,0.0,0,0.0,0,0.0,0,0.0
3079913,,0,0,0,0,0,0,0,0,0,0.0,0,0.0,0,0.0,0,0,0.0,0,0.0,0,0.0,0,0,0.0,0,0.0,0,0.0,0,0,0.0,0,0.0,0,0.0,0,0.0,0,0.0,0,0,0.0,0,0.0,0,0.0,0,0.0,0,0.0
3081077,객관식 유형이랑 계산 문제 위주로 나옵니다. 객관식은 애초에 과목 개념,0,0,0,0,0,0,0,0,0,0.0,0,0.0,0,0.0,0,0,0.0,0,0.0,0,0.0,0,0,0.0,0,0.0,0,0.0,0,0,0.0,0,0.0,0,0.0,0,0.0,0,0.0,0,0,0.0,0,0.0,0,0.0,0,0.0,0,0.0
3081078,,5,1,1,0,0,0,0,1,1,1.0,0,0.0,0,0.0,1,1,1.0,0,0.0,0,0.0,1,0,0.0,1,1.0,0,0.0,1,0,0.0,1,1.0,0,0.0,0,0.0,0,0.0,1,0,0.0,1,1.0,0,0.0,0,0.0,0,0.0
3081269,,5,2,2,0,0,0,0,2,0,0.0,1,0.5,1,0.5,2,2,1.0,0,0.0,0,0.0,2,2,1.0,0,0.0,0,0.0,2,0,0.0,0,0.0,0,0.0,2,1.0,0,0.0,2,2,1.0,0,0.0,0,0.0,0,0.0,0,0.0
3083752,,4.5,2,1,1,0,0,0,2,0,0.0,1,0.5,1,0.5,2,0,0.0,0,0.0,2,1.0,2,0,0.0,2,1.0,0,0.0,2,0,0.0,2,1.0,0,0.0,0,0.0,0,0.0,2,1,0.5,1,0.5,0,0.0,0,0.0,0,0.0
3083753,,5,4,4,0,0,0,0,4,0,0.0,4,1.0,0,0.0,4,3,0.75,1,0.25,0,0.0,4,2,0.5,2,0.5,0,0.0,4,0,0.0,1,0.25,1,0.25,1,0.25,1,0.25,4,4,1.0,0,0.0,0,0.0,0,0.0,0,0.0
3083754,대부분 교안에서 쉽게 낸 단답형 문제 10개랑 여러 개념 연결시켜서 낸,1.5,2,0,0,0,1,1,2,0,0.0,0,0.0,2,1.0,2,0,0.0,0,0.0,2,1.0,2,0,0.0,2,1.0,0,0.0,2,0,0.0,0,0.0,0,0.0,2,1.0,0,0.0,2,0,0.0,1,0.5,1,0.5,0,0.0,0,0.0
3087891,발표토론온라인아무튼 이상한거 다껴있고 교수님 강의력이 0에수렴함,4,4,1,2,1,0,0,4,3,0.75,1,0.25,0,0.0,4,0,0.0,0,0.0,4,1.0,4,1,0.25,3,0.75,0,0.0,4,0,0.0,2,0.5,0,0.0,2,0.5,0,0.0,4,0,0.0,4,1.0,0,0.0,0,0.0,0,0.0
3087892,,0,0,0,0,0,0,0,0,0,0.0,0,0.0,0,0.0,0,0,0.0,0,0.0,0,0.0,0,0,0.0,0,0.0,0,0.0,0,0,0.0,0,0.0,0,0.0,0,0.0,0,0.0,0,0,0.0,0,0.0,0,0.0,0,0.0,0,0.0
3088732,,0,0,0,0,0,0,0,0,0,0.0,0,0.0,0,0.0,0,0,0.0,0,0.0,0,0.0,0,0,0.0,0,0.0,0,0.0,0,0,0.0,0,0.0,0,0.0,0,0.0,0,0.0,0,0,0.0,0,0.0,0,0.0,0,0.0,0,0.0
3091278,,0,0,0,0,0,0,0,0,0,0.0,0,0.0,0,0.0,0,0,0.0,0,0.0,0,0.0,0,0,0.0,0,0.0,0,0.0,0,0,0.0,0,0.0,0,0.0,0,0.0,0,0.0,0,0,0.0,0,0.0,0,0.0,0,0.0,0,0.0
3091353,죄송합니다 사실 티켓을 얻기 위해서 억지로 아무것도 없는 강의 하나 골라,5,1,1,0,0,0,0,1,1,1.0,0,0.0,0,0.0,1,1,1.0,0,0.0,0,0.0,1,1,1.0,0,0.0,0,0.0,1,0,0.0,0,0.0,0,0.0,1,1.0,0,0.0,1,0,0.0,1,1.0,0,0.0,0,0.0,0,0.0
3092348,,0,0,0,0,0,0,0,0,0,0.0,0,0.0,0,0.0,0,0,0.0,0,0.0,0,0.0,0,0,0.0,0,0.0,0,0.0,0,0,0.0,0,0.0,0,0.0,0,0.0,0,0.0,0,0,0.0,0,0.0,0,0.0,0,0.0,0,0.0
3092349,,0,0,0,0,0,0,0,0,0,0.0,0,0.0,0,0.0,0,0,0.0,0,0.0,0,0.0,0,0,0.0,0,0.0,0,0.0,0,0,0.0,0,0.0,0,0.0,0,0.0,0,0.0,0,0,0.0,0,0.0,0,0.0,0,0.0,0,0.0
3094521,,0,0,0,0,0,0,0,0,0,0.0,0,0.0,0,0.0,0,0,0.0,0,0.0,0,0.0,0,0,0.0,0,0.0,0,0.0,0,0,0.0,0,0.0,0,0.0,0,0.0,0,0.0,0,0,0.0,0,0.0,0,0.0,0,0.0,0,0.0
3095847,,0,0,0,0,0,0,0,0,0,0.0,0,0.0,0,0.0,0,0,0.0,0,0.0,0,0.0,0,0,0.0,0,0.0,0,0.0,0,0,0.0,0,0.0,0,0.0,0,0.0,0,0.0,0,0,0.0,0,0.0,0,0.0,0,0.0,0,0.0
3095848,,4.8,5,4,1,0,0,0,5,5,1.0,0,0.0,0,0.0,5,3,0.6,0,0.0,2,0.4,5,3,0.6,2,0.4,0,0.0,5,0,0.0,5,1.0,0,0.0,0,0.0,0,0.0,5,4,0.8,1,0.2,0,0.0,0,0.0,0,0.0
3095853,"이번에 시험을 보면서 느낀건, 교수님께서 교안에 없는 내용을 좀 많이 출",3.14,7,0,1,6,0,0,7,1,0.142857,6,0.857143,0,0.0,7,7,1.0,0,0.0,0,0.0,7,0,0.0,7,1.0,0,0.0,7,0,0.0,4,0.571429,0,0.0,0,0.0,3,0.428571,7,0,0.0,0,0.0,7,1.0,0,0.0,0,0.0
3095854,,0,0,0,0,0,0,0,0,0,0.0,0,0.0,0,0.0,0,0,0.0,0,0.0,0,0.0,0,0,0.0,0,0.0,0,0.0,0,0,0.0,0,0.0,0,0.0,0,0.0,0,0.0,0,0,0.0,0,0.0,0,0.0,0,0.0,0,0.0
3095855,,0,0,0,0,0,0,0,0,0,0.0,0,0.0,0,0.0,0,0,0.0,0,0.0,0,0.0,0,0,0.0,0,0.0,0,0.0,0,0,0.0,0,0.0,0,0.0,0,0.0,0,0.0,0,0,0.0,0,0.0,0,0.0,0,0.0,0,0.0
3095856,,0,0,0,0,0,0,0,0,0,0.0,0,0.0,0,0.0,0,0,0.0,0,0.0,0,0.0,0,0,0.0,0,0.0,0,0.0,0,0,0.0,0,0.0,0,0.0,0,0.0,0,0.0,0,0,0.0,0,0.0,0,0.0,0,0.0,0,0.0
3095857,"시험은 따로 치르지 않고 출석, 과제, 팀 발표로 패스 여부가 정해집니다",5,2,2,0,0,0,0,2,1,0.5,1,0.5,0,0.0,2,0,0.0,1,0.5,1,0.5,2,2,1.0,0,0.0,0,0.0,2,0,0.0,0,0.0,0,0.0,2,1.0,0,0.0,2,1,0.5,1,0.5,0,0.0,0,0.0,0,0.0
3095858,,5,2,2,0,0,0,0,2,1,0.5,1,0.5,0,0.0,2,0,0.0,1,0.5,1,0.5,2,2,1.0,0,0.0,0,0.0,2,0,0.0,0,0.0,0,0.0,2,1.0,0,0.0,2,2,1.0,0,0.0,0,0.0,0,0.0,0,0.0
3095859,시험은 따로 치지 않습니다. p/f로 바뀌어 팀별 과제와 발표로 대체됩니,0,0,0,0,0,0,0,0,0,0.0,0,0.0,0,0.0,0,0,0.0,0,0.0,0,0.0,0,0,0.0,0,0.0,0,0.0,0,0,0.0,0,0.0,0,0.0,0,0.0,0,0.0,0,0,0.0,0,0.0,0,0.0,0,0.0,0,0.0
3095860,,3,1,0,0,1,0,0,1,0,0.0,1,1.0,0,0.0,1,0,0.0,0,0.0,1,1.0,1,0,0.0,1,1.0,0,0.0,1,0,0.0,1,1.0,0,0.0,0,0.0,0,0.0,1,0,0.0,0,0.0,1,1.0,0,0.0,0,0.0
3095861,,0,0,0,0,0,0,0,0,0,0.0,0,0.0,0,0.0,0,0,0.0,0,0.0,0,0.0,0,0,0.0,0,0.0,0,0.0,0,0,0.0,0,0.0,0,0.0,0,0.0,0,0.0,0,0,0.0,0,0.0,0,0.0,0,0.0,0,0.0
3095862,"시험은 없고 올해부터 p/f로 바뀌어서 출석 열심히 하시고, 과제 재시간",5,2,2,0,0,0,0,2,0,0.0,2,1.0,0,0.0,2,0,0.0,2,1.0,0,0.0,2,1,0.5,1,0.5,0,0.0,2,0,0.0,0,0.0,0,0.0,1,0.5,1,0.5,2,1,0.5,1,0.5,0,0.0,0,0.0,0,0.0
3095863,시험은 중간 기말 따로 안 보고 대신 타운워칭 조사하는 게 중요합니다.,5,2,2,0,0,0,0,2,0,0.0,0,0.0,2,1.0,2,0,0.0,1,0.5,1,0.5,2,2,1.0,0,0.0,0,0.0,2,0,0.0,0,0.0,0,0.0,1,0.5,1,0.5,2,1,0.5,0,0.0,0,0.0,0,0.0,1,0.5
3095864,,0,0,0,0,0,0,0,0,0,0.0,0,0.0,0,0.0,0,0,0.0,0,0.0,0,0.0,0,0,0.0,0,0.0,0,0.0,0,0,0.0,0,0.0,0,0.0,0,0.0,0,0.0,0,0,0.0,0,0.0,0,0.0,0,0.0,0,0.0
3096053,,0,0,0,0,0,0,0,0,0,0.0,0,0.0,0,0.0,0,0,0.0,0,0.0,0,0.0,0,0,0.0,0,0.0,0,0.0,0,0,0.0,0,0.0,0,0.0,0,0.0,0,0.0,0,0,0.0,0,0.0,0,0.0,0,0.0,0,0.0
3096296,,0,0,0,0,0,0,0,0,0,0.0,0,0.0,0,0.0,0,0,0.0,0,0.0,0,0.0,0,0,0.0,0,0.0,0,0.0,0,0,0.0,0,0.0,0,0.0,0,0.0,0,0.0,0,0,0.0,0,0.0,0,0.0,0,0.0,0,0.0
3096536,,0,0,0,0,0,0,0,0,0,0.0,0,0.0,0,0.0,0,0,0.0,0,0.0,0,0.0,0,0,0.0,0,0.0,0,0.0,0,0,0.0,0,0.0,0,0.0,0,0.0,0,0.0,0,0,0.0,0,0.0,0,0.0,0,0.0,0,0.0
3096537,,0,0,0,0,0,0,0,0,0,0.0,0,0.0,0,0.0,0,0,0.0,0,0.0,0,0.0,0,0,0.0,0,0.0,0,0.0,0,0,0.0,0,0.0,0,0.0,0,0.0,0,0.0,0,0,0.0,0,0.0,0,0.0,0,0.0,0,0.0
3096538,,0,0,0,0,0,0,0,0,0,0.0,0,0.0,0,0.0,0,0,0.0,0,0.0,0,0.0,0,0,0.0,0,0.0,0,0.0,0,0,0.0,0,0.0,0,0.0,0,0.0,0,0.0,0,0,0.0,0,0.0,0,0.0,0,0.0,0,0.0
3096539,,0,0,0,0,0,0,0,0,0,0.0,0,0.0,0,0.0,0,0,0.0,0,0.0,0,0.0,0,0,0.0,0,0.0,0,0.0,0,0,0.0,0,0.0,0,0.0,0,0.0,0,0.0,0,0,0.0,0,0.0,0,0.0,0,0.0,0,0.0
3096540,,1,1,0,0,0,0,1,1,1,1.0,0,0.0,0,0.0,1,1,1.0,0,0.0,0,0.0,1,0,0.0,0,0.0,1,1.0,1,0,0.0,0,0.0,0,0.0,0,0.0,1,1.0,1,0,0.0,0,0.0,1,1.0,0,0.0,0,0.0
3096541,,0,0,0,0,0,0,0,0,0,0.0,0,0.0,0,0.0,0,0,0.0,0,0.0,0,0.0,0,0,0.0,0,0.0,0,0.0,0,0,0.0,0,0.0,0,0.0,0,0.0,0,0.0,0,0,0.0,0,0.0,0,0.0,0,0.0,0,0.0
3096542,,0,0,0,0,0,0,0,0,0,0.0,0,0.0,0,0.0,0,0,0.0,0,0.0,0,0.0,0,0,0.0,0,0.0,0,0.0,0,0,0.0,0,0.0,0,0.0,0,0.0,0,0.0,0,0,0.0,0,0.0,0,0.0,0,0.0,0,0.0
3096543,,0,0,0,0,0,0,0,0,0,0.0,0,0.0,0,0.0,0,0,0.0,0,0.0,0,0.0,0,0,0.0,0,0.0,0,0.0,0,0,0.0,0,0.0,0,0.0,0,0.0,0,0.0,0,0,0.0,0,0.0,0,0.0,0,0.0,0,0.0
3096544,"마요네즈, 드레싱, 케찹 가공 기술에 대해 묻는 문제가 꽤나 지엽적으로",4,2,0,2,0,0,0,2,0,0.0,2,1.0,0,0.0,2,2,1.0,0,0.0,0,0.0,2,0,0.0,2,1.0,0,0.0,2,0,0.0,0,0.0,0,0.0,2,1.0,0,0.0,2,0,0.0,0,0.0,2,1.0,0,0.0,0,0.0
3100530,,0,0,0,0,0,0,0,0,0,0.0,0,0.0,0,0.0,0,0,0.0,0,0.0,0,0.0,0,0,0.0,0,0.0,0,0.0,0,0,0.0,0,0.0,0,0.0,0,0.0,0,0.0,0,0,0.0,0,0.0,0,0.0,0,0.0,0,0.0
3100531,,0,0,0,0,0,0,0,0,0,0.0,0,0.0,0,0.0,0,0,0.0,0,0.0,0,0.0,0,0,0.0,0,0.0,0,0.0,0,0,0.0,0,0.0,0,0.0,0,0.0,0,0.0,0,0,0.0,0,0.0,0,0.0,0,0.0,0,0.0
3100532,,0,0,0,0,0,0,0,0,0,0.0,0,0.0,0,0.0,0,0,0.0,0,0.0,0,0.0,0,0,0.0,0,0.0,0,0.0,0,0,0.0,0,0.0,0,0.0,0,0.0,0,0.0,0,0,0.0,0,0.0,0,0.0,0,0.0,0,0.0
3101269,,0,0,0,0,0,0,0,0,0,0.0,0,0.0,0,0.0,0,0,0.0,0,0.0,0,0.0,0,0,0.0,0,0.0,0,0.0,0,0,0.0,0,0.0,0,0.0,0,0.0,0,0.0,0,0,0.0,0,0.0,0,0.0,0,0.0,0,0.0
3101270,,0,0,0,0,0,0,0,0,0,0.0,0,0.0,0,0.0,0,0,0.0,0,0.0,0,0.0,0,0,0.0,0,0.0,0,0.0,0,0,0.0,0,0.0,0,0.0,0,0.0,0,0.0,0,0,0.0,0,0.0,0,0.0,0,0.0,0,0.0
3101271,,0,0,0,0,0,0,0,0,0,0.0,0,0.0,0,0.0,0,0,0.0,0,0.0,0,0.0,0,0,0.0,0,0.0,0,0.0,0,0,0.0,0,0.0,0,0.0,0,0.0,0,0.0,0,0,0.0,0,0.0,0,0.0,0,0.0,0,0.0
3101272,,4.81,21,19,1,0,1,0,21,1,0.047619,16,0.761905,4,0.190476,21,19,0.904762,2,0.095238,0,0.0,21,3,0.142857,18,0.857143,0,0.0,21,5,0.238095,7,0.333333,0,0.0,2,0.095238,7,0.333333,21,0,0.0,20,0.952381,1,0.047619,0,0.0,0,0.0
3101273,,0,0,0,0,0,0,0,0,0,0.0,0,0.0,0,0.0,0,0,0.0,0,0.0,0,0.0,0,0,0.0,0,0.0,0,0.0,0,0,0.0,0,0.0,0,0.0,0,0.0,0,0.0,0,0,0.0,0,0.0,0,0.0,0,0.0,0,0.0
3101276,,0,0,0,0,0,0,0,0,0,0.0,0,0.0,0,0.0,0,0,0.0,0,0.0,0,0.0,0,0,0.0,0,0.0,0,0.0,0,0,0.0,0,0.0,0,0.0,0,0.0,0,0.0,0,0,0.0,0,0.0,0,0.0,0,0.0,0,0.0
3103499,,0,0,0,0,0,0,0,0,0,0.0,0,0.0,0,0.0,0,0,0.0,0,0.0,0,0.0,0,0,0.0,0,0.0,0,0.0,0,0,0.0,0,0.0,0,0.0,0,0.0,0,0.0,0,0,0.0,0,0.0,0,0.0,0,0.0,0,0.0
3103500,,0,0,0,0,0,0,0,0,0,0.0,0,0.0,0,0.0,0,0,0.0,0,0.0,0,0.0,0,0,0.0,0,0.0,0,0.0,0,0,0.0,0,0.0,0,0.0,0,0.0,0,0.0,0,0,0.0,0,0.0,0,0.0,0,0.0,0,0.0
3103501,,0,0,0,0,0,0,0,0,0,0.0,0,0.0,0,0.0,0,0,0.0,0,0.0,0,0.0,0,0,0.0,0,0.0,0,0.0,0,0,0.0,0,0.0,0,0.0,0,0.0,0,0.0,0,0,0.0,0,0.0,0,0.0,0,0.0,0,0.0
3103502,,0,0,0,0,0,0,0,0,0,0.0,0,0.0,0,0.0,0,0,0.0,0,0.0,0,0.0,0,0,0.0,0,0.0,0,0.0,0,0,0.0,0,0.0,0,0.0,0,0.0,0,0.0,0,0,0.0,0,0.0,0,0.0,0,0.0,0,0.0
3103504,,0,0,0,0,0,0,0,0,0,0.0,0,0.0,0,0.0,0,0,0.0,0,0.0,0,0.0,0,0,0.0,0,0.0,0,0.0,0,0,0.0,0,0.0,0,0.0,0,0.0,0,0.0,0,0,0.0,0,0.0,0,0.0,0,0.0,0,0.0
3103505,,0,0,0,0,0,0,0,0,0,0.0,0,0.0,0,0.0,0,0,0.0,0,0.0,0,0.0,0,0,0.0,0,0.0,0,0.0,0,0,0.0,0,0.0,0,0.0,0,0.0,0,0.0,0,0,0.0,0,0.0,0,0.0,0,0.0,0,0.0
3103506,,0,0,0,0,0,0,0,0,0,0.0,0,0.0,0,0.0,0,0,0.0,0,0.0,0,0.0,0,0,0.0,0,0.0,0,0.0,0,0,0.0,0,0.0,0,0.0,0,0.0,0,0.0,0,0,0.0,0,0.0,0,0.0,0,0.0,0,0.0
3104347,,0,0,0,0,0,0,0,0,0,0.0,0,0.0,0,0.0,0,0,0.0,0,0.0,0,0.0,0,0,0.0,0,0.0,0,0.0,0,0,0.0,0,0.0,0,0.0,0,0.0,0,0.0,0,0,0.0,0,0.0,0,0.0,0,0.0,0,0.0
3105130,,0,0,0,0,0,0,0,0,0,0.0,0,0.0,0,0.0,0,0,0.0,0,0.0,0,0.0,0,0,0.0,0,0.0,0,0.0,0,0,0.0,0,0.0,0,0.0,0,0.0,0,0.0,0,0,0.0,0,0.0,0,0.0,0,0.0,0,0.0
3105936,,0,0,0,0,0,0,0,0,0,0.0,0,0.0,0,0.0,0,0,0.0,0,0.0,0,0.0,0,0,0.0,0,0.0,0,0.0,0,0,0.0,0,0.0,0,0.0,0,0.0,0,0.0,0,0,0.0,0,0.0,0,0.0,0,0.0,0,0.0
3106620,,0,0,0,0,0,0,0,0,0,0.0,0,0.0,0,0.0,0,0,0.0,0,0.0,0,0.0,0,0,0.0,0,0.0,0,0.0,0,0,0.0,0,0.0,0,0.0,0,0.0,0,0.0,0,0,0.0,0,0.0,0,0.0,0,0.0,0,0.0
3106621,,0,0,0,0,0,0,0,0,0,0.0,0,0.0,0,0.0,0,0,0.0,0,0.0,0,0.0,0,0,0.0,0,0.0,0,0.0,0,0,0.0,0,0.0,0,0.0,0,0.0,0,0.0,0,0,0.0,0,0.0,0,0.0,0,0.0,0,0.0
3106622,,0,0,0,0,0,0,0,0,0,0.0,0,0.0,0,0.0,0,0,0.0,0,0.0,0,0.0,0,0,0.0,0,0.0,0,0.0,0,0,0.0,0,0.0,0,0.0,0,0.0,0,0.0,0,0,0.0,0,0.0,0,0.0,0,0.0,0,0.0
3107507,,0,0,0,0,0,0,0,0,0,0.0,0,0.0,0,0.0,0,0,0.0,0,0.0,0,0.0,0,0,0.0,0,0.0,0,0.0,0,0,0.0,0,0.0,0,0.0,0,0.0,0,0.0,0,0,0.0,0,0.0,0,0.0,0,0.0,0,0.0
352725,개념이 좀 개중요합니다. 실질적인 계산보다는 대략적인 개념이 거의 모든,4.12,103,41,43,12,4,3,103,51,0.495146,43,0.417476,9,0.087379,103,99,0.961165,4,0.038835,0,0.0,103,14,0.135922,70,0.679612,19,0.184466,103,12,0.116505,46,0.446602,0,0.0,36,0.349515,9,0.087379,103,1,0.009709,0,0.0,100,0.970874,0,0.0,2,0.019417
353193,"평소 수업을 열심히 듣고, 책의 내용들이 함의하는 바에 대해 생각해놓으시",4.51,35,22,11,1,0,1,35,1,0.028571,4,0.114286,30,0.857143,35,34,0.971429,1,0.028571,0,0.0,35,20,0.571429,14,0.4,1,0.028571,35,3,0.085714,16,0.457143,0,0.0,7,0.2,9,0.257143,35,20,0.571429,14,0.4,1,0.028571,0,0.0,0,0.0
353638,,5,1,1,0,0,0,0,1,0,0.0,1,1.0,0,0.0,1,1,1.0,0,0.0,0,0.0,1,1,1.0,0,0.0,0,0.0,1,0,0.0,0,0.0,0,0.0,1,1.0,0,0.0,1,1,1.0,0,0.0,0,0.0,0,0.0,0,0.0
353710,,4.29,7,4,2,0,1,0,7,0,0.0,4,0.571429,3,0.428571,7,5,0.714286,2,0.285714,0,0.0,7,1,0.142857,5,0.714286,1,0.142857,7,0,0.0,3,0.428571,0,0.0,4,0.571429,0,0.0,7,6,0.857143,0,0.0,0,0.0,0,0.0,1,0.142857
353871,중간고사 기말고사 모두 스터디 가이드에 올려주시는 딱 그 부분만 책에 있,4.15,151,67,50,27,4,3,151,3,0.019868,135,0.89404,13,0.086093,151,130,0.860927,19,0.125828,2,0.013245,151,82,0.543046,64,0.423841,5,0.033113,151,1,0.006623,7,0.046358,0,0.0,140,0.927152,3,0.019868,151,1,0.006623,0,0.0,149,0.986755,1,0.006623,0,0.0
353879,"총 5개 문제고 기본 개념 증명, 간단한 문제풀이 위주로 출제됩니다. 시",5,1,1,0,0,0,0,1,1,1.0,0,0.0,0,0.0,1,1,1.0,0,0.0,0,0.0,1,1,1.0,0,0.0,0,0.0,1,0,0.0,1,1.0,0,0.0,0,0.0,0,0.0,1,0,0.0,0,0.0,1,1.0,0,0.0,0,0.0
353911,중간고사와 기말고사 모두 난이도는 쉽게 나옵니다. 다만 너무 쉬우면 변별,4.5,254,158,74,15,4,3,254,86,0.338583,159,0.625984,9,0.035433,254,93,0.366142,86,0.338583,75,0.295276,254,66,0.259843,161,0.633858,27,0.106299,254,15,0.059055,90,0.354331,3,0.011811,100,0.393701,46,0.181102,254,1,0.003937,11,0.043307,227,0.893701,14,0.055118,1,0.003937
354761,피피티만 봐도 충분해요 시험기간에 성논 책 읽을 시간에 전공 공부하세요!,3.83,186,64,57,45,9,11,186,34,0.182796,132,0.709677,20,0.107527,186,84,0.451613,84,0.451613,18,0.096774,186,66,0.354839,104,0.55914,16,0.086022,186,3,0.016129,99,0.532258,3,0.016129,57,0.306452,24,0.129032,186,1,0.005376,44,0.236559,141,0.758065,0,0.0,0,0.0
354776,시험 시간이 네시간으로 충분해서 문제 공개된후 피피티 꼼꼼하게 정독하고,4.77,823,677,105,37,2,2,823,114,0.138518,646,0.784933,63,0.076549,823,171,0.207776,470,0.571081,182,0.221142,823,606,0.73633,206,0.250304,11,0.013366,823,14,0.017011,92,0.111786,3,0.003645,689,0.837181,25,0.030377,823,51,0.061968,458,0.556501,308,0.374241,6,0.00729,0,0.0
355068,총 5번실습중에 퀴즈가 5번다있고 퀴즈는 4번째 opamp실험빼고는 모두,3.8,46,15,13,13,4,1,46,2,0.043478,20,0.434783,24,0.521739,46,9,0.195652,15,0.326087,22,0.478261,46,22,0.478261,23,0.5,1,0.021739,46,2,0.043478,4,0.086957,0,0.0,35,0.76087,5,0.108696,46,33,0.717391,1,0.021739,8,0.173913,0,0.0,4,0.086957
355125,해석만 할 줄 아셔도 반은 풀 수 있는 듯 합니당 다 외우면 만점 가능할,4.14,7,2,4,1,0,0,7,3,0.428571,4,0.571429,0,0.0,7,7,1.0,0,0.0,0,0.0,7,3,0.428571,4,0.571429,0,0.0,7,0,0.0,0,0.0,0,0.0,7,1.0,0,0.0,7,0,0.0,0,0.0,7,1.0,0,0.0,0,0.0
355221,중간고사는 따로 보지 않고 자신의 교직관에 대해 수기로 작성하는 과제가,4.7,110,86,15,9,0,0,110,28,0.254545,61,0.554545,21,0.190909,110,82,0.745455,23,0.209091,5,0.045455,110,76,0.690909,33,0.3,1,0.009091,110,3,0.027273,30,0.272727,0,0.0,68,0.618182,9,0.081818,110,17,0.154545,60,0.545455,33,0.3,0,0.0,0,0.0
355263,수업시간에 진행한 루틴을 반복하면 됩니다. 교수님께서 수업시간에 강조하신,5,10,10,0,0,0,0,10,3,0.3,7,0.7,0,0.0,10,6,0.6,3,0.3,1,0.1,10,7,0.7,3,0.3,0,0.0,10,0,0.0,1,0.1,0,0.0,9,0.9,0,0.0,10,1,0.1,1,0.1,7,0.7,1,0.1,0,0.0
355522,글쓰기 과제로 시험을 대체한다. 중간과제는 형식적 요약문을 작성하는 것이,3.84,318,96,118,73,18,13,318,8,0.025157,237,0.745283,73,0.22956,318,20,0.062893,183,0.575472,115,0.361635,318,103,0.323899,179,0.562893,36,0.113208,318,3,0.009434,24,0.075472,2,0.006289,269,0.845912,20,0.062893,318,252,0.792453,21,0.066038,41,0.128931,3,0.009434,1,0.003145
356040,"모든 주차 수업 내용에서 문제가 나오지만, 오픈북이여서 할 만합니다. 자",2.99,72,19,9,15,10,19,72,1,0.013889,42,0.583333,29,0.402778,72,25,0.347222,28,0.388889,19,0.263889,72,18,0.25,42,0.583333,12,0.166667,72,0,0.0,15,0.208333,0,0.0,53,0.736111,4,0.055556,72,1,0.013889,57,0.791667,14,0.194444,0,0.0,0,0.0
356058,처음에 못하는 모습 보여주다가 나중에 잘해도 소용 없으니까 제발 처음부터,4.19,166,79,58,14,12,3,165,12,0.072727,129,0.781818,24,0.145455,165,30,0.181818,119,0.721212,16,0.09697,165,58,0.351515,100,0.606061,7,0.042424,165,0,0.0,14,0.084848,1,0.006061,104,0.630303,46,0.278788,165,108,0.654545,24,0.145455,18,0.109091,5,0.030303,10,0.060606
356110,시험 없음 글쓰기 3개로 평가함 교수님께서 주신 피드백에 따라서 잘 수정,4.5,4,2,2,0,0,0,4,0,0.0,4,1.0,0,0.0,4,4,1.0,0,0.0,0,0.0,4,1,0.25,3,0.75,0,0.0,4,0,0.0,1,0.25,0,0.0,3,0.75,0,0.0,4,3,0.75,0,0.0,1,0.25,0,0.0,0,0.0
356128,"시험은 다 듣기로 진행되고, 듣기에 알맞는 제목을 쓰는 것과 듣고 빈",4.85,13,11,2,0,0,0,13,2,0.153846,9,0.692308,2,0.153846,13,6,0.461538,7,0.538462,0,0.0,13,8,0.615385,5,0.384615,0,0.0,13,0,0.0,0,0.0,0,0.0,13,1.0,0,0.0,13,0,0.0,0,0.0,10,0.769231,2,0.153846,1,0.076923
356129,교안에 나온 개념 잘 알아야 합니다! 그리고 강의에서 얘기 하신 내용도,4.13,8,3,3,2,0,0,8,1,0.125,1,0.125,6,0.75,8,0,0.0,7,0.875,1,0.125,8,4,0.5,4,0.5,0,0.0,8,0,0.0,1,0.125,0,0.0,7,0.875,0,0.0,8,0,0.0,5,0.625,3,0.375,0,0.0,0,0.0
42259,혼자 학교 다니는 분들을 위하여... 첨가물학 중간 기말은 똑같이 시험을,4.33,60,30,21,8,1,0,60,55,0.916667,4,0.066667,1,0.016667,60,58,0.966667,2,0.033333,0,0.0,60,18,0.3,35,0.583333,7,0.116667,60,2,0.033333,19,0.316667,0,0.0,34,0.566667,5,0.083333,60,3,0.05,49,0.816667,8,0.133333,0,0.0,0,0.0
42277,21학년도 족보랑 틀은 완전같고 문제도 70%겹치게 나옴 - 컨벌루션계산,3.45,114,21,35,42,6,10,114,5,0.04386,80,0.701754,29,0.254386,114,89,0.780702,19,0.166667,6,0.052632,114,32,0.280702,73,0.640351,9,0.078947,114,5,0.04386,60,0.526316,0,0.0,49,0.429825,0,0.0,114,0,0.0,0,0.0,111,0.973684,0,0.0,3,0.026316
42278,족보랑 많이 겹치네요. 한번 구해서 풀어보시길 바랍니다.,3.66,113,28,39,30,12,4,113,0,0.0,88,0.778761,25,0.221239,113,91,0.80531,22,0.19469,0,0.0,113,30,0.265487,71,0.628319,12,0.106195,113,4,0.035398,63,0.557522,0,0.0,44,0.389381,2,0.017699,113,2,0.017699,2,0.017699,109,0.964602,0,0.0,0,0.0
42279,수업시간에 증명과 이론적인 부분을 심도있게 다루나 문제는 계산문제 위주로,3.96,96,48,18,16,6,8,96,4,0.041667,62,0.645833,30,0.3125,96,78,0.8125,18,0.1875,0,0.0,96,36,0.375,43,0.447917,17,0.177083,96,2,0.020833,50,0.520833,1,0.010417,27,0.28125,16,0.166667,96,0,0.0,5,0.052083,74,0.770833,0,0.0,17,0.177083
42282,"전자기학1도 나완수 교수님한테서 들었지만, 과제랑 교안에서 거의 전부 나",4.7,98,77,16,3,1,1,98,3,0.030612,63,0.642857,32,0.326531,98,88,0.897959,9,0.091837,1,0.010204,98,38,0.387755,57,0.581633,3,0.030612,98,0,0.0,30,0.306122,0,0.0,39,0.397959,29,0.295918,98,0,0.0,2,0.020408,9,0.091837,77,0.785714,10,0.102041
42284,"과제중에 하나 정도 거의 비슷하게 나오고, 나머지는 처음 보는 문제들로",2.9,62,10,12,14,14,12,62,2,0.032258,33,0.532258,27,0.435484,62,35,0.564516,21,0.33871,6,0.096774,62,14,0.225806,37,0.596774,11,0.177419,62,7,0.112903,14,0.225806,0,0.0,34,0.548387,7,0.112903,62,1,0.016129,0,0.0,25,0.403226,34,0.548387,2,0.032258
42290,"문제 유형은 나올게 보이는데, 문제를 조금 꼬아서 내십니다. 일단 회",4.8,152,127,20,5,0,0,152,131,0.861842,19,0.125,2,0.013158,152,147,0.967105,4,0.026316,1,0.006579,152,104,0.684211,48,0.315789,0,0.0,152,7,0.046053,58,0.381579,0,0.0,70,0.460526,17,0.111842,152,1,0.006579,0,0.0,150,0.986842,0,0.0,1,0.006579
42291,풀이를 적고 답을 구하는 문제입니다 (중간고사 때 Wheatstone,4.12,86,41,22,17,4,2,86,78,0.906977,8,0.093023,0,0.0,86,83,0.965116,3,0.034884,0,0.0,86,32,0.372093,50,0.581395,4,0.046512,86,14,0.162791,37,0.430233,0,0.0,33,0.383721,2,0.023256,86,0,0.0,0,0.0,72,0.837209,14,0.162791,0,0.0
42294,19년기준 시험 1번 퀴즈 5번봄. 시험-퀴즈-과제 순 시험은 시험전,2.26,93,17,5,12,10,49,93,7,0.075269,30,0.322581,56,0.602151,93,82,0.88172,10,0.107527,1,0.010753,93,32,0.344086,57,0.612903,4,0.043011,93,2,0.021505,30,0.322581,0,0.0,46,0.494624,15,0.16129,93,4,0.043011,16,0.172043,65,0.698925,1,0.010753,7,0.075269
42297,교안에 있는 게 제일 많이 나옴. 과제도 풀면 도움이 되는 수준 교안에,4.49,107,69,27,6,4,1,107,1,0.009346,95,0.88785,11,0.102804,107,88,0.82243,19,0.17757,0,0.0,107,36,0.336449,69,0.64486,2,0.018692,107,1,0.009346,24,0.224299,0,0.0,77,0.719626,5,0.046729,107,0,0.0,3,0.028037,104,0.971963,0,0.0,0,0.0
42340,생각보다 꼼꼼히 안하샤도 되긴합니다. 다만 수업시간에 교수님이 풀어준 식,3.05,19,2,6,5,3,3,19,1,0.052632,8,0.421053,10,0.526316,19,19,1.0,0,0.0,0,0.0,19,3,0.157895,16,0.842105,0,0.0,19,3,0.157895,12,0.631579,0,0.0,2,0.105263,2,0.105263,19,0,0.0,1,0.052632,18,0.947368,0,0.0,0,0.0
42354,시험 문제 난이도 자체는 어렵지 않습니다. 기본적으로 과목 난이도 자체가,4.02,128,57,37,20,8,6,128,1,0.007812,87,0.679688,40,0.3125,128,112,0.875,15,0.117188,1,0.007812,128,25,0.195312,80,0.625,23,0.179688,128,0,0.0,11,0.085938,0,0.0,110,0.859375,7,0.054688,128,0,0.0,1,0.007812,127,0.992188,0,0.0,0,0.0
42356,앞분반 뒷분반 문제가 다릅니다. 저는 뒷분반이었고 오프라인 시험이었습니다,4.71,224,166,51,6,1,0,224,2,0.008929,107,0.477679,115,0.513393,224,201,0.897321,23,0.102679,0,0.0,224,135,0.602679,87,0.388393,2,0.008929,224,3,0.013393,81,0.361607,0,0.0,128,0.571429,12,0.053571,224,1,0.004464,0,0.0,221,0.986607,0,0.0,2,0.008929
42358,교안말고 오픈북시험이니까 책에 뒤에있는문제에서 대부분 나옴 사람들이오픈북,2.73,109,16,14,34,15,30,109,92,0.844037,17,0.155963,0,0.0,109,100,0.917431,9,0.082569,0,0.0,109,60,0.550459,46,0.422018,3,0.027523,109,1,0.009174,32,0.293578,0,0.0,61,0.559633,15,0.137615,109,1,0.009174,2,0.018349,49,0.449541,3,0.027523,54,0.495413
42365,중간 만점이 600점 조금 안됨. 문제가 12문제 가량되고 문제풀이에 필,4.01,134,57,40,24,7,6,133,2,0.015038,23,0.172932,108,0.81203,133,113,0.849624,19,0.142857,1,0.007519,133,31,0.233083,98,0.736842,4,0.030075,133,5,0.037594,97,0.729323,12,0.090226,13,0.097744,6,0.045113,133,0,0.0,0,0.0,133,1.0,0,0.0,0,0.0
42413,1. HCS12 보드의 기능 (답은 32bit timer가 아니고 16b,4.33,72,48,10,8,2,4,72,2,0.027778,26,0.361111,44,0.611111,72,68,0.944444,4,0.055556,0,0.0,72,29,0.402778,42,0.583333,1,0.013889,72,4,0.055556,54,0.75,3,0.041667,9,0.125,2,0.027778,72,0,0.0,63,0.875,8,0.111111,1,0.013889,0,0.0
42421,과제 열심히 푸시고 수업 중에 시험 나온다고 하는 부분 잘 들으세요. 우,4.69,52,38,12,2,0,0,52,1,0.019231,43,0.826923,8,0.153846,52,46,0.884615,6,0.115385,0,0.0,52,38,0.730769,14,0.269231,0,0.0,52,1,0.019231,14,0.269231,24,0.461538,12,0.230769,1,0.019231,52,0,0.0,0,0.0,52,1.0,0,0.0,0,0.0
42455,수업시간에 다루었던 고전문학 작가 중 한명을 골라 12장 레포트 제출하면,4.54,35,24,8,1,2,0,35,8,0.228571,23,0.657143,4,0.114286,35,34,0.971429,1,0.028571,0,0.0,35,28,0.8,5,0.142857,2,0.057143,35,0,0.0,14,0.4,0,0.0,15,0.428571,6,0.171429,35,20,0.571429,10,0.285714,5,0.142857,0,0.0,0,0.0
42468,,4.8,10,8,2,0,0,0,10,3,0.3,7,0.7,0,0.0,10,9,0.9,1,0.1,0,0.0,10,9,0.9,1,0.1,0,0.0,10,1,0.1,5,0.5,0,0.0,3,0.3,1,0.1,10,6,0.6,0,0.0,4,0.4,0,0.0,0,0.0
42485,1주일 내에 최대 4페이지 작성하는 부담없는 기말대체과제입니다! 그냥,4.27,30,17,7,4,1,1,30,3,0.1,23,0.766667,4,0.133333,30,20,0.666667,7,0.233333,3,0.1,30,21,0.7,9,0.3,0,0.0,30,0,0.0,10,0.333333,0,0.0,19,0.633333,1,0.033333,30,8,0.266667,3,0.1,18,0.6,0,0.0,1,0.033333
42486,"기말시험은 조별로 영화를 촬영하는 형태이고, 교수님께서 직접 지도해 주십",4.79,84,74,5,3,1,1,84,39,0.464286,37,0.440476,8,0.095238,84,4,0.047619,38,0.452381,42,0.5,84,80,0.952381,4,0.047619,0,0.0,84,18,0.214286,27,0.321429,0,0.0,26,0.309524,13,0.154762,84,75,0.892857,2,0.02381,7,0.083333,0,0.0,0,0.0
42489,"객관식, 단어 문제, 3줄 이내로 서술하는 문제, 분량 제한 없이 서술하",4.67,46,32,13,1,0,0,46,14,0.304348,31,0.673913,1,0.021739,46,43,0.934783,3,0.065217,0,0.0,46,26,0.565217,20,0.434783,0,0.0,46,1,0.021739,19,0.413043,0,0.0,22,0.478261,4,0.086957,46,0,0.0,0,0.0,46,1.0,0,0.0,0,0.0
42560,특정한 세세한 역사적 정보보다는 전체적인 맥락을 고루 파악하는 것이 중요,3.56,57,11,23,14,5,4,57,8,0.140351,43,0.754386,6,0.105263,57,48,0.842105,8,0.140351,1,0.017544,57,20,0.350877,35,0.614035,2,0.035088,57,3,0.052632,24,0.421053,0,0.0,25,0.438596,5,0.087719,57,0,0.0,14,0.245614,43,0.754386,0,0.0,0,0.0
42593,"다 서술형이고, 전체적인 흐름을 적으면 되었음",2.53,15,1,1,5,6,2,15,14,0.933333,1,0.066667,0,0.0,15,14,0.933333,1,0.066667,0,0.0,15,1,0.066667,8,0.533333,6,0.4,15,0,0.0,12,0.8,0,0.0,1,0.066667,2,0.133333,15,0,0.0,0,0.0,15,1.0,0,0.0,0,0.0
42763,오픈북으로 테이크홈으로 진행되었어요 수업이나 책 위주로 작성하면 되실 것,3.9,58,27,15,6,3,7,58,39,0.672414,18,0.310345,1,0.017241,58,52,0.896552,5,0.086207,1,0.017241,58,25,0.431034,25,0.431034,8,0.137931,58,4,0.068966,13,0.224138,1,0.017241,34,0.586207,6,0.103448,58,1,0.017241,3,0.051724,54,0.931034,0,0.0,0,0.0
42772,중간기말 다 빈칸/서술형이라서 그냥 강의안보고 직접문제만들어서 푸시면 쉽,4.22,54,24,19,10,1,0,54,0,0.0,9,0.166667,45,0.833333,54,1,0.018519,24,0.444444,29,0.537037,54,13,0.240741,22,0.407407,19,0.351852,54,0,0.0,1,0.018519,0,0.0,53,0.981481,0,0.0,54,0,0.0,13,0.240741,41,0.759259,0,0.0,0,0.0
42792,Ppt랑 교재 꼼꼼하게 읽어야합니다ㅠㅠ 노오픈북 약술형(키워드 주고 아는,3.98,63,25,22,8,6,2,63,1,0.015873,38,0.603175,24,0.380952,63,19,0.301587,29,0.460317,15,0.238095,63,15,0.238095,39,0.619048,9,0.142857,63,2,0.031746,29,0.460317,0,0.0,27,0.428571,5,0.079365,63,3,0.047619,12,0.190476,47,0.746032,0,0.0,1,0.015873
42822,교수님께서 시험 전에 퀴즈를 보십니다. 성적에 들어가진 않지만 반드시!,4.29,500,289,115,65,13,18,500,384,0.768,95,0.19,21,0.042,500,458,0.916,41,0.082,1,0.002,500,208,0.416,255,0.51,37,0.074,500,45,0.09,262,0.524,1,0.002,128,0.256,64,0.128,500,1,0.002,6,0.012,376,0.752,48,0.096,69,0.138
42827,"총 10문제 나왔고, 모든문제가 연습문제와 예제에서 동일 혹은 유사하게",4.54,544,363,126,47,4,4,544,243,0.446691,278,0.511029,23,0.042279,544,509,0.935662,35,0.064338,0,0.0,544,396,0.727941,146,0.268382,2,0.003676,544,51,0.09375,335,0.615809,2,0.003676,119,0.21875,37,0.068015,544,1,0.001838,202,0.371324,340,0.625,1,0.001838,0,0.0
42843,"29점 만점이며, 각 문제당 2~3점이고 총 12문제가 출제됩니다. 체감",3.85,290,90,111,62,10,17,290,150,0.517241,115,0.396552,25,0.086207,290,270,0.931034,19,0.065517,1,0.003448,290,55,0.189655,218,0.751724,17,0.058621,290,52,0.17931,86,0.296552,0,0.0,142,0.489655,10,0.034483,290,0,0.0,0,0.0,183,0.631034,31,0.106897,76,0.262069
42844,공부할 때: 교안 여러번 넘기면서 큰 흐름 위주 공부+사이사이 디테일은,4.65,544,391,116,35,2,0,544,160,0.294118,380,0.698529,4,0.007353,544,427,0.784926,116,0.213235,1,0.001838,544,235,0.431985,304,0.558824,5,0.009191,544,14,0.025735,384,0.705882,0,0.0,119,0.21875,27,0.049632,544,1,0.001838,188,0.345588,354,0.650735,1,0.001838,0,0.0
42846,교수님께서 미리 중간고사 예시문제와 번역 문제로 나올 제시문들을 미리 주,3.94,127,43,46,30,4,4,127,1,0.007874,62,0.488189,64,0.503937,127,112,0.88189,14,0.110236,1,0.007874,127,31,0.244094,89,0.700787,7,0.055118,127,1,0.007874,26,0.204724,0,0.0,99,0.779528,1,0.007874,127,0,0.0,0,0.0,127,1.0,0,0.0,0,0.0
42850,"과제 3번, 시험3번(중간1, 중간2, 기말)로 구성돼있습니다. 또 시험",2.98,50,3,15,18,6,8,50,7,0.14,22,0.44,21,0.42,50,46,0.92,4,0.08,0,0.0,50,19,0.38,30,0.6,1,0.02,50,3,0.06,36,0.72,0,0.0,11,0.22,0,0.0,50,0,0.0,6,0.12,12,0.24,16,0.32,16,0.32
42860,기출을 무조건 많이 풀어보세요 똑같이 나오는 경우도 있고 풀면서 계량에,4.56,113,80,17,15,1,0,113,0,0.0,19,0.168142,94,0.831858,113,106,0.938053,6,0.053097,1,0.00885,113,33,0.292035,78,0.690265,2,0.017699,113,66,0.584071,31,0.274336,0,0.0,15,0.132743,1,0.00885,113,0,0.0,0,0.0,112,0.99115,1,0.00885,0,0.0
42880,무조건 족보 사서 보시는걸 추천합니다. 족보를 폴기 위해 공부해야 합니다,3.76,430,127,150,98,31,24,430,52,0.12093,365,0.848837,13,0.030233,430,333,0.774419,96,0.223256,1,0.002326,430,203,0.472093,189,0.439535,38,0.088372,430,162,0.376744,163,0.37907,1,0.002326,79,0.183721,25,0.05814,430,0,0.0,8,0.018605,420,0.976744,0,0.0,2,0.004651
42884,1.outline 에서 중요 개념 （전범위 ） Marketing phil,4.56,339,236,73,19,6,5,339,308,0.908555,28,0.082596,3,0.00885,339,313,0.923304,25,0.073746,1,0.00295,339,187,0.551622,141,0.415929,11,0.032448,339,59,0.174041,212,0.625369,0,0.0,52,0.153392,16,0.047198,339,3,0.00885,296,0.873156,40,0.117994,0,0.0,0,0.0
42887,평소에 강의 잘 듣고 족보 구해서 달달 외우면 고득점 가능해요 특히 족보,4.07,350,157,108,56,12,17,350,16,0.045714,256,0.731429,78,0.222857,350,329,0.94,20,0.057143,1,0.002857,350,66,0.188571,240,0.685714,44,0.125714,350,85,0.242857,183,0.522857,1,0.002857,67,0.191429,14,0.04,350,0,0.0,12,0.034286,304,0.868571,6,0.017143,28,0.08
42893,"4지 선다형으로 나옵니다. 핵심적인 부분에서 옳은 것, 옳지 않은 것 고",3.55,22,3,11,4,3,1,22,2,0.090909,6,0.272727,14,0.636364,22,5,0.227273,7,0.318182,10,0.454545,22,5,0.227273,17,0.772727,0,0.0,22,0,0.0,5,0.227273,3,0.136364,11,0.5,3,0.136364,22,0,0.0,14,0.636364,8,0.363636,0,0.0,0,0.0
42894,"OX문항 15개, 객관식 35개 총 50문항 출제되었습니다. 교안과 수업",3.49,286,80,90,50,23,43,286,80,0.27972,183,0.63986,23,0.08042,286,98,0.342657,158,0.552448,30,0.104895,286,44,0.153846,158,0.552448,84,0.293706,286,4,0.013986,66,0.230769,1,0.003497,209,0.730769,6,0.020979,286,0,0.0,21,0.073427,262,0.916084,0,0.0,3,0.01049
42911,교안을 보고 공부하시면 됩니다. 강의를 듣고 전반적으로 이해하는 것이 중,3.97,302,98,127,58,8,11,302,10,0.033113,153,0.506623,139,0.460265,302,273,0.903974,28,0.092715,1,0.003311,302,55,0.182119,204,0.675497,43,0.142384,302,31,0.102649,212,0.701987,0,0.0,51,0.168874,8,0.02649,302,0,0.0,24,0.07947,278,0.92053,0,0.0,0,0.0
42918,N회독 보다는 흐름을 읽고가시는게 제일 중요한 것같아요. 강의를 다 들으,2.63,726,74,118,202,129,203,726,312,0.429752,301,0.414601,113,0.155647,726,644,0.887052,60,0.082645,22,0.030303,726,132,0.181818,448,0.61708,146,0.201102,726,74,0.101928,526,0.724518,2,0.002755,80,0.110193,44,0.060606,726,6,0.008264,428,0.589532,213,0.293388,3,0.004132,76,0.104683
42946,절대평가라 그런지 시험 부담없습니다. 시험 직전 주에 교수님이 말해주신것,4.27,73,28,37,8,0,0,73,56,0.767123,16,0.219178,1,0.013699,73,68,0.931507,5,0.068493,0,0.0,73,34,0.465753,37,0.506849,2,0.027397,73,52,0.712329,8,0.109589,0,0.0,12,0.164384,1,0.013699,73,0,0.0,9,0.123288,64,0.876712,0,0.0,0,0.0
42947,완전 지엽적인 것도 나오지만 개념 위주로 확실히 공부하시는게 효율적인 거,3.38,24,5,9,3,4,3,24,0,0.0,18,0.75,6,0.25,24,6,0.25,16,0.666667,2,0.083333,24,3,0.125,17,0.708333,4,0.166667,24,0,0.0,7,0.291667,0,0.0,14,0.583333,3,0.125,24,0,0.0,0,0.0,24,1.0,0,0.0,0,0.0
42965,"마지막 기말고사는 비대면 온라인 시험이였고, 오픈북이였습니다. 총 2문제",4.19,70,31,27,8,2,2,70,63,0.9,6,0.085714,1,0.014286,70,63,0.9,6,0.085714,1,0.014286,70,10,0.142857,49,0.7,11,0.157143,70,1,0.014286,9,0.128571,0,0.0,49,0.7,11,0.157143,70,0,0.0,0,0.0,9,0.128571,61,0.871429,0,0.0
42966,개념 암기 문제보다는 활용 문제를 주로 내십니다. 올해 중간고사는 비교적,3.89,123,47,30,36,6,4,123,24,0.195122,98,0.796748,1,0.00813,123,107,0.869919,15,0.121951,1,0.00813,123,47,0.382114,70,0.569106,6,0.04878,123,5,0.04065,25,0.203252,0,0.0,73,0.593496,20,0.162602,123,0,0.0,15,0.121951,105,0.853659,0,0.0,3,0.02439
42978,어렵습니다. 전에는 어렵진 않았다고 들었는데.. 미분방정식이 공식만 외,4.91,32,29,3,0,0,0,32,31,0.96875,1,0.03125,0,0.0,32,32,1.0,0,0.0,0,0.0,32,12,0.375,18,0.5625,2,0.0625,32,11,0.34375,12,0.375,0,0.0,8,0.25,1,0.03125,32,0,0.0,3,0.09375,29,0.90625,0,0.0,0,0.0
42980,수업을 잘 들으셨으면 수업내용 응용이라 어렵지 않게 푸실수 있을거에요!,4.82,28,24,3,1,0,0,28,27,0.964286,1,0.035714,0,0.0,28,28,1.0,0,0.0,0,0.0,28,8,0.285714,17,0.607143,3,0.107143,28,6,0.214286,9,0.321429,0,0.0,12,0.428571,1,0.035714,28,0,0.0,0,0.0,28,1.0,0,0.0,0,0.0
42983,,4.97,31,30,1,0,0,0,31,28,0.903226,3,0.096774,0,0.0,31,29,0.935484,2,0.064516,0,0.0,31,11,0.354839,18,0.580645,2,0.064516,31,18,0.580645,3,0.096774,0,0.0,10,0.322581,0,0.0,31,0,0.0,3,0.096774,28,0.903226,0,0.0,0,0.0
42989,,5,6,6,0,0,0,0,6,6,1.0,0,0.0,0,0.0,6,6,1.0,0,0.0,0,0.0,6,5,0.833333,1,0.166667,0,0.0,6,3,0.5,2,0.333333,0,0.0,1,0.166667,0,0.0,6,0,0.0,6,1.0,0,0.0,0,0.0,0,0.0
42997,집에서 작성하는 기말 대체 보고서임 딱히 이렇다할 것도 없고 그냥 교육,4,6,2,2,2,0,0,6,4,0.666667,2,0.333333,0,0.0,6,5,0.833333,1,0.166667,0,0.0,6,2,0.333333,4,0.666667,0,0.0,6,0,0.0,1,0.166667,0,0.0,5,0.833333,0,0.0,6,5,0.833333,0,0.0,1,0.166667,0,0.0,0,0.0
43000,세개의 문제 중 두개를 선택하여 영어로 논술하는 방식입니다. 교수님이 수,4.21,29,10,16,2,1,0,29,2,0.068966,19,0.655172,8,0.275862,29,14,0.482759,11,0.37931,4,0.137931,29,6,0.206897,19,0.655172,4,0.137931,29,4,0.137931,5,0.172414,0,0.0,19,0.655172,1,0.034483,29,1,0.034483,19,0.655172,9,0.310345,0,0.0,0,0.0
43023,2. 연습문제를 가지고 그대로 TF문제를 내십니다 증명하라는 정리를 적당,2.33,76,7,8,18,13,30,76,3,0.039474,43,0.565789,30,0.394737,76,68,0.894737,7,0.092105,1,0.013158,76,41,0.539474,34,0.447368,1,0.013158,76,1,0.013158,52,0.684211,0,0.0,20,0.263158,3,0.039474,76,0,0.0,0,0.0,74,0.973684,1,0.013158,1,0.013158
43026,이번학기는 절대평가라 그런지 과제로 나온 문제만 풀 줄 알면 쉽게 만점,4.79,34,28,5,1,0,0,34,11,0.323529,12,0.352941,11,0.323529,34,18,0.529412,16,0.470588,0,0.0,34,28,0.823529,6,0.176471,0,0.0,34,0,0.0,17,0.5,0,0.0,14,0.411765,3,0.088235,34,0,0.0,11,0.323529,23,0.676471,0,0.0,0,0.0
43060,교재에 있는 연습문제 많이 풀어보세요. 모든 문제 다 영어로 나오고 객관,4.36,11,4,7,0,0,0,11,11,1.0,0,0.0,0,0.0,11,11,1.0,0,0.0,0,0.0,11,7,0.636364,4,0.363636,0,0.0,11,0,0.0,6,0.545455,3,0.272727,1,0.090909,1,0.090909,11,0,0.0,0,0.0,11,1.0,0,0.0,0,0.0
43063,"시험범위는 5장 정도까지이며, 심화된 일반화학 느낌의 문제입니다. 퀴즈에",4.16,91,46,24,13,6,2,91,32,0.351648,58,0.637363,1,0.010989,91,88,0.967033,3,0.032967,0,0.0,91,49,0.538462,39,0.428571,3,0.032967,91,4,0.043956,74,0.813187,0,0.0,2,0.021978,11,0.120879,91,0,0.0,0,0.0,91,1.0,0,0.0,0,0.0
43073,PPT에 있는 모든 내용을 내겠다는 교수님의 의지가 느껴지는 시험입니다.,4.74,35,26,9,0,0,0,35,35,1.0,0,0.0,0,0.0,35,34,0.971429,1,0.028571,0,0.0,35,15,0.428571,20,0.571429,0,0.0,35,2,0.057143,27,0.771429,0,0.0,4,0.114286,2,0.057143,35,0,0.0,0,0.0,35,1.0,0,0.0,0,0.0
43086,16과 nomenclature 보기 누적이라면 2과 phylogeneti,4.38,86,47,26,12,1,0,86,22,0.255814,64,0.744186,0,0.0,86,81,0.94186,5,0.05814,0,0.0,86,33,0.383721,50,0.581395,3,0.034884,86,9,0.104651,36,0.418605,0,0.0,32,0.372093,9,0.104651,86,0,0.0,6,0.069767,78,0.906977,2,0.023256,0,0.0
43089,오픈북이어서 대면 시험과 많이 달랐어요. 암기할 필요는 없고 어느 단원에,4.33,80,44,24,7,4,1,80,11,0.1375,66,0.825,3,0.0375,80,10,0.125,56,0.7,14,0.175,80,24,0.3,39,0.4875,17,0.2125,80,18,0.225,23,0.2875,0,0.0,35,0.4375,4,0.05,80,0,0.0,0,0.0,80,1.0,0,0.0,0,0.0
43091,문제은행을 주시고 거기서 1/3정도가 시험에 나옵니다. 문제 그대로 나오,4.46,48,32,9,4,3,0,48,29,0.604167,19,0.395833,0,0.0,48,43,0.895833,5,0.104167,0,0.0,48,44,0.916667,4,0.083333,0,0.0,48,0,0.0,9,0.1875,1,0.020833,36,0.75,2,0.041667,48,1,0.020833,34,0.708333,13,0.270833,0,0.0,0,0.0
43095,ppt 분량 많은 것 위주 핵심만 간략히 적는 거 좋아하셔서 정리하시는,4.33,106,59,34,6,3,4,106,19,0.179245,69,0.650943,18,0.169811,106,93,0.877358,13,0.122642,0,0.0,106,53,0.5,52,0.490566,1,0.009434,106,0,0.0,41,0.386792,0,0.0,63,0.59434,2,0.018868,106,2,0.018868,85,0.801887,19,0.179245,0,0.0,0,0.0
43097,시험 전날 리뷰세션 꼭 가셔서 해당 식물들 잎 모양이나 family i,4.78,58,46,11,1,0,0,58,9,0.155172,39,0.672414,10,0.172414,58,49,0.844828,7,0.12069,2,0.034483,58,26,0.448276,29,0.5,3,0.051724,58,6,0.103448,31,0.534483,0,0.0,20,0.344828,1,0.017241,58,0,0.0,7,0.12069,51,0.87931,0,0.0,0,0.0
43099,PPT에서 다 나오고 조교님이 안나온다고 하신 부분은 공부 안하셔도 됩니,4.47,36,22,9,5,0,0,36,2,0.055556,29,0.805556,5,0.138889,36,10,0.277778,25,0.694444,1,0.027778,36,10,0.277778,26,0.722222,0,0.0,36,0,0.0,7,0.194444,0,0.0,27,0.75,2,0.055556,36,1,0.027778,32,0.888889,2,0.055556,1,0.027778,0,0.0
43102,,0,0,0,0,0,0,0,0,0,0.0,0,0.0,0,0.0,0,0,0.0,0,0.0,0,0.0,0,0,0.0,0,0.0,0,0.0,0,0,0.0,0,0.0,0,0.0,0,0.0,0,0.0,0,0,0.0,0,0.0,0,0.0,0,0.0,0,0.0
43112,,0,0,0,0,0,0,0,0,0,0.0,0,0.0,0,0.0,0,0,0.0,0,0.0,0,0.0,0,0,0.0,0,0.0,0,0.0,0,0,0.0,0,0.0,0,0.0,0,0.0,0,0.0,0,0,0.0,0,0.0,0,0.0,0,0.0,0,0.0
43158,저희땐 다 ox로 나왔습니다 난이도는 낮았고 그냥 퀴즈보듯이 봤어요,4.39,41,23,11,7,0,0,41,31,0.756098,8,0.195122,2,0.04878,41,34,0.829268,2,0.04878,5,0.121951,41,35,0.853659,6,0.146341,0,0.0,41,4,0.097561,6,0.146341,0,0.0,28,0.682927,3,0.073171,41,6,0.146341,33,0.804878,2,0.04878,0,0.0,0,0.0
43167,,4.23,44,22,12,8,2,0,44,0,0.0,5,0.113636,39,0.886364,44,0,0.0,1,0.022727,43,0.977273,44,16,0.363636,25,0.568182,3,0.068182,44,0,0.0,1,0.022727,0,0.0,43,0.977273,0,0.0,44,43,0.977273,0,0.0,1,0.022727,0,0.0,0,0.0
43190,,3.92,25,9,8,6,1,1,25,0,0.0,9,0.36,16,0.64,25,23,0.92,2,0.08,0,0.0,25,9,0.36,14,0.56,2,0.08,25,0,0.0,6,0.24,0,0.0,15,0.6,4,0.16,25,21,0.84,1,0.04,3,0.12,0,0.0,0,0.0
43220,,0,0,0,0,0,0,0,0,0,0.0,0,0.0,0,0.0,0,0,0.0,0,0.0,0,0.0,0,0,0.0,0,0.0,0,0.0,0,0,0.0,0,0.0,0,0.0,0,0.0,0,0.0,0,0,0.0,0,0.0,0,0.0,0,0.0,0,0.0
43373,,3.93,15,4,8,1,2,0,15,0,0.0,14,0.933333,1,0.066667,15,7,0.466667,8,0.533333,0,0.0,15,8,0.533333,5,0.333333,2,0.133333,15,1,0.066667,1,0.066667,0,0.0,13,0.866667,0,0.0,15,0,0.0,14,0.933333,1,0.066667,0,0.0,0,0.0
43412,전년도 시험들을 미리 주시니 꼭 풀어보시길 바랍니다 족보를 보면 알겠지만,4.61,173,119,45,6,2,1,173,9,0.052023,151,0.872832,13,0.075145,173,156,0.901734,16,0.092486,1,0.00578,173,31,0.179191,124,0.716763,18,0.104046,173,6,0.034682,80,0.462428,1,0.00578,83,0.479769,3,0.017341,173,0,0.0,13,0.075145,160,0.924855,0,0.0,0,0.0
43431,그냥 교안이랑 교안에서 discussion 질문 포함 모든걸 공부해야함,4.42,33,18,11,4,0,0,33,2,0.060606,10,0.30303,21,0.636364,33,7,0.212121,16,0.484848,10,0.30303,33,8,0.242424,24,0.727273,1,0.030303,33,1,0.030303,10,0.30303,1,0.030303,20,0.606061,1,0.030303,33,0,0.0,30,0.909091,3,0.090909,0,0.0,0,0.0
43437,8문제나옴. 기존의 문제들이랑 다른 유형이라 뒤통수맞은느낌 기본은 과제문,4.82,118,104,9,3,2,0,118,1,0.008475,102,0.864407,15,0.127119,118,106,0.898305,12,0.101695,0,0.0,118,76,0.644068,40,0.338983,2,0.016949,118,6,0.050847,22,0.186441,1,0.008475,64,0.542373,25,0.211864,118,0,0.0,0,0.0,117,0.991525,1,0.008475,0,0.0
43445,"시험은 보통 족보 변형이긴 합니다. 거기에 교재 예제, 과제 공부하시면",4.7,116,92,18,2,3,1,116,0,0.0,87,0.75,29,0.25,116,101,0.87069,15,0.12931,0,0.0,116,96,0.827586,18,0.155172,2,0.017241,116,11,0.094828,16,0.137931,0,0.0,78,0.672414,11,0.094828,116,0,0.0,7,0.060345,109,0.939655,0,0.0,0,0.0
43466,평소 과제만 열심히 한다면 시험도 어렵지 않아요 부품 하나하나를 자세히,4.69,319,251,46,17,2,3,319,9,0.028213,222,0.695925,88,0.275862,319,280,0.877743,38,0.119122,1,0.003135,319,239,0.749216,73,0.22884,7,0.021944,319,12,0.037618,41,0.128527,0,0.0,231,0.724138,35,0.109718,319,4,0.012539,71,0.222571,243,0.761755,0,0.0,1,0.003135
43488,,0,0,0,0,0,0,0,0,0,0.0,0,0.0,0,0.0,0,0,0.0,0,0.0,0,0.0,0,0,0.0,0,0.0,0,0.0,0,0,0.0,0,0.0,0,0.0,0,0.0,0,0.0,0,0,0.0,0,0.0,0,0.0,0,0.0,0,0.0
43510,수업 때 중요하다구 말씀해주신거 체크하고 기출문제 올려주시는데 그거 풀,4.92,88,82,5,1,0,0,88,49,0.556818,38,0.431818,1,0.011364,88,83,0.943182,4,0.045455,1,0.011364,88,64,0.727273,24,0.272727,0,0.0,88,14,0.159091,8,0.090909,0,0.0,54,0.613636,12,0.136364,88,0,0.0,0,0.0,80,0.909091,7,0.079545,1,0.011364
43538,,3,1,0,0,1,0,0,1,0,0.0,0,0.0,1,1.0,1,0,0.0,1,1.0,0,0.0,1,0,0.0,1,1.0,0,0.0,1,0,0.0,0,0.0,0,0.0,0,0.0,1,1.0,1,1,1.0,0,0.0,0,0.0,0,0.0,0,0.0
43584,"계산하는 문제는 모두 나왔고 4가지 주의, 근육설명, 정보이론에서 정보의",4.27,114,51,48,11,3,1,114,9,0.078947,81,0.710526,24,0.210526,114,0,0.0,38,0.333333,76,0.666667,114,38,0.333333,69,0.605263,7,0.061404,114,3,0.026316,30,0.263158,0,0.0,72,0.631579,9,0.078947,114,26,0.22807,6,0.052632,81,0.710526,1,0.008772,0,0.0
43617,교수님이찝어주신거다 나오긴하는데 어짜피수업만 들어선 못푸니까 혼자따로공부,2.93,45,11,9,5,6,14,45,13,0.288889,24,0.533333,8,0.177778,45,39,0.866667,4,0.088889,2,0.044444,45,28,0.622222,15,0.333333,2,0.044444,45,1,0.022222,6,0.133333,0,0.0,37,0.822222,1,0.022222,45,1,0.022222,2,0.044444,40,0.888889,0,0.0,2,0.044444
43652,학생들과 상의 후 한 번으로 정하십니다. 요약과 족보 보면 사실 양이 그,3.92,505,190,159,104,32,20,505,85,0.168317,369,0.730693,51,0.10099,505,46,0.091089,435,0.861386,24,0.047525,505,164,0.324752,301,0.59604,40,0.079208,505,1,0.00198,6,0.011881,0,0.0,495,0.980198,3,0.005941,505,3,0.005941,469,0.928713,32,0.063366,1,0.00198,0,0.0
43653,미리 족보를 가지고 예상 답안을 써서 포인트 개념들을 외워가거나 달달 외,4.1,340,136,130,51,17,6,340,54,0.158824,229,0.673529,57,0.167647,340,44,0.129412,287,0.844118,9,0.026471,340,83,0.244118,222,0.652941,35,0.102941,340,2,0.005882,19,0.055882,0,0.0,310,0.911765,9,0.026471,340,2,0.005882,303,0.891176,28,0.082353,1,0.002941,6,0.017647
43657,스피치와 토론 책을 정독하고 가면 좋다. 하지만 양이 많으므로 족보와 요,4.37,754,434,201,92,15,12,754,51,0.067639,374,0.496021,329,0.43634,754,22,0.029178,515,0.683024,217,0.287798,754,396,0.525199,327,0.433687,31,0.041114,754,2,0.002653,13,0.017241,0,0.0,729,0.966844,10,0.013263,754,29,0.038462,642,0.851459,73,0.096817,3,0.003979,7,0.009284
43659,면담 때 들은 지적사항 위주로 기말 에세이 팁 남겨드립니다. 1. 분량,3.85,555,183,196,117,28,31,555,9,0.016216,399,0.718919,147,0.264865,555,33,0.059459,489,0.881081,33,0.059459,555,188,0.338739,298,0.536937,69,0.124324,555,2,0.003604,14,0.025225,0,0.0,534,0.962162,5,0.009009,555,442,0.796396,30,0.054054,67,0.120721,14,0.025225,2,0.003604
43661,중간고사는 책의 한챕터를 요약하는 것입니다. 한 챕터는 30페이지 정도,3.18,451,104,98,108,57,84,450,46,0.102222,313,0.695556,91,0.202222,450,307,0.682222,120,0.266667,23,0.051111,450,90,0.2,182,0.404444,178,0.395556,450,5,0.011111,23,0.051111,0,0.0,416,0.924444,6,0.013333,450,282,0.626667,7,0.015556,158,0.351111,2,0.004444,1,0.002222
43662,교수님이 말씀하신부분 다 기록해 놓고 넣으셔야합니다..!! 관심이 많으시,3.77,393,130,113,100,28,22,393,7,0.017812,178,0.452926,208,0.529262,393,8,0.020356,209,0.531807,176,0.447837,393,124,0.315522,201,0.51145,68,0.173028,393,2,0.005089,88,0.223919,1,0.002545,250,0.636132,52,0.132316,393,343,0.872774,17,0.043257,30,0.076336,1,0.002545,2,0.005089
43666,15주차 일요일까지 제출하는 최종레포트입니다. 13~14주차동안 수업시간,3.59,352,95,114,77,36,30,352,1,0.002841,135,0.383523,216,0.613636,352,8,0.022727,31,0.088068,313,0.889205,352,92,0.261364,198,0.5625,62,0.176136,352,10,0.028409,56,0.159091,7,0.019886,211,0.599432,68,0.193182,352,326,0.926136,4,0.011364,19,0.053977,3,0.008523,0,0.0
43667,"평소 오프라인 과제와 비슷한 유형, 비슷한 난이도의 문제가 출제됩니다.",4.34,417,241,108,46,13,9,415,266,0.640964,135,0.325301,14,0.033735,415,387,0.93253,25,0.060241,3,0.007229,415,137,0.33012,264,0.636145,14,0.033735,415,0,0.0,43,0.103614,0,0.0,357,0.860241,15,0.036145,415,2,0.004819,1,0.00241,410,0.987952,0,0.0,2,0.004819
43685,제 점수 깝니다 17 / 20 자기소개 에세이 44 / 50,3.17,328,45,99,94,47,43,328,0,0.0,36,0.109756,292,0.890244,328,150,0.457317,142,0.432927,36,0.109756,328,22,0.067073,155,0.472561,151,0.460366,328,1,0.003049,118,0.359756,1,0.003049,164,0.5,44,0.134146,328,16,0.04878,9,0.027439,277,0.844512,13,0.039634,13,0.039634
43694,Quiz 1차 내용이에요. 기본적으로 책에 있는 내용을 외우시고 몇 개는,3.52,368,80,135,83,35,35,368,13,0.035326,254,0.690217,101,0.274457,368,263,0.714674,99,0.269022,6,0.016304,368,80,0.217391,186,0.505435,102,0.277174,368,6,0.016304,20,0.054348,1,0.002717,320,0.869565,21,0.057065,368,6,0.016304,13,0.035326,295,0.80163,18,0.048913,36,0.097826
43695,첫번째 에세이 쓰는 방법 본인 27점 만점 26점 그 반말고 전체 반들중,3.57,356,67,135,107,29,18,356,7,0.019663,140,0.393258,209,0.587079,356,195,0.547753,128,0.359551,33,0.092697,356,32,0.089888,120,0.337079,204,0.573034,356,7,0.019663,28,0.078652,0,0.0,312,0.876404,9,0.025281,356,5,0.014045,36,0.101124,197,0.553371,55,0.154494,63,0.176966
43697,수업 시간에 배운 것을 토대로 나오지만 수업 때 배운 것만 나오진 않습니,4.03,376,138,155,56,12,15,375,11,0.029333,205,0.546667,159,0.424,375,124,0.330667,177,0.472,74,0.197333,375,78,0.208,232,0.618667,65,0.173333,375,3,0.008,34,0.090667,0,0.0,287,0.765333,51,0.136,375,63,0.168,166,0.442667,95,0.253333,12,0.032,39,0.104
43698,관사에 대한 차이를 아는 것이 중요해요 in on at 구분하기 학술적,4.81,372,315,46,10,1,0,372,37,0.099462,304,0.817204,31,0.083333,372,225,0.604839,129,0.346774,18,0.048387,372,236,0.634409,114,0.306452,22,0.05914,372,2,0.005376,157,0.422043,1,0.002688,193,0.518817,19,0.051075,372,43,0.115591,67,0.180108,226,0.607527,24,0.064516,12,0.032258
43712,피피티 발표하면 됩니다. 마스크 끼지 말구요! 음..어.. 이런 거 쓰지,4.08,80,40,17,16,3,4,80,5,0.0625,60,0.75,15,0.1875,80,2,0.025,56,0.7,22,0.275,80,49,0.6125,26,0.325,5,0.0625,80,0,0.0,10,0.125,2,0.025,62,0.775,6,0.075,80,61,0.7625,2,0.025,17,0.2125,0,0.0,0,0.0
43713,한국어 요약 강의와 논문 요약만 제때제때 하시면서 전체적인 흐름만 파악해,4.61,484,339,106,34,5,0,484,300,0.619835,132,0.272727,52,0.107438,484,437,0.902893,47,0.097107,0,0.0,484,391,0.807851,93,0.192149,0,0.0,484,10,0.020661,182,0.376033,0,0.0,283,0.584711,9,0.018595,484,59,0.121901,10,0.020661,414,0.855372,0,0.0,1,0.002066
43720,"PPT, 참고도서 보고 문제당 A4 반페이지씩",4.3,129,66,38,23,2,0,129,76,0.589147,49,0.379845,4,0.031008,129,121,0.937984,8,0.062016,0,0.0,129,72,0.55814,55,0.426357,2,0.015504,129,3,0.023256,27,0.209302,0,0.0,88,0.682171,11,0.085271,129,4,0.031008,12,0.093023,113,0.875969,0,0.0,0,0.0
43732,교재에 있는 내용만 나옵니다 교재만 다 외워서 시험 공부하시면 될 것 같,3.46,13,3,4,4,0,2,12,0,0.0,9,0.75,3,0.25,12,8,0.666667,2,0.166667,2,0.166667,12,6,0.5,6,0.5,0,0.0,12,0,0.0,0,0.0,0,0.0,12,1.0,0,0.0,12,0,0.0,0,0.0,12,1.0,0,0.0,0,0.0
43743,"단어는 물론이고 본문에 나오는 표현, 문형들 암기해야함. 교수님이 이런건",4.45,147,89,41,12,4,1,145,9,0.062069,86,0.593103,50,0.344828,145,126,0.868966,18,0.124138,1,0.006897,145,97,0.668966,46,0.317241,2,0.013793,145,2,0.013793,4,0.027586,24,0.165517,111,0.765517,4,0.027586,145,1,0.006897,0,0.0,128,0.882759,0,0.0,16,0.110345
43756,"그냥 교과서랑 보충 연습 문제 한 번 풀고, 교수님이 짚어주신 범위 단어",3.71,14,4,6,2,0,2,14,3,0.214286,6,0.428571,5,0.357143,14,13,0.928571,1,0.071429,0,0.0,14,1,0.071429,11,0.785714,2,0.142857,14,0,0.0,3,0.214286,0,0.0,11,0.785714,0,0.0,14,0,0.0,0,0.0,12,0.857143,0,0.0,2,0.142857
43760,일단 매 과마다 본문은 모두 외우세요! 한국어 보고 프랑스어로 완벽하게,4.38,63,33,21,9,0,0,63,48,0.761905,15,0.238095,0,0.0,63,61,0.968254,2,0.031746,0,0.0,63,20,0.31746,39,0.619048,4,0.063492,63,1,0.015873,22,0.349206,0,0.0,36,0.571429,4,0.063492,63,0,0.0,2,0.031746,59,0.936508,2,0.031746,0,0.0
43780,객관식 25문제 주관식 13문제 생각나는 대로 복기함 평상시에 수업 잘,3.78,165,50,55,40,13,7,165,41,0.248485,107,0.648485,17,0.10303,165,43,0.260606,99,0.6,23,0.139394,165,50,0.30303,113,0.684848,2,0.012121,165,0,0.0,15,0.090909,19,0.115152,118,0.715152,13,0.078788,165,2,0.012121,0,0.0,128,0.775758,3,0.018182,32,0.193939
43802,배웠던 예문 중에 골라서 통으로 한국어로 해석하는 시험 나옵니다... 그,3.27,33,8,6,9,7,3,33,1,0.030303,15,0.454545,17,0.515152,33,31,0.939394,2,0.060606,0,0.0,33,8,0.242424,22,0.666667,3,0.090909,33,2,0.060606,0,0.0,0,0.0,30,0.909091,1,0.030303,33,0,0.0,0,0.0,32,0.969697,1,0.030303,0,0.0
43804,족보 꼭 푸세요 똑같은 선지 개많음 그리고 증명 문제가 5문제 정도 나왔,2.8,242,34,38,71,43,56,242,52,0.214876,153,0.632231,37,0.152893,242,217,0.896694,20,0.082645,5,0.020661,242,68,0.280992,154,0.636364,20,0.082645,242,21,0.086777,117,0.483471,2,0.008264,66,0.272727,36,0.14876,242,1,0.004132,40,0.165289,197,0.81405,3,0.012397,1,0.004132
43830,년도 외우면 쉽게 풀 수 있는 문제가 출제됩니다. 물론 년도 몰라도 풀,3.98,751,307,234,136,35,39,751,122,0.16245,608,0.809587,21,0.027963,751,684,0.910786,63,0.083888,4,0.005326,751,261,0.347537,449,0.59787,41,0.054594,751,48,0.063915,361,0.480692,143,0.190413,164,0.218375,35,0.046605,751,0,0.0,323,0.430093,428,0.569907,0,0.0,0,0.0
43849,아래와 동일합니다. 교안 잘 읽고 이해 해놓은 상태로 응시하시면 됩니다.,3.9,145,45,54,35,9,2,145,28,0.193103,114,0.786207,3,0.02069,145,134,0.924138,10,0.068966,1,0.006897,145,34,0.234483,95,0.655172,16,0.110345,145,2,0.013793,16,0.110345,0,0.0,124,0.855172,3,0.02069,145,0,0.0,0,0.0,145,1.0,0,0.0,0,0.0
43874,다 외워가세요. 처음부터 끝까지 흐름 정리하며 개념어 모두 외워가세요.,4.22,156,68,65,17,2,4,156,1,0.00641,30,0.192308,125,0.801282,156,31,0.198718,63,0.403846,62,0.397436,156,35,0.224359,102,0.653846,19,0.121795,156,1,0.00641,6,0.038462,0,0.0,147,0.942308,2,0.012821,156,0,0.0,26,0.166667,130,0.833333,0,0.0,0,0.0
43890,,3.56,34,6,16,6,3,3,34,4,0.117647,17,0.5,13,0.382353,34,2,0.058824,21,0.617647,11,0.323529,34,22,0.647059,8,0.235294,4,0.117647,34,0,0.0,2,0.058824,0,0.0,32,0.941176,0,0.0,34,30,0.882353,1,0.029412,3,0.088235,0,0.0,0,0.0
43891,기말고사는 따로 없고 대체과제물로 제출합니다. 자신이 흥미롭게 본 영화를,4.98,62,61,1,0,0,0,62,35,0.564516,27,0.435484,0,0.0,62,23,0.370968,34,0.548387,5,0.080645,62,61,0.983871,1,0.016129,0,0.0,62,1,0.016129,21,0.33871,0,0.0,37,0.596774,3,0.048387,62,59,0.951613,1,0.016129,2,0.032258,0,0.0,0,0.0
43909,1. 교재 (분철본)에서 핵심 단어 화이트로 지우고 다시 써보기 2. 지,4.09,47,22,14,7,1,3,47,1,0.021277,37,0.787234,9,0.191489,47,28,0.595745,17,0.361702,2,0.042553,47,17,0.361702,27,0.574468,3,0.06383,47,0,0.0,2,0.042553,0,0.0,44,0.93617,1,0.021277,47,5,0.106383,34,0.723404,7,0.148936,1,0.021277,0,0.0
43950,"교육심리는 인지발달이론, 행동주의와 인지주의(정보처리이론), 동기이론이",4.54,81,53,19,9,0,0,81,7,0.08642,57,0.703704,17,0.209877,81,1,0.012346,70,0.864198,10,0.123457,81,25,0.308642,54,0.666667,2,0.024691,81,0,0.0,38,0.469136,0,0.0,41,0.506173,2,0.024691,81,9,0.111111,53,0.654321,19,0.234568,0,0.0,0,0.0
43955,중간고사는 보지 않았고 기말고사 전범위였습니다. 다른 학우분들의 발표 자,4.49,88,55,24,7,1,1,88,34,0.386364,46,0.522727,8,0.090909,88,13,0.147727,55,0.625,20,0.227273,88,55,0.625,32,0.363636,1,0.011364,88,12,0.136364,29,0.329545,5,0.056818,25,0.284091,17,0.193182,88,5,0.056818,33,0.375,50,0.568182,0,0.0,0,0.0
43959,교육철학 수업 같습니다 소논문은 3페이지입니다,4.26,35,22,7,2,1,3,35,12,0.342857,21,0.6,2,0.057143,35,27,0.771429,7,0.2,1,0.028571,35,18,0.514286,11,0.314286,6,0.171429,35,0,0.0,18,0.514286,0,0.0,16,0.457143,1,0.028571,35,25,0.714286,5,0.142857,5,0.142857,0,0.0,0,0.0
43969,,0,0,0,0,0,0,0,0,0,0.0,0,0.0,0,0.0,0,0,0.0,0,0.0,0,0.0,0,0,0.0,0,0.0,0,0.0,0,0,0.0,0,0.0,0,0.0,0,0.0,0,0.0,0,0,0.0,0,0.0,0,0.0,0,0.0,0,0.0
43971,,5,1,1,0,0,0,0,1,1,1.0,0,0.0,0,0.0,1,1,1.0,0,0.0,0,0.0,1,1,1.0,0,0.0,0,0.0,1,0,0.0,0,0.0,0,0.0,1,1.0,0,0.0,1,1,1.0,0,0.0,0,0.0,0,0.0,0,0.0
43981,,3.57,7,2,3,0,1,1,7,0,0.0,0,0.0,7,1.0,7,5,0.714286,2,0.285714,0,0.0,7,3,0.428571,2,0.285714,2,0.285714,7,1,0.142857,1,0.142857,0,0.0,4,0.571429,1,0.142857,7,7,1.0,0,0.0,0,0.0,0,0.0,0,0.0
43983,,5,1,1,0,0,0,0,1,0,0.0,1,1.0,0,0.0,1,1,1.0,0,0.0,0,0.0,1,0,0.0,1,1.0,0,0.0,1,0,0.0,0,0.0,0,0.0,1,1.0,0,0.0,1,1,1.0,0,0.0,0,0.0,0,0.0,0,0.0
44013,시험 전에 어디 공부하라고 직접적으로 말씀해주시는데 정말 그대로 나와서,3.99,233,98,75,35,10,15,233,39,0.167382,179,0.76824,15,0.064378,233,24,0.103004,203,0.871245,6,0.025751,233,61,0.261803,147,0.630901,25,0.107296,233,6,0.025751,17,0.072961,0,0.0,174,0.746781,36,0.154506,233,20,0.085837,185,0.793991,23,0.098712,2,0.008584,3,0.012876
44015,교수님이 시험에 중요하다고 하는 거 있는데 그거 나온다고 생각하고 책을,4.34,244,145,60,25,4,10,244,27,0.110656,197,0.807377,20,0.081967,244,17,0.069672,205,0.840164,22,0.090164,244,147,0.602459,82,0.336066,15,0.061475,244,3,0.012295,15,0.061475,0,0.0,200,0.819672,26,0.106557,244,29,0.118852,177,0.72541,37,0.151639,1,0.004098,0,0.0
44016,중간고사 보기 전에 수업에서 질문과 정답을 다 알려주시고 강의 영상까지,4.67,256,201,33,16,4,2,257,49,0.190661,198,0.770428,10,0.038911,257,30,0.116732,223,0.867704,4,0.015564,257,183,0.712062,69,0.268482,5,0.019455,257,2,0.007782,23,0.089494,1,0.003891,201,0.782101,30,0.116732,257,129,0.501946,91,0.354086,32,0.124514,5,0.019455,0,0.0
44018,저 때는 한 학기 내내 '자유론'을 중심으로 글쓰기를 했습니다. 1차 과,3.35,259,48,73,83,32,23,259,7,0.027027,87,0.335907,165,0.637066,259,15,0.057915,159,0.6139,85,0.328185,259,68,0.262548,141,0.544402,50,0.19305,259,4,0.015444,9,0.034749,2,0.007722,238,0.918919,6,0.023166,259,225,0.868726,5,0.019305,20,0.07722,2,0.007722,7,0.027027
44019,오류 찾기 문제는 교수님이 수업하셨던 각종 오류에 대해서 숙지하고 있으면,4.15,357,172,103,58,11,13,357,178,0.498599,164,0.459384,15,0.042017,357,18,0.05042,250,0.70028,89,0.2493,357,86,0.240896,226,0.633053,45,0.12605,357,31,0.086835,13,0.036415,34,0.095238,258,0.722689,21,0.058824,357,79,0.221289,69,0.193277,131,0.366947,59,0.165266,19,0.053221
44021,최종 에세이는 그냥 주제 무조건 특이하게 잡고 글 잘쓰면 될거같아요… 교,3.41,135,40,34,26,11,24,135,1,0.007407,71,0.525926,63,0.466667,135,1,0.007407,59,0.437037,75,0.555556,135,52,0.385185,50,0.37037,33,0.244444,135,1,0.007407,78,0.577778,1,0.007407,40,0.296296,15,0.111111,135,125,0.925926,3,0.022222,7,0.051852,0,0.0,0,0.0
44025,기말에 시험 대신 과제로 제출하는 방식이었습니다! 본인이 직접 문제를 만,4.54,147,102,29,12,2,2,147,3,0.020408,99,0.673469,45,0.306122,147,64,0.435374,62,0.421769,21,0.142857,147,81,0.55102,64,0.435374,2,0.013605,147,8,0.054422,35,0.238095,2,0.013605,90,0.612245,12,0.081633,147,51,0.346939,78,0.530612,18,0.122449,0,0.0,0,0.0
44046,기말고사 느낌이 아니라 그냥 퀴즈였음. 총 소요시간은 20분! 평소 수업,4.72,283,221,47,12,3,0,283,35,0.123675,221,0.780919,27,0.095406,283,138,0.487633,122,0.431095,23,0.081272,283,175,0.618375,103,0.363958,5,0.017668,283,1,0.003534,86,0.303887,3,0.010601,185,0.65371,8,0.028269,283,6,0.021201,184,0.650177,62,0.219081,4,0.014134,27,0.095406
44052,"Quiz와 비슷한 형식으로 문항 수가 많게 65문제 나왔습니다. 문법,",4.84,251,219,26,5,0,1,251,34,0.135458,208,0.828685,9,0.035857,251,160,0.63745,82,0.326693,9,0.035857,251,191,0.760956,57,0.227092,3,0.011952,251,2,0.007968,10,0.039841,0,0.0,232,0.924303,7,0.027888,251,6,0.023904,69,0.2749,114,0.454183,50,0.199203,12,0.047809
44058,시험은 교수님이 말해주신 범위 내에 ppt 안에서 전부 나오고 예문 같은,4.53,236,161,46,25,2,2,236,4,0.016949,170,0.720339,62,0.262712,236,147,0.622881,74,0.313559,15,0.063559,236,128,0.542373,75,0.317797,33,0.139831,236,1,0.004237,89,0.377119,1,0.004237,129,0.54661,16,0.067797,236,11,0.04661,64,0.271186,143,0.605932,10,0.042373,8,0.033898
44105,올 객관식에 아이캠퍼스 온라인 시험입니다. 시험 문제의 난이도가 꽤 높은,4.63,169,125,31,9,3,1,169,40,0.236686,115,0.680473,14,0.08284,169,153,0.905325,16,0.094675,0,0.0,169,96,0.568047,64,0.378698,9,0.053254,169,20,0.118343,65,0.384615,0,0.0,66,0.390533,18,0.106509,169,1,0.005917,11,0.065089,146,0.863905,8,0.047337,3,0.017751
44106,교재 거의 다 풀고 족보 2~3번 공부함. 강의 열심히 들었음. 문제 엄,4.49,119,79,26,10,1,3,120,26,0.216667,91,0.758333,3,0.025,120,104,0.866667,14,0.116667,2,0.016667,120,36,0.3,80,0.666667,4,0.033333,120,17,0.141667,42,0.35,2,0.016667,40,0.333333,19,0.158333,120,0,0.0,1,0.008333,112,0.933333,7,0.058333,0,0.0
44110,"문제수는 60문항 가량, 시험 시간도 60분 가량이라서 문제를 빠르게 읽",4.35,62,33,22,5,0,2,62,59,0.951613,2,0.032258,1,0.016129,62,62,1.0,0,0.0,0,0.0,62,30,0.483871,31,0.5,1,0.016129,62,0,0.0,11,0.177419,38,0.612903,7,0.112903,6,0.096774,62,0,0.0,7,0.112903,55,0.887097,0,0.0,0,0.0
44113,책 한번 쯤은 읽어보고 문제은행 무조건 보기 책 단원별 문제랑 문제은행에,4.46,65,39,19,6,0,1,65,53,0.815385,9,0.138462,3,0.046154,65,63,0.969231,2,0.030769,0,0.0,65,30,0.461538,35,0.538462,0,0.0,65,0,0.0,4,0.061538,0,0.0,61,0.938462,0,0.0,65,1,0.015385,0,0.0,64,0.984615,0,0.0,0,0.0
44117,"교안자료, 핸드아웃에 있는 개념 위주로 공부하면 돼요! 영어로 쓰는 건",4.67,15,10,5,0,0,0,15,1,0.066667,7,0.466667,7,0.466667,15,7,0.466667,5,0.333333,3,0.2,15,8,0.533333,7,0.466667,0,0.0,15,0,0.0,0,0.0,1,0.066667,14,0.933333,0,0.0,15,0,0.0,14,0.933333,1,0.066667,0,0.0,0,0.0
44121,"모두 고르시오로 나옵니다. 답이 2개, 3개, 4개일 수 있어요. 몇 개",4.89,19,17,2,0,0,0,19,0,0.0,17,0.894737,2,0.105263,19,6,0.315789,12,0.631579,1,0.052632,19,9,0.473684,8,0.421053,2,0.105263,19,0,0.0,3,0.157895,0,0.0,16,0.842105,0,0.0,19,2,0.105263,15,0.789474,2,0.105263,0,0.0,0,0.0
44124,저는 율전 친구한테 공동시험 선대 족보를 받았는데 개인적으로 율전꺼보다,4.05,217,89,78,27,18,5,217,43,0.198157,149,0.686636,25,0.115207,217,202,0.930876,15,0.069124,0,0.0,217,26,0.119816,100,0.460829,91,0.419355,217,6,0.02765,144,0.663594,1,0.004608,52,0.239631,14,0.064516,217,0,0.0,2,0.009217,208,0.958525,5,0.023041,2,0.009217
44127,일단 시험 평균 100점 만점 68점이었고 저는 95점으로 공동3등이었던,4.81,432,375,41,12,1,3,432,57,0.131944,339,0.784722,36,0.083333,432,387,0.895833,43,0.099537,2,0.00463,432,279,0.645833,134,0.310185,19,0.043981,432,13,0.030093,211,0.488426,0,0.0,174,0.402778,34,0.078704,432,4,0.009259,2,0.00463,420,0.972222,0,0.0,6,0.013889
44130,오픈북이라 크게 부담안가지셔도 되고 비율도 퀴즈는 70퍼 중간기말이 각각,4.62,302,221,55,21,3,2,302,29,0.096026,202,0.668874,71,0.235099,302,248,0.821192,50,0.165563,4,0.013245,302,140,0.463576,152,0.503311,10,0.033113,302,36,0.119205,182,0.602649,1,0.003311,50,0.165563,33,0.109272,302,3,0.009934,24,0.07947,265,0.877483,0,0.0,10,0.033113
44132,"진짜 문제는 쉬운데, 평균은 낮은 시험입니다. 온라인에 올라오는 prob",4.63,328,243,55,23,6,1,327,42,0.12844,248,0.75841,37,0.11315,327,293,0.896024,32,0.097859,2,0.006116,327,223,0.681957,99,0.302752,5,0.015291,327,76,0.232416,44,0.134557,2,0.006116,105,0.321101,100,0.30581,327,4,0.012232,7,0.021407,315,0.963303,1,0.003058,0,0.0
44140,,4.76,21,17,3,1,0,0,21,3,0.142857,17,0.809524,1,0.047619,21,21,1.0,0,0.0,0,0.0,21,11,0.52381,8,0.380952,2,0.095238,21,0,0.0,9,0.428571,0,0.0,9,0.428571,3,0.142857,21,0,0.0,0,0.0,10,0.47619,0,0.0,11,0.52381
44144,총 4문제가 나왔고 꾸준히 공부 하셨으면 큰 문제 없을 것이라고 생각합니,4.87,122,111,8,2,0,1,122,40,0.327869,77,0.631148,5,0.040984,122,119,0.97541,3,0.02459,0,0.0,122,85,0.696721,37,0.303279,0,0.0,122,16,0.131148,10,0.081967,0,0.0,42,0.344262,54,0.442623,122,7,0.057377,83,0.680328,32,0.262295,0,0.0,0,0.0
44147,시험 없이 퀴즈로 대체 미리미리 공부해두는걸 추천,4.05,39,22,6,5,3,3,39,0,0.0,20,0.512821,19,0.487179,39,20,0.512821,14,0.358974,5,0.128205,39,19,0.487179,16,0.410256,4,0.102564,39,0,0.0,5,0.128205,1,0.025641,31,0.794872,2,0.051282,39,33,0.846154,1,0.025641,5,0.128205,0,0.0,0,0.0
44152,,3.76,51,21,11,11,2,6,51,0,0.0,14,0.27451,37,0.72549,51,15,0.294118,23,0.45098,13,0.254902,51,30,0.588235,19,0.372549,2,0.039216,51,2,0.039216,6,0.117647,1,0.019608,38,0.745098,4,0.078431,51,46,0.901961,0,0.0,5,0.098039,0,0.0,0,0.0
44161,,4.63,24,19,2,2,1,0,24,1,0.041667,9,0.375,14,0.583333,24,3,0.125,11,0.458333,10,0.416667,24,11,0.458333,12,0.5,1,0.041667,24,0,0.0,7,0.291667,1,0.041667,13,0.541667,3,0.125,24,23,0.958333,0,0.0,1,0.041667,0,0.0,0,0.0
44166,과제 문제 어떻게 푸는지 알면 문제는 거의 풀립니다.. 문제 잘푸신다면,3.4,42,10,11,12,4,5,42,12,0.285714,26,0.619048,4,0.095238,42,38,0.904762,4,0.095238,0,0.0,42,13,0.309524,28,0.666667,1,0.02381,42,1,0.02381,21,0.5,0,0.0,7,0.166667,13,0.309524,42,0,0.0,0,0.0,40,0.952381,0,0.0,2,0.047619
44167,타임어택&계산문제! 계산 아닌 문제는 교수님이 강조한 부분에서 나오긴 합,4.56,112,71,33,8,0,0,112,11,0.098214,94,0.839286,7,0.0625,112,102,0.910714,10,0.089286,0,0.0,112,46,0.410714,64,0.571429,2,0.017857,112,3,0.026786,78,0.696429,0,0.0,15,0.133929,16,0.142857,112,2,0.017857,15,0.133929,95,0.848214,0,0.0,0,0.0
44170,교수님 수업 들을 가치 있습니다 고등학교 내용 복습한다치고 평소 자투리시,4.41,198,112,64,18,0,4,198,40,0.20202,143,0.722222,15,0.075758,198,182,0.919192,14,0.070707,2,0.010101,198,89,0.449495,108,0.545455,1,0.005051,198,10,0.050505,113,0.570707,1,0.005051,38,0.191919,36,0.181818,198,1,0.005051,5,0.025253,184,0.929293,6,0.030303,2,0.010101
44185,교안의 theory와 레포트 작성에 꼭 들어가야 할 내용으로 올려주시는,4.36,89,53,21,12,0,3,89,3,0.033708,37,0.41573,49,0.550562,89,23,0.258427,33,0.370787,33,0.370787,89,29,0.325843,51,0.573034,9,0.101124,89,1,0.011236,9,0.101124,0,0.0,79,0.88764,0,0.0,89,25,0.280899,56,0.629213,7,0.078652,1,0.011236,0,0.0
44192,키워드 중심으로 공부하고 그 키워드에 대한 설명을 자세히 쓸줄 알아야합니,3.97,114,38,52,14,3,7,114,36,0.315789,74,0.649123,4,0.035088,114,81,0.710526,31,0.27193,2,0.017544,114,23,0.201754,83,0.72807,8,0.070175,114,14,0.122807,53,0.464912,0,0.0,39,0.342105,8,0.070175,114,0,0.0,0,0.0,114,1.0,0,0.0,0,0.0
44212,기본적인 큰 틀의 흐름을 머릿속에 꽉 잡아두세요!! 시험문제가 영어 한글,3.79,92,34,25,18,10,5,92,20,0.217391,56,0.608696,16,0.173913,92,20,0.217391,59,0.641304,13,0.141304,92,17,0.184783,59,0.641304,16,0.173913,92,2,0.021739,33,0.358696,31,0.336957,23,0.25,3,0.032609,92,0,0.0,1,0.01087,89,0.967391,1,0.01087,1,0.01087
44293,특정 개념을 알고 있는지 확인하는 문제부터 어렵지 않은 응용 문제까지 포,4.53,106,71,24,8,2,1,106,63,0.59434,43,0.40566,0,0.0,106,98,0.924528,8,0.075472,0,0.0,106,38,0.358491,61,0.575472,7,0.066038,106,39,0.367925,29,0.273585,0,0.0,35,0.330189,3,0.028302,106,0,0.0,3,0.028302,103,0.971698,0,0.0,0,0.0
44405,시험은 없음 다만 매주 위클리페이퍼를 작성하는데 지피티를 이용해서 여러가,2.79,101,18,13,25,20,25,101,0,0.0,15,0.148515,86,0.851485,101,95,0.940594,5,0.049505,1,0.009901,101,55,0.544554,43,0.425743,3,0.029703,101,0,0.0,41,0.405941,0,0.0,44,0.435644,16,0.158416,101,26,0.257426,1,0.009901,74,0.732673,0,0.0,0,0.0
44426,"교수니께서 본인 블로그에 지금까지의 기출 문제들 올려두고, 그 블로그 공",4.53,221,145,51,23,2,0,221,168,0.760181,52,0.235294,1,0.004525,221,176,0.79638,45,0.20362,0,0.0,221,186,0.841629,35,0.158371,0,0.0,221,9,0.040724,100,0.452489,0,0.0,99,0.447964,13,0.058824,221,0,0.0,3,0.013575,217,0.9819,0,0.0,1,0.004525
44532,중간에서는 총 5문제가 나왔고 모두 서술형으로 각 20점씩이었어요 그리고,3.69,335,93,119,72,29,22,333,67,0.201201,258,0.774775,8,0.024024,333,235,0.705706,94,0.282282,4,0.012012,333,34,0.102102,142,0.426426,157,0.471471,333,28,0.084084,182,0.546547,1,0.003003,100,0.3003,22,0.066066,333,6,0.018018,6,0.018018,321,0.963964,0,0.0,0,0.0
44539,코로나 학기 수강생입니다. 일반 학기와 다를 수 있어요. 과제 두번과,4.65,52,37,12,3,0,0,52,2,0.038462,49,0.942308,1,0.019231,52,10,0.192308,41,0.788462,1,0.019231,52,14,0.269231,36,0.692308,2,0.038462,52,0,0.0,5,0.096154,0,0.0,44,0.846154,3,0.057692,52,0,0.0,7,0.134615,43,0.826923,0,0.0,2,0.038462
44541,-수업에서 시험에 나올것들을 대놓고 강조하시기 때문에 잘 듣는게 일단 중,4.67,526,392,100,27,6,1,526,110,0.209125,382,0.726236,34,0.064639,526,496,0.942966,29,0.055133,1,0.001901,526,299,0.568441,216,0.410646,11,0.020913,526,9,0.01711,390,0.741445,3,0.005703,104,0.197719,20,0.038023,526,1,0.001901,4,0.007605,520,0.988593,1,0.001901,0,0.0
44545,"중간고사, 기말고사 (기말이 더 어려움) 둘 다 평소 수업시간에 딴짓 안",4.62,351,248,77,21,4,1,351,6,0.017094,280,0.797721,65,0.185185,351,324,0.923077,24,0.068376,3,0.008547,351,188,0.535613,157,0.447293,6,0.017094,351,6,0.017094,112,0.319088,1,0.002849,217,0.618234,15,0.042735,351,0,0.0,4,0.011396,347,0.988604,0,0.0,0,0.0
44570,오픈북에 인터넷 가능! 편하게 5-6줄 쓰시면 돼요,4.36,134,86,28,9,4,7,134,45,0.335821,68,0.507463,21,0.156716,134,41,0.30597,44,0.328358,49,0.365672,134,95,0.708955,36,0.268657,3,0.022388,134,0,0.0,55,0.410448,31,0.231343,35,0.261194,13,0.097015,134,0,0.0,15,0.11194,119,0.88806,0,0.0,0,0.0
44630,"개념설명을 위해 점진적으로 베이스부터 설명해주시는데, 그 과정에서 앞에",4.56,93,64,21,5,2,1,93,12,0.129032,80,0.860215,1,0.010753,93,86,0.924731,6,0.064516,1,0.010753,93,73,0.784946,20,0.215054,0,0.0,93,2,0.021505,55,0.591398,0,0.0,35,0.376344,1,0.010753,93,0,0.0,2,0.021505,90,0.967742,1,0.010753,0,0.0
44694,책에 나온 개념만 이해해도 다 풀 수 있는 문제들로 구성되어있다.,4.18,11,6,2,2,1,0,11,4,0.363636,6,0.545455,1,0.090909,11,10,0.909091,1,0.090909,0,0.0,11,6,0.545455,3,0.272727,2,0.181818,11,3,0.272727,2,0.181818,0,0.0,6,0.545455,0,0.0,11,0,0.0,10,0.909091,1,0.090909,0,0.0,0,0.0
44712,중간고사는 권재영 교수님. npr이랑 ted강연에서 나오니깐 평소 강의들,4.84,140,122,14,4,0,0,140,130,0.928571,8,0.057143,2,0.014286,140,134,0.957143,5,0.035714,1,0.007143,140,97,0.692857,43,0.307143,0,0.0,140,2,0.014286,19,0.135714,0,0.0,109,0.778571,10,0.071429,140,3,0.021429,0,0.0,137,0.978571,0,0.0,0,0.0
44744,,0,0,0,0,0,0,0,0,0,0.0,0,0.0,0,0.0,0,0,0.0,0,0.0,0,0.0,0,0,0.0,0,0.0,0,0.0,0,0,0.0,0,0.0,0,0.0,0,0.0,0,0.0,0,0,0.0,0,0.0,0,0.0,0,0.0,0,0.0
44822,,3.55,11,4,2,2,2,1,11,0,0.0,2,0.181818,9,0.818182,11,8,0.727273,3,0.272727,0,0.0,11,4,0.363636,5,0.454545,2,0.181818,11,0,0.0,0,0.0,0,0.0,11,1.0,0,0.0,11,8,0.727273,0,0.0,3,0.272727,0,0.0,0,0.0
44954,전공교재는 교수님설명이 이해안될때 쓰면좋겠습니다 전 이해력 딸려서 샀습니,4.8,46,40,4,1,1,0,46,43,0.934783,3,0.065217,0,0.0,46,43,0.934783,3,0.065217,0,0.0,46,31,0.673913,15,0.326087,0,0.0,46,1,0.021739,12,0.26087,1,0.021739,30,0.652174,2,0.043478,46,0,0.0,0,0.0,46,1.0,0,0.0,0,0.0
44977,교수님이 수업시간에 체크해주시는 '꼭꼭시' 꼭 시험에 낸다는 부분만 교제,3.74,61,19,16,19,5,2,61,10,0.163934,44,0.721311,7,0.114754,61,12,0.196721,31,0.508197,18,0.295082,61,54,0.885246,7,0.114754,0,0.0,61,5,0.081967,17,0.278689,0,0.0,33,0.540984,6,0.098361,61,0,0.0,3,0.04918,58,0.95082,0,0.0,0,0.0
44996,시험 정보나 족보가 없어서 몇자 적어봅니다 족보가 있는지는 모르지만 대,4.33,292,153,103,22,8,6,292,10,0.034247,114,0.390411,168,0.575342,292,269,0.921233,20,0.068493,3,0.010274,292,77,0.263699,183,0.626712,32,0.109589,292,31,0.106164,174,0.59589,0,0.0,58,0.19863,29,0.099315,292,2,0.006849,2,0.006849,288,0.986301,0,0.0,0,0.0
45014,교수님이 시험 직전 수업때 짚어주시는 부분만 공부해도 평균 이상은 받을,3.64,39,15,10,4,5,5,39,0,0.0,8,0.205128,31,0.794872,39,13,0.333333,11,0.282051,15,0.384615,39,29,0.74359,9,0.230769,1,0.025641,39,7,0.179487,7,0.179487,0,0.0,19,0.487179,6,0.153846,39,9,0.230769,23,0.589744,5,0.128205,2,0.051282,0,0.0
45206,教授会给一些诗歌，名言啥的 自己选 根据那些内容歌词啊或者背景 写剧本 最后拍视,4.68,22,17,3,2,0,0,22,10,0.454545,10,0.454545,2,0.090909,22,2,0.090909,4,0.181818,16,0.727273,22,14,0.636364,8,0.363636,0,0.0,22,4,0.181818,10,0.454545,0,0.0,6,0.272727,2,0.090909,22,21,0.954545,0,0.0,1,0.045455,0,0.0,0,0.0
45220,"작품; what the buttler saw, lear 현강인 경우 교수",4.19,52,26,15,8,1,2,52,14,0.269231,37,0.711538,1,0.019231,52,29,0.557692,22,0.423077,1,0.019231,52,25,0.480769,23,0.442308,4,0.076923,52,0,0.0,10,0.192308,0,0.0,41,0.788462,1,0.019231,52,0,0.0,1,0.019231,50,0.961538,0,0.0,1,0.019231
45293,개념들을 위주로 이해해야 한다. 뜻을 설명하는 문제나 공식 유도 등이 문,4.55,47,33,8,5,1,0,47,40,0.851064,6,0.12766,1,0.021277,47,43,0.914894,3,0.06383,1,0.021277,47,24,0.510638,21,0.446809,2,0.042553,47,0,0.0,2,0.042553,0,0.0,40,0.851064,5,0.106383,47,0,0.0,0,0.0,39,0.829787,1,0.021277,7,0.148936
45298,,3.36,11,4,3,0,1,3,11,0,0.0,8,0.727273,3,0.272727,11,2,0.181818,5,0.454545,4,0.363636,11,6,0.545455,2,0.181818,3,0.272727,11,0,0.0,0,0.0,0,0.0,10,0.909091,1,0.090909,11,0,0.0,0,0.0,11,1.0,0,0.0,0,0.0
45312,,0,0,0,0,0,0,0,0,0,0.0,0,0.0,0,0.0,0,0,0.0,0,0.0,0,0.0,0,0,0.0,0,0.0,0,0.0,0,0,0.0,0,0.0,0,0.0,0,0.0,0,0.0,0,0,0.0,0,0.0,0,0.0,0,0.0,0,0.0
45314,교재의 그림문제들 풀어보기. 수업 때 언급 안된 공식도 나옴. 과제보다,4.64,61,44,12,5,0,0,61,0,0.0,50,0.819672,11,0.180328,61,53,0.868852,8,0.131148,0,0.0,61,47,0.770492,14,0.229508,0,0.0,61,0,0.0,23,0.377049,0,0.0,31,0.508197,7,0.114754,61,0,0.0,2,0.032787,58,0.95082,0,0.0,1,0.016393
45362,,3.63,8,1,5,1,0,1,8,2,0.25,5,0.625,1,0.125,8,8,1.0,0,0.0,0,0.0,8,2,0.25,5,0.625,1,0.125,8,0,0.0,0,0.0,0,0.0,7,0.875,1,0.125,8,3,0.375,1,0.125,4,0.5,0,0.0,0,0.0
45454,Demonstration Presentation 영상 찍기 전에 연습 필,3.51,194,39,76,40,22,17,194,3,0.015464,72,0.371134,119,0.613402,194,19,0.097938,107,0.551546,68,0.350515,194,21,0.108247,110,0.56701,63,0.324742,194,1,0.005155,78,0.402062,0,0.0,89,0.458763,26,0.134021,194,146,0.752577,8,0.041237,14,0.072165,0,0.0,26,0.134021
45500,책 전체적으로 정독하기 두번 용어 외우기 수업시간에 교수님이 말씀하신거,3.57,94,18,32,34,6,4,94,17,0.180851,73,0.776596,4,0.042553,94,76,0.808511,18,0.191489,0,0.0,94,32,0.340426,53,0.56383,9,0.095745,94,0,0.0,2,0.021277,0,0.0,91,0.968085,1,0.010638,94,1,0.010638,2,0.021277,88,0.93617,0,0.0,3,0.031915
45512,중간 기말고사가 없어요! 대면수업 중 다뤘던 주제 중 하나를 골라서 5페,4.05,38,20,7,7,1,3,38,23,0.605263,13,0.342105,2,0.052632,38,29,0.763158,7,0.184211,2,0.052632,38,16,0.421053,19,0.5,3,0.078947,38,9,0.236842,6,0.157895,0,0.0,14,0.368421,9,0.236842,38,34,0.894737,2,0.052632,2,0.052632,0,0.0,0,0.0
45537,족보 참고하시고 준비해가시면 편해요~ 문제는 3개 중에 2개 택해서 서술,3.42,65,17,13,21,8,6,65,17,0.261538,47,0.723077,1,0.015385,65,39,0.6,25,0.384615,1,0.015385,65,25,0.384615,33,0.507692,7,0.107692,65,1,0.015385,24,0.369231,1,0.015385,39,0.6,0,0.0,65,0,0.0,57,0.876923,8,0.123077,0,0.0,0,0.0
45615,교안에 있는 내용들로만 전부 출제되었습니다. 문제는 20문제보다 적었으며,4.7,249,193,44,8,2,2,248,47,0.189516,181,0.729839,20,0.080645,248,21,0.084677,184,0.741935,43,0.173387,248,160,0.645161,71,0.28629,17,0.068548,248,0,0.0,69,0.278226,2,0.008065,159,0.641129,18,0.072581,248,12,0.048387,164,0.66129,62,0.25,6,0.024194,4,0.016129
45803,중간고사에 해당되는 범위 내용이 개인적으로 너무 제미가 없어서 좀 대충,4.52,484,320,111,44,4,5,483,416,0.861284,64,0.132505,3,0.006211,483,444,0.919255,38,0.078675,1,0.00207,483,383,0.792961,96,0.198758,4,0.008282,483,62,0.128364,196,0.405797,0,0.0,199,0.412008,26,0.05383,483,1,0.00207,33,0.068323,449,0.929607,0,0.0,0,0.0
45835,피피티 보고 족보 미리봐서 예상답안 적기(족보 문제 수가 상당히 많아서,2.69,42,5,7,9,12,9,42,6,0.142857,33,0.785714,3,0.071429,42,26,0.619048,15,0.357143,1,0.02381,42,19,0.452381,17,0.404762,6,0.142857,42,3,0.071429,18,0.428571,0,0.0,18,0.428571,3,0.071429,42,0,0.0,26,0.619048,15,0.357143,0,0.0,1,0.02381
46009,,4.5,2,1,1,0,0,0,2,2,1.0,0,0.0,0,0.0,2,2,1.0,0,0.0,0,0.0,2,0,0.0,2,1.0,0,0.0,2,1,0.5,0,0.0,0,0.0,1,0.5,0,0.0,2,0,0.0,0,0.0,2,1.0,0,0.0,0,0.0
46059,"take home 방식, 오픈북 따로 준비할 필요는 없고 도서관에서 교재",3.4,84,22,18,21,18,5,84,13,0.154762,51,0.607143,20,0.238095,84,4,0.047619,33,0.392857,47,0.559524,84,31,0.369048,49,0.583333,4,0.047619,84,2,0.02381,33,0.392857,0,0.0,40,0.47619,9,0.107143,84,4,0.047619,72,0.857143,8,0.095238,0,0.0,0,0.0
46063,수업을 듣는다. 이게 제일 점수 잘 받는 방법이다. 공기수와 달리 문풀보,3.72,113,34,35,31,4,9,113,31,0.274336,74,0.654867,8,0.070796,113,96,0.849558,16,0.141593,1,0.00885,113,24,0.212389,69,0.610619,20,0.176991,113,0,0.0,60,0.530973,0,0.0,35,0.309735,18,0.159292,113,0,0.0,1,0.00885,110,0.973451,0,0.0,2,0.017699
46091,피피티를 이해해야 하고 교수니이 수업에서 말씀하셨던 내용/예시를 잘 들려,3.48,23,5,6,8,3,1,23,1,0.043478,15,0.652174,7,0.304348,23,20,0.869565,3,0.130435,0,0.0,23,6,0.26087,14,0.608696,3,0.130435,23,0,0.0,1,0.043478,0,0.0,20,0.869565,2,0.086957,23,2,0.086957,1,0.043478,6,0.26087,11,0.478261,3,0.130435
46556,"50분동안 6문제 길게 서술형으로 쓰는거였고, 시간 매우 부족했음. 시간",3.97,168,70,51,27,12,8,166,2,0.012048,18,0.108434,146,0.879518,166,5,0.03012,64,0.385542,97,0.584337,166,104,0.626506,58,0.349398,4,0.024096,166,3,0.018072,67,0.403614,0,0.0,80,0.481928,16,0.096386,166,0,0.0,143,0.861446,21,0.126506,1,0.006024,1,0.006024
46655,"저번 시험문제 복붙문제(1,4문) + 과제문제(2문) + 수업시간에서 깊",4.45,11,6,4,1,0,0,11,7,0.636364,4,0.363636,0,0.0,11,7,0.636364,4,0.363636,0,0.0,11,9,0.818182,2,0.181818,0,0.0,11,7,0.636364,2,0.181818,0,0.0,2,0.181818,0,0.0,11,0,0.0,0,0.0,11,1.0,0,0.0,0,0.0
46682,60문제 all 객관식. (작년에는 주관식도 있었다고 들었는데 올해는 객,3.05,19,4,5,3,2,5,19,15,0.789474,3,0.157895,1,0.052632,19,18,0.947368,1,0.052632,0,0.0,19,5,0.263158,13,0.684211,1,0.052632,19,0,0.0,0,0.0,0,0.0,18,0.947368,1,0.052632,19,0,0.0,0,0.0,19,1.0,0,0.0,0,0.0
46699,족보 무조건 풀어보고 수업시간중에 풀어주시는 문제 위주로 나오니 그문제들,4.39,178,100,51,24,2,1,178,32,0.179775,135,0.758427,11,0.061798,178,62,0.348315,108,0.606742,8,0.044944,178,75,0.421348,85,0.477528,18,0.101124,178,140,0.786517,11,0.061798,1,0.005618,25,0.140449,1,0.005618,178,0,0.0,1,0.005618,177,0.994382,0,0.0,0,0.0
46719,그냥 피피티에 나온 것 들을 다 외우세요 중간 때 F 받은 학우도 몇,4.38,151,98,28,16,3,6,151,62,0.410596,27,0.178808,62,0.410596,151,142,0.940397,9,0.059603,0,0.0,151,74,0.490066,65,0.430464,12,0.07947,151,6,0.039735,73,0.483444,0,0.0,62,0.410596,10,0.066225,151,75,0.496689,7,0.046358,69,0.456954,0,0.0,0,0.0
46727,과제는 총 5개입니다. 1차 과제와 2차과제는 글을 읽고 쓰는 문제들이,4.26,337,172,110,36,7,12,336,7,0.020833,273,0.8125,56,0.166667,336,123,0.366071,206,0.613095,7,0.020833,336,173,0.514881,142,0.422619,21,0.0625,336,5,0.014881,20,0.059524,8,0.02381,296,0.880952,7,0.020833,336,298,0.886905,2,0.005952,30,0.089286,4,0.011905,2,0.005952
46794,25학년 1학기 중간은 팀 레포트임 팀 레포트는 발표가 최종이기 때문에,3.78,179,61,51,43,15,9,179,27,0.150838,124,0.692737,28,0.156425,179,0,0.0,44,0.24581,135,0.75419,179,63,0.351955,104,0.581006,12,0.067039,179,1,0.005587,4,0.022346,1,0.005587,172,0.960894,1,0.005587,179,134,0.748603,16,0.089385,21,0.117318,2,0.011173,6,0.03352
47171,시험전에 문제 3배수 뽑아주십니다 Ppt 전주에 올려주십니다,1.84,43,4,4,3,2,30,43,2,0.046512,10,0.232558,31,0.72093,43,1,0.023256,15,0.348837,27,0.627907,43,9,0.209302,16,0.372093,18,0.418605,43,9,0.209302,6,0.139535,0,0.0,18,0.418605,10,0.232558,43,3,0.069767,2,0.046512,33,0.767442,0,0.0,5,0.116279
483775,교안보다는 수업내용에서 많이 출제하십니다. 강의 꼭 열심히 들으세요,4.06,101,43,37,11,4,6,101,31,0.306931,57,0.564356,13,0.128713,101,3,0.029703,53,0.524752,45,0.445545,101,59,0.584158,37,0.366337,5,0.049505,101,1,0.009901,67,0.663366,0,0.0,19,0.188119,14,0.138614,101,0,0.0,0,0.0,101,1.0,0,0.0,0,0.0
483784,중간고사는 줌으로 온라인 시험 봄 지난학기에 무슨 일이 있었는지 이번엔,4.37,801,510,149,93,23,26,801,581,0.725343,218,0.27216,2,0.002497,801,622,0.776529,173,0.21598,6,0.007491,801,664,0.828964,135,0.168539,2,0.002497,801,98,0.122347,468,0.58427,0,0.0,181,0.225968,54,0.067416,801,3,0.003745,339,0.423221,459,0.573034,0,0.0,0,0.0
483842,"모델의 탄생 이유, bias variance trade off, para",4.63,86,63,17,4,1,1,86,13,0.151163,66,0.767442,7,0.081395,86,79,0.918605,7,0.081395,0,0.0,86,28,0.325581,50,0.581395,8,0.093023,86,7,0.081395,41,0.476744,1,0.011628,36,0.418605,1,0.011628,86,0,0.0,2,0.023256,81,0.94186,0,0.0,3,0.034884
484283,"교안, 앤디킴 유튜브, 팀 프로젝트 열심히 공부하고 가면 됩니다!! 수업",3.79,58,21,18,10,4,5,58,5,0.086207,28,0.482759,25,0.431034,58,13,0.224138,33,0.568966,12,0.206897,58,13,0.224138,40,0.689655,5,0.086207,58,22,0.37931,7,0.12069,1,0.017241,21,0.362069,7,0.12069,58,0,0.0,0,0.0,58,1.0,0,0.0,0,0.0
484381,10시 30분 분반이었습니다. 이번 학기 중간고사는 거의 Rosen의 재,4.15,124,67,24,20,10,3,124,78,0.629032,46,0.370968,0,0.0,124,98,0.790323,25,0.201613,1,0.008065,124,109,0.879032,15,0.120968,0,0.0,124,5,0.040323,57,0.459677,0,0.0,55,0.443548,7,0.056452,124,0,0.0,0,0.0,124,1.0,0,0.0,0,0.0
484384,수업과 교안을 살피면 됩니다. 교안보다는 수업 필기가 더 중요.,4.03,340,136,116,62,14,12,340,308,0.905882,29,0.085294,3,0.008824,340,308,0.905882,30,0.088235,2,0.005882,340,100,0.294118,225,0.661765,15,0.044118,340,31,0.091176,232,0.682353,0,0.0,61,0.179412,16,0.047059,340,1,0.002941,49,0.144118,289,0.85,1,0.002941,0,0.0
484639,수업시간에 see the board 하시고 필기를 직접 설명해주시는 계산,4.65,92,68,18,5,0,1,92,3,0.032609,83,0.902174,6,0.065217,92,85,0.923913,7,0.076087,0,0.0,92,66,0.717391,22,0.23913,4,0.043478,92,4,0.043478,28,0.304348,0,0.0,35,0.380435,25,0.271739,92,0,0.0,0,0.0,92,1.0,0,0.0,0,0.0
484707,백프로 코딩실기시험인건 알고계시죠? 큐잉시스템 응용문제가 무조건!! 한,4.79,42,34,7,1,0,0,42,0,0.0,38,0.904762,4,0.095238,42,39,0.928571,3,0.071429,0,0.0,42,24,0.571429,18,0.428571,0,0.0,42,0,0.0,31,0.738095,0,0.0,10,0.238095,1,0.02381,42,0,0.0,0,0.0,42,1.0,0,0.0,0,0.0
484752,강의때 다루지 않은 내용들도 출제할 수 있다고 말씀하시는데 이번에는 강의,4.68,111,84,20,6,0,1,111,0,0.0,70,0.630631,41,0.369369,111,97,0.873874,14,0.126126,0,0.0,111,75,0.675676,35,0.315315,1,0.009009,111,2,0.018018,48,0.432432,0,0.0,45,0.405405,16,0.144144,111,0,0.0,0,0.0,104,0.936937,5,0.045045,2,0.018018
484785,자체적인 프로젝트를 진행하십니다. 그렇다보니 일정이든 다음주까지 해 와야,2.69,13,4,1,1,1,6,13,1,0.076923,3,0.230769,9,0.692308,13,0,0.0,3,0.230769,10,0.769231,13,1,0.076923,7,0.538462,5,0.384615,13,2,0.153846,0,0.0,0,0.0,9,0.692308,2,0.153846,13,12,0.923077,0,0.0,1,0.076923,0,0.0,0,0.0
484786,,4.42,12,8,2,1,1,0,12,0,0.0,4,0.333333,8,0.666667,12,2,0.166667,3,0.25,7,0.583333,12,8,0.666667,4,0.333333,0,0.0,12,5,0.416667,3,0.25,0,0.0,2,0.166667,2,0.166667,12,11,0.916667,0,0.0,1,0.083333,0,0.0,0,0.0
485115,교수님이 올려주시는 기출이랑 과제 열심히 보셔야합니다,4.56,216,152,37,23,4,0,216,16,0.074074,181,0.837963,19,0.087963,216,52,0.240741,159,0.736111,5,0.023148,216,207,0.958333,9,0.041667,0,0.0,216,40,0.185185,118,0.546296,0,0.0,51,0.236111,7,0.032407,216,3,0.013889,8,0.037037,205,0.949074,0,0.0,0,0.0
485344,,3.02,65,12,13,17,10,13,65,1,0.015385,21,0.323077,43,0.661538,65,0,0.0,15,0.230769,50,0.769231,65,27,0.415385,19,0.292308,19,0.292308,65,11,0.169231,8,0.123077,0,0.0,41,0.630769,5,0.076923,65,48,0.738462,3,0.046154,14,0.215385,0,0.0,0,0.0
486349,기말 유형 전부 알려주십니다. 준비해가서 쓰시면 돼요!,3.02,62,11,16,12,9,14,62,4,0.064516,46,0.741935,12,0.193548,62,0,0.0,40,0.645161,22,0.354839,62,18,0.290323,42,0.677419,2,0.032258,62,0,0.0,12,0.193548,0,0.0,48,0.774194,2,0.032258,62,6,0.096774,49,0.790323,7,0.112903,0,0.0,0,0.0
486545,시험 직전 수업시간(직전보강) 때 빈칸 뚫려있는 프린트지 나눠주시고 채우,4.37,38,21,12,3,2,0,38,2,0.052632,28,0.736842,8,0.210526,38,29,0.763158,9,0.236842,0,0.0,38,20,0.526316,17,0.447368,1,0.026316,38,0,0.0,11,0.289474,1,0.026316,26,0.684211,0,0.0,38,0,0.0,7,0.184211,29,0.763158,0,0.0,2,0.052632
486702,"교수님께서도 주차별로 크게크게 보라고 하셨고, 문제에서도 외운 것을 쓴다",3.78,46,8,22,14,2,0,46,2,0.043478,37,0.804348,7,0.152174,46,31,0.673913,15,0.326087,0,0.0,46,6,0.130435,39,0.847826,1,0.021739,46,0,0.0,4,0.086957,0,0.0,38,0.826087,4,0.086957,46,0,0.0,34,0.73913,12,0.26087,0,0.0,0,0.0
486867,그냥 교재 다 외우고 진도나가는 부분 꼼꼼히 살피면 됩니다. 중요하다고,3.3,94,21,22,31,4,16,94,44,0.468085,42,0.446809,8,0.085106,94,84,0.893617,10,0.106383,0,0.0,94,19,0.202128,46,0.489362,29,0.308511,94,2,0.021277,5,0.053191,0,0.0,78,0.829787,9,0.095745,94,4,0.042553,2,0.021277,88,0.93617,0,0.0,0,0.0
486868,필기 잘하고 전체적 흐름 파악하기 변천 과정 알기,4.61,109,77,23,8,1,0,109,14,0.12844,93,0.853211,2,0.018349,109,99,0.908257,9,0.082569,1,0.009174,109,54,0.495413,53,0.486239,2,0.018349,109,1,0.009174,15,0.137615,0,0.0,84,0.770642,9,0.082569,109,0,0.0,43,0.394495,66,0.605505,0,0.0,0,0.0
487099,,4.14,14,5,6,3,0,0,14,1,0.071429,7,0.5,6,0.428571,14,0,0.0,3,0.214286,11,0.785714,14,5,0.357143,9,0.642857,0,0.0,14,7,0.5,0,0.0,0,0.0,3,0.214286,4,0.285714,14,7,0.5,6,0.428571,1,0.071429,0,0.0,0,0.0
487142,"수학교육과 전공과목이며, 수업을 듣는 대부분의 학생이 수학교육과 동기일",4.96,51,49,2,0,0,0,51,1,0.019608,41,0.803922,9,0.176471,51,12,0.235294,25,0.490196,14,0.27451,51,47,0.921569,4,0.078431,0,0.0,51,1,0.019608,4,0.078431,0,0.0,44,0.862745,2,0.039216,51,0,0.0,25,0.490196,26,0.509804,0,0.0,0,0.0
487531,"기말고사는 준사례형으로 출제되었는데, 이론과 더불어서 수업시간마다 판례",4.34,208,126,43,28,5,6,208,136,0.653846,71,0.341346,1,0.004808,208,157,0.754808,51,0.245192,0,0.0,208,67,0.322115,121,0.581731,20,0.096154,208,50,0.240385,32,0.153846,1,0.004808,106,0.509615,19,0.091346,208,0,0.0,114,0.548077,94,0.451923,0,0.0,0,0.0
488066,,4.5,22,16,2,3,1,0,22,1,0.045455,20,0.909091,1,0.045455,22,7,0.318182,13,0.590909,2,0.090909,22,9,0.409091,13,0.590909,0,0.0,22,0,0.0,0,0.0,0,0.0,20,0.909091,2,0.090909,22,19,0.863636,2,0.090909,1,0.045455,0,0.0,0,0.0
488819,,4.15,48,26,10,8,1,3,48,2,0.041667,24,0.5,22,0.458333,48,8,0.166667,24,0.5,16,0.333333,48,16,0.333333,29,0.604167,3,0.0625,48,1,0.020833,5,0.104167,3,0.0625,35,0.729167,4,0.083333,48,47,0.979167,0,0.0,1,0.020833,0,0.0,0,0.0
488935,수업시간 진도 계속 follow up해야합니다 중간에 구멍나면 개념연결이,4.68,211,157,45,6,1,2,211,0,0.0,63,0.298578,148,0.701422,211,202,0.957346,8,0.037915,1,0.004739,211,71,0.336493,129,0.611374,11,0.052133,211,65,0.308057,130,0.616114,2,0.009479,10,0.047393,4,0.018957,211,0,0.0,11,0.052133,199,0.943128,1,0.004739,0,0.0
488949,"증명문제를 많이 내시며, 식 유도하는 과정을 자세히 여쭤보시니 수업시간에",4.74,94,78,11,3,1,1,94,17,0.180851,73,0.776596,4,0.042553,94,83,0.882979,7,0.074468,4,0.042553,94,60,0.638298,33,0.351064,1,0.010638,94,5,0.053191,59,0.62766,0,0.0,29,0.308511,1,0.010638,94,5,0.053191,1,0.010638,88,0.93617,0,0.0,0,0.0
488969,소자 및 회로에 대한 이해가 필요. 특히 소자쪽에서 tf 문제 존재,3.8,90,29,34,14,6,7,90,6,0.066667,66,0.733333,18,0.2,90,81,0.9,9,0.1,0,0.0,90,33,0.366667,51,0.566667,6,0.066667,90,0,0.0,21,0.233333,54,0.6,12,0.133333,3,0.033333,90,0,0.0,3,0.033333,48,0.533333,21,0.233333,18,0.2
489006,오픈북이니 깜지 열심히 쓰시면 될듯합니다 진짜 조그맣게 쓰면 좋은데 사실,4.75,171,144,20,2,1,4,171,2,0.011696,24,0.140351,145,0.847953,171,156,0.912281,15,0.087719,0,0.0,171,95,0.555556,72,0.421053,4,0.023392,171,0,0.0,127,0.74269,8,0.046784,28,0.163743,8,0.046784,171,0,0.0,6,0.035088,165,0.964912,0,0.0,0,0.0
490405,시험은 주관식과 서술형이 합쳐진 형태로 출제됩니다. 중간고사 전까지 배웠,3.99,266,118,72,46,15,15,265,29,0.109434,182,0.686792,54,0.203774,265,150,0.566038,93,0.350943,22,0.083019,265,81,0.30566,135,0.509434,49,0.184906,265,6,0.022642,79,0.298113,1,0.003774,171,0.645283,8,0.030189,265,5,0.018868,6,0.022642,239,0.901887,8,0.030189,7,0.026415
490996,교수님이 수업때 진행하시는 자료의 예제를 많이 풀어보면 좋음 시험은 공부,4.89,85,78,6,0,1,0,85,34,0.4,50,0.588235,1,0.011765,85,82,0.964706,3,0.035294,0,0.0,85,53,0.623529,30,0.352941,2,0.023529,85,12,0.141176,56,0.658824,0,0.0,2,0.023529,15,0.176471,85,0,0.0,37,0.435294,48,0.564706,0,0.0,0,0.0
490997,"시험은 75분에 단답형 10문제, 서술형 2문제 입니다. 문제 난이도는",4.19,73,29,31,12,0,1,73,24,0.328767,47,0.643836,2,0.027397,73,70,0.958904,2,0.027397,1,0.013699,73,14,0.191781,49,0.671233,10,0.136986,73,10,0.136986,21,0.287671,0,0.0,32,0.438356,10,0.136986,73,1,0.013699,9,0.123288,59,0.808219,3,0.041096,1,0.013699
491020,단원별로 10문제씩 70문제를 60분동안 풀었습니다. 4개 중 하나 고르,4.24,59,30,21,3,2,3,59,53,0.898305,3,0.050847,3,0.050847,59,55,0.932203,3,0.050847,1,0.016949,59,31,0.525424,24,0.40678,4,0.067797,59,20,0.338983,11,0.186441,0,0.0,20,0.338983,8,0.135593,59,0,0.0,9,0.152542,49,0.830508,0,0.0,1,0.016949
491048,해당 교수님은 교안이 없기 때문에 알아서 정리노트를 만드시는 것을 추천합,2.87,117,26,15,24,22,30,117,3,0.025641,97,0.82906,17,0.145299,117,109,0.931624,8,0.068376,0,0.0,117,22,0.188034,86,0.735043,9,0.076923,117,11,0.094017,72,0.615385,0,0.0,27,0.230769,7,0.059829,117,1,0.008547,4,0.034188,110,0.940171,1,0.008547,1,0.008547
491239,금요일 6시 시험인 만큼 다른 시험이 끝나 강의 전부 들은 여유가 있어서,4.25,114,60,34,13,3,4,114,14,0.122807,88,0.77193,12,0.105263,114,112,0.982456,1,0.008772,1,0.008772,114,76,0.666667,38,0.333333,0,0.0,114,1,0.008772,6,0.052632,0,0.0,103,0.903509,4,0.035088,114,1,0.008772,98,0.859649,15,0.131579,0,0.0,0,0.0
491498,"전체적으로 시험범위 내용 공부하고, 모형의 특징이나 장단점을 중점적으로",1.9,21,1,1,3,6,10,21,0,0.0,2,0.095238,19,0.904762,21,9,0.428571,7,0.333333,5,0.238095,21,4,0.190476,9,0.428571,8,0.380952,21,0,0.0,4,0.190476,0,0.0,12,0.571429,5,0.238095,21,2,0.095238,17,0.809524,2,0.095238,0,0.0,0,0.0
491552,시험은 없습니다 봉사시간 30h 채우시고 온라인영상 잘 시청하시면 거의,4.71,1050,836,137,70,4,3,1050,425,0.404762,540,0.514286,85,0.080952,1050,983,0.93619,60,0.057143,7,0.006667,1050,944,0.899048,102,0.097143,4,0.00381,1050,271,0.258095,341,0.324762,213,0.202857,151,0.14381,74,0.070476,1050,997,0.949524,3,0.002857,46,0.04381,2,0.001905,2,0.001905
491585,수업 열심히 듣는건 기본이고 중요한 이론과 중요한 교수학습방법및 유의사항,4.96,28,27,1,0,0,0,28,7,0.25,17,0.607143,4,0.142857,28,4,0.142857,10,0.357143,14,0.5,28,26,0.928571,2,0.071429,0,0.0,28,1,0.035714,12,0.428571,0,0.0,12,0.428571,3,0.107143,28,0,0.0,10,0.357143,18,0.642857,0,0.0,0,0.0
50763,우선 시험 전에 교재에있는 연습문제 20개 정도 찝어주십니다만 그 문제들,2.28,18,0,3,6,2,7,18,17,0.944444,1,0.055556,0,0.0,18,17,0.944444,0,0.0,1,0.055556,18,0,0.0,17,0.944444,1,0.055556,18,0,0.0,1,0.055556,0,0.0,17,0.944444,0,0.0,18,0,0.0,0,0.0,18,1.0,0,0.0,0,0.0
50804,Just stay enthusiastic in class and part,4,61,28,15,10,6,2,61,30,0.491803,29,0.47541,2,0.032787,61,45,0.737705,13,0.213115,3,0.04918,61,33,0.540984,21,0.344262,7,0.114754,61,1,0.016393,9,0.147541,0,0.0,48,0.786885,3,0.04918,61,4,0.065574,11,0.180328,46,0.754098,0,0.0,0,0.0
77401,시험은 따로 없고 PPT 제작과 주제 에세이로 성적이 결정되는 수업입니다,3.78,446,161,123,98,31,33,445,76,0.170787,322,0.723596,47,0.105618,445,282,0.633708,161,0.361798,2,0.004494,445,138,0.310112,271,0.608989,36,0.080899,445,26,0.058427,68,0.152809,0,0.0,309,0.694382,42,0.094382,445,369,0.829213,30,0.067416,46,0.103371,0,0.0,0,0.0
77435,논문 두 편 읽고 짧게 논점 요약하고 비평하는 과제여서 부담 없었어요~,4,4,1,2,1,0,0,4,1,0.25,3,0.75,0,0.0,4,4,1.0,0,0.0,0,0.0,4,2,0.5,2,0.5,0,0.0,4,0,0.0,3,0.75,0,0.0,1,0.25,0,0.0,4,3,0.75,0,0.0,1,0.25,0,0.0,0,0.0
77445,"전 강의평들을 보면 연습문제에서 많이 출제했다고 하셧는데, 이번 시험의",4.45,95,56,31,5,1,2,95,80,0.842105,15,0.157895,0,0.0,95,89,0.936842,6,0.063158,0,0.0,95,42,0.442105,51,0.536842,2,0.021053,95,2,0.021053,53,0.557895,23,0.242105,8,0.084211,9,0.094737,95,0,0.0,4,0.042105,91,0.957895,0,0.0,0,0.0
77446,시험은 영어로 출제되고 답은 한글로 작성해도 됩니다 중간고사 때는 17,3.88,33,11,11,7,4,0,33,1,0.030303,26,0.787879,6,0.181818,33,30,0.909091,3,0.090909,0,0.0,33,7,0.212121,20,0.606061,6,0.181818,33,0,0.0,2,0.060606,24,0.727273,5,0.151515,2,0.060606,33,0,0.0,0,0.0,32,0.969697,0,0.0,1,0.030303
77448,기출에서 똑같이 나오는 문제도 있고 내주시는 과제에서도 나오는 문제도 있,4.69,100,79,15,4,0,2,100,8,0.08,85,0.85,7,0.07,100,91,0.91,9,0.09,0,0.0,100,36,0.36,60,0.6,4,0.04,100,2,0.02,33,0.33,0,0.0,58,0.58,7,0.07,100,0,0.0,1,0.01,99,0.99,0,0.0,0,0.0
77452,교안과 교수님께서 수업하시는 내용들만 봐도 문제 푸는데 어려움은 없을겁니,4.44,139,86,36,12,2,3,138,15,0.108696,116,0.84058,7,0.050725,138,120,0.869565,18,0.130435,0,0.0,138,92,0.666667,45,0.326087,1,0.007246,138,23,0.166667,74,0.536232,0,0.0,40,0.289855,1,0.007246,138,1,0.007246,0,0.0,137,0.992754,0,0.0,0,0.0
77500,- 온라인 (오픈북) - 객관식과 주관식 단답형 혼합 = 30문제 - 오,4.27,78,44,21,8,0,5,78,19,0.24359,58,0.74359,1,0.012821,78,73,0.935897,5,0.064103,0,0.0,78,27,0.346154,42,0.538462,9,0.115385,78,2,0.025641,19,0.24359,0,0.0,45,0.576923,12,0.153846,78,0,0.0,9,0.115385,63,0.807692,2,0.025641,4,0.051282
77565,"점수는 아직 모르지만 소비자, 생산자, 시장, 게임, 시장실패, 일반균형",3.93,210,76,66,48,17,3,210,29,0.138095,159,0.757143,22,0.104762,210,192,0.914286,17,0.080952,1,0.004762,210,111,0.528571,98,0.466667,1,0.004762,210,62,0.295238,45,0.214286,0,0.0,56,0.266667,47,0.22381,210,0,0.0,131,0.62381,79,0.37619,0,0.0,0,0.0
77566,- 본인의 주장을 구체적인 논거를 들어 제시. - 세부 질문에 모두 응답,4.19,93,52,20,12,5,4,93,7,0.075269,31,0.333333,55,0.591398,93,5,0.053763,15,0.16129,73,0.784946,93,30,0.322581,52,0.55914,11,0.11828,93,1,0.010753,18,0.193548,0,0.0,55,0.591398,19,0.204301,93,0,0.0,63,0.677419,30,0.322581,0,0.0,0,0.0
77571,수업 열심히 듣고 멘큐 교재기반으로 공부하면 무난하게 점수 받을 수 있을,4.08,228,86,89,42,7,4,228,105,0.460526,83,0.364035,40,0.175439,228,210,0.921053,17,0.074561,1,0.004386,228,28,0.122807,111,0.486842,89,0.390351,228,5,0.02193,60,0.263158,0,0.0,158,0.692982,5,0.02193,228,1,0.004386,1,0.004386,209,0.916667,0,0.0,17,0.074561
77582,"객관식 40문제, 1시간 1. 시간압박이 사회문화 비슷한 느낌인 것 같",4.45,461,303,91,47,12,8,461,327,0.709328,107,0.232104,27,0.058568,461,424,0.91974,35,0.075922,2,0.004338,461,281,0.609544,161,0.349241,19,0.041215,461,30,0.065076,272,0.590022,0,0.0,106,0.229935,53,0.114967,461,0,0.0,3,0.006508,233,0.505423,148,0.321041,77,0.167028
77645,,4.9,21,19,2,0,0,0,21,20,0.952381,1,0.047619,0,0.0,21,21,1.0,0,0.0,0,0.0,21,12,0.571429,9,0.428571,0,0.0,21,1,0.047619,0,0.0,0,0.0,18,0.857143,2,0.095238,21,0,0.0,20,0.952381,1,0.047619,0,0.0,0,0.0
77679,"전체적으로 문제는 개념 위주로 출제됩니다. 개념을 묻는 문제, ox문제",4.02,84,36,22,19,6,1,84,67,0.797619,16,0.190476,1,0.011905,84,81,0.964286,3,0.035714,0,0.0,84,56,0.666667,27,0.321429,1,0.011905,84,7,0.083333,63,0.75,0,0.0,12,0.142857,2,0.02381,84,0,0.0,13,0.154762,71,0.845238,0,0.0,0,0.0
77684,,3.8,15,5,5,3,1,1,15,10,0.666667,5,0.333333,0,0.0,15,11,0.733333,4,0.266667,0,0.0,15,5,0.333333,9,0.6,1,0.066667,15,1,0.066667,4,0.266667,0,0.0,6,0.4,4,0.266667,15,0,0.0,0,0.0,8,0.533333,7,0.466667,0,0.0
77686,,4.52,23,16,5,1,0,1,23,2,0.086957,12,0.521739,9,0.391304,23,7,0.304348,14,0.608696,2,0.086957,23,15,0.652174,7,0.304348,1,0.043478,23,1,0.043478,7,0.304348,0,0.0,12,0.521739,3,0.130435,23,20,0.869565,2,0.086957,1,0.043478,0,0.0,0,0.0
77687,,0,0,0,0,0,0,0,0,0,0.0,0,0.0,0,0.0,0,0,0.0,0,0.0,0,0.0,0,0,0.0,0,0.0,0,0.0,0,0,0.0,0,0.0,0,0.0,0,0.0,0,0.0,0,0,0.0,0,0.0,0,0.0,0,0.0,0,0.0
77692,아...에탐에서 18년 문제 보고 설마 똑같이 내겠어 했는데 서술형 똑같,4.17,66,33,20,8,1,4,66,58,0.878788,7,0.106061,1,0.015152,66,62,0.939394,4,0.060606,0,0.0,66,17,0.257576,46,0.69697,3,0.045455,66,0,0.0,26,0.393939,0,0.0,28,0.424242,12,0.181818,66,0,0.0,3,0.045455,63,0.954545,0,0.0,0,0.0
77701,,0,0,0,0,0,0,0,0,0,0.0,0,0.0,0,0.0,0,0,0.0,0,0.0,0,0.0,0,0,0.0,0,0.0,0,0.0,0,0,0.0,0,0.0,0,0.0,0,0.0,0,0.0,0,0,0.0,0,0.0,0,0.0,0,0.0,0,0.0
77725,,4.53,45,30,9,6,0,0,45,0,0.0,3,0.066667,42,0.933333,45,40,0.888889,4,0.088889,1,0.022222,45,19,0.422222,24,0.533333,2,0.044444,45,2,0.044444,2,0.044444,0,0.0,39,0.866667,2,0.044444,45,42,0.933333,1,0.022222,2,0.044444,0,0.0,0,0.0
77726,,4.27,37,17,15,3,2,0,37,0,0.0,0,0.0,37,1.0,37,36,0.972973,1,0.027027,0,0.0,37,14,0.378378,21,0.567568,2,0.054054,37,2,0.054054,0,0.0,0,0.0,31,0.837838,4,0.108108,37,34,0.918919,0,0.0,2,0.054054,0,0.0,1,0.027027
77727,,4.62,26,19,4,3,0,0,26,1,0.038462,0,0.0,25,0.961538,26,25,0.961538,1,0.038462,0,0.0,26,8,0.307692,16,0.615385,2,0.076923,26,0,0.0,1,0.038462,0,0.0,22,0.846154,3,0.115385,26,25,0.961538,1,0.038462,0,0.0,0,0.0,0,0.0
77748,,3.83,6,2,2,1,1,0,6,0,0.0,2,0.333333,4,0.666667,6,0,0.0,2,0.333333,4,0.666667,6,3,0.5,2,0.333333,1,0.166667,6,0,0.0,0,0.0,0,0.0,6,1.0,0,0.0,6,1,0.166667,1,0.166667,4,0.666667,0,0.0,0,0.0
77804,,4.5,2,1,1,0,0,0,2,2,1.0,0,0.0,0,0.0,2,2,1.0,0,0.0,0,0.0,2,0,0.0,2,1.0,0,0.0,2,0,0.0,0,0.0,0,0.0,2,1.0,0,0.0,2,0,0.0,0,0.0,2,1.0,0,0.0,0,0.0
77837,"중간도 해당 되지만, 수능과 같습니다: 기출로 시작하고, 기출로 끝나는",4.9,171,157,11,3,0,0,171,1,0.005848,154,0.900585,16,0.093567,171,152,0.888889,17,0.099415,2,0.011696,171,140,0.818713,31,0.181287,0,0.0,171,2,0.011696,13,0.076023,0,0.0,150,0.877193,6,0.035088,171,0,0.0,0,0.0,171,1.0,0,0.0,0,0.0
77840,과제문제중 2문제정도 나옴. 말고는 전부 개념묻는문제,3.51,70,21,24,6,8,11,70,2,0.028571,51,0.728571,17,0.242857,70,56,0.8,14,0.2,0,0.0,70,26,0.371429,37,0.528571,7,0.1,70,13,0.185714,22,0.314286,0,0.0,30,0.428571,5,0.071429,70,0,0.0,7,0.1,63,0.9,0,0.0,0,0.0
77855,오픈북형이라고 해도 공부해야됨. 개념 이해 또는 개념 활용 중심으로 공,3.48,50,10,16,17,2,5,50,1,0.02,20,0.4,29,0.58,50,31,0.62,18,0.36,1,0.02,50,10,0.2,21,0.42,19,0.38,50,3,0.06,12,0.24,0,0.0,30,0.6,5,0.1,50,1,0.02,0,0.0,49,0.98,0,0.0,0,0.0
77860,,3.6,5,2,1,1,0,1,5,0,0.0,4,0.8,1,0.2,5,2,0.4,3,0.6,0,0.0,5,3,0.6,2,0.4,0,0.0,5,0,0.0,0,0.0,0,0.0,5,1.0,0,0.0,5,0,0.0,5,1.0,0,0.0,0,0.0,0,0.0
77884,교재내용과 수업시간에 배운 논문 내용 위주로 나옵니다. 생각보다 논문에서,4.32,174,90,63,13,2,6,173,4,0.023121,83,0.479769,86,0.49711,173,157,0.907514,16,0.092486,0,0.0,173,55,0.317919,114,0.65896,4,0.023121,173,6,0.034682,101,0.583815,0,0.0,63,0.364162,3,0.017341,173,0,0.0,25,0.144509,148,0.855491,0,0.0,0,0.0
77897,단순 암기가 아니라 이해해서 사례에 적용할 수 있어야해요 그리고 교수님,3.49,160,40,45,43,18,14,160,4,0.025,44,0.275,112,0.7,160,17,0.10625,76,0.475,67,0.41875,160,19,0.11875,81,0.50625,60,0.375,160,12,0.075,58,0.3625,0,0.0,74,0.4625,16,0.1,160,0,0.0,4,0.025,156,0.975,0,0.0,0,0.0
77911,시험 전 전체 3번 풀어보시면 충분할 것 같습니다 약술형은 정말 기본적으,4.37,242,145,56,31,6,4,241,144,0.59751,82,0.340249,15,0.062241,241,227,0.941909,13,0.053942,1,0.004149,241,94,0.390041,138,0.572614,9,0.037344,241,3,0.012448,131,0.543568,0,0.0,89,0.369295,18,0.074689,241,2,0.008299,5,0.020747,234,0.970954,0,0.0,0,0.0
77947,중간고사는 과제 계산 열심히 풀어보세요. 그리고 아예 수학적으로만 기계처,4.58,107,70,31,4,2,0,107,1,0.009346,51,0.476636,55,0.514019,107,95,0.88785,11,0.102804,1,0.009346,107,52,0.485981,54,0.504673,1,0.009346,107,9,0.084112,51,0.476636,0,0.0,32,0.299065,15,0.140187,107,0,0.0,0,0.0,107,1.0,0,0.0,0,0.0
77948,선암기 후이해가 반드시 필요합니닷. 10문제 정도 나오는데 시간 무지하게,4.1,90,40,30,13,3,4,90,4,0.044444,73,0.811111,13,0.144444,90,81,0.9,8,0.088889,1,0.011111,90,20,0.222222,65,0.722222,5,0.055556,90,0,0.0,48,0.533333,2,0.022222,28,0.311111,12,0.133333,90,0,0.0,0,0.0,89,0.988889,0,0.0,1,0.011111
77952,"연습문제는 과제할 때 했던거 다시 읽어보는 정도로만 하시고, ppt 전체",4.29,242,131,71,28,4,8,242,5,0.020661,129,0.533058,108,0.446281,242,20,0.082645,183,0.756198,39,0.161157,242,125,0.516529,113,0.466942,4,0.016529,242,2,0.008264,104,0.429752,0,0.0,97,0.400826,39,0.161157,242,0,0.0,0,0.0,240,0.991736,1,0.004132,1,0.004132
77957,필기한 거에서 그대로 나옵니다 잘외워가시면 돼요,4.57,145,106,23,11,3,2,143,70,0.48951,51,0.356643,22,0.153846,143,135,0.944056,6,0.041958,2,0.013986,143,68,0.475524,69,0.482517,6,0.041958,143,79,0.552448,28,0.195804,0,0.0,30,0.20979,6,0.041958,143,0,0.0,43,0.300699,100,0.699301,0,0.0,0,0.0
77983,그냥 강의 듣고 개념만 이해하면 쉽게 풀린다고 하셨다.,4.04,47,23,14,3,3,4,47,14,0.297872,30,0.638298,3,0.06383,47,43,0.914894,1,0.021277,3,0.06383,47,13,0.276596,24,0.510638,10,0.212766,47,0,0.0,23,0.489362,6,0.12766,12,0.255319,6,0.12766,47,0,0.0,2,0.042553,40,0.851064,0,0.0,5,0.106383
78004,"동사변형 무조건 잘 외우세요!! 워낙 직설법에도 현재,복합과거,반과거,대",4.62,50,32,17,1,0,0,50,2,0.04,28,0.56,20,0.4,50,45,0.9,4,0.08,1,0.02,50,13,0.26,32,0.64,5,0.1,50,0,0.0,25,0.5,0,0.0,25,0.5,0,0.0,50,0,0.0,2,0.04,33,0.66,0,0.0,15,0.3
78013,미리 공부할 필요 없고 시험 문제 알려주시면 그때 하나만 정해서 수업시간,3.76,33,8,14,8,1,2,33,2,0.060606,14,0.424242,17,0.515152,33,9,0.272727,12,0.363636,12,0.363636,33,17,0.515152,15,0.454545,1,0.030303,33,0,0.0,0,0.0,0,0.0,30,0.909091,3,0.090909,33,0,0.0,1,0.030303,32,0.969697,0,0.0,0,0.0
78018,교재에 있는 문장 외우시면 됩니다 그리고 단어 외우기 + 동사 변화 강세,4.83,18,15,3,0,0,0,18,12,0.666667,6,0.333333,0,0.0,18,17,0.944444,1,0.055556,0,0.0,18,12,0.666667,5,0.277778,1,0.055556,18,0,0.0,0,0.0,0,0.0,18,1.0,0,0.0,18,0,0.0,0,0.0,17,0.944444,0,0.0,1,0.055556
78020,,0,0,0,0,0,0,0,0,0,0.0,0,0.0,0,0.0,0,0,0.0,0,0.0,0,0.0,0,0,0.0,0,0.0,0,0.0,0,0,0.0,0,0.0,0,0.0,0,0.0,0,0.0,0,0,0.0,0,0.0,0,0.0,0,0.0,0,0.0
78045,Choose and answer two from below: 1. 2.,4.71,269,210,41,17,0,1,269,62,0.230483,195,0.724907,12,0.04461,269,240,0.892193,26,0.096654,3,0.011152,269,225,0.836431,44,0.163569,0,0.0,269,7,0.026022,108,0.401487,0,0.0,135,0.501859,19,0.070632,269,43,0.159851,4,0.01487,222,0.825279,0,0.0,0,0.0
78054,단어는 기본이고 책에 나오는 회화도 외워가시면 도움 많이 됩니다!,4.3,227,122,62,35,6,2,227,131,0.577093,93,0.409692,3,0.013216,227,116,0.511013,98,0.431718,13,0.057269,227,130,0.572687,90,0.396476,7,0.030837,227,1,0.004405,85,0.374449,0,0.0,105,0.462555,36,0.15859,227,10,0.044053,29,0.127753,172,0.757709,3,0.013216,13,0.057269
78056,중간고사 범위 발음 부분을 대충 공부하면 헷갈리기 쉬움. 단어시험 외 중,3.43,54,10,18,15,7,4,54,9,0.166667,25,0.462963,20,0.37037,54,38,0.703704,15,0.277778,1,0.018519,54,10,0.185185,34,0.62963,10,0.185185,54,1,0.018519,9,0.166667,0,0.0,38,0.703704,6,0.111111,54,0,0.0,0,0.0,47,0.87037,1,0.018519,6,0.111111
78059,교수님이 발음 읽어주시면 그대로 써야하고요 문장 해석하는 문제랑 빈칸 채,4.36,164,90,48,21,5,0,163,26,0.159509,131,0.803681,6,0.03681,163,89,0.546012,65,0.398773,9,0.055215,163,58,0.355828,97,0.595092,8,0.04908,163,0,0.0,17,0.104294,0,0.0,135,0.828221,11,0.067485,163,1,0.006135,5,0.030675,155,0.95092,2,0.01227,0,0.0
78093,평소에 연습하던대로 치면 됩니다. 수업시간 태도가 중요한것같습니다.,5,5,5,0,0,0,0,5,5,1.0,0,0.0,0,0.0,5,5,1.0,0,0.0,0,0.0,5,4,0.8,1,0.2,0,0.0,5,0,0.0,0,0.0,0,0.0,5,1.0,0,0.0,5,2,0.4,3,0.6,0,0.0,0,0.0,0,0.0
78111,교수님이 주신 ppt만 보면 문제를 풀 수 없다. 교재를 반드시 사서 같,4.46,37,25,5,6,1,0,37,6,0.162162,26,0.702703,5,0.135135,37,13,0.351351,12,0.324324,12,0.324324,37,16,0.432432,17,0.459459,4,0.108108,37,0,0.0,33,0.891892,0,0.0,4,0.108108,0,0.0,37,0,0.0,20,0.540541,17,0.459459,0,0.0,0,0.0
78143,수업때 잠깐수업했던 뉴턴의 방법이 실패할수도있는사례가 중간고사3번으로 나,4.8,116,99,13,3,0,1,116,22,0.189655,89,0.767241,5,0.043103,116,106,0.913793,8,0.068966,2,0.017241,116,60,0.517241,52,0.448276,4,0.034483,116,0,0.0,72,0.62069,0,0.0,31,0.267241,13,0.112069,116,3,0.025862,0,0.0,108,0.931034,3,0.025862,2,0.017241
78152,"핸드아웃 내용 꼼꼼히 보셔야해요 모두 고르라는 문제가 많았는데, 정답이",3.5,18,7,4,1,3,3,18,1,0.055556,6,0.333333,11,0.611111,18,6,0.333333,7,0.388889,5,0.277778,18,8,0.444444,7,0.388889,3,0.166667,18,0,0.0,1,0.055556,2,0.111111,14,0.777778,1,0.055556,18,0,0.0,16,0.888889,2,0.111111,0,0.0,0,0.0
78154,시험은 기말만 치는데 성적 비율이 레포트랑 같아서 시험 준비도 열심히해야,2.83,6,0,2,2,1,1,6,0,0.0,2,0.333333,4,0.666667,6,1,0.166667,2,0.333333,3,0.5,6,0,0.0,6,1.0,0,0.0,6,0,0.0,5,0.833333,0,0.0,0,0.0,1,0.166667,6,0,0.0,6,1.0,0,0.0,0,0.0,0,0.0
78161,교재에 있는 example 그대로 나옵니다 전략은 이게 답니다 주관식으로,3.56,52,17,12,12,5,6,52,5,0.096154,41,0.788462,6,0.115385,52,51,0.980769,1,0.019231,0,0.0,52,20,0.384615,22,0.423077,10,0.192308,52,1,0.019231,3,0.057692,0,0.0,48,0.923077,0,0.0,52,2,0.038462,0,0.0,50,0.961538,0,0.0,0,0.0
78165,,4.27,37,14,19,4,0,0,37,0,0.0,15,0.405405,22,0.594595,37,10,0.27027,22,0.594595,5,0.135135,37,13,0.351351,23,0.621622,1,0.027027,37,0,0.0,4,0.108108,0,0.0,31,0.837838,2,0.054054,37,33,0.891892,0,0.0,4,0.108108,0,0.0,0,0.0
78168,2021-1 중간대체 퀴즈는 다 객관식이었습니다. (30분에 18문제),4.45,125,73,38,12,1,1,125,7,0.056,97,0.776,21,0.168,125,105,0.84,19,0.152,1,0.008,125,52,0.416,71,0.568,2,0.016,125,10,0.08,52,0.416,0,0.0,42,0.336,21,0.168,125,1,0.008,9,0.072,114,0.912,0,0.0,1,0.008
78169,교과서 정독 필수입니다. 개념TF문제 있습니다. example 주구장창,4.64,136,96,32,7,1,0,136,8,0.058824,115,0.845588,13,0.095588,136,125,0.919118,10,0.073529,1,0.007353,136,64,0.470588,71,0.522059,1,0.007353,136,4,0.029412,101,0.742647,0,0.0,16,0.117647,15,0.110294,136,1,0.007353,9,0.066176,122,0.897059,1,0.007353,3,0.022059
78174,조교님이 나올 문제 집어주셔서 평균이 꽤 높고 점수가 촘촘함 양이 많지,4.71,17,12,5,0,0,0,17,0,0.0,6,0.352941,11,0.647059,17,0,0.0,7,0.411765,10,0.588235,17,10,0.588235,6,0.352941,1,0.058824,17,0,0.0,2,0.117647,0,0.0,14,0.823529,1,0.058824,17,0,0.0,17,1.0,0,0.0,0,0.0,0,0.0
78183,독서 자료를 빨리 읽는 것이 가장 좋습니다. 교수님이 한 가지 질문을 미,4,204,82,63,44,8,7,204,56,0.27451,146,0.715686,2,0.009804,204,185,0.906863,17,0.083333,2,0.009804,204,78,0.382353,106,0.519608,20,0.098039,204,0,0.0,12,0.058824,0,0.0,191,0.936275,1,0.004902,204,20,0.098039,66,0.323529,110,0.539216,6,0.029412,2,0.009804
78233,사실 황동목 교수님은 시험 전에 작년 시험지를 직접 공유해주셔서 에타의,4.12,93,35,40,14,2,2,93,63,0.677419,29,0.311828,1,0.010753,93,84,0.903226,9,0.096774,0,0.0,93,31,0.333333,62,0.666667,0,0.0,93,7,0.075269,53,0.569892,0,0.0,31,0.333333,2,0.021505,93,0,0.0,0,0.0,93,1.0,0,0.0,0,0.0
78247,난도가 많이 어렵습니다… 족보를 꼭 공부하시길!,4.61,121,91,17,11,0,2,121,1,0.008264,81,0.669421,39,0.322314,121,107,0.884298,13,0.107438,1,0.008264,121,18,0.14876,88,0.727273,15,0.123967,121,5,0.041322,15,0.123967,0,0.0,98,0.809917,3,0.024793,121,0,0.0,1,0.008264,120,0.991736,0,0.0,0,0.0
78254,코로나 학기라서 오픈북이었지만 글쎄요... 오픈북이어도 시간 엄청모자르고,3.8,504,157,174,113,33,27,503,146,0.290258,330,0.656064,27,0.053678,503,477,0.94831,22,0.043738,4,0.007952,503,87,0.172962,277,0.550696,139,0.276342,503,51,0.101392,324,0.644135,2,0.003976,84,0.166998,42,0.083499,503,1,0.001988,17,0.033797,483,0.960239,0,0.0,2,0.003976
78282,"기출을 봐도, 이번 년도를 봐도 기말 시험 문제는 1. 확률분포를 주고",4.8,98,82,14,1,0,1,98,38,0.387755,53,0.540816,7,0.071429,98,86,0.877551,12,0.122449,0,0.0,98,27,0.27551,69,0.704082,2,0.020408,98,29,0.295918,44,0.44898,1,0.010204,24,0.244898,0,0.0,98,0,0.0,0,0.0,93,0.94898,0,0.0,5,0.05102
78299,그냥 교안이나 외우면 무난하게 잘 보는 시험 볼드체로 쓰인 단어랑 그 단,3.87,131,47,41,29,7,7,131,25,0.19084,60,0.458015,46,0.351145,131,83,0.633588,11,0.083969,37,0.282443,131,31,0.236641,88,0.671756,12,0.091603,131,9,0.068702,79,0.603053,0,0.0,35,0.267176,8,0.061069,131,8,0.061069,38,0.290076,84,0.641221,0,0.0,1,0.007634
78362,객관식 단답형 서술형이고 시간은 좀 빠듯합니다. 서술형의 경우 큰 흐름을,4.64,36,28,5,2,0,1,36,27,0.75,8,0.222222,1,0.027778,36,34,0.944444,1,0.027778,1,0.027778,36,5,0.138889,27,0.75,4,0.111111,36,0,0.0,12,0.333333,0,0.0,24,0.666667,0,0.0,36,0,0.0,0,0.0,36,1.0,0,0.0,0,0.0
78463,하.. 방금 보고와서 적습니다.. 강의평에 길게 적혀있는거보고 그거대로,3.61,103,30,31,22,12,8,103,4,0.038835,39,0.378641,60,0.582524,103,94,0.912621,8,0.07767,1,0.009709,103,42,0.407767,53,0.514563,8,0.07767,103,13,0.126214,49,0.475728,0,0.0,39,0.378641,2,0.019417,103,0,0.0,0,0.0,103,1.0,0,0.0,0,0.0
784784,비교나 대조해주시는 개념들이 많이 나옴 진짜 중요하다 하신 부분들만 그냥,4.88,25,22,3,0,0,0,25,0,0.0,12,0.48,13,0.52,25,3,0.12,20,0.8,2,0.08,25,22,0.88,3,0.12,0,0.0,25,2,0.08,4,0.16,0,0.0,14,0.56,5,0.2,25,0,0.0,18,0.72,7,0.28,0,0.0,0,0.0
784839,그냥 피피티 다 외우세요...이번학기는 팀플발표자료에서도 출제한다하셧는데,3.9,31,15,6,5,2,3,31,13,0.419355,18,0.580645,0,0.0,31,4,0.129032,26,0.83871,1,0.032258,31,5,0.16129,24,0.774194,2,0.064516,31,1,0.032258,5,0.16129,0,0.0,17,0.548387,8,0.258065,31,0,0.0,2,0.064516,29,0.935484,0,0.0,0,0.0
784913,개념을 완벽히 이해하는게 중요! 계산하는 것보다 개념을 설명하는 문제가,3.55,56,13,14,20,9,0,56,37,0.660714,18,0.321429,1,0.017857,56,52,0.928571,4,0.071429,0,0.0,56,28,0.5,27,0.482143,1,0.017857,56,2,0.035714,33,0.589286,0,0.0,20,0.357143,1,0.017857,56,0,0.0,21,0.375,34,0.607143,1,0.017857,0,0.0
78491,미리 문제 대략적으로 알려주시니까 예상 답안 잘 써서 준비하세요~참고로,3.74,50,13,19,13,2,3,50,5,0.1,41,0.82,4,0.08,50,36,0.72,14,0.28,0,0.0,50,21,0.42,26,0.52,3,0.06,50,4,0.08,15,0.3,0,0.0,20,0.4,11,0.22,50,15,0.3,18,0.36,17,0.34,0,0.0,0,0.0
785331,시인당 한 편씩은 시 제목과 내용을 알아 가는 게 좋습니다 몇몇 문제는,4.5,6,4,1,1,0,0,6,0,0.0,3,0.5,3,0.5,6,4,0.666667,2,0.333333,0,0.0,6,4,0.666667,2,0.333333,0,0.0,6,0,0.0,0,0.0,0,0.0,6,1.0,0,0.0,6,0,0.0,5,0.833333,1,0.166667,0,0.0,0,0.0
785532,1. 문장 번역은 그냥 본인이 과제에서 한거랑 교수님이 수업때 말씀해주신,2.53,15,0,2,7,3,3,15,0,0.0,6,0.4,9,0.6,15,14,0.933333,1,0.066667,0,0.0,15,1,0.066667,9,0.6,5,0.333333,15,4,0.266667,0,0.0,0,0.0,11,0.733333,0,0.0,15,0,0.0,0,0.0,15,1.0,0,0.0,0,0.0
78568,예제에서 주로 나오는데 교재에 없어도 교수님이 설명하신 내용이면 문제로,3.78,150,43,55,35,10,7,150,3,0.02,106,0.706667,41,0.273333,150,57,0.38,88,0.586667,5,0.033333,150,25,0.166667,100,0.666667,25,0.166667,150,1,0.006667,37,0.246667,0,0.0,84,0.56,28,0.186667,150,0,0.0,5,0.033333,145,0.966667,0,0.0,0,0.0
78575,기본적으로 교수님 수업은 다듣고 어느정도 책을 봐야 한다 책에있는 문제가,4.81,81,68,11,2,0,0,81,4,0.049383,58,0.716049,19,0.234568,81,75,0.925926,6,0.074074,0,0.0,81,57,0.703704,24,0.296296,0,0.0,81,41,0.506173,27,0.333333,0,0.0,12,0.148148,1,0.012346,81,0,0.0,9,0.111111,72,0.888889,0,0.0,0,0.0
785919,"발표 시간 꽉 채우고, 팀원들과 협동 적극적으로 할것. 교수님이 유하신",4.31,26,18,2,4,0,2,26,5,0.192308,18,0.692308,3,0.115385,26,6,0.230769,14,0.538462,6,0.230769,26,13,0.5,10,0.384615,3,0.115385,26,0,0.0,5,0.192308,0,0.0,19,0.730769,2,0.076923,26,25,0.961538,1,0.038462,0,0.0,0,0.0,0,0.0
786141,수업을 듣다보면 교수님께서 은연히 강조하시는 부분들이 느껴지실 겁니다.,4.68,82,61,16,5,0,0,82,76,0.926829,6,0.073171,0,0.0,82,77,0.939024,5,0.060976,0,0.0,82,46,0.560976,34,0.414634,2,0.02439,82,7,0.085366,62,0.756098,0,0.0,10,0.121951,3,0.036585,82,0,0.0,4,0.04878,78,0.95122,0,0.0,0,0.0
786591,기본 개념에 대한 것도 나옵니다. 수업만 잘 들어놓으시면 될 것 같아요.,4.9,270,249,17,3,1,0,270,34,0.125926,211,0.781481,25,0.092593,270,241,0.892593,25,0.092593,4,0.014815,270,217,0.803704,50,0.185185,3,0.011111,270,2,0.007407,56,0.207407,1,0.003704,193,0.714815,18,0.066667,270,1,0.003704,237,0.877778,32,0.118519,0,0.0,0,0.0
786716,오픈북이라 맘놓고 가도 될 것 같아요 아래 서술형문제들 있는데 책에 다,4.08,286,143,74,37,13,19,286,78,0.272727,167,0.583916,41,0.143357,286,10,0.034965,154,0.538462,122,0.426573,286,93,0.325175,139,0.486014,54,0.188811,286,2,0.006993,147,0.513986,2,0.006993,121,0.423077,14,0.048951,286,65,0.227273,9,0.031469,195,0.681818,9,0.031469,8,0.027972
78715,기말범위는 중간보다 어려우니 개념공부를 철저히 하는 것이 중요하다. 그리,4.44,117,65,43,6,2,1,117,49,0.418803,61,0.521368,7,0.059829,117,103,0.880342,14,0.119658,0,0.0,117,44,0.376068,67,0.57265,6,0.051282,117,11,0.094017,59,0.504274,0,0.0,41,0.350427,6,0.051282,117,0,0.0,17,0.145299,98,0.837607,1,0.008547,1,0.008547
787491,전반적으로 교수님이 시험 전에 올려주신 질문지? 를 읽고 그거에 맞춰서,4.8,30,24,6,0,0,0,30,10,0.333333,17,0.566667,3,0.1,30,6,0.2,12,0.4,12,0.4,30,24,0.8,6,0.2,0,0.0,30,0,0.0,11,0.366667,0,0.0,18,0.6,1,0.033333,30,3,0.1,6,0.2,21,0.7,0,0.0,0,0.0
787499,이론 문제 같은 경우는 수업 시간에 강조했던 부분 내에서 나왔습니다 다른,4.56,134,99,18,12,3,2,134,8,0.059701,111,0.828358,15,0.11194,134,11,0.08209,123,0.91791,0,0.0,134,128,0.955224,6,0.044776,0,0.0,134,11,0.08209,68,0.507463,0,0.0,53,0.395522,2,0.014925,134,5,0.037313,3,0.022388,126,0.940299,0,0.0,0,0.0
787565,단순한 문제가 아니라 수업 시간에 배운 내용들을 포괄적으로 활용하는 심도,3.74,53,13,22,10,7,1,53,7,0.132075,31,0.584906,15,0.283019,53,37,0.698113,16,0.301887,0,0.0,53,19,0.358491,26,0.490566,8,0.150943,53,1,0.018868,8,0.150943,0,0.0,33,0.622642,11,0.207547,53,0,0.0,7,0.132075,46,0.867925,0,0.0,0,0.0
787740,,5,3,3,0,0,0,0,3,1,0.333333,2,0.666667,0,0.0,3,3,1.0,0,0.0,0,0.0,3,2,0.666667,1,0.333333,0,0.0,3,1,0.333333,0,0.0,1,0.333333,0,0.0,1,0.333333,3,3,1.0,0,0.0,0,0.0,0,0.0,0,0.0
787745,주로 ppt로 강의하시는데 진짜 책 연습문제도 연습문제지만 무조건 유인물,4.72,149,118,24,4,2,1,149,66,0.442953,83,0.557047,0,0.0,149,136,0.912752,13,0.087248,0,0.0,149,107,0.718121,42,0.281879,0,0.0,149,7,0.04698,50,0.33557,1,0.006711,91,0.610738,0,0.0,149,0,0.0,0,0.0,147,0.986577,2,0.013423,0,0.0
788521,정말 시험 어떤 문제 출제 할지 하나도 모름 그냥 책 보고 운 보면 돼,4.85,13,11,2,0,0,0,13,1,0.076923,11,0.846154,1,0.076923,13,9,0.692308,4,0.307692,0,0.0,13,8,0.615385,5,0.384615,0,0.0,13,0,0.0,0,0.0,0,0.0,13,1.0,0,0.0,13,3,0.230769,3,0.230769,7,0.538462,0,0.0,0,0.0
78856,시험 문제는 모두 영어로 나온다. 애초부터 번역서 말고 영어로 공부하는,4.59,116,79,28,8,1,0,116,73,0.62931,42,0.362069,1,0.008621,116,109,0.939655,6,0.051724,1,0.008621,116,46,0.396552,62,0.534483,8,0.068966,116,14,0.12069,80,0.689655,0,0.0,14,0.12069,8,0.068966,116,0,0.0,11,0.094828,104,0.896552,0,0.0,1,0.008621
80418,개념에 대한 이해도 필요하지만 주어진 통계량을 통해 다른 통계량을 찾아내,4.47,128,79,33,13,3,0,128,2,0.015625,109,0.851562,17,0.132812,128,118,0.921875,10,0.078125,0,0.0,128,37,0.289062,83,0.648438,8,0.0625,128,16,0.125,81,0.632812,0,0.0,27,0.210938,4,0.03125,128,0,0.0,0,0.0,128,1.0,0,0.0,0,0.0
83750,TF는 교재에 나온거 다 한번씩 풀어보고 문제는 교재에 안나온 것도 출제,4.58,142,100,26,15,1,0,141,114,0.808511,25,0.177305,2,0.014184,141,129,0.914894,12,0.085106,0,0.0,141,113,0.801418,28,0.198582,0,0.0,141,6,0.042553,38,0.269504,1,0.007092,85,0.602837,11,0.078014,141,0,0.0,8,0.056738,113,0.801418,2,0.014184,18,0.12766
86106,2021년 겨울 계절 족보 엄청 중요합니다! 2년정도 분량 족보 구해서,4.27,353,196,88,49,9,11,352,122,0.346591,230,0.653409,0,0.0,352,325,0.923295,23,0.065341,4,0.011364,352,257,0.730114,90,0.255682,5,0.014205,352,35,0.099432,85,0.241477,1,0.002841,220,0.625,11,0.03125,352,1,0.002841,179,0.508523,172,0.488636,0,0.0,0,0.0
96507,중간고사는 앞쪽 예제에서 많이 나왔습니다 예제랑 연습문제 여러번 풀어보,3.87,119,45,34,25,9,6,119,60,0.504202,47,0.394958,12,0.10084,119,2,0.016807,35,0.294118,82,0.689076,119,84,0.705882,34,0.285714,1,0.008403,119,6,0.05042,37,0.310924,2,0.016807,73,0.613445,1,0.008403,119,5,0.042017,25,0.210084,88,0.739496,0,0.0,1,0.008403
97467,개념 문제도 나오고 계산 문제도 나오는데 계산이 조금 빡셈. HW자료에서,3.78,73,28,20,14,3,8,73,44,0.60274,28,0.383562,1,0.013699,73,65,0.890411,7,0.09589,1,0.013699,73,54,0.739726,18,0.246575,1,0.013699,73,0,0.0,18,0.246575,0,0.0,33,0.452055,22,0.30137,73,0,0.0,0,0.0,8,0.109589,40,0.547945,25,0.342466
98093,일단 교수님이 수업시간에 언급하고 같이 공부한 거 위주로 나옵니다! 그리,3.75,306,106,78,80,23,19,305,13,0.042623,193,0.632787,99,0.32459,305,16,0.052459,210,0.688525,79,0.259016,305,46,0.15082,138,0.452459,121,0.396721,305,3,0.009836,37,0.121311,158,0.518033,94,0.308197,13,0.042623,305,12,0.039344,232,0.760656,45,0.147541,5,0.016393,11,0.036066
989902,여기 있는 기말고사 문제들 다 이거랑 똑같습니다. 강의 다시 돌려보면서,4.44,263,167,57,31,5,3,263,116,0.441065,143,0.543726,4,0.015209,263,238,0.904943,24,0.091255,1,0.003802,263,151,0.574144,104,0.395437,8,0.030418,263,13,0.04943,47,0.178707,0,0.0,189,0.718631,14,0.053232,263,9,0.034221,156,0.593156,98,0.372624,0,0.0,0,0.0
990132,책 꼼꼼하게 보셔야 합니당 헷갈리는 단어 고르는거 외우셔야 되고 번호,3.97,158,76,38,21,10,13,158,23,0.14557,104,0.658228,31,0.196203,158,23,0.14557,115,0.727848,20,0.126582,158,55,0.348101,83,0.525316,20,0.126582,158,4,0.025316,7,0.044304,0,0.0,101,0.639241,46,0.291139,158,2,0.012658,128,0.810127,25,0.158228,2,0.012658,1,0.006329
990160,수업에서 한 게 그대로 나옴. 대화 제목 쓰기 +빈칸 채우기 +짧은 노,4.4,5,2,3,0,0,0,5,0,0.0,2,0.4,3,0.6,5,3,0.6,2,0.4,0,0.0,5,2,0.4,3,0.6,0,0.0,5,0,0.0,0,0.0,0,0.0,5,1.0,0,0.0,5,0,0.0,0,0.0,5,1.0,0,0.0,0,0.0
990208,"시간을 별로 안주셔서 T/F, short answer questions",3.9,91,32,28,23,6,2,91,18,0.197802,55,0.604396,18,0.197802,91,21,0.230769,58,0.637363,12,0.131868,91,18,0.197802,66,0.725275,7,0.076923,91,2,0.021978,14,0.153846,0,0.0,68,0.747253,7,0.076923,91,0,0.0,0,0.0,91,1.0,0,0.0,0,0.0
990210,"평소에 듣다 안듣다, 폰 하다 안하다 하면서 날라리처럼 수강했습니다.",3.72,83,31,19,18,9,6,83,23,0.277108,51,0.614458,9,0.108434,83,43,0.518072,40,0.481928,0,0.0,83,37,0.445783,44,0.53012,2,0.024096,83,0,0.0,21,0.253012,0,0.0,57,0.686747,5,0.060241,83,39,0.46988,38,0.457831,6,0.072289,0,0.0,0,0.0
990374,변별력을 위해서 지엽적인 문제가 몇개 출제됩니다. 교수님께서 타임어택형,4.57,242,163,61,12,5,1,242,29,0.119835,182,0.752066,31,0.128099,242,222,0.917355,20,0.082645,0,0.0,242,165,0.681818,72,0.297521,5,0.020661,242,7,0.028926,93,0.384298,3,0.012397,129,0.533058,10,0.041322,242,1,0.004132,14,0.057851,227,0.938017,0,0.0,0,0.0
990376,오늘 낮에 보고 왔습니다. 역시 악명높기로 유명한 오제연 교수님 시험이니,4.89,183,167,13,2,1,0,183,34,0.185792,146,0.797814,3,0.016393,183,174,0.95082,8,0.043716,1,0.005464,183,59,0.322404,116,0.63388,8,0.043716,183,3,0.016393,99,0.540984,0,0.0,80,0.437158,1,0.005464,183,0,0.0,62,0.338798,121,0.661202,0,0.0,0,0.0
990400,시험이 다 객관식에 서술식은 1문제만 나와요. 서술식 1문제는 그냥 객관,4.81,80,67,11,2,0,0,80,57,0.7125,17,0.2125,6,0.075,80,74,0.925,6,0.075,0,0.0,80,70,0.875,10,0.125,0,0.0,80,1,0.0125,4,0.05,0,0.0,75,0.9375,0,0.0,80,13,0.1625,1,0.0125,66,0.825,0,0.0,0,0.0
990465,,4.79,42,35,5,2,0,0,42,24,0.571429,18,0.428571,0,0.0,42,11,0.261905,27,0.642857,4,0.095238,42,42,1.0,0,0.0,0,0.0,42,0,0.0,9,0.214286,0,0.0,28,0.666667,5,0.119048,42,40,0.952381,0,0.0,2,0.047619,0,0.0,0,0.0
990468,이번학기는 시험 없이 레포트 2개 쓰는 거였어요 ! 전혀 어렵지 않았습,3.14,94,19,21,21,20,13,94,20,0.212766,58,0.617021,16,0.170213,94,20,0.212766,55,0.585106,19,0.202128,94,64,0.680851,27,0.287234,3,0.031915,94,2,0.021277,39,0.414894,2,0.021277,48,0.510638,3,0.031915,94,81,0.861702,2,0.021277,11,0.117021,0,0.0,0,0.0
990497,동작 순서 흐름 잘 외워가시면 됩니다 크게 어려운 동작은 없으니 음악에,4.25,55,33,10,6,5,1,55,26,0.472727,28,0.509091,1,0.018182,55,51,0.927273,4,0.072727,0,0.0,55,26,0.472727,20,0.363636,9,0.163636,55,2,0.036364,0,0.0,0,0.0,53,0.963636,0,0.0,55,7,0.127273,43,0.781818,5,0.090909,0,0.0,0,0.0
990513,중요한 내용은 한자까지 외우고 구절이 어떻게 해석될 수 있을지.생각해보,4.69,274,219,35,14,1,5,274,173,0.631387,97,0.354015,4,0.014599,274,243,0.886861,29,0.105839,2,0.007299,274,167,0.609489,97,0.354015,10,0.036496,274,49,0.178832,47,0.171533,2,0.007299,109,0.39781,67,0.244526,274,4,0.014599,249,0.908759,21,0.076642,0,0.0,0,0.0
990519,기말고사 - 시간: 20분 - 문제: 영어로 적혀있음 - 답변: 영어와,4.79,372,316,39,14,2,1,372,159,0.427419,203,0.545699,10,0.026882,372,175,0.47043,134,0.360215,63,0.169355,372,296,0.795699,76,0.204301,0,0.0,372,3,0.008065,45,0.120968,1,0.002688,312,0.83871,11,0.02957,372,8,0.021505,155,0.416667,209,0.561828,0,0.0,0,0.0
990610,반영 비율도 적고 시간도 넉넉해서 부담 없이 봤어요! 전날 밤 벼락치기,4.38,236,148,55,16,8,9,236,12,0.050847,174,0.737288,50,0.211864,236,71,0.300847,100,0.423729,65,0.275424,236,78,0.330508,137,0.580508,21,0.088983,236,3,0.012712,48,0.20339,2,0.008475,167,0.707627,16,0.067797,236,3,0.012712,15,0.063559,212,0.898305,1,0.004237,5,0.021186
990704,온라인 시험임. 시험 보는 모습을 촬영하지 않기 때문에 오픈북이라고 생각,4.8,5,4,1,0,0,0,5,0,0.0,3,0.6,2,0.4,5,4,0.8,1,0.2,0,0.0,5,3,0.6,2,0.4,0,0.0,5,0,0.0,2,0.4,0,0.0,3,0.6,0,0.0,5,2,0.4,1,0.2,2,0.4,0,0.0,0,0.0
990730,족보랑 똑~~같이 나왔어요 1문제도 빠짐없이 똑같습니다 평균 높아서 1문,4.71,133,100,29,3,1,0,133,79,0.593985,53,0.398496,1,0.007519,133,128,0.962406,5,0.037594,0,0.0,133,57,0.428571,68,0.511278,8,0.06015,133,16,0.120301,42,0.315789,0,0.0,61,0.458647,14,0.105263,133,9,0.067669,11,0.082707,99,0.744361,12,0.090226,2,0.015038
990772,오픈북인데 그만큼 문제가 많고 수업을 들어야 풀수있는 문제도 몇 개 나옵,3.69,65,19,20,18,3,5,65,4,0.061538,39,0.6,22,0.338462,65,62,0.953846,3,0.046154,0,0.0,65,17,0.261538,44,0.676923,4,0.061538,65,52,0.8,5,0.076923,1,0.015385,5,0.076923,2,0.030769,65,1,0.015385,0,0.0,64,0.984615,0,0.0,0,0.0
990875,족보는 무조건 사세요 제발 강의안은 무조건 다 외우시고 강의안 다 외우더,4.02,122,55,33,20,9,5,122,114,0.934426,8,0.065574,0,0.0,122,117,0.959016,5,0.040984,0,0.0,122,86,0.704918,35,0.286885,1,0.008197,122,3,0.02459,31,0.254098,0,0.0,65,0.532787,23,0.188525,122,0,0.0,0,0.0,9,0.07377,0,0.0,113,0.92623
990887,일단 피피티 같은 교수님 수업자료 종이로 뽑으면 그거 보고서 시험칠 수,4.6,514,363,108,33,6,4,515,21,0.040777,413,0.801942,81,0.157282,515,434,0.842718,78,0.151456,3,0.005825,515,346,0.671845,159,0.308738,10,0.019417,515,91,0.176699,241,0.467961,3,0.005825,113,0.219417,67,0.130097,515,2,0.003883,186,0.361165,323,0.627184,2,0.003883,2,0.003883
990975,파트너와 만나서 차차차 1시간~2시간정도 같이 맞춰보면 됩니다. 의상이나,4.57,69,51,10,5,2,1,69,22,0.318841,43,0.623188,4,0.057971,69,8,0.115942,50,0.724638,11,0.15942,69,40,0.57971,21,0.304348,8,0.115942,69,0,0.0,1,0.014493,1,0.014493,66,0.956522,1,0.014493,69,1,0.014493,0,0.0,68,0.985507,0,0.0,0,0.0
990986,일단 강의 교안이 제공 안 돼서 힘드실 거예요 강평 보면 강의 캡쳐해서,3.62,629,196,181,141,39,72,629,165,0.262321,428,0.680445,36,0.057234,629,589,0.936407,36,0.057234,4,0.006359,629,245,0.389507,354,0.562798,30,0.047695,629,76,0.120827,449,0.713831,0,0.0,61,0.096979,43,0.068362,629,2,0.00318,7,0.011129,615,0.977742,0,0.0,5,0.007949
990989,중간고사 없이 기말고사 한번 보는 거라 범위가 굉장히 많습니다.. 유형은,4.26,198,93,75,21,7,2,198,71,0.358586,127,0.641414,0,0.0,198,182,0.919192,16,0.080808,0,0.0,198,130,0.656566,65,0.328283,3,0.015152,198,21,0.106061,129,0.651515,0,0.0,32,0.161616,16,0.080808,198,0,0.0,110,0.555556,87,0.439394,0,0.0,1,0.005051
990994,"신화읽기에서의 인물 비교하라는 서술형 2문제 나오는데, 오픈북이라 각 인",4.42,688,422,170,72,8,16,688,213,0.309593,438,0.636628,37,0.053779,688,628,0.912791,56,0.081395,4,0.005814,688,259,0.376453,403,0.585756,26,0.037791,688,105,0.152616,453,0.65843,1,0.001453,80,0.116279,49,0.071221,688,3,0.00436,571,0.829942,112,0.162791,2,0.002907,0,0.0
991003,무조건 미리 기출문제나 교재 문제는 미리 적어두고 복사하는 식으로 해야,4.27,1060,574,293,127,36,30,1061,680,0.640905,317,0.298775,64,0.06032,1061,954,0.899152,102,0.096136,5,0.004713,1061,542,0.510839,489,0.460886,30,0.028275,1061,162,0.152686,697,0.656927,2,0.001885,116,0.109331,84,0.079171,1061,5,0.004713,375,0.35344,679,0.639962,1,0.000943,1,0.000943
991007,개인 면담지 작성 필수 입니다 동영상 시청 3개 이상 개인 면담하기 전,4.94,524,504,13,6,0,1,524,276,0.526718,243,0.46374,5,0.009542,524,372,0.709924,146,0.278626,6,0.01145,524,500,0.954198,23,0.043893,1,0.001908,524,198,0.377863,184,0.351145,2,0.003817,102,0.194656,38,0.072519,524,492,0.938931,2,0.003817,29,0.055344,1,0.001908,0,0.0
991009,시험이라 할게 딱히 없습니다. 어깨동무 하면 좀 날먹으로 채워지니까 lc,4.89,235,220,8,5,0,2,235,98,0.417021,135,0.574468,2,0.008511,235,144,0.612766,87,0.370213,4,0.017021,235,220,0.93617,14,0.059574,1,0.004255,235,156,0.66383,30,0.12766,0,0.0,37,0.157447,12,0.051064,235,223,0.948936,0,0.0,11,0.046809,0,0.0,1,0.004255
991031,교재 사는거 추천합니다. 저는 교재에 중요한 개념을 사진으로 찍어두고 어,3.88,162,64,51,27,4,16,162,32,0.197531,90,0.555556,40,0.246914,162,26,0.160494,85,0.524691,51,0.314815,162,47,0.290123,93,0.574074,22,0.135802,162,0,0.0,71,0.438272,44,0.271605,36,0.222222,11,0.067901,162,0,0.0,1,0.006173,156,0.962963,1,0.006173,4,0.024691
991434,,4,5,3,1,0,0,1,5,2,0.4,2,0.4,1,0.2,5,4,0.8,1,0.2,0,0.0,5,3,0.6,1,0.2,1,0.2,5,0,0.0,0,0.0,1,0.2,3,0.6,1,0.2,5,3,0.6,0,0.0,2,0.4,0,0.0,0,0.0
991522,평이한 수준으로 출제되었습니다. 반복만이 답입니다.,4,148,54,54,30,6,4,148,2,0.013514,123,0.831081,23,0.155405,148,128,0.864865,20,0.135135,0,0.0,148,56,0.378378,79,0.533784,13,0.087838,148,2,0.013514,22,0.148649,0,0.0,116,0.783784,8,0.054054,148,0,0.0,7,0.047297,141,0.952703,0,0.0,0,0.0
991523,중간범위는 에너지 밸런스 계산까지이고 퍼즐 푸는 느낌이 강합니다. 순서대,3.27,120,21,30,41,16,12,120,1,0.008333,50,0.416667,69,0.575,120,34,0.283333,64,0.533333,22,0.183333,120,52,0.433333,57,0.475,11,0.091667,120,1,0.008333,35,0.291667,2,0.016667,70,0.583333,12,0.1,120,0,0.0,2,0.016667,118,0.983333,0,0.0,0,0.0
991525,김동환 교수님 화공계산은 매년 비슷하게 나오지만 모두 어느 정도 난이도가,4.47,134,82,38,11,1,2,134,1,0.007463,116,0.865672,17,0.126866,134,122,0.910448,11,0.08209,1,0.007463,134,61,0.455224,73,0.544776,0,0.0,134,42,0.313433,31,0.231343,1,0.007463,48,0.358209,12,0.089552,134,0,0.0,119,0.88806,15,0.11194,0,0.0,0,0.0
991528,시험시간은 1시간정도봅니다. 간단한 3줄짜리 주관식이 10문제 나왔고 2,4.58,120,85,24,8,2,1,120,105,0.875,15,0.125,0,0.0,120,109,0.908333,11,0.091667,0,0.0,120,84,0.7,34,0.283333,2,0.016667,120,57,0.475,44,0.366667,0,0.0,19,0.158333,0,0.0,120,0,0.0,16,0.133333,104,0.866667,0,0.0,0,0.0
991606,"본교재에서 3,4문제 나왔음 족보만 믿고 시험보면 망함 하나도 안나옴(이",4.54,190,127,45,14,2,2,190,6,0.031579,168,0.884211,16,0.084211,190,154,0.810526,36,0.189474,0,0.0,190,122,0.642105,60,0.315789,8,0.042105,190,9,0.047368,20,0.105263,0,0.0,157,0.826316,4,0.021053,190,0,0.0,0,0.0,188,0.989474,0,0.0,2,0.010526
991641,시험 안 봅니다. 시험 안 봐서 정말 좋고 딱히 할 것도 없네요,4.14,116,74,13,12,5,12,116,6,0.051724,85,0.732759,25,0.215517,116,24,0.206897,58,0.5,34,0.293103,116,86,0.741379,14,0.12069,16,0.137931,116,14,0.12069,29,0.25,0,0.0,56,0.482759,17,0.146552,116,89,0.767241,11,0.094828,16,0.137931,0,0.0,0,0.0
992297,기말 범위는 플라톤과 아리스토텔레스 철학. 아래 문제를 한시간 반 안에,4.39,88,48,31,5,3,1,88,6,0.068182,56,0.636364,26,0.295455,88,25,0.284091,19,0.215909,44,0.5,88,48,0.545455,35,0.397727,5,0.056818,88,1,0.011364,42,0.477273,1,0.011364,28,0.318182,16,0.181818,88,0,0.0,42,0.477273,46,0.522727,0,0.0,0,0.0
992357,지문을 달달 외우는 게 중요한 것 같습니다. 툭치면 바로 나오게 정말 열,3.18,11,4,2,0,2,3,11,2,0.181818,7,0.636364,2,0.181818,11,10,0.909091,1,0.090909,0,0.0,11,2,0.181818,5,0.454545,4,0.363636,11,0,0.0,0,0.0,0,0.0,11,1.0,0,0.0,11,0,0.0,0,0.0,11,1.0,0,0.0,0,0.0
992477,거의 모두 과제에서 나왔습니다 과제는 거의 암기 수준으로 갖고 가시는게,4.94,17,16,1,0,0,0,17,1,0.058824,9,0.529412,7,0.411765,17,3,0.176471,7,0.411765,7,0.411765,17,13,0.764706,4,0.235294,0,0.0,17,0,0.0,0,0.0,0,0.0,17,1.0,0,0.0,17,0,0.0,1,0.058824,16,0.941176,0,0.0,0,0.0
992509,"천자문 외우셔야 합니다. 8자씩 해석, 각 한자 쓰기 암기가 중요합니다.",3.22,9,2,3,1,1,2,9,1,0.111111,5,0.555556,3,0.333333,9,9,1.0,0,0.0,0,0.0,9,3,0.333333,4,0.444444,2,0.222222,9,0,0.0,1,0.111111,0,0.0,8,0.888889,0,0.0,9,0,0.0,1,0.111111,8,0.888889,0,0.0,0,0.0
992645,1.매주 쪽지시험은 ppt에서 출제됨 2.따로 지필고사는 없음 3.JAS,3.86,37,13,12,7,4,1,37,0,0.0,19,0.513514,18,0.486486,37,4,0.108108,22,0.594595,11,0.297297,37,11,0.297297,22,0.594595,4,0.108108,37,0,0.0,25,0.675676,0,0.0,12,0.324324,0,0.0,37,23,0.621622,2,0.054054,11,0.297297,0,0.0,1,0.027027
992649,"중간, 기말 둘 다 1시간동안 36문제 풀어야 했습니다. 시험 유형이 교",3.69,117,29,45,26,12,5,117,15,0.128205,100,0.854701,2,0.017094,117,108,0.923077,9,0.076923,0,0.0,117,44,0.376068,70,0.598291,3,0.025641,117,2,0.017094,24,0.205128,0,0.0,86,0.735043,5,0.042735,117,1,0.008547,15,0.128205,101,0.863248,0,0.0,0,0.0
992945,수업 내용 집중해서 잘 듣고 생각 조금만 하면 쉽게 진행할 수 있어요.,4.43,42,26,9,6,1,0,42,2,0.047619,40,0.952381,0,0.0,42,6,0.142857,35,0.833333,1,0.02381,42,10,0.238095,23,0.547619,9,0.214286,42,0,0.0,4,0.095238,0,0.0,38,0.904762,0,0.0,42,15,0.357143,0,0.0,27,0.642857,0,0.0,0,0.0
993114,시험은 큰 문제 두 문제에 각각 작은문제 5~6문제씩 나옵니다. 기본적으,4.85,48,41,7,0,0,0,48,3,0.0625,44,0.916667,1,0.020833,48,46,0.958333,2,0.041667,0,0.0,48,32,0.666667,16,0.333333,0,0.0,48,7,0.145833,29,0.604167,0,0.0,11,0.229167,1,0.020833,48,0,0.0,0,0.0,47,0.979167,1,0.020833,0,0.0
993115,Wave function을 계산하거나 물리량의 평균값을 계산하고 이를 이,5,11,11,0,0,0,0,11,0,0.0,11,1.0,0,0.0,11,10,0.909091,1,0.090909,0,0.0,11,8,0.727273,3,0.272727,0,0.0,11,1,0.090909,8,0.727273,0,0.0,2,0.181818,0,0.0,11,0,0.0,0,0.0,11,1.0,0,0.0,0,0.0
993189,,4.71,7,5,2,0,0,0,7,1,0.142857,5,0.714286,1,0.142857,7,1,0.142857,4,0.571429,2,0.285714,7,3,0.428571,4,0.571429,0,0.0,7,0,0.0,0,0.0,0,0.0,6,0.857143,1,0.142857,7,0,0.0,7,1.0,0,0.0,0,0.0,0,0.0
993404,중간고사 범위는 크게 다섯 파트로 쪼갤 수 있다. 1. Scanner,4.24,143,73,44,18,4,4,143,3,0.020979,116,0.811189,24,0.167832,143,133,0.93007,10,0.06993,0,0.0,143,54,0.377622,79,0.552448,10,0.06993,143,3,0.020979,118,0.825175,1,0.006993,20,0.13986,1,0.006993,143,0,0.0,1,0.006993,140,0.979021,2,0.013986,0,0.0
993442,암기 싫어하시고 이해를 매우 중요시 하기 때문에 공식 외울 필요가 없습니,4.85,115,104,6,4,1,0,114,29,0.254386,85,0.745614,0,0.0,114,104,0.912281,7,0.061404,3,0.026316,114,61,0.535088,53,0.464912,0,0.0,114,0,0.0,72,0.631579,0,0.0,40,0.350877,2,0.017544,114,1,0.008772,0,0.0,113,0.991228,0,0.0,0,0.0
993824,"23년에 출제하신 문제들을 기반으로 출제하시되, 강의이서 설명하시거나 교",4.44,209,137,48,12,2,10,209,171,0.818182,32,0.15311,6,0.028708,209,172,0.822967,30,0.143541,7,0.033493,209,93,0.444976,108,0.516746,8,0.038278,209,30,0.143541,110,0.526316,0,0.0,55,0.263158,14,0.066986,209,0,0.0,192,0.91866,15,0.07177,2,0.009569,0,0.0
993842,선형대수 부분 판서해주신 것 모두 논리적으로 이해하고 있거나 외워야 합니,4.19,43,24,8,6,5,0,43,3,0.069767,20,0.465116,20,0.465116,43,39,0.906977,4,0.093023,0,0.0,43,30,0.697674,12,0.27907,1,0.023256,43,0,0.0,6,0.139535,0,0.0,20,0.465116,17,0.395349,43,0,0.0,6,0.139535,27,0.627907,1,0.023256,9,0.209302
993846,"족보에서 확 바뀌었습니다. 개념 위주로 공부하셔야 하고, 모델에서 각 요",3.75,68,18,26,16,5,3,68,0,0.0,54,0.794118,14,0.205882,68,59,0.867647,9,0.132353,0,0.0,68,28,0.411765,37,0.544118,3,0.044118,68,2,0.029412,53,0.779412,0,0.0,13,0.191176,0,0.0,68,0,0.0,1,0.014706,66,0.970588,0,0.0,1,0.014706
994028,중간고사는 족보랑 거의 비슷하게 나왔는데 기말고사는 족보에서 안 나온 문,4.16,89,40,32,10,5,2,89,46,0.516854,43,0.483146,0,0.0,89,17,0.191011,71,0.797753,1,0.011236,89,56,0.629213,33,0.370787,0,0.0,89,4,0.044944,20,0.224719,0,0.0,59,0.662921,6,0.067416,89,0,0.0,10,0.11236,79,0.88764,0,0.0,0,0.0
994369,강의를 책에 있는 순서대로 하지 않으시기 때문에 정리에 상당한 시간을 들,3.91,116,41,45,15,8,7,116,34,0.293103,81,0.698276,1,0.008621,116,101,0.87069,15,0.12931,0,0.0,116,24,0.206897,65,0.560345,27,0.232759,116,28,0.241379,27,0.232759,0,0.0,53,0.456897,8,0.068966,116,0,0.0,52,0.448276,64,0.551724,0,0.0,0,0.0
