rank,lecture_id,recommendation_score,preference_similarity,predicted_quality_norm,predicted_quality_5pt,article_count,rating_count,rating_average,rating_average_norm,assignment_low_score,assignment_high_score,teamwork_low_score,teamwork_high_score,grading_generous_score,grading_strict_score,attendance_light_score,attendance_strict_score,exam_light_score,exam_heavy_score,text_assignment_negative_tfidf,text_assignment_positive_tfidf,text_assignment_tfidf,text_attendance_negative_tfidf,text_attendance_positive_tfidf,text_attendance_tfidf,text_exam_negative_tfidf,text_exam_positive_tfidf,text_exam_tfidf,text_grading_negative_tfidf,text_grading_positive_tfidf,text_grading_tfidf,text_negative_ratio,text_neutral_ratio,text_positive_ratio,text_teaching_negative_tfidf,text_teaching_positive_tfidf,text_teaching_tfidf,text_teamwork_negative_tfidf,text_teamwork_positive_tfidf,text_teamwork_tfidf,top_tfidf_terms,sample_review
1,2748951,0.8588813764646601,0.8152596409331456,0.9606654260381943,4.803327130190971,8,48,4.83,0.966,0.78125,0.21875,0.927083,0.072916,0.9375,0.0625,0.479166,0.020834,0.9875,0.008333,0.0,0.076652,0.053673,0.0,0.0,0.0,0.0,0.241175,0.241175,0.0,0.079731,0.079731,0.0,0.0,1.0,0.0,0.0,0.0,0.0,0.0,0.0,"힐링되는, 2학점, 인생, 모두, 없고, 중간, 없어요, 기말, 배우는, 대체과제외에, pf에, pf인데, 마음건강을, 다입니다, f이기도, 명상, 째거나, 남으신다면, 줄어들더라구요, 도망가서",힐링수업이에요. 매주마다 실천과제하고 느낀점 써서 제출합니다. 시험은 없고 중간 기말 모두 대체 과제입니다. 1학년분들 꼭 들으셨으면!
2,1772126,0.8387478631327292,0.785269852085325,0.9635298889100062,4.817649444550031,20,374,4.78,0.956,0.803477,0.196525,0.895721,0.104277,0.95722,0.04278,0.378342,0.359625,0.681418,0.196124,0.0,0.15188,0.106349,0.0,0.0,0.0,0.0,0.238727,0.238727,0.0,0.159989,0.159989,0.0,0.0,1.0,0.0,0.0,0.0,0.0,0.0,0.0,"리트, 1학점, 대체과제, 꿀강입니당, 중간, 기말, 대체, 학점, 번만, 편해요, 됩니다, 되는데, 없고, 좋은, 무난하게, 편하게, 없이, 준비하기에, 산출됩니다, 아리까리하다",리트 준비하기에 좋아요 1학점이라 부담도 적고요
3,2086919,0.8261244108637875,0.7658795558320111,0.9666957392712663,4.833478696356331,20,115,4.8,0.96,0.765217,0.234783,0.895652,0.104348,0.926087,0.073913,0.660869,0.152174,0.813913,0.118261,0.0,0.15188,0.106349,0.0,0.158094,0.068862,0.0,0.2146,0.2146,0.0,0.096731,0.096731,0.0,0.0,1.0,0.0,0.079356,0.079356,0.0,0.25,0.055024,"대체, 갓조일, 중간, 발표, 대체과제, 분량이, 아방가르드, 안잡으심, 제출이고, 기말, 시험은, 10페이지, 중간기말, 매년, 예술에, 뭐라, 같아요, 작성하면, 자료, 고명북",그저 갓조일... 중간기말 대체과제인데 시험정보에서 문제 확인하시고 시험기간 되기 전에 미리 써 놓으면 편해요 개념설명 2/3 + 내 생각이나 의견 1/3 분량으로 잘 쓰시면 점수 잘 나올 거예요 분량이 많긴 하지만
4,2249342,0.8220121916459375,0.7611787015578761,0.9639570018514144,4.819785009257072,9,49,4.84,0.968,0.744898,0.255102,0.969388,0.030612,0.938775,0.061225,0.316326,0.244899,0.935714,0.032653,0.0,0.068135,0.047709,0.0,0.0,0.0,0.0,0.0895,0.0895,0.0,0.070872,0.070872,0.0,0.0,1.0,0.0,0.0,0.0,0.0,0.0,0.0,"월요일, 창업한, 창업에, 누구나, 2학점, 이야기를, 아침, 부담없이, 좋고, 않은거라, 채우기도, 사람들한테도, 9시라는게, 갓벽한, 스타트업, ceo가, 구라안치고, 꿀강이자, 교훈과, 인생경험",월요일 아침 1교시...인게 좀 힘들지만 2학점 무난하게 따기 좋습니다 중간 기말 대체 과제 있었고 과제도 한번 있었어요 근데 다 어렵지 않은거라 부담 없었습니다!
5,1772127,0.8133404868291163,0.7455651702249606,0.9714828922388132,4.857414461194066,20,163,4.67,0.934,0.708589,0.291411,0.947852,0.052147,0.96319,0.03681,0.303681,0.457056,0.869632,0.079755,0.0,0.121219,0.08488,0.0,0.0,0.0,0.0,0.08055,0.08055,0.0,0.031892,0.031892,0.0,0.0,1.0,0.0,0.0,0.0,0.0,0.0,0.0,"1학점, 남는다면, 꿀교양, 둘다, 편한, 과제도, 꿀강, 많아요, 없어요, 좋은, 없이, 다른수업, 죄송스러운, 가져가게, 출석하기가, 차마시고, 오면됨, 1핫점, 50분은, 보고서였어요",과제 2번 있었고 가서 강의와 교수님이 해주시는 좋은 얘기 듣고오면 됩니다~
6,2748934,0.8098101045642306,0.7395632287611733,0.9737194814380312,4.8685974071901565,20,94,4.96,0.992,0.723405,0.276595,0.989362,0.010639,0.978723,0.021277,0.287234,0.441489,0.947873,0.032979,0.0,0.061321,0.042938,0.0,0.0,0.0,0.0,0.052453,0.052453,0.0,0.031892,0.031892,0.0,0.0,1.0,0.0,0.0,0.0,0.0,0.055398,0.012193,"갓병섭, 10시에, 보내면, 잡으세요, 들어본, 잡을, 9시, 교양, 있으면, 주시고, 높은데는, 아프면, 잡느라, 빠질뻔, 듣고있어요, 수강신청이었습니다, 학문이란, 자고로, 어쩌고, 저쩌고",이 수업에서 가장 어려웠던 건 수강신청이었습니다
7,1325151,0.8063411238957336,0.7519778894937267,0.9331886708337499,4.66594335416875,20,229,4.82,0.964,0.661572,0.338428,0.973799,0.026201,0.866812,0.133188,0.268559,0.423581,0.648472,0.117904,0.0,0.28859,0.202076,0.0,0.2599,0.113206,0.0,0.400958,0.400958,0.0,0.157253,0.157253,0.0,0.05,0.95,0.0,0.052075,0.052075,0.0,0.0,0.0,"무조건, 송인욱교수님, 파생, 투자론은, 채권, 절대평가에, 투자론, 문제, 다만, 가끔, 위주로, 도움되는, 없이, 들으세요, 족보, 퀴즈, 학점도, 학생들, 많고, 좋으시고",교수님 친절하시고 학생 입장 많이 생각해 주심 다만 이제 내가 이쪽분야에 관심이 없어서 수업 내용은 쌩초보다만 그래도 교수님이 착하시니 5점. 점수도 한 성의가 보이면 잘 주신다고 본인이 말씀하셨음. 시험 한 번.
8,2249337,0.7989889727861166,0.7470556533907152,0.9201667180420531,4.600833590210265,20,75,4.69,0.938,0.826667,0.173334,0.986667,0.013333,0.766667,0.233333,0.406666,0.213334,0.722,0.032,0.0,0.112287,0.078626,0.0,0.0,0.0,0.0,0.25234,0.25234,0.0,0.178096,0.178096,0.0,0.05,0.95,0.0,0.0,0.0,0.0,0.0,0.0,"독후감, 수학을, 오픈북, 시험입니다, 조선, 교양, 좋은, 아직, 흥미있게, 들었습니다, 중간은, 수학, 강의를, 기말은, 채우기, 들을, 오프라인으로, 내용, 기말도, 책을",너무 즐겁게 들었습니다 시험은 오픈북이구 재밌습니당
9,120875,0.7980603061869307,0.7218272774627521,0.975937373210014,4.879686866050069,20,95,4.87,0.974,0.963158,0.036842,0.952632,0.047369,0.989474,0.010526,0.421053,0.457895,0.981053,0.012632,0.0,0.090559,0.063411,0.0,0.079047,0.034431,0.0,0.0,0.0,0.0,0.063785,0.063785,0.0,0.05,0.95,0.0,0.053113,0.053113,0.0,0.0,0.0,"연극, 꿀강, 아캠, 보면, 들으세요, 1학점, 보고, 남으면, 면담, 연극이, 꿀강입니다, 교수님이랑, 한번, 짧게, 감상문, 출석만, 번만, 영화, 한번만, 없고",매우 꿀강... 온라인 강의에 과제 없음...
10,2376792,0.7969872405216003,0.718223993749465,0.9807681496565827,4.903840748282914,20,168,4.9,0.98,0.848215,0.151786,0.985119,0.014881,0.946429,0.053571,0.482143,0.116072,0.975,0.010714,0.0,0.37501,0.262589,0.0,0.0,0.0,0.0,0.067786,0.067786,0.0,0.031892,0.031892,0.0,0.0,1.0,0.0,0.0,0.0,0.0,0.0,0.0,"박람회, 꿀강입니다, 다녀오면, 전시회, 하나만, 제출하면, 들으면, 됩니다, 영상만, 할것도, 강의도, 레포트, 한번, 좋습니다, 대체과제, 없고, 보고서, 돼요, 주셔서, 되고","중간 기말 시험 없구 한 학기동안 온라인 강의 수강 후 마지막 기말 대체 과제 레포트 하나만 제출하면 되는데 그 마저도 AI 전시회 참관 보고서 (참가 인증, 사진만 첨부) 제출하면 기말 레포트 면제라 정말정말 편하"
11,2768544,0.7967829874537564,0.7197305331476205,0.9765720475014071,4.882860237507035,20,122,4.98,0.996,0.721311,0.278688,0.979509,0.020492,0.963115,0.036885,0.586065,0.045082,0.991803,0.0,0.0,0.261705,0.183251,0.0,0.0,0.0,0.0,0.053444,0.053444,0.0,0.063785,0.063785,0.0,0.0,1.0,0.0,0.035318,0.035318,0.0,0.0,0.0,"1학점, 편하게, 내면, 포트폴리오, 취업, 비교과, 프로그램, 쉽게, 귀찮긴, 마지막에, 꿀강입니다, 과제도, 온라인으로, 보고서, 돼요, 있는, 대체, 좋았어요, 기말, f라서",시험 없음. 과제 두 개. 덕분에 취업 준비할 수 있었어요.
12,2376786,0.7962852659823452,0.722663935280799,0.96806837095262,4.8403418547631,20,88,4.9,0.98,0.914773,0.085227,0.971591,0.02841,0.897727,0.102273,0.420455,0.147727,0.896592,0.004546,0.0,0.244879,0.171469,0.0,0.420668,0.183233,0.0,0.159928,0.159928,0.0,0.070763,0.070763,0.0,0.0,1.0,0.0,0.0,0.0,0.0,0.0,0.0,"기말, 없고, 아무것도, 기말레포트, 하나면, 아무렇게나, 적었는데, 레포트만, 들었는데, 쓰면, 레포트, 마지막, 작성하면, 하나만, 내용도, 결석, 에이, 안들어도, 빼면, 시험",真的是超级绝世好课！强烈推荐大家选这门课！
13,483784,0.7919795631345593,0.7186223040002486,0.9631465011146175,4.815732505573088,20,801,4.37,0.874,0.861423,0.138577,0.884519,0.115481,0.913234,0.086766,0.414482,0.259676,0.550374,0.229214,0.0,0.0,0.0,0.0,0.0,0.0,0.0,0.200365,0.200365,0.0,0.031892,0.031892,0.0,0.05,0.95,0.0,0.0,0.0,0.0,0.0,0.0,"족보, 족보를, 공부하시면, 열공하세요, 보고, 문제들도, 온라인이라, 재밌고, 중간, 도움이, 훓는거, 편인하고, 적어졌습니다, 받는것같아요, 시험정보나, 찾으신다면, 인물이, 족보를열심히보고, 보심됩니다, 때려잡기",족보도 좋은데 시험전에 2배속 아캠 수업 한번 훓는거 추천해요
14,2748933,0.7904664950289745,0.7206782809551875,0.953305661201144,4.76652830600572,20,90,4.88,0.976,0.661111,0.338889,0.977778,0.022222,0.938889,0.061111,0.016667,0.938889,0.758333,0.0,0.0,0.054913,0.038451,0.0,0.0,0.0,0.0,0.125107,0.125107,0.0,0.135075,0.135075,0.0,0.05,0.95,0.0,0.046587,0.046587,0.0,0.0,0.0,"기말고사, 배려를, 친절하시고, 학생들, 정도, 좋아요, 시험, 늦게, 쓰고, 교수님이, 점수를, 갓은주, 걍들으세요, 안좋은점, 시험범위듀, 쉽지않아여, 수업감상문, 10시반에, 찝어주세여, 지루하긴했지만",완전 꿀강 추천합니다 교수님이 학생들 배려를 많이 해주십니다
15,2086931,0.7903728253729101,0.7212787130227672,0.9515924208565768,4.757962104282884,20,206,4.9,0.98,0.59466,0.40534,0.902913,0.097087,0.968446,0.031553,0.305825,0.410195,0.854369,0.099515,0.0,0.224574,0.157251,0.0,0.113957,0.049637,0.0,0.078973,0.078973,0.0,0.205311,0.205311,0.0,0.0,1.0,0.0,0.032677,0.032677,0.0,0.0,0.0,"인도, 3번, 가져오셔서, 핵균으로, 꿀강의, 없고, 중에, 두개, 주신다고, 과제, 교수님께서, 쓰고, 꿀강입니다, 있게, 해주십니다, 영상, 아직, 에세이, 대체, 레포트",모두가 들었으면 하는 명강의. 세시간 수업이라 좀 지루하게 느껴질 순 있지만 중간에 쉬는시간 있구 딴짓해도 아무 말 안하십니다. 오히려 시험기간때는 공부하라고 하실정도.. 15분까지 지각 봐주세요! 매 수업 인도 관
16,1856407,0.7894852680233968,0.719494869827301,0.9527961971476204,4.763980985738102,20,104,4.61,0.922,0.903846,0.096154,0.908654,0.091346,0.826923,0.173077,0.365384,0.225962,0.549038,0.291826,0.0,0.061321,0.042938,0.0,0.0,0.0,0.0,0.204492,0.204492,0.0,0.12915,0.12915,0.0,0.0,1.0,0.0,0.058714,0.058714,0.0,0.055398,0.012193,"시험, 시험도, 없고, 범위를, 주요, 번으로, 같아요, 교안, 크게, 어렵지, 좋으시고, 쉬워요, 듣고, 교안만, 서술형, 성적, 중간, 완전, 열심히, 시험은",부담 없는 수업입니다...!!! 듣고 학점 챙겨가세요
17,2768545,0.7885203108612078,0.7100590785596002,0.9715965195649587,4.857982597824794,20,345,4.99,0.998,0.823189,0.176812,0.992754,0.007247,0.963769,0.036233,0.579711,0.068116,0.987826,0.008116,0.0,0.030661,0.021469,0.0,0.0,0.0,0.0,0.028097,0.028097,0.0,0.096204,0.096204,0.0,0.0,1.0,0.0,0.0,0.0,0.0,0.0,0.0,"상담, 프로그램, 1학점, 진로, 비교과, 상담도, 수강하고, 신청만, 아무거나, 꿀인, 남으면, 하긴, 하라는, 귀찮긴, 개꿀, 되고, 않음, 듣기, 도움이, 상담이랑",편안하게 들으시면 되고 하라는 것만 잘 하시면 됩니다
18,2249482,0.7872257381278476,0.7113290684806393,0.964317967304667,4.821589836523335,20,72,4.76,0.952,0.625,0.375,0.958334,0.041667,0.861111,0.138889,0.326389,0.326389,0.678472,0.105556,0.0,0.183964,0.128815,0.0,0.158094,0.068862,0.0,0.150655,0.150655,0.0,0.0,0.0,0.0,0.0,1.0,0.0,0.033805,0.033805,0.0,0.0,0.0,"학생들, 논문, 오픈북, 부담없었습니다, 학생들을, 배려해주세요, 전공과목, 편했던, 대체, 과제도, 부담, 예시를, 봐주십니다, 좋았습니다, 쉽게, 강의만, 편의, 요약, 과제, 오픈북이라","좋아요 근데 아침 수업이라 좀 힘들었어요 기말고사 갑분 시험이라 좀 당황했,,"
19,2087005,0.7863893764335812,0.7147246167312351,0.9536071490723892,4.768035745361946,20,792,4.9,0.98,0.748738,0.251262,0.969066,0.030934,0.943814,0.056187,0.489899,0.171717,0.729167,0.16856,0.0,0.085573,0.05992,0.0,0.0,0.0,0.0,0.129721,0.129721,0.0,0.223773,0.223773,0.0,0.0,1.0,0.0,0.0,0.0,0.0,0.0,0.0,"1학점, 학점, 채우기용으로, 군학점으로, 구글링하면, 할게, 쉽고, 중간, 대체, 좋은, 기말, 최고의, 없이, 할게없어서, 영상틀어놓고, 딴짓하기, 아여, 2개있고, 무난하십니다, 채우기용이라면",ㄹㅇ 할게없어서 너무 좋음. 영상틀어놓고 딴짓하기 조ㅗ아여
20,2086901,0.7852914413727816,0.7021503680958672,0.9792872790189155,4.896436395094578,20,127,4.95,0.99,0.720472,0.279527,0.925197,0.074803,0.940945,0.059055,0.15748,0.661417,0.562598,0.222047,0.0,0.091982,0.064408,0.0,0.0,0.0,0.0,0.124687,0.124687,0.0,0.064312,0.064312,0.0,0.0,1.0,0.0,0.066482,0.066482,0.0,0.05,0.011005,"밥도, 사주시고, 직배로, 최고의, 수업을, 좋으신, 듣게, 싶습니다, 배정받으셨다면, 커피도, 만난게, 행운이었습니다, 학생들, 행복했습니다, 있었습니다, 축제, 운이, 된다면, 하셨습니다, 기회가","젠장, 또 김준태교수님이야... 한번만 볼려고 했는데, 김준태교수님을 보고 말았어... 이제 나는 숭배해야만해... ㅠㅠ 이 교수님의 수업을 듣게 된 당신 사랑에 빠져버릴 겁니다. 수업을 일찍끝내주시구 모든 학생들에"
21,86106,0.7834536471522877,0.7306930726399673,0.9065616543477024,4.532808271738512,20,353,4.27,0.854,0.673296,0.326705,0.955966,0.044034,0.857955,0.142046,0.22017,0.643466,0.579688,0.195454,0.0,0.030661,0.021469,0.0,0.0,0.0,0.0,0.184876,0.184876,0.0,0.070236,0.070236,0.0,0.15,0.85,0.0,0.0,0.0,0.0,0.0,0.0,"족보, 투자하면, 같아요, 족보만, 시험은, 구해서, 제출하면, 싶으면, 꿀강입니다, 과제도, 없지만, 한국어로, 받고, 온라인으로, 있는, 공부하면, 기말, 없습니다, 부담되진않고, 3일은",온라인이고 교안도 올려주심. 다른 유튜브 다큐멘터리도 올려주시는데 나름 재밌음. 과제가 부담되진않고 좋은듯
22,2768543,0.7829562844173613,0.7016605510929045,0.9726463288410939,4.863231644205469,20,338,4.99,0.998,0.83284,0.16716,0.986686,0.013314,0.954142,0.045858,0.579881,0.056213,0.989349,0.001184,0.0,0.177556,0.124328,0.0,0.079047,0.034431,0.0,0.012178,0.012178,0.0,0.095677,0.095677,0.0,0.0,1.0,0.0,0.0,0.0,0.0,0.0,0.0,"1학점, 하나, 비교과프로그램, 채우기, 들으면, pf입니다, 군학점으로, 1학점짜리, 꿀과목, 낭낭하게, 하나만, 과제, 학점, 온라인으로, 쉬운, 강의입니다, 좋음, 듣기, 굳입니다, 삽가능입니다",굳입니다 날먹 1학점 삽가능입니다!!!!!!
23,1856186,0.7814895435096909,0.6909387138315448,0.9927748127586985,4.963874063793493,20,71,4.89,0.978,0.788733,0.211267,0.943662,0.056338,0.971831,0.028169,0.028169,0.929577,0.557746,0.22324,0.0,0.211042,0.147776,0.0,0.0,0.0,0.0,0.146933,0.146933,0.0,0.032419,0.032419,0.0,0.0,1.0,0.0,0.070636,0.070636,0.0,0.0,0.0,"한번, 관계없이, 중간은, 논어, 가장, 중간, 들으세요, 퀴즈, 한자, 퀴즈랑, 문제, 좋았던, 학생들에게, 퀴즈가, 그저, 해주시고, 이번, 않으려고해요, 빠져도되고, 논어구절들",잠ㅅㅣ만오ㆍ 눈ㅂㅜㅅㅕ서 ㅈㅔ대노못적게ㅆ으ㅓ요
24,42884,0.7791853728617326,0.7165367677294765,0.9253654515036636,4.626827257518318,20,339,4.56,0.912,0.949853,0.050148,0.960177,0.039823,0.759586,0.240413,0.486725,0.176991,0.710915,0.047198,0.0,0.091982,0.064408,0.0,0.0,0.0,0.0,0.347839,0.347839,0.0,0.311293,0.311293,0.0,0.0,1.0,0.0,0.026038,0.026038,0.0,0.055398,0.012193,"case, 족보, study, 사례, 성적, 한국어, 교안, 강의자체는, 기말, 제공, 한글, 요약본, 시험, 한번, 족보도, 영어, 보면, 족보는, 계절로, 외우고",-한글 요약본 제공 but 오탈자나 이런게 몇 개 있음 -알아먹기 쉬운 영어 발음 -기말 90%+객관식 4지선다+시간 넉넉 50분 50문제 -온라인 -오래된 강의라 인터넷에 검색만해도 족보 나옴 장점만 그득그득 합니
25,993824,0.778818908508597,0.7326044445710703,0.8866526576961595,4.433263288480798,20,209,4.44,0.888,0.894737,0.105263,0.894737,0.105264,0.703349,0.296651,0.406699,0.296651,0.717703,0.035885,0.0,0.091982,0.064408,0.0,0.0,0.0,0.0,0.291177,0.291177,0.0,0.185602,0.185602,0.05,0.05,0.9,0.0,0.0,0.0,0.0,0.0,0.0,"기말, 족보, 추천해요, 결정됨, 몰빵, 전형적인, 시험, 모든게, 번으로, 한번으로, 사례, 없어서, 평균은, 학기, 과목, 과목이라, 기말에, 아무것도, 대충, 성적이",지금은 편한데 기말이 무서워용 그래도 열심히 하면 됨
26,2087098,0.7786381033073215,0.7141301688968934,0.9291566169316537,4.645783084658269,20,113,4.58,0.916,0.938053,0.061947,0.942478,0.057522,0.734514,0.265487,0.411504,0.318584,0.718142,0.038938,0.0,0.183964,0.128815,0.0,0.079047,0.034431,0.0,0.152383,0.152383,0.0,0.127569,0.127569,0.0,0.05,0.95,0.0,0.033805,0.033805,0.0,0.0,0.0,"전지, 유튜브, 갓찬화, 시험, 과제, 일절, 없었는데, 없음, 바로바로, 기초, 기말, 계산, 이해할, 그리, 하지만, 학점, 개념, 부분이, 관련, 꼼꼼히",정말 좋으신 교수님.. 내용도 알차고 시험도 깔끔합니다. 강추!
27,2087310,0.7785468239019441,0.7018114248347236,0.9575960883921253,4.787980441960626,20,63,4.63,0.926,0.904762,0.095238,0.968254,0.031746,0.936508,0.063492,0.428571,0.18254,0.66746,0.107936,0.0,0.030661,0.021469,0.0,0.0,0.0,0.0,0.076222,0.089977,0.0,0.096204,0.096204,0.0,0.1,0.9,0.0,0.032677,0.032677,0.0,0.05,0.011005,"영화, 한국, 영화를, 영화에, 그래도, 쉬워서, 감독, 바라보는, 시험은, 어떻게, 기말고사, 대해, 좋아하면, 영어, 얻는, 흥미롭게, 전반적인, 시험이, 지식을, 대한",외국인 관점에서 바라보는 한국 영화의 현황에 대해 알 수 있었던 수업이었습니다. 영화를 보긴 하지만 오래 보는 것은 아니고 오히려 트레일러 영상을 많이 보게 됩니다. 시험은 아주 쉽게 나오는 편입니다. 하술된 강의평
28,2576278,0.7771232620407089,0.7009657978892353,0.9548240117274811,4.774120058637406,13,53,4.66,0.932,0.981132,0.018868,1.0,0.0,0.801886,0.198113,0.292453,0.264151,0.741509,0.015094,0.0,0.0,0.0,0.0,0.0,0.0,0.0,0.125015,0.125015,0.0,0.148006,0.148006,0.0,0.0,1.0,0.0,0.0,0.0,0.0,0.0,0.0,"학생들, 시간대가, 출석으로, 많았고, 듣다보면, 없고, 생각을, 부담없이, 부담은, 했지만, 얻어가는, 성적이, 추천드립니다, 기말, 전혀, 부담, 30분이, 안되는것같아요, 진심이라, 힐링과목입니다","시험과 과제에 대한 부담이 없고, 학점 잘 받기에는 이만한 과목이 없다. 과제는 없었고, 기말 한번이랑 출석으로 성적이 결정되는데, 기말은 미리 문제 공지해주시고, 오픈북, 오픈노트로 진행되서 미리 답 써서 보는 것"
29,2087142,0.7755322932288378,0.6949061811020935,0.9636598881912412,4.818299440956205,20,100,4.73,0.946,0.74,0.26,0.97,0.03,0.88,0.12,0.435,0.195,0.7435,0.116,0.0,0.090559,0.063411,0.0,0.0,0.0,0.0,0.08342,0.08342,0.0,0.038344,0.038344,0.0,0.0,1.0,0.0,0.0,0.0,0.0,0.0,0.0,"듣고, 교수님께서, 교수님이, 재미있어요, 교수님의, 다양한, 재밌어요, 전공, 전부, 좋은, 편하게, 듣기, 바궜어요, 썰이, 사회학과라면, 들어보기, 사회힉이론을, 점애서, 에세이형, 적합해보입니다",일단 교수님이 좋으세요. 썰이 많으셔서 은근 재밌어요. 근데 수업보다 썰이 더 많은 것 같아요. 시험 자체는 쉽고 성적도 잘 주세요. 특히 중간고사 대체 과제를 기말고사 제출 기간에 제출해서 시간이 넉넉해요. 사회학
30,491552,0.7739279429911541,0.6986085850498355,0.9496731115208977,4.7483655576044885,20,1050,4.71,0.942,0.661905,0.338095,0.964761,0.035238,0.947619,0.052381,0.420476,0.381905,0.969191,0.020858,0.0,0.054913,0.038451,0.0,0.0,0.0,0.0,0.012178,0.012178,0.0,0.031892,0.031892,0.0,0.05,0.95,0.0,0.0,0.0,0.0,0.0,0.0,"봉사, 30시간, 봉사시간, 미리미리, 하세요, 인성품, 봉사는, 인성품도, 봉사만, 채울겸, 1학점, 제출하시면, 초에, 채우고, 미리, 따기, 제발, 시험기간에, 시간이, 잡아먹었어요",교수님이 학생 사정 잘 봐주시는 것 같아요. 봉사는 … 제발 미리 하세요. 미루다가 시험기간에 시간 많이 잡아먹었어요.
31,2086887,0.7685463359130196,0.6897596151070009,0.9523820177937302,4.761910088968651,20,121,4.93,0.986,0.797521,0.20248,0.595042,0.404958,0.938016,0.061983,0.11157,0.768595,0.93843,0.03967,0.0,0.494576,0.346311,0.0,0.0,0.0,0.0,0.108648,0.108648,0.0,0.179871,0.179871,0.0,0.0,1.0,0.0,0.0,0.0,0.0,0.0,0.0,"고명북, 됩니다, 없고, 분량, 우상수, 그날그날, 있는데, 수업을, 수업은, 다른, 최고의, 분위기도, 좋겠습니다, 하는데, 이것도, 책도, 화이팅, 간단하게, 에이쁠, 열심히",고전명적북클럽인데 책 안 읽고 토론함 LC58 화이팅
32,45803,0.7681142679475197,0.6992331778392369,0.9288368115335129,4.644184057667565,20,484,4.52,0.904,0.927537,0.072464,0.958593,0.041407,0.89234,0.107661,0.331263,0.438923,0.425155,0.371843,0.0,0.061321,0.064408,0.0,0.0,0.0,0.0,0.385985,0.479076,0.0,0.250634,0.250634,0.0,0.05,0.95,0.0,0.059843,0.059843,0.0,0.0,0.0,"시험, 족보, 무조건, 기인사, 하지만, 들으세요, 봐도, 내용도, 에이쁠, 많은, 에쁠, 강의가, 강의도, 두번으로, 심리학, 양이, 시간, 있어요, 기말, 족보만",교수님 너무 친절하시고 강의 내용도 차근차근 설명해주는 편이에요~ 진짜 이 수업을 무조건 잡아야 하나요!!! 꿀강
33,2249366,0.7678533195844733,0.6945384982804599,0.9389212359605048,4.694606179802524,20,218,4.8,0.96,0.914352,0.085648,0.986112,0.013889,0.928241,0.07176,0.444445,0.168981,0.631713,0.135185,0.0,0.0,0.0,0.0,0.114791,0.05,0.0,0.10531,0.117488,0.0,0.167494,0.167494,0.05,0.05,0.9,0.0,0.0,0.0,0.0,0.0,0.0,"편하게, 갓궁주현, 상법2, 투입이, 컨트롤, 상법, 온라인이라, 기말, 한방으로, 없고, 교안, 시험이, 들을, 수업과, 듣고, 편하고, 성적, 온라인으로, 있는, 평균",다들 공부안하고 찡찡거리는데 공부하면 쉬워요 90점받음 기말1트로 결정되는 상남저의 법시함 상법 다들 강추합니다
34,991009,0.7672064746270153,0.6800801261604368,0.9705012877156988,4.8525064385784935,20,235,4.89,0.978,0.704255,0.295745,0.797872,0.202128,0.965957,0.034042,0.72766,0.182979,0.96766,0.022979,0.0,0.061321,0.042938,0.0,0.0,0.0,0.0,0.028684,0.028684,0.0,0.031892,0.031892,0.0,0.0,1.0,0.0,0.0,0.0,0.0,0.0,0.0,"어깨동무, 채울, 엘씨원들이랑, 1학점, 먹을, 됩니다, 영상만, pass, 날먹, 패스, 열심히, 신경, 영상, 같이, 하고싶어서, 하는걸로, 3일만에, 채움, 딸깍이고, 3월초에",굿굿 혼자 하고싶어서 다 혼자 하는걸로 했었는데 70점 진짜 3일만에 다 채움. 과제 지피티 딸깍이고 면담도 가서 10분?정도 한 듯ㅎㅎ 3월초에 다 끝내놔서 남들 신경쓸 때 신경 안 쓸 수 있었다 짜피 직배라 들어
35,991007,0.7661231297065905,0.6749227917708832,0.9789239182232408,4.894619591116204,20,524,4.94,0.988,0.758588,0.241412,0.849237,0.150763,0.976144,0.023855,0.553435,0.234732,0.963931,0.023569,0.0,0.0,0.0,0.0,0.0,0.0,0.0,0.0,0.0,0.0,0.0,0.0,0.0,0.0,1.0,0.0,0.0,0.0,0.0,0.0,0.0,"1학점, 점수만, 채우면, 초반에, 됩니다, 신경, 교수님이, 적당히, 좋을, 신경도, 이것저것물어봐도, 패스되는듯요, 안내도, 갓은영, 어깨동무로, 도와주셔요, 상담했었는데, 친하면, 드랍해도, 학사지도",교수님 최고십니다. 신경도 많이 써주시고 상담 신청하면 좋은 말씀 많이 해주세요
36,2892987,0.7660526380219697,0.673673379132774,0.9816042420967593,4.908021210483796,20,62,4.48,0.896,0.991936,0.008065,0.991936,0.008065,0.862904,0.137097,0.540323,0.0,0.748387,0.006452,0.0,0.030661,0.021469,0.0,0.0,0.0,0.0,0.076812,0.076812,0.0,0.064838,0.064838,0.0,0.0,1.0,0.0,0.0,0.0,0.0,0.0,0.0,"시간도, 라틴어를, 라틴어, 인문학, 인생을, 강의실이, 불편한, 학교에서, 이야기도, 아니라, 인생에, 내용도, 와서, 그럼에도, 좋습니다, 분입니다, 대한, 유익하고, 관련된, 또한","&lt;라틴어 수업> 책을 저술하신 유명하신 교수님이신데, 이 책은 교수님께서 전에 계셨던 종 치는 학교의 수업을 토대로 저술하신 책이라는 사실을 알고 이 교수님을 뵐 기회가 없을까 싶어 슬퍼하던 차에 이 학교에 와"
37,1772133,0.7643915701701588,0.6962046217295341,0.9234944498649498,4.617472249324749,20,145,4.72,0.944,0.796552,0.203448,0.965517,0.034483,0.94138,0.05862,0.196552,0.582759,0.54931,0.237241,0.0,0.221227,0.154908,0.0,0.079047,0.034431,0.0,0.117662,0.117662,0.0,0.031892,0.031892,0.0,0.2,0.8,0.0,0.0,0.026038,0.0,0.0,0.0,"리트, 추리논증, 했지만, 패스, 기준도, 대체과제, 문제, 수업만, 1학점, 학생들이, 들은, 기말, 중간은, 편하게, 하고자, 생각있으면, 안하실, 새내기인데, 무난한게, 부르세용",교수님이 추리논증을 정말 잘하십니다.... 리트 준비하시는 분들 왕추천
38,120992,0.7643193647272183,0.6773420813796986,0.9672663592047643,4.8363317960238215,20,591,4.93,0.986,0.698816,0.301185,0.975465,0.024535,0.969543,0.030457,0.192048,0.63198,0.742725,0.158121,0.0,0.153304,0.107346,0.0,0.079047,0.034431,0.0,0.024356,0.024356,0.0,0.109107,0.109107,0.0,0.0,1.0,0.0,0.0,0.0,0.0,0.0,0.0,"끝내주시고, 정병섭, 짧고, 일찍, 무조건, 들으세요, 중간1, 편의를, 굵게, 좋았음, 성논은, 드리면, 시험도, 항상, 없고, 최고의, 하나도, 편안한, 잡으세요, 주십니다","최고의 명강의 짧고 굵게 성논 강의를 하십니다. 시험은 없고 과제는 중간1, 과제2, 기말1 였던 것 같은데 2-3페이지 정도 쓰니깐 에쁠 나왔어요 👍 출결만 잘 하시면 되는데 이 부분은 교수님께 사정을 잘 말씀 드"
39,1937524,0.7617179146525981,0.6735357688426582,0.9674762548757916,4.8373812743789575,20,479,4.84,0.968,0.615866,0.384133,0.963465,0.036534,0.899791,0.100209,0.48121,0.158664,0.752714,0.053862,0.0,0.403615,0.282619,0.0,0.079047,0.034431,0.0,0.110102,0.110102,0.0,0.063785,0.063785,0.0,0.0,1.0,0.0,0.0,0.0,0.0,0.0,0.0,"박람회, 창업, 2학점, 보고서, 온라인, 과제, 린캔버스, 2개, 다녀오면, 부담은, 기말고사, 하나, 기말, 그것도, 작성, 귀찮긴, 됩니다, 가서, 영상, 관련","2학점 애매하게 남을 때 추천합니다! 매주 영상 2개 올라오고, 린캔버스과제/창업행사소감문/기말고사 있습니다. 기말은 온라인 시험이고, 소감문도 그냥 박람회 하나 가서 셀카찍어오면 돼서 큰 부담은 없습니다."
40,2249333,0.7615901954318764,0.6695168951497573,0.9764278960901547,4.882139480450773,20,365,4.94,0.988,0.789042,0.210959,0.853425,0.146576,0.965754,0.034247,0.712328,0.117809,0.969726,0.019726,0.0,0.030661,0.021469,0.0,0.0,0.0,0.0,0.0,0.0,0.0,0.031892,0.031892,0.0,0.0,1.0,0.0,0.0,0.0,0.0,0.0,0.0,"채우면, 70점만, 70점, 기한, 채우기, 점수, 확인하시고, 되는, 것도, 됩니다, 미리미리, 하시면, 자동으로, 엘씨분들과, 친하다면, 놀면됨, 혼자할, 직배일, 활동해서, 늦게제출했는데도",그냥 개꿀 과목.....점수만 채우면 그냥 패스입니다.
41,2904306,0.7612661677339706,0.6771389359773825,0.9575630418326762,4.787815209163381,20,66,4.97,0.994,0.704546,0.295455,0.878788,0.121212,0.909091,0.090909,0.393939,0.189395,0.734091,0.018182,0.0,0.0,0.0,0.0,0.112039,0.048802,0.0,0.106484,0.106484,0.0,0.193988,0.193988,0.0,0.0,1.0,0.0,0.0,0.0,0.0,0.3,0.066029,"발표, 에세이, 성적, 개꿀, 너그럽게, 강의도, 에세이로, 재미는, 성논, 부담없고, 계절로, 주시는, 봅니다, 1번, 부담도, 들었는데, 대체, 주시고, 성적을, 기말",기말 한 20점정도 깎인 것 같은데 A+ 받았어요 학점 진짜 잘 주시는 듯
42,2748947,0.7611943968230048,0.6939905061382186,0.9180034750875065,4.590017375437532,20,403,4.63,0.926,0.580645,0.419355,0.972705,0.027295,0.704714,0.295285,0.540943,0.069478,0.735733,0.01923,0.0,0.180382,0.126307,0.0,0.0,0.0,0.0,0.242753,0.242753,0.0,0.135602,0.135602,0.0,0.0,1.0,0.0,0.026038,0.026038,0.0,0.0,0.0,"기말, 쉽게, 교수님이, 이정도면, 거의, 우주론에, 우주론, 재미있게, 16개, 퀴즈는, 과학, 고르시오, 보여서, 나와서, 절대평가라, 매주, 애정이, 내용은, 열정적이고, 지식",개못했는데 학점잘주십니다... 기말 6점인데 A0임 퀴즈는 그냥 제미나이나 지피티한테 물어보면 됨 개꿀!
43,43891,0.7589728191292995,0.6650869968684952,0.9780397377378429,4.890198688689215,20,62,4.98,0.996,0.782258,0.217742,0.645161,0.354838,0.991936,0.008065,0.185484,0.620968,0.976613,0.012903,0.0,0.0,0.0,0.0,0.0,0.0,0.0,0.0,0.0,0.0,0.0,0.0,0.0,0.0,1.0,0.0,0.0,0.0,0.0,0.337455,0.074273,"데이비드, 사랑해요, 자체, 글문세, 가볍게, 교수님과, 젠틀, 간단한, 패스, 한번, 들으세요, 시간, 귀여우시고, 그건, 밖에, 발표, 됩니다, 개꿀, 발표를, 중에","2인 1조로 특정 주제의 나라별 문화차이에 대한 발표 한번(대본 들고 읽어도 됌, 평가 같은건 딱히 없고 하는것에 의의를 두는듯) 나머지는 전부 다른 사람의 발표를 듣는 시간 그리고 두조로 나눠서 밖에 나가서 밥먹고"
44,2087444,0.7562604857973508,0.6811650461833645,0.9314831782299858,4.657415891149929,20,167,4.59,0.918,0.748503,0.251497,0.871258,0.128743,0.838323,0.161677,0.404191,0.215569,0.523952,0.263473,0.0,0.0,0.0,0.0,0.0,0.0,0.0,0.177213,0.189391,0.0,0.109107,0.109107,0.0,0.05,0.95,0.0,0.0,0.0,0.0,0.0,0.0,"국제, 대해, 정세에, 알려주셔서, 서술형, 해주셔서, 들었습니다, 2문제, 좋은, 이야기를, 실제, 기말에, 가면, 시험, 교수님이, 꿀강, 문제도, 전공, 중간, 중에","여유를 찾을 수 있는 수업. 대학생이라면 알아야 할 국제이슈에 대해 썰 푸듯이 말씀해주셔서 재밌게 들었습니다. 시험은 다 집어주셔서 부담없고, 기말에 서술형 2문제가 추가로 있었는데, 평소에 교수님이 유난히 강조한다"
45,2249741,0.7552044198341483,0.6636598359191945,0.9688084489690404,4.844042244845202,20,704,4.92,0.984,0.658381,0.34162,0.980114,0.019886,0.952415,0.047585,0.541903,0.092329,0.970526,0.015269,0.0,0.644026,0.45096,0.0,0.079047,0.034431,0.0,0.069364,0.069364,0.0,0.095677,0.095677,0.0,0.0,1.0,0.0,0.0,0.0,0.0,0.0,0.0,"명륜당, 1학점, 채우기, 사진, 탐방, 매주, 답을, 두번, 성균관, 퀴즈가, 응시, 보고서, 보고서로, 좋음, 틀려도, 끝입니다, 패스, 미리, 들으세요, 퀴즈",평소에는 아캠강의에 가벼운 퀴즈(사도 2번이라 답 알려주는 것과 다름 없음) 중간기말은 모두 보고서로 대체하십니다. 1학점 쉽게 받아갈 수 있음
46,2748958,0.7540486198178804,0.6635324577352604,0.9652529980106606,4.826264990053303,20,246,4.37,0.874,0.571138,0.428862,0.98374,0.01626,0.847561,0.152439,0.528455,0.054878,0.701219,0.069106,0.0,0.091982,0.064408,0.0,0.0,0.0,0.0,0.124567,0.124567,0.0,0.0,0.0,0.0,0.0,1.0,0.0,0.052075,0.052075,0.0,0.0,0.0,"1학점, 편안하게, 중간, 좋으시고, 빼면, 할게, 살짝, 돼요, 기말, 없습니다, 부담, 채워감, 오프라인인거, 비중이안큼, 꿀피에프같음, 들으시오, 부담없는건, 대체과제인, 이만한게, p가",홍지호 교수님 너무 귀엽고 강의력 좋으심💞 걍 1학점 달달하게 채워감
47,2009767,0.7537920194744976,0.6837957540587014,0.9171166387780222,4.585583193890111,18,58,4.33,0.866,0.49138,0.508621,0.982758,0.017241,0.818966,0.181034,0.172414,0.534482,0.864655,0.075862,0.0,0.090696,0.063507,0.0,0.254164,0.110708,0.0,0.123776,0.123776,0.0,0.107478,0.107478,0.0,0.0,1.0,0.0,0.0,0.0,0.0,0.333333,0.073365,"루쉰, 이광수, 국문과, 발제, 비교하는, 작가, 독후감, 발제문, 발표, 기말과제는, 2회, 진행되고, 대체과제로, 있고, 것도, 웬만하면, 크지, 종종, 시간도, 분량",ㄹㅇ꿀강! 한중일 대표작가와 그 시대의 정체적인 틀을 살펴볼 수 있고 국문과 수업에서 나름 편하게 들었던 수업임
48,2086920,0.7517481123080267,0.6654931873788102,0.9530096038095319,4.76504801904766,20,142,4.82,0.964,0.507042,0.492958,0.573943,0.426056,0.901408,0.098592,0.204226,0.633803,0.942958,0.030986,0.0,0.263129,0.184248,0.0,0.0,0.0,0.0,0.103328,0.103328,0.0,0.064312,0.064312,0.0,0.0,1.0,0.0,0.138172,0.138172,0.0,0.35,0.077034,"직배, 고명북, 인생, 조원경, 좋은, 당신은, 자기가, 조언도, 읽음, 교수님이, 5페이지, ppt, 걸렸으면, 그저, 사주시고, 걸렸다면, 해주시고, 없고, 밥도, 친해질",갓원경. 조원경 교수님. 줄여서 존경 교수님. 여러분 고명북 배정이 조원경 교수님이 되었다면 각자가 믿는 신에게 감사하다고 기도드리십시오. 무교면 뭐 알아서 하시구요. 다른 LC가 고명북 과제와 시험으로 고통받을 때
49,2086956,0.7513785648720767,0.6769629061649731,0.9250151018553184,4.625075509276592,20,150,4.67,0.934,0.466667,0.533333,0.946667,0.053333,0.830001,0.17,0.253333,0.496667,0.671333,0.108,0.0,0.091982,0.064408,0.0,0.112039,0.048802,0.0,0.109052,0.109052,0.0,0.070236,0.070236,0.0,0.05,0.95,0.0,0.026038,0.026038,0.0,0.0,0.0,"소설, 강의입니다, 기말, 근현대사에, 좋으시고, 대학다운, 거의, 문학을, 문학에, 그래도, 1교시, 성적은, 알려주셔서, 모르겠지만, 아직, 수업에서, 같아요, 계속, 글쓰기, 좋으십니다",일단 학점미화가 된 것 같긴해요 문학입문… 보단 현대문학사 또는 문학과역사 이정도 같습니다 실제로 한 번 있는 시험에서도 해방이후 문학과 역사를 서술하라거나 하는 문제가 주였으니까요!! 근데 시험 망했는데도 A+ 주
50,42827,0.7499342339293715,0.6808149052917003,0.9112126674172714,4.556063337086357,20,544,4.54,0.908,0.702206,0.297793,0.967831,0.032169,0.862132,0.137867,0.401655,0.256434,0.530331,0.251379,0.0,0.163253,0.114313,0.0,0.0,0.0,0.0,0.151206,0.163384,0.0,0.032419,0.032419,0.0,0.2,0.8,0.0,0.084752,0.084752,0.0,0.0,0.0,"수포자, 어려움, 내용이, 밀리면, 제때, 힘듦, 온라인이라, 말고, 연습문제, 살짝, 너그럽게, 양이, 몰아서하려고, 쉬윰, 돌리지, 언급하시는게, 참고하십쇼, 통계랑, 사람이란걸, 문제인듯","내용이 혼자 이해하려면 어렵긴한데, 그래도 차분하게 하면 불가능한 정도는 아님. 하지만 온라인이라고 몰아서하려고 하면 힘들 수 있음."
51,2376793,0.7498525091012633,0.6836218895429339,0.9043906214040323,4.5219531070201615,17,57,4.3,0.86,0.780702,0.219298,0.973684,0.026316,0.868421,0.13158,0.201755,0.473684,0.97193,0.024562,0.0,0.0,0.0,0.0,0.0,0.0,0.0,0.0,0.0,0.0,0.03752,0.03752,0.117647,0.0,0.882353,0.0,0.0,0.0,0.0,0.117647,0.025894,"쪽에, 1학점, 로스쿨, 에세이, 분인, 실시간으로, 부담없는, 됩니다, 관심, 부담없이, 되고, 부담, 추천, 조금조금, 딱딱하다고, 50분밖에, 법학관까지, 단점인듯, 서평발표, 개꿀강이",교수님이 매우 친절하시고 수업내용이 좋았음. 추천
52,2748911,0.7493077289192961,0.6833547607593398,0.9031979879591944,4.515989939795972,18,58,4.83,0.966,0.353448,0.646551,0.974137,0.025861,0.862069,0.137931,0.439655,0.086207,1.0,0.0,0.0,0.601257,0.421011,0.0,0.254164,0.110708,0.0,0.240852,0.240852,0.0,0.150668,0.150668,0.0,0.055556,0.944444,0.0,0.0,0.0,0.0,0.333333,0.073365,"위클리, 없고, 문학에, 문학, 과제, 발표, 성적도, 위클리과제, 1페이지는, 문입, 학기에, 수업도, 문학입문, 관심, 주시는, 흥미도, 기말, 1페이지, 만점, 읽고",성적 a+ 학기 중 총 6번의 위클리 과제가 있습니다. 각 위클리 과제는 총 2페이지 분량으로 1페이지는 이번 수업때 배우는 문학 작품 속 기억에 남는 문장 타이핑이라서 매우 간단하고 다른 한페이지는 그 작품에 대한
53,2086935,0.7492824078649096,0.6817101613364248,0.9069509830980409,4.534754915490204,20,164,4.63,0.926,0.631097,0.368903,0.52439,0.47561,0.908537,0.091464,0.259147,0.451219,0.767988,0.059147,0.0,0.0,0.0,0.0,0.0,0.0,0.0,0.085585,0.085585,0.0,0.102129,0.102129,0.05,0.1,0.85,0.0,0.034285,0.034285,0.0,0.05,0.011005,"갓동규, 배려, 사용을, 시험도, 없고, 사실, ai, 학생들, 발표도, 알려주셔서, 학생들을, 오히려, 중간, 최고의, 전에, 좋겠다고, 알려주실, 때만이라도, 스토하기, 스토하실거면",교수님께서 학생들 배려 많이 해주시고 부담없이 듣기 좋습니다~!
54,43713,0.7471620125388858,0.6596618700789174,0.9513290116121456,4.756645058060728,20,484,4.61,0.922,0.756198,0.243802,0.951446,0.048553,0.903925,0.096074,0.208678,0.594008,0.479546,0.344215,0.0,0.061321,0.042938,0.0,0.0,0.0,0.0,0.138258,0.138258,0.0,0.199386,0.199386,0.0,0.0,1.0,0.0,0.035318,0.035318,0.0,0.139802,0.03077,"논문, 없고, 족보만, 글로벌, 한국어, 족보보면서, 한국말, 한국어로, 됩니다, 시험, 추천, 주십니다, 시험은, 채우기, 올려주셔서, 들으시면, 족보를, 교수님께서, 착하시고, 시험도",과제 및 발표 없는 글로벌 찾는 분들에게 추천 시험은 강의 + 논문 4개정도로 보는데 논문 읽어보는게 귀찮지만 서술형 대부분이 논문 토대로 써야해서 필수
55,990513,0.7467484605184516,0.6599070822578972,0.9493783431264118,4.746891715632059,20,274,4.69,0.938,0.808395,0.191607,0.939781,0.060219,0.786496,0.213504,0.264598,0.527372,0.726825,0.030657,0.0,0.0,0.0,0.0,0.079047,0.034431,0.0,0.063412,0.075589,0.0,0.064312,0.12915,0.0,0.05,0.95,0.0,0.0,0.0,0.0,0.055398,0.012193,"쉬는시간도, 아캠, 교수님이, 메시지로, 메세지로, 강의실을, 부르지, 쉬어가는, 편안한, 기말시험은, 출석을, 이유가, 하고, 출석도, 가볍게, 사실상, 좋은, 최고의, 되게, 성논이",덕으로 강의한다는 것은 비유하자면 종수형이 출석을 부르지 않는데도 여러 학생들이 강의실을 향하는 것과 같다.
56,2086979,0.7461081879790461,0.6783619433053216,0.9041827588844034,4.520913794422016,20,97,4.69,0.938,0.685566,0.314433,0.670103,0.329898,0.804124,0.195876,0.27835,0.360825,0.661856,0.17732,0.0,0.0,0.0,0.0,0.0,0.0,0.0,0.130438,0.153806,0.0,0.038344,0.102656,0.05,0.1,0.85,0.0,0.0,0.0,0.0,0.168727,0.048141,"대중음악에, 투표로, 발표가, 토론과, 10조, 교양수업, 토론하고, 학교, 발표, 발표하는, 쉽습니다, 너무너무, 아니면, 오픈북, 기준이, 발표를, 과목입니다, 매주, 재밌고, 중간",중간 주제: 자기가 좋아하는 대중음악 가수 1명을 고르고 왜 그 가수를 좋아하는지 적으시오 기말 주제: 다음 3가지중 하나를 골라 예시를 들어 글을 쓰시오. 1. 한국 대중음악에 나타나는 미적가치에는 무엇이 있는가?
57,2087213,0.7457414271775715,0.6777833984818529,0.904310160800915,4.521550804004574,20,120,4.43,0.886,0.5375,0.4625,0.966667,0.033333,0.804167,0.195833,0.304167,0.358334,0.8525,0.1025,0.0,0.243862,0.170757,0.0,0.0,0.0,0.0,0.073067,0.073067,0.0,0.0,0.0,0.0,0.1,0.9,0.0,0.0,0.026038,0.0,0.055398,0.012193,"4번만, 없고, 1교시, 아침, 시험, 과제만, 수업이라, 과제, 교수님의, 좋지, 빼면, 됩니다, 교수님이, 있는, 편하게, 수업능력이, 젠틀하시구, 열심히하세여, 출결이고, 들렸으나",1교시 수업인거 빼면 단점 없음 진짜 그저 GOAT
58,2086986,0.745492634633262,0.6661208238284293,0.9306935265112048,4.6534676325560245,20,80,4.66,0.932,0.45,0.55,0.95,0.05,0.8375,0.1625,0.21875,0.55625,0.68125,0.1,0.0,0.142948,0.100095,0.0,0.158094,0.068862,0.0,0.129381,0.129381,0.0,0.180485,0.180485,0.0,0.0,1.0,0.0,0.052075,0.052075,0.0,0.0,0.0,"한문, 쏙쏙, 귀에, 과제는, 수업도, 학기, 교양으로, 배려해주십니다, 시험, 부담되는, 레포트는, 부분에, 좋은, 독후감, 느껴집니다, 하게, 에이플, 학점은, 범위, 않았지만","이러면 안되지만 성함만 보고 살짝 나이가 있으신 남자 교수님으로 예상하고 있었으나, 젊은 여자 교수님이심 목소리 크기 정확도 너무 좋으셔서 내용이 귀에 쏙쏙 들어옴 시험 이외의 내용들을 교안에도 많이 담아 놓으시고,"
59,2087152,0.7450801091183537,0.6568601917372483,0.9509265830075997,4.754632915037998,20,62,4.84,0.968,0.556451,0.443549,0.983871,0.016129,0.82258,0.17742,0.387097,0.177419,0.716129,0.03871,0.0,0.085573,0.05992,0.0,0.0,0.0,0.0,0.087409,0.087409,0.0,0.070763,0.070763,0.0,0.0,1.0,0.0,0.032677,0.032677,0.0,0.0,0.0,"음악, 예술을, 조금이라도, 감상문, 범위, 미술, 강의후기, 사랑하시는게, 코멘트도, 관심이, 밤새서, 달아주시고, 음악에, 예술에, 그때그때, 시험, 교수님이, 작품, 강의와, 대해","교수님이 참 좋으신 분이고 수업도 교양 쌓기에 매우 적절하다. 자기소개에 일일히 코멘트 달아주시는 분은 처음 봤다. 과제랑 중간 대체과제 포함해서 2회인데 각각 음악, 미술에 대해 조사보고서, 작품 감상문 쓰는 건데"
60,2748900,0.7450640625545828,0.6656446877465166,0.9303759371067376,4.651879685533688,5,45,4.71,0.942,0.733333,0.266666,0.944445,0.055556,0.766667,0.233333,0.455556,0.066666,0.726667,0.026667,0.0,0.0,0.0,0.0,0.455829,0.198548,0.0,0.233913,0.233913,0.0,0.129677,0.129677,0.0,0.0,1.0,0.0,0.0,0.0,0.0,0.0,0.0,"중간이, 학생, 대체, 부분문제, 문집은, 받은대로만, 소문제가, 문집에선, 길진, 서투른, top1, 편으, 2번까지, 시작한다고, 고쳐, 까다롭긴, 마니, 부분점수가, 경력이, 있으시지만","지각 2번까지 감점 없고 1교시 있는 날은 수업 10분 늦게 시작한다고 하시는 등 학생들 편의를 진짜 많이 봐주십니다. 중간이 부분문제 없고 빡센데,, 기말 문집은 피드백 받은대로만 고쳐 쓰면 웬만하면 좋은 점수 주"
61,355221,0.7450498943787218,0.6693297165439412,0.9217303093265432,4.608651546632716,20,110,4.7,0.94,0.531818,0.468181,0.85,0.150001,0.840909,0.159091,0.163636,0.659091,0.683636,0.12,0.0,0.142948,0.121564,0.0,0.158094,0.068862,0.0,0.094951,0.094951,0.0,0.05,0.088344,0.0,0.1,0.9,0.0,0.0,0.0,0.0,0.05,0.011005,"자신의, 과제가, 온라인, 교직관을, 교직관, 매주, 칼럼, 좋았어요, 교직, 가산점, 수강할, 없어서, 있어서, 만약, 과제, 교수님이, 하지만, 있긴, 오프라인, 수업에서","우선 진짜 존경스러울 정도로 교수님이 너무너무 좋으신 분이예요! 그리고 학생들을 선생님이라고 불러주세요ㅠㅠ 학기 초에는 코로나 때문에 거의 온라인이었고, 코로나 잠잠해졌을 땐 온오프 혼합이었어요!! 온라인일 때는 상"
62,1937261,0.7446647794588216,0.6646909049755385,0.9312704865864821,4.656352432932411,20,75,4.79,0.958,0.606666,0.393334,0.953334,0.046666,0.786667,0.213333,0.246667,0.533333,0.619333,0.149333,0.0,0.245286,0.171754,0.0,0.0,0.0,0.0,0.20806,0.20806,0.0,0.231805,0.231805,0.0,0.0,1.0,0.0,0.117428,0.117428,0.0,0.0,0.0,"실체법, 쉽게, 굉장히, 해주셔서, 깔끔한, 과제도, 난이도도, 전교조, 실체법을, 채권법, 기판력, 갓애라, 워낙, 시험, 같아서, 느꼈는데, 열심히, 코로나, 학기로, 교수님께서",&lt; 수업 및 총평 > 제가 느끼기에는 수업을 굉장히 이해하기 쉽게 잘해주시는 것 같아 좋았습니다. 많은 법수업을 들었는데 깔끔한 편이었던 것 같네요. 과제도 전교조 법외노조통보와 관련된 공개변론을 시청하고 의견
63,2768546,0.7443252884771577,0.6600629449990887,0.940937423259319,4.704687116296594,20,222,4.99,0.998,0.768019,0.231983,0.97973,0.020271,0.93919,0.060812,0.565316,0.056307,0.991667,0.001802,0.0,0.061321,0.042938,0.0,0.0,0.0,0.0,0.013755,0.013755,0.0,0.318924,0.318924,0.0,0.0,1.0,0.0,0.0,0.0,0.0,0.0,0.0,"1학점, 학점, 용도로, 자소서, 출석만하면, 특강, 취업, 채우는, 편하게, 출석만, 채우기, 좋아요, 유익하고, 과제도, 도움이, 알고가는, 그이하도, 얻을수있는, 피에프과목, 업데이트가",취업에 대해 되게 많은 것을 알고가는 강의 매우 도움이 된다
64,2086912,0.7432111906969616,0.6727488767808234,0.9076232565012844,4.538116282506422,20,92,4.68,0.936,0.559782,0.440217,0.907609,0.092392,0.804348,0.195652,0.494565,0.217391,0.731522,0.16087,0.0,0.214625,0.171754,0.0,0.0,0.0,0.0,0.247557,0.247557,0.0,0.126688,0.126688,0.0,0.05,0.95,0.0,0.0,0.0,0.0,0.572187,0.125936,"팀플, 없고, 사회학을, 고명북, 과제가, 분량도, 중간, 교수님이, 기말, 최고의, 하나도, 부담, 과제, 고명북이, 출석체크도, 다른, 수업내용도, 편하게, 앞에서, 듣다가","직권배정으로 김봉석교수님 걸리신 분들 정말 성대방행으로 절 한번 하시면 됩니다. 팀플, 토론도 없고 출석체크도 안하셔서 아침수업 몇번 빠졌...만약 빠지더라도 수업 그대로 찍어서 아캠에 올려주시니 그거 보시면 됩니다"
65,990989,0.7417304418730872,0.676262669934621,0.8944885763961753,4.472442881980877,20,198,4.26,0.852,0.679293,0.320707,0.959596,0.040404,0.820707,0.179293,0.431818,0.20202,0.592425,0.180809,0.0,0.137078,0.095984,0.0,0.0,0.0,0.0,0.315715,0.443341,0.0,0.299054,0.299054,0.0,0.05,0.95,0.0,0.0,0.0,0.0,0.0,0.0,"단어, 기말, 시험, 요약본, 20, 평균이, 놀라고, 알고, 있었네요, 낮습니다, 60, 점수를, 양이, 공부, 중간, 영어, 70, 30, 에이쁠, 학점에",기말: 내가… 이 점수를…? (나쁜뜻) 학점: 내가… 이 학점을…? (좋은뜻) 기말 6시간 공부해서 A0 낭낭하게 챙겨갑니다 연구참여는 미리미리 해 두세요 미루다가 티오 없어서 못하면 대체과제 해야 되는데 꽤 귀찮음
66,2892998,0.7417246667186834,0.6734557948881019,0.9010187009900404,4.505093504950202,20,318,4.59,0.918,0.690476,0.309524,0.984127,0.015873,0.771428,0.228572,0.553968,0.050793,0.740953,0.01,0.0,0.310148,0.217171,0.0,0.158094,0.068862,0.0,0.281231,0.294986,0.0,0.347979,0.347979,0.0,0.05,0.95,0.0,0.034285,0.034285,0.0,0.0,0.0,"기말, 만점, 양이, 시험, 밑줄, 주시는거같아요, 시험은, 컷이, 객관식이라, 중간과제는, 과제, 돌리고, 과제는, 1회, 하나, 기말은, 생각보다, 정도, 학기, 기말시험","시험기간에 준비할 때 죽는 줄 알았는데, 학점 미화라면 학점 미화됩니다. 에타에서 파는 족보나 요약본은 굳이 구매하지 마시고;; 영상 다 볼 필요 없습니다. 전 한번도 안 봤고, A+ 받았어요. 빨간색 밑줄이랑 내용"
67,990400,0.7403312156349849,0.6488894226258372,0.9536953993229965,4.768476996614982,20,80,4.81,0.962,0.81875,0.18125,0.9625,0.0375,0.9375,0.0625,0.0375,0.9375,0.501875,0.33,0.0,0.183964,0.128815,0.0,0.2599,0.113206,0.0,0.150218,0.150218,0.0,0.234021,0.234021,0.0,0.0,1.0,0.0,0.032677,0.032677,0.0,0.0,0.0,"교심이는, 매주, 다들, 가져갔을, 최권교수님, 없어서, 현직, 촘촘해요, 초등학교, 코로나, 실수하지, 코로나때문에, 과제, 실수, 어디서, 학점도, 열심히, 학기, 적어서, 점수","*코로나 학기 중간,기말 대신에 매주 한페이지 과제 쓰는걸로 대체했어요!! 강의 열심히 듣고 본인 생각 잘 정리하셔서 쓰시면 무난히 할 수 있었던 과제고, 학점도 잘 주십니다!"
68,2576289,0.7397447733257247,0.645101216140214,0.9605797400919164,4.802898700459582,20,87,4.87,0.974,0.793103,0.206897,0.839081,0.160919,0.890805,0.109196,0.804597,0.091954,0.964368,0.024712,0.0,0.030661,0.021469,0.0,0.0,0.0,0.0,0.0,0.0,0.0,0.031892,0.031892,0.0,0.0,1.0,0.0,0.0,0.0,0.0,0.0,0.0,"1학점, pass, 하라는거, 채울, 공짜로, 어깨동무, 70점만, 70점, 채우면, 몰아서, 친절하세요, 하라는, 점수, 미리미리, 영상, 적당히, pass받고, p입니다, 채웁시다, 면담지",공지만 읽고 하라는 거 적당히 하면 Pass 거의 무조건 뜸
69,44541,0.7394040160516152,0.6791099441998059,0.880090183705837,4.400450918529185,20,526,4.67,0.934,0.572243,0.427757,0.970533,0.029468,0.773764,0.226236,0.387833,0.222434,0.403042,0.396863,0.0,0.304816,0.213438,0.0,0.228748,0.099637,0.0,0.571123,0.571123,0.0,0.141527,0.141527,0.05,0.05,0.9,0.0,0.026038,0.026038,0.0,0.0,0.0,"확통, 시험, 있는데, 문제, 매주, 어렵지, 교재, 어려운, 풀면, 범위부터는, 3시간인게, 중간, 사담을, 젠틀하십니다, 기말, 해요, 범위까지는, 때문에, 수업이라, 오히려",경영통계는 여러모로 이 교수님 듣는게 이득인것 같습니다. 다른 교수님보다 강의 범위가 굉장히 적고 되게 쉽게 여러번 알려주십니다. 교재 10강까지 나가고 5강씩 중간 기말 시험 2번 봅니다. 매주 자잘한 과제 있는데
70,44630,0.7389574123737281,0.6654625468770381,0.910445431866005,4.552227159330025,20,93,4.56,0.912,0.55914,0.44086,0.956989,0.043011,0.892473,0.107527,0.317204,0.381721,0.403226,0.395162,0.0,0.122643,0.085877,0.0,0.0,0.0,0.0,0.215798,0.215798,0.0,0.128096,0.128096,0.05,0.05,0.9,0.0,0.0,0.0,0.0,0.0,0.0,"때문에, 객관식, 판서를, 시험은, 객관식이라, 예제만, 수학과, 계산기, 과제는, 추천한다, 프로그래밍, 주십니다, 모두, 내용도, 비교적, 느낄, 알면, 없는, 정도, 어렵지",에타에서 악필로 유명하시던데 사실 글씨보다 문제인건 뭉개지는 발음..끝말을 먹어요 근데 강의 전에 족보로 직접 문제 해설해주시는 교수님 처음 봤어요. 학점도 잘 주려하시고 종강 때 족보 해설해주시고 끝까지 포기하지 
71,1772065,0.7385518479532094,0.662959843110818,0.9149331925854562,4.5746659629272814,20,192,4.7,0.94,0.468749,0.53125,0.950521,0.049479,0.903646,0.096354,0.367188,0.348959,0.523958,0.258333,0.0,0.214625,0.150285,0.0,0.0,0.0,0.0,0.23832,0.23832,0.0,0.255666,0.255666,0.0,0.1,0.9,0.0,0.111918,0.111918,0.0,0.0,0.0,"hpfp, 학점, 밤랩, 복전, 첫번째, 밤랩은, 어택랩은, 취소됐는데, 족보, 족보랑, 서버, 평균보다, 기말, 과제, 전범위, 이해가, 과제가, 사랑해요, 나왔던, 받았는데","컴퓨터에서의 정수 표현, 부동소수점, 어셈블리어, 메모리 계층, 캐시, 링커, 가상 메모리, 네트워크, Concurrent programming 등 컴퓨터 시스템과 관련한 다양한 걸 배우는 과목입니다. 강의에서 구체"
72,78045,0.7360692102854642,0.6358975752695849,0.969803025322516,4.8490151266125805,20,269,4.71,0.942,0.592936,0.407063,0.94052,0.059479,0.918216,0.081784,0.226765,0.537175,0.501115,0.330112,0.0,0.901263,0.631082,0.0,0.079047,0.034431,0.0,0.37528,0.37528,0.0,0.0,0.0,0.0,0.0,1.0,0.0,0.0,0.0,0.0,0.1,0.02201,"중간, 기말, 레포트, 쓰면, 동안, 보고서, 골라서, 일주일, 조금, 글로벌, 쓰기, 유철, 옷을, 주제, 쓰느라, 꿀강, 대체, 되고, 10장, 교수님이",중간 10장 A+ 기말 10장 A+ 받았고 발표대체레포트는 B+ 받아서 걱정했는데 최종적으론 A+ 나왔습니다..! 레포트 계속 미뤄서 기말이랑 같이 쓰느라 진짜 못쓰긴 했어요.. 영어 잘하시면 발표를 무조건 더 추천
73,2376774,0.7359180198263062,0.6363291906927604,0.9682919544712465,4.841459772356233,14,54,4.87,0.974,0.861111,0.138889,0.981482,0.018519,0.87963,0.120371,0.314815,0.268519,0.4,0.4,0.0,0.087602,0.061341,0.0,0.0,0.0,0.0,0.14452,0.14452,0.0,0.054777,0.054777,0.0,0.0,1.0,0.0,0.0,0.0,0.0,0.0,0.0,"확통, 다음학기부턴, 다음학기부터는, 면담도, 시험, 교수님이, 굉장히, 풀어서, 좋았다, 이걸, 착하시고, 매우, 과제도, 연습문제, 난이도는, 같아요, 해주시고, 있을, 확통수업, 빡샐거같네요","역시 명불허전 오마이걸 캔디리더 최효정 센세 수업도 금방금방 끝내주심 과제도 없었고, 메일 보냈는데 1분만에 답장 온 적도 있음 시험 어렵지 않음 생각 못한 부분에서 나올 수는 있지만.. 다음 학기부터는 과제도 낼거"
74,2576261,0.7349080390480607,0.6534607078638426,0.9249518118112363,4.624759059056181,20,68,4.71,0.942,0.720588,0.279412,0.963235,0.036765,0.801471,0.19853,0.470589,0.051471,0.902941,0.064706,0.0,0.122643,0.085877,0.0,0.193004,0.084068,0.0,0.094306,0.094306,0.0,0.0,0.0,0.05,0.0,0.95,0.0,0.039678,0.039678,0.0,0.539802,0.118808,"1교시, 발표, 부담도, 없고, 두번인데, ai, 그것도, 발전하고, 어디까지, 꿀교양, 수선관, 완벽합니다, 2번만, 유익해요, 인공지능, 흥미로워서, 준비하는, 끝입니다, 힘들지, 짧은",교수님께서 인공지능 분야에 발이 넓으시고 똑똑하신게 느껴집니다. 수선관 1교시 수업이라 힘든 날도 있었지만 수강하길 잘한 수업인 것 같아요. 기말발표 영상 만드는 게 좀 많이 힘들었지만... 나름 즐거운 경험이었습니
75,1772081,0.7345362972695038,0.6460965200054953,0.94089577755219,4.70447888776095,20,358,4.75,0.95,0.77095,0.22905,0.980447,0.019553,0.861732,0.138268,0.488826,0.187151,0.487849,0.299302,0.0,0.0,0.0,0.0,0.079047,0.034431,0.0,0.126237,0.126237,0.0,0.12915,0.12915,0.0,0.05,0.95,0.0,0.026038,0.026038,0.0,0.0,0.0,"양이, 밀리지만, 시험이, 많아서, 필기량이, 필기본, 헷갈리게, 필기할, 매주, 온라인, 시험은, 지식을, 편합니다, 객관식, 필기, 교안에, 성적, 힘들었습니다, 많아요, 학점을",디스플레이에 관한 지식을 얻을 수 있어 좋았습니다. 학점 잘 주십니다.
76,103732,0.7340141250685821,0.6526399569087323,0.9238871841082316,4.619435920541158,20,284,4.58,0.916,0.649648,0.350352,0.947183,0.052817,0.809859,0.190142,0.068663,0.871479,0.702465,0.059859,0.025,0.331261,0.274894,0.0,0.0,0.0,0.0,0.126113,0.152047,0.201089,0.102656,0.167494,0.05,0.05,0.9,0.0,0.039678,0.039678,0.0,0.0,0.0,"교양다운, 과제, 동영상, 교양, 기말, 재밌게, 번에, 1교시, 수업입니다, 들을, 재밌었습니다, 이론, 과목이라, 아침, 1번, 오픈북, 부담도, 부담없이, 보는, 없다","미디어의 특성, 영화, 방송, 한국신문 등의 역사에 대해 배우는 강의입니다. 아침 1교시 수업이라 힘들지만 동영상 자료 활용을 많이 하셔서 재밌게 들을 수 있는 수업이에요. 역사 좋아하시는 분들은 특히 재밌게 들을 "
77,120533,0.7334564602685931,0.6827742528430295,0.851714944261575,4.258574721307875,20,148,4.05,0.81,0.621622,0.378379,0.949324,0.050676,0.777027,0.222973,0.182433,0.655405,0.702703,0.054054,0.0,0.050966,0.077629,0.176719,0.0,0.044344,0.139213,0.174392,0.212503,0.098911,0.0,0.031892,0.15,0.15,0.7,0.0,0.070636,0.070636,0.0,0.0,0.0,"소통이, 기말, 정해관, 많고, 과목이네요, 영어라서, 상식, 강의하십니다, 오픈북으로, 외워야, 공부하시면, 분량, 분량이, 교수님과, 시험, 교안이, 교양, 피피티, 과제는, 같고",코로나학기에 소통이 잘 안되는 것이 조금 답답하기는 했습니다.. 그거와 별개로 교수님들은 열심히 수업해 주십니다. 김형식교수님 교안이 몽땅 영어라서 처음엔 조금 당황스럽지만 복잡한 기작같은거는 참고사항이고 환경과 건
78,2169019,0.733182924547942,0.6354003351675213,0.961342299768924,4.806711498844621,20,89,4.94,0.988,0.702247,0.297753,0.977528,0.022472,0.926967,0.073034,0.674157,0.044944,0.723033,0.152809,0.0,0.303025,0.24376,0.0,0.079047,0.034431,0.0,0.041853,0.041853,0.0,0.031892,0.031892,0.0,0.05,0.95,0.0,0.0,0.0,0.0,0.0,0.0,"1학점, 과목입니다, 과목을, kmooc, 퀴즈, 과목, 사이트에서, 여전히, 한국, 남으면, 수강했습니다, 강의에, 자신이, 하루, 만점, 들었는데, 수도, 무난하게, 했는데, 쪽지시험에",강의에 따라 다를 수도 있지만 기본적으로 한주 강의 다음 쪽지시험에 기말시험은 여태껏 본 쪽지시험 재탕한 듯. 너무 편하고 의외로 재미있어서 본인 관심사의 강의 있으면 추천함.
79,2827115,0.7318080515919648,0.6280802587691408,0.9738395681785544,4.869197840892772,20,110,4.96,0.992,0.804545,0.195455,0.55,0.45,0.95,0.05,0.168182,0.636364,0.757273,0.025454,0.0,0.030661,0.021469,0.0,0.0,0.0,0.0,0.012178,0.012178,0.0,0.119963,0.119963,0.0,0.0,1.0,0.0,0.0,0.0,0.0,0.068727,0.015127,"활동들이, 하라는거만, 지루하지, 무조건, 교수님도, 마음이, 학생들, 학기, 재밌는, 편의를, 얻어갈, 오프라인, 강의입니다, 학생, 해도, 부담, 유교적, 가치에, 인의예지를, pbl로","그냥 goat, 온라인 오프라인 섞여있어서 하라는거 하고 성균색에세이 제출만 잘하시면 성적 잘나와요! 교수님도 너무 좋으세요~~"
80,1937258,0.7307823617549318,0.6296847159336937,0.9666768686711541,4.83338434335577,20,76,4.96,0.992,0.815789,0.18421,0.973684,0.026316,0.953948,0.046053,0.0,1.0,0.638816,0.194737,0.0,0.030661,0.021469,0.0,0.0,0.0,0.0,0.028684,0.028684,0.0,0.147451,0.147451,0.0,0.0,1.0,0.0,0.0,0.0,0.0,0.0,0.0,"서예, 서지법, 피드백, 힐링, 서지법3, 4도, 서예도, 덕분에, 학생, 쓰는데, 천사, 들으세요, 에이쁠, 없다고, 최고, 전공, 해주시고, 좋은, 서예를, 분위기입니다",열정적이고 마음씨 좋은 교수님 덕분에 서예도 배우고 피드백을 철저히 잘 가르쳐 주어서 항상 기쁩니다. 제가 글씨를 쓰는데 잘 썼나 못 썼나 긴장 혹은 눈치를 보지만 그래도 진지한 마음으로 글씨를 열중히 써서 배웠습니
81,2087184,0.7298305479769434,0.6410660581307287,0.9369476909514445,4.684738454757222,5,45,3.91,0.782,0.677778,0.322222,0.622222,0.377778,0.877778,0.122222,0.655555,0.311111,0.73,0.035556,0.0,0.122643,0.085877,0.0,0.0,0.0,0.0,0.170234,0.170234,0.0,0.280946,0.280946,0.0,0.0,1.0,0.0,0.0,0.0,0.0,0.42159,0.09279,"아캠강의로, 철학자입장, 꿀빤거같긴함, 보여주시진, 받았기에, 지나가겠음, 학점잘나와서, 4점이지, 보았을땐, 3점정도, 뭔소린지도, 때려칠까, 공부할때는, 개많은데, 조용히, 강의로만, 잘주셨습니다, 이루어지는데, 2번정도, 답도","학점을 잘 주십니다. 강의는 보통 학생들의 발표로 이루어지는데 아캠강의로 이루어져 학생들의 발표가 별로 없었습니다. 과제 2번정도 철학자입장 요약하는 거 주셨습니다. 시험도, 수업도 그렇게 빡세지 않아 부담스럽지 않"
82,109140,0.7296851866473895,0.6398520385655535,0.9392958655050069,4.696479327525035,16,56,4.63,0.926,0.571429,0.428571,0.946429,0.053571,0.794643,0.205357,0.357143,0.294643,0.6,0.171428,0.0,0.076652,0.053673,0.0,0.127257,0.05543,0.0,0.124175,0.124175,0.0,0.039865,0.039865,0.0,0.0,1.0,0.0,0.0,0.0,0.0,0.0,0.0,"수학과, 증명, 꽉꽉, 계산, 개꿀, 워낙, 꿀잼, 적다, 계산실수, 항상, 나가는, 필기를, 얘기를, 나온다, 잘하시고, 봐서, 좋은데, 해주셔서, 같다, 중간",외쳐 갓석배!!!! 내년에도 좋은 수업 부탁드립니다
83,2576693,0.7284741713098043,0.6394244370497696,0.9362568845832188,4.681284422916094,20,60,4.8,0.96,0.983333,0.016667,0.983333,0.016667,0.741667,0.258333,0.433333,0.075,0.4,0.4,0.0,0.091982,0.064408,0.0,0.079047,0.034431,0.0,0.22486,0.22486,0.0,0.055124,0.055124,0.0,0.05,0.95,0.0,0.066961,0.066961,0.0,0.0,0.0,"시험, 정리해주셔서, 얻어가는, 없고, 하나도, 중간, 교안, 좋으시고, 시험도, 꿀강입니다, 평균이, 서술형, 제일, 기말, 최고의, 되게, 전에, 은은하게, 웃기셔서, 과감히",1타 교수십니다. 유동에서 설명 제일 잘해주시는거 같아요 강추
84,2576722,0.7281861585970045,0.6843018174288281,0.830582954656083,4.152914773280415,5,45,4.31,0.862,1.0,0.0,1.0,0.0,0.666667,0.333333,0.222222,0.422222,0.4,0.4,0.0,0.0,0.0,0.0,0.448157,0.195206,0.0,1.0,1.0,0.0,0.129677,0.129677,0.2,0.0,0.8,0.0,0.158711,0.158711,0.0,0.0,0.0,"배외식, 양시영, 교수님은, 같이, 것을, 수강하세요, 겹치는, 내용이, 설명이, 객관식, 나온, 서술형, 공부할, 추천드립니다, 시험에, 나오는, 없이, 강의하셨습니다, 설명하시기, 객관식이었고","중간 범위는 배외식 교수님이, 기말 범위는 양시영 교수님이 강의하셨습니다. 양시영 교수님 강의력에 대한 얘기가 많았는데 교수님 발음이 약간 알아듣기 좀 힘들긴 하지만, 그래도 저는 큰 불만 없이 들었던 것 같습니다."
85,990730,0.726673393371147,0.643853147805233,0.9199206330249466,4.5996031651247336,20,133,4.71,0.942,0.793233,0.206767,0.981203,0.018797,0.68421,0.315789,0.278195,0.511278,0.427444,0.380452,0.0,0.165947,0.116199,0.0,0.0,0.0,0.0,0.28968,0.28968,0.0,0.031892,0.031892,0.0,0.0,1.0,0.0,0.0,0.0,0.0,0.0,0.0,"온라인, 서이혁, 퀴즈로, 좋으시고, 시험은, 사전제작, 시험, 강의력도, 진행되고, 퀴즈, 기말, 웹워크, 빠르게, 족보에서, 평균이, 개념, 중간, 들었는데, 대체, 꼼꼼히",시험 아캠 퀴즈로 내구.. 1차는 공통족보에서 다나왓고 2차는 공통족보 조금에다가 원서 문제 숫자 좀 바꾼거에다가 ..그뒤론 잘 몰겟늠요 솔직히 1차는 어려운거같은데 다 족보라...
86,1856276,0.7266426840738291,0.6625946064869254,0.8760881984432718,4.380440992216359,20,68,4.13,0.826,0.904412,0.095588,0.955883,0.044117,0.867647,0.132353,0.455882,0.176471,0.415441,0.382353,0.0,0.030661,0.074515,0.0,0.0,0.0,0.0,0.188766,0.200943,0.0,0.134548,0.16644,0.05,0.25,0.7,0.0,0.034285,0.034285,0.0,0.0,0.0,"예제, 교재, 파란색, 숫자대입, 오픈북, 주심, 독학하면, 거의, 교재로, 교재에서, 시험, 나옵니다, 봤는데, 학점, 같네요, 기말, 국제어수업인데, 아쉬워서, 클로즈북이었어요, 포기하다시피한",중간 기말 둘 다 두 문제씩 나와요 교재로 개념 공부하고 예제 다 풀어보시면 점수 잘 나옵니다
87,42486,0.7264599347338146,0.6456245593029075,0.9150758107392648,4.575379053696324,20,84,4.79,0.958,0.684524,0.315476,0.273809,0.72619,0.976191,0.02381,0.375001,0.386905,0.944048,0.033333,0.0,0.0,0.021469,0.0,0.203611,0.088688,0.0,0.038698,0.05304,0.0,0.173419,0.211763,0.0,0.15,0.85,0.0,0.0,0.035318,0.0,0.110795,0.073157,"스토리보드, 영문과, 코폴라, 시나리오, 직접, 만나면, 수강신청, 팀플, 시놉시스, 있다니, 영화도, 촬영하고, 꿀강, 영화를, 세상에, 복전, 주시고, 에이쁠을, 에이쁠, 영화","수강신청 성공하는 순간 전공 3학점 A+ 하나 확정된다고 보시면 됩니다. 저는 거의 가장 불성실하게 참여한 학생 중 한 명이었는데(여러번의 무단결석, 아캠 강의 틀어놓고 안 듣기 등등) A+ 받았습니다. 이거 혹시 "
88,44144,0.7259823874834462,0.6283791283572827,0.9537233254444946,4.768616627222473,20,122,4.87,0.974,0.643443,0.356558,0.987705,0.012295,0.848361,0.15164,0.172131,0.565573,0.672541,0.104918,0.0,0.122643,0.085877,0.0,0.316188,0.137724,0.0,0.078973,0.078973,0.0,0.031892,0.031892,0.0,0.0,1.0,0.0,0.0,0.0,0.0,0.0,0.0,"과제도, 없고, 출석, 최고에요, 시험도, 일주일에, 과제, 교수님이, 돼요, 달려고, 5점밖에, 드려서, 안침, 벼락치기하려면, 개굿, 시험걱정, 과제있을때만, 복습해라, 개편함, 따놓고","에타 별로 안 들어가는데 강평 달려고 왔습니다. 중간 없고 과제, 출석 진짜 널널하고 오직 Final 하나로만 성적을 가르는 그저 빛.. 5점밖에 못 드려서 죄송합니다"
89,491239,0.7243407559890018,0.6404126931879368,0.9201729025248205,4.600864512624103,20,114,4.25,0.85,0.508772,0.491228,0.986842,0.013158,0.833333,0.166666,0.035088,0.921053,0.70614,0.052632,0.0,0.091982,0.064408,0.0,0.158094,0.068862,0.0,0.095537,0.107715,0.0,0.095677,0.095677,0.0,0.05,0.95,0.0,0.0,0.0,0.0,0.0,0.0,"일본, 생각을, 일본문화에, 굉장히, 나쓰메, 교수님이, 교수님의, 수업에서, 마음, 단순히, 점수, 듣는, 녹여내는, 있는, 질문을, 생각들을, 소세키, 학기에, 평소, 교안이",나는 나로서 규정되지 아니하고 너의 존재를 통하여 규정된다. 이렇게 요약할 수 있을 거 같아요.
90,2454546,0.7230117344992987,0.6486050971579622,0.8966272216290838,4.483136108145419,20,160,4.72,0.944,0.746875,0.253125,0.98125,0.01875,0.734375,0.265625,0.053125,0.890625,0.532187,0.249375,0.0,0.165947,0.116199,0.0,0.0,0.0,0.0,0.165667,0.165667,0.0,0.097257,0.097257,0.05,0.05,0.9,0.0,0.065353,0.065353,0.0,0.1,0.02201,"논어, 약술형, 해주세요, 교슈님, 들어야, 개꿀입니다, 성논, 친절하시고, 퀴즈, 기말, 들었고, 부분만, 시험, 교수님께서, 한학기, 성적, 내내, 좋으세요, 이런, 중간은",교수님 너무 좋아요 멋있어요 완전 개꿀입니다 퀴즈도 쉽게 내셔요
91,990519,0.7224233088753548,0.6288186998045403,0.9408340633739221,4.70417031686961,20,372,4.79,0.958,0.700268,0.299732,0.650537,0.349463,0.89785,0.102151,0.068549,0.856183,0.558736,0.224731,0.0,0.059898,0.041942,0.0,0.0,0.0,0.0,0.132573,0.132573,0.0,0.219953,0.219953,0.0,0.0,1.0,0.0,0.0,0.0,0.0,0.05,0.011005,"성논, 이주강, 사이타마, 센세, 온라인, 중간고사, 주강, 성선설에, 성선설, 이후부터, 오프라인, 성논은, 수업이었습니다, 들을거면, 2분, 부담이, 논어, 20분, 70, 수업도",교수님 재밌으시고 트렌디하십니다. 수업도 좋아요
92,1325475,0.7211602383832707,0.645541714787738,0.8976034601061805,4.4880173005309025,20,195,4.09,0.818,0.517949,0.482051,0.938462,0.061539,0.866667,0.133333,0.14359,0.702564,0.639487,0.21641,0.025,0.091982,0.150285,0.0,0.158094,0.068862,0.0,0.102155,0.11591,0.0,0.166967,0.249386,0.05,0.1,0.85,0.0,0.0,0.0,0.0,0.0,0.0,"발음, 발음이, 그거, 이슈가, 출튀, 조금, 좋으신, 답이, 퀴즈랑, 힘들지만, 수업을, 과제, 있었는데, 과제는, 중간에, 별로, 수엄도, 발음빼고, 린슈친, 티타임도",교수님은 열성적으로 설명해주십니다. 듣다보면 생각보다 흥미로운 이야기들도 해주십니다. 다만 수업의 문제라기 보다는 중간에 딴 짓하거나 출튀 혹은 대리출석 하는사람 때문에 분위기가 별로입니다. 강의평이나 선배들 후기 
93,2827114,0.719830957855299,0.6156804693520529,0.9628487643628736,4.814243821814368,20,143,4.98,0.996,0.846154,0.153846,0.251748,0.748252,0.919581,0.08042,0.055944,0.842657,0.743007,0.013986,0.0,0.0,0.0,0.0,0.0,0.0,0.0,0.075231,0.075231,0.0,0.141527,0.141527,0.0,0.0,1.0,0.0,0.0,0.0,0.0,0.0,0.0,"시험도, 길훈섭, 노래, 편안하게, 교안, 좋아요, 목소리가, 진행됩니다, 발표하는, 시험, 중간은, 신청하셔서, 보여주신다고, 점심먹고, 식곤증이에요, 아침수업인거빼면, 몇시간만, 보면되고, 한자쓰는것도없고, 아침수업인거",가서 하는 게 그냥 중간에 다들 졸리죠? 노래 부를 사람? ㅋㅋㅋㅋㅋ ㅈㄴ 부담 없음
94,2086876,0.7196397330132428,0.6281850600369732,0.9330339699578721,4.66516984978936,20,81,4.58,0.916,0.61875,0.38125,0.675,0.325,0.81875,0.18125,0.23125,0.43125,0.67875,0.10375,0.0,0.201808,0.141309,0.0,0.079047,0.034431,0.0,0.084656,0.084656,0.0,0.166967,0.166967,0.0,0.0,1.0,0.0,0.0,0.0,0.0,0.089802,0.019765,"질문도, 과제도, 좋은, 없고, 수업도, 오프라인, 없어요, 글쓰기, 오픈, 막판에, 별로, 착하십니다, 편했습니다, 받아주시고, 고명북, 됩니다, 오픈북이라, 거의, 쉽습니다, 착하시고",완죤 꿀이 흐릅니다. 교수님은 다정하시고 착하십니다. 좋은 성적 원하신다면 족보 구하셔서 읽어보세요! 문제와 보고서 스타일 파악하면 내가 이 구역 학점 킬러! 저는 전전 학생이구요. 살랑살랑 서울가서 에이쁠 맞았어욥
95,2087530,0.7193390329748399,0.6187159266273206,0.9541262811190518,4.7706314055952594,20,311,4.86,0.972,0.734727,0.265273,0.963023,0.036978,0.927652,0.072347,0.720257,0.096463,0.749839,0.128456,0.0,0.030661,0.021469,0.0,0.0,0.0,0.0,0.013755,0.013755,0.0,0.223247,0.223247,0.0,0.0,1.0,0.0,0.0,0.0,0.0,0.0,0.0,"1학점, 채우기, 학점, 이수, 재난, 영상, 없어요, 애매하게, 남으면, 30분, 들으면, 과목, 이거, 적당히, 완전, 재난의, 출결이면, 날먹임, 일자랑, 알아보셈",듣고 싶은 강의 있으면 그걸 들으면 되고 학점 채우려고 듣는거면 재난의 역사 강의가 개꿀임 그냥 영상 틀어놓고 퀴즈는 지피티 돌려서 적당히 풀면 그냥 이수 기준 넘음
96,2086871,0.7186734769661356,0.6287339183338878,0.9285324471080473,4.642662235540237,5,45,4.87,0.974,0.7,0.3,0.833333,0.166666,0.911111,0.088889,0.077778,0.800001,0.552222,0.257778,0.0,0.367929,0.257631,0.0,0.0,0.0,0.0,0.147568,0.147568,0.0,0.0,0.0,0.0,0.2,0.8,0.0,0.158711,0.158711,0.0,0.0,0.0,"영화, 영화란, 앙드레, 바쟁의, 공자, 무엇인가, 대해서, 영화에, 관점에서, 우리가, lt, 라는, 책을, 여러, 있는, 것이, 아무생각도, 직배아니면, 고전명저라길래, 프랑스의","고전명저라길래 공자,맹자 등의 사람들을 생각했는데 프랑스의 영화 비평가에 대해서 한다길래 처음엔 좀 놀랐음. 학기가 끝나고 보니 오히려 이 교수님이 걸려서 정말 다행이라고 생각함. 매주마다 자신의 생각을 정리할 수 "
97,1937034,0.7183259383000853,0.6178777959739898,0.9527049370609746,4.763524685304873,20,397,4.9,0.98,0.596977,0.403022,0.81738,0.18262,0.93199,0.06801,0.115869,0.767003,0.656549,0.171663,0.0,0.173609,0.121564,0.0,0.158094,0.068862,0.0,0.064044,0.064044,0.0,0.135075,0.135075,0.0,0.0,1.0,0.0,0.0,0.0,0.0,0.4,0.088039,"윤민향, 성균논어는, 댓글, 중간대체, 논어, 진행, 발표, 토론, 구절을, 교수님이, 성균색에세이, 순서가, 밀려서, 있었습니다, 절대평가로, 약술형, 파일, 아니라, 주십니다, 들으세요",그냥 무조건 들어야 합니다. 수업도 재밌게 해주시고 성적도 정말 잘 주십니다. 덕분에 논어에 대해서 심도 있게 배울 수 있었습니다.
98,2249343,0.7176857123389146,0.6252657263042078,0.933332346419897,4.666661732099485,20,94,4.81,0.962,0.367021,0.632979,0.202128,0.797872,0.909575,0.090426,0.335106,0.303192,0.951064,0.025532,0.0,0.416026,0.291309,0.0,0.079047,0.034431,0.0,0.119248,0.119248,0.0,0.096204,0.096204,0.0,0.0,1.0,0.0,0.026038,0.026038,0.0,0.05,0.011005,"매주, 않습니다, 토론이, 미화되기, 교육과정, 이슈, 없고, 과제, 조금, 별로, 되지만, 있지만, 토론, 부담, 성적도, 할만합니다, 미리, 주십니다, 굉장히, 귀찮긴",교수님 정망 좋으시고 수업도 크게 부담없어요! 성적도 너그럽게 주십니다
99,2086998,0.7175574273025125,0.6358332065742923,0.9082472756683596,4.541236378341798,20,129,4.87,0.974,0.817829,0.182171,0.972868,0.027132,0.868217,0.131783,0.476745,0.182171,0.418217,0.381395,0.0,0.0,0.0,0.0,0.0,0.0,0.185743,0.219426,0.270275,0.197822,0.231012,0.294797,0.1,0.05,0.85,0.0,0.032677,0.032677,0.0,0.0,0.0,"맞으시고, 변리사, 변리사를, 써보는, 교양입니다, 다른, 핵균, 쓰시면, 시험은, 보고, 것도, 객관식, 내용에, 갑자기, 자세히, 거의, 관심, 질문, 같고, 중간","계절학기같은 경우에는 시험은 중간,기말 총 2번 보고 토론점수를 합해서 성적을 산출했습니다. 중간시험은 객관식,주관식 문제로 이루어져 있고 난이도는 강의를 듣고 풀만한 쉬운 난이도의 문제였습니다.허나 평균이 높아 실"
100,2249694,0.7174374073360058,0.639926151528649,0.8982970042198386,4.491485021099193,20,199,4.88,0.976,0.535176,0.464824,0.977387,0.022613,0.816583,0.183417,0.424623,0.135678,0.4,0.4,0.0,0.061321,0.042938,0.0,0.0,0.0,0.0,0.251958,0.251958,0.0,0.134548,0.134548,0.0,0.1,0.9,0.0,0.0,0.0,0.0,0.1,0.033014,"시험은, 실수, 어렵지는, 미트라, 않지만, 문제, 쉽고, 풀어주셔서, 타격이, 다들, 풀이, 난이도도, 있는데, 발표, 모르겠다, 수업을, 시험, 주는, 쉽습니다, 중간중간","중간,기말 두 번에 거의 매주 문풀과제가 나갑니다. 과제는 어렵지 않지만 숫자가 더러운 경우가 종종있는데 친구들과 더블체크 해보시길바랍니다. 시험은 교수님이 강조하거나 중요한 부분만 출제하시는데 최근에는 용수철 파트"
101,44712,0.7169131268203024,0.6133671891878206,0.9585203146294268,4.792601573147134,20,140,4.84,0.968,0.957143,0.042857,0.975,0.025,0.846428,0.153571,0.082143,0.814285,0.412857,0.391428,0.0,0.0,0.0,0.0,0.0,0.0,0.0,0.120826,0.120826,0.0,0.102129,0.102129,0.0,0.0,1.0,0.0,0.032677,0.032677,0.0,0.0,0.0,"김준호, 권재영, 강의력이, 모두, 유전학에, 뇌과학, 대한, 파트는, 위주로, 재미있습니다, 흥미로운, 내용이, 잘하시고, 공부하기, 전반적으로, 느낌이, 나와요, 그래도, 있는, 있었습니다","김준호 교수님: 수업을 정말 잘하시고 열심히 하신다, 강의와 강의안이 컴팩트하고 공부하기 좋다, 내용은 권재영 교수님보다 조금 어려울 수 있지만 이해하고 나면 김준호 교수님이 얼마나 강의를 잘 짜셨는지 알 수 있다 "
102,44426,0.7165728229832908,0.6297883213536858,0.9190699934523694,4.595349967261847,20,221,4.53,0.906,0.877828,0.122172,0.89819,0.10181,0.920814,0.079186,0.266968,0.477376,0.402941,0.397285,0.0,0.0,0.0,0.0,0.0,0.0,0.0,0.234078,0.234078,0.0,0.384468,0.384468,0.0,0.1,0.9,0.0,0.111918,0.111918,0.0,0.0,0.0,"객관식경제학, 무조건, 문제, 진도가, 비쁠입니다, 학원식, 어렵습니다, 강의하시는, 판서가, 경제학에, 빨라서, 복습하고, 풀어보세요, 가장, 이번학기는, 빠르고, 교과서, 에이쁠, 강의력, 객관식",그냥 천사 엔젤 지져스 붓따 충무공 킹세종 테스형 등 온갖 성현의 이름을 붙혀도 모자란 '나의 아저씨' 선구형. 무조건 들으십쇼 최상위권애들 조온나 잘하긴해도 이건 들어야함. 갓구형 강의하나듣고 경제복전 바로넣었음.
103,2087531,0.7160166108622832,0.6139769555345899,0.9541091399602343,4.770545699801171,20,171,4.88,0.976,0.725146,0.274854,0.964913,0.035088,0.938596,0.061403,0.663743,0.093567,0.680409,0.202339,0.0,0.0,0.0,0.0,0.0,0.0,0.0,0.025933,0.025933,0.0,0.223247,0.223247,0.0,0.0,1.0,0.0,0.0,0.0,0.0,0.0,0.0,"2학점, 미리미리, 학점, 근현대, 스밍, 좋습니다, 받기, 개꿀, 쉽고, 강의가, 듣기, 들엇고, 얻어감, 이틀이면, 꿀꺽, 듣기에요, 묵자, 도전과, 평화의, 사상가",꿀 근현대 2개 들엇고 기말 볼 수 있는 기간이 생각보다 짧으니 주의 2학점 얻어감
104,2576279,0.7156022060739757,0.6165008937332064,0.946838601535771,4.734193007678855,20,80,4.79,0.958,0.70625,0.29375,1.0,0.0,0.91875,0.08125,0.38125,0.23125,0.395,0.4075,0.0,0.135286,0.09473,0.0,0.0,0.0,0.0,0.112354,0.135722,0.0,0.128096,0.192408,0.05,0.05,0.9,0.0,0.046587,0.046587,0.0,0.0,0.0,"gpt, 지피티, 가능이라, 사용, 시험도, 학점, 시험이랑, 되기, 3학점, 남으면, 어렵지도, 써도, 무조건, 퀴즈, 때문에, goat, 개꿀, 교수님이, 오픈북, 꿀강","수학적모델링이 아니라 생성형ai로 마우스 딸깍하는 걸 배우게 되는 강의. 교수님이 강의시간에 학점 스트레스를 줄여주고 싶다는 취지로 말씀하시고, 그대로 실천에 옮기십니다. 시험에 생성형ai를 써도 되기 때문에 gpt"
105,83750,0.71553088334585,0.6158850426590675,0.9480378449483428,4.740189224741714,20,142,4.58,0.916,0.897164,0.102836,0.957447,0.042553,0.900709,0.099291,0.177305,0.648936,0.363121,0.458865,0.0,0.135286,0.09473,0.0,0.237141,0.103293,0.0,0.13558,0.13558,0.0,0.161042,0.161042,0.0,0.05,0.95,0.0,0.066961,0.102279,0.0,0.0,0.0,"문제, 독학, 풀면, 따라가도, 열심히, 구글링으로, 교수님이, 풀어보면, 출석, 퀴즈, 연습문제, 있다, 그대로, 시험은, 읊으심, 절반밖에, 쪽지시험있어요, 오프수업으로, 바꿨는데, 부분이니까",윤상운 교수님은 row operation을 하지 않고 열공간의 기저를 찾을 수 있다.
106,2454561,0.7133711731456169,0.6268917416352712,0.9151565133364241,4.57578256668212,16,56,4.5,0.9,0.8125,0.1875,0.991071,0.008929,0.607142,0.392857,0.071428,0.598214,0.75,0.0,0.0,0.260773,0.182598,0.0,0.197618,0.129116,0.0,0.152647,0.152647,0.0,0.0,0.040524,0.0,0.0625,0.9375,0.0,0.040846,0.040846,0.0,0.0,0.0,"알쓸신잡, 다큐멘터리, 3시간, 이름, 문화인류학에, ufo에, 돌리면서, 일찍, 다큐, 어떤, 내용, 영상, 반은, 배울, 항상, 종이, 느낌의, 출석, 출결도, 기말은",강의 반은 영상물 틀어주셔서 너무 좋았어요 게다가 일찍 끝내주시기까지 딱히 뭘 배우진 않았지만 이런 저런 문화 이야기 듣는건 재밌었어요 그래서 시험 공부도 잘 되는 편
107,42489,0.7132895050311199,0.6211359863947489,0.9283143818493188,4.641571909246594,6,46,4.67,0.934,0.641304,0.358696,0.967392,0.032608,0.782608,0.217391,0.228261,0.52174,0.4,0.4,0.0,0.61186,0.428436,0.0,0.26349,0.11477,0.0,0.350678,0.350678,0.0,0.108064,0.108064,0.0,0.0,1.0,0.0,0.0,0.0,0.0,0.0,0.0,"하나, 레포트, 분석하는, 아침, 같고, 같아요, 없어요, 르네상스, 18세기, 공감가는, 다수결로, 정하시고, 여려모로, 레포트에만, 피곤했지만, 삼천포로, 중간끝나고, 쓰지않는, 생각이지만, mc나","수업 내용도 좋았고, 수업 외적으로 교수님께서 해 주시는 이야기들도 개인적으로는 공감가는 부분이 많아서 좋았다. 출석 체크 매시간, 과제 하나, 중간고사, 기말고사. 중간, 기말 일정도 학생들 다수결로 정하시고 여려"
108,1856229,0.711263695269684,0.6299105343410579,0.9010877374364782,4.505438687182391,20,69,4.41,0.882,0.753623,0.246377,0.557971,0.442029,0.797102,0.202899,0.152174,0.666667,0.668841,0.092754,0.0,0.0,0.0,0.0,0.079047,0.034431,0.0,0.242357,0.242357,0.0,0.134021,0.134021,0.0,0.1,0.9,0.0,0.0,0.0,0.0,0.710795,0.156443,"발표, 중간고사, 발표는, 영어를, 시험, 넘었다, overview를, 발표가, 양자를, 아니면, 양자역학, 기말, 때문이다, 바짝, 40점, 중간만, 평균, 하지만, 자체는, 핵균","기말 1등 했습니다. 평소 강의 열심히 듣고, 시험 전날 밤새서 한번씩 2배속으로 듣고, 들으면서 word로 핵심내용 정리해서 13페이지정도로 압축했고, 총 10시간 기말고사에 사용했습니다. 내용이 쉽고 재밌어서 간"
109,484381,0.709323785922606,0.6006519755873129,0.9628913433716233,4.814456716858117,20,124,4.15,0.83,0.814516,0.185484,0.89113,0.108871,0.939516,0.060484,0.270161,0.471774,0.4,0.4,0.0,0.030661,0.021469,0.0,0.0,0.0,0.0,0.088986,0.088986,0.0,0.096731,0.096731,0.05,0.0,0.95,0.0,0.105031,0.105031,0.0,0.25,0.055024,"재정학, 로젠의, 판서, 친절하시고, 일찍, 교재, 시험, 그대로, 발표, 역시, 늦게, 공부할, 설명, 강의도, 따로, 듣기, 4챕터, 판서하셔서, 꿀강인것같음, 짱박사",판서 깔끔하고 따로 강의도 찍어서 올리시는 거 보면 됩니다 추천!
110,2836321,0.7091365138344821,0.5866034489315014,0.9950469986081037,4.975234993040519,7,47,4.98,0.996,0.989362,0.010639,1.0,0.0,0.957447,0.042553,0.255319,0.478724,0.4,0.4,0.0,0.0,0.0,0.0,0.225849,0.098374,0.0,0.040977,0.040977,0.0,0.0,0.0,0.0,0.0,1.0,0.0,0.0,0.0,0.0,0.0,0.0,"내용도, 휴강이, 중간은, 빼고는, 온라인으로, 영어로, 시험에, 배우는, 여셨는데, 0였습니다, 60프로, 칼을, 빼드셨고, 대충한, 50점대로, 나락갔으니깐, 알아듣는다, 얕다, 중간이었습니다, 3학년이면",교수님이 이 수업을 처음 여셨는데 중간은 변별력이 0였습니다. 거의 100점 만점에 85-95점 사이가 60프로 가까이 됐습니다. 결국 기말은 칼을 빼드셨고 중간 때 90 이상 받았다고 공부 대충한 사람들 다 50점
111,990887,0.7090364983320092,0.6247202044278484,0.9057745174417178,4.528872587208589,20,514,4.6,0.92,0.441748,0.558253,0.918446,0.081553,0.826214,0.173786,0.410679,0.290291,0.52563,0.257669,0.0,0.122643,0.085877,0.0,0.0,0.0,0.174326,0.187157,0.23488,0.0,0.0,0.0,0.1,0.0,0.9,0.0,0.026038,0.026038,0.0,0.0,0.0,"코딩, 매주, 기말, 온라인, 파이썬, 편합니다, 구름이라는, 구름, 몰빵이고, 시험봅니다, 사이트에서, 기말고사만, 꿀과목, 과제가, 코드, 수월하게, 어렵지, 과제, 시험, 푸는",좋은 강의입니다 오픈북인 기말한번 시험봅니다 groom에서 매주 과제가 있으니 이것만 신경쓰시먄 됩니다
112,2086981,0.7080997621329346,0.6294963391833162,0.8915077490153777,4.457538745076889,20,694,4.4,0.88,0.538905,0.461094,0.96902,0.03098,0.736312,0.263688,0.457493,0.163544,0.703819,0.057925,0.0,0.496049,0.347343,0.0,0.158094,0.068862,0.0,0.184005,0.184005,0.0,0.032419,0.032419,0.05,0.1,0.85,0.0,0.065715,0.065715,0.0,0.0,0.0,"퀴즈, 매주, 퀴즈가, 기말, 지피티, 유익함, 시험도, 예술에, 들으면, 논술형, 있음, 오픈북이라, 퀴즈는, 없고, 오픈북, 하지만, 있긴, 모르겠음, 양이, 부담",AI 안 쓰고 온라인 강의만 잘 들으면 매주 출제되는 퀴즈 쉽게 풀 수 있음. 시험도 오픈북이라 큰 부담 없이 볼 수 있음.
113,787745,0.7076155784092737,0.6013129310226574,0.955655088978045,4.778275444890225,20,149,4.72,0.944,0.721476,0.278523,0.956376,0.043624,0.859061,0.140939,0.214765,0.617449,0.394631,0.404698,0.0,0.061321,0.042938,0.0,0.0,0.0,0.0,0.122237,0.122237,0.0,0.095677,0.095677,0.0,0.0,1.0,0.0,0.066961,0.066961,0.0,0.0,0.0,"그래도, 쉬워서, 비해, 시험, 나옴, 듣는거, 외울게, 느꼈습니다, 과목이, 마지막에, 많은, 늦게, 과제도, 조금, 한국어로, 다른, 과목입니다, 문제도, 들어도, 같다",교양같은 느낌입니다. 저는 이과목으로 힐링하면서 다른 전공 공부했습니다. 수업은 교안이 좋아서 열심히 따라가면 과제 시험 모두 쉽습니다.
114,1937082,0.7075417179458183,0.6336274132719039,0.8800084288516189,4.400042144258094,20,141,4.77,0.954,0.627659,0.37234,0.932624,0.067377,0.819149,0.18085,0.319149,0.315603,0.437234,0.357447,0.0,0.061321,0.042938,0.0,0.0,0.0,0.0,0.165795,0.165795,0.0,0.170763,0.170763,0.1,0.05,0.85,0.0,0.046587,0.046587,0.0,0.0,0.0,"서지학에, 전시회, 시험, 서평, 귀여우시고, 서지학이라는, 전공다운, 교수님이, 들을, 갖게, 한자가, 알아갈, 흥미를, 모두, 분야에, 있어서, 하는, 비쁠, 알려주셔서, 나올",진짜 배울 것도 많고 교수님 강의력이 넘 좋으셔서 한 학기 내내 전공다운!! 수업을 들었네요. 서지학에 관심 없어도 문정 학생이라면 필수로 들으면 좋을 것 같아요. 시험이 약간 부담스러울 수는 있는데 교수님이 시험 
115,42290,0.7069216222360228,0.6022024617867315,0.9512663299510361,4.756331649755181,20,152,4.8,0.96,0.924342,0.075658,0.980263,0.019737,0.842105,0.157894,0.236843,0.516447,0.401316,0.401316,0.0,0.061321,0.042938,0.0,0.224079,0.097603,0.0,0.117644,0.117644,0.0,0.186821,0.186821,0.0,0.0,1.0,0.0,0.058714,0.058714,0.0,0.0,0.0,"잘해주시고, 족보에서, 안하셨습니다, 교재, 그는, 나옵니다, 전자출결, 교수님입니다, 교수님이, 과제도, 없고, 없다, 시험은, 있을, 출튀하지말고, 들어주자, 재수강생이, 너만, 별로가, 30점대이다",진짜 완벽한 교수님과 수업. 직배를 걸렸다면 그냥 세상에 감사하고 출튀하지말고 교수님 수업 잘 들어주자
116,2010058,0.7049879682992164,0.6228715624240034,0.89659291534138,4.4829645767069,20,66,4.68,0.936,0.530303,0.469697,0.954545,0.045455,0.742424,0.257576,0.257576,0.477272,0.535607,0.312122,0.0,0.061321,0.042938,0.0,0.101806,0.044344,0.0,0.1501,0.1501,0.0,0.146731,0.146731,0.0,0.05,0.95,0.0,0.065715,0.065715,0.0,0.0,0.0,"교수님이, 친절하심, 오프라인이었으면, 대체과제여서, 못한게, 늦게오면, 좋은, 실강으로, 코로나학기라, 과제도, 진정한, 열정적이세요, 중간, 교수님을, 점에서, 많아서, 대한, 있어서, 변별력이, 좋았다",교수님 너무너무 친절하심. 메일 한 번 보냈었는데 친절함이 모니터를 뚫고 나옴 ㄹㅇ 학생 편의 많이 봐주려고 하시는 듯. 수업 내용도 재밌고 과제도 별로 부담 없다. 비대면 강의인 게 너무 아쉬울 지경... 대면 강
117,1937117,0.7045821215217258,0.6256790226183286,0.8886893522963195,4.443446761481598,20,142,4.52,0.904,0.345071,0.654929,0.764085,0.235916,0.753521,0.246479,0.176057,0.633803,0.724296,0.180282,0.0,0.337268,0.257631,0.0,0.0,0.0,0.0,0.184925,0.213022,0.0,0.141527,0.141527,0.0,0.05,0.95,0.0,0.102854,0.102854,0.0,0.05,0.011005,"매주, 과제, 과제가, 중국, 마케팅, 중간, 있지만, 개인적으로, 중국에, 기말과제에, 내용, 많은, 중간과제는, 반영하면, 3일, 다니면서, 같아요, 기말, 했더니, 수업입니다",재밌는 수업입니다 중국시장에 대해 많이 알게 되었고 점수도 잘 주신 것 같아요
118,2748884,0.7032091849734081,0.6399818090906019,0.8507397286999561,4.2536986434997806,20,80,4.48,0.896,0.603896,0.396104,0.961039,0.038961,0.642857,0.357143,0.025974,0.87013,0.730519,0.025974,0.0,0.061321,0.042938,0.0,0.0,0.0,0.0,0.221815,0.264374,0.0,0.231805,0.231805,0.0,0.1,0.9,0.0,0.0,0.0,0.0,0.0,0.0,"문제, 알려주시고, 시험, 답안, 미리, 들을, 알려주시니까, 성적, 그래도, 전에, 논어, 교안, 솔직히, 기말, 지피티, 알려주십니다, 수업은, 채워서, 교수님이, 굳이",솔직히 수업 안들었음.. 그냥 무난하게 들을 만함 기말 한번 보는데 사전에 문제 다 알려주심 시험 전날 24시에 교안 다 내리시니까 미리미리 준비하시길..
119,2893101,0.7030649308399544,0.5940847322955418,0.9573520607769171,4.786760303884586,20,66,4.68,0.936,0.992424,0.007576,0.992424,0.007576,0.878788,0.121212,0.469697,0.060606,0.4,0.4,0.0,0.0,0.0,0.0,0.0,0.0,0.0,0.084847,0.097025,0.0,0.168021,0.168021,0.0,0.05,0.95,0.0,0.078113,0.078113,0.0,0.0,0.0,"컷도, 공법, 사례형, 공법생들, 민법, 너그럽게, 시험도, 성적, 녹화해서, 성적도, 느껴집니다, 이정도면, 올려주시고, 웬만하면, 강의력, 오픈북, 좋으신, 주시고, 개널널해서, 잡았어요",공법생들 호들갑에 징징대는건 진짜 전국 원탑인듯 ㅋㅋ 강의 내용 전부 녹화해서 당일날 올려주시지 시험도 오픈북으로 내시지 그마저도 교안에 빈칸만 뚫어서 그대로 내셨지 절대평가에 오픈북 시험이지만 70점부터 A+ 주시
120,105776,0.7029983494918277,0.6087294749682819,0.9229590567134348,4.614795283567174,20,71,4.55,0.91,0.852113,0.147888,0.605634,0.394366,0.830986,0.169014,0.140845,0.669015,0.707747,0.112676,0.0,0.045095,0.031577,0.0,0.0,0.0,0.0,0.025933,0.025933,0.0,0.064838,0.064838,0.0,0.1,0.9,0.0,0.0,0.034285,0.0,0.105398,0.023198,"나들이, a4, 내년부터, 중국어, 나가는, 좋아요, 가는, 국제어, 문제도, 다시, 없습니다, 진행하신다고, 바뀌면, 개꿀과목이지만, 현장답사도, 구경하는, 팀플1번, 기말1번입니다, 서울, 곳곳에",추천하는 강의지만 내년부터 중국어 국제어 수업으로 진행하신다고 하네요.. 한국어로 바뀌면 한 번 다시 들어보시는걸 추천드려요
121,2377029,0.7028499839828162,0.6322781150010188,0.8675176782736765,4.337588391368382,20,162,4.2,0.84,0.254658,0.745342,0.335403,0.664597,0.854037,0.145963,0.068324,0.857143,0.959317,0.026087,0.0,0.269131,0.188451,0.0,0.0,0.0,0.0,0.148374,0.148374,0.0,0.165914,0.165914,0.05,0.05,0.9,0.0,0.034285,0.034285,0.0,0.0,0.0,"족보, 족보를, 화를, 학점은, 구하면, 텀프도, 수업에, 학점, 교수님이, 이유로, 매주, 텀프, 구하세요, 족보만, 교수님은, 마지막에, 하지만, 있었는데, 수업이라, 있는",족보를 못 구함 = 지옥을 맛보개 될 것임 족보를 구함 = 매주 제출하는 레포트? 족보 대충 보고 코드 슥 고쳐서 한글로 대충 쓰고 gpt로 번역 딸깍 돌리면 끝..이긴 한데 이번 학기 조교님들이 채점을 굉장히 깐깐
122,44954,0.7024835323585673,0.5839727342503936,0.9790087279443058,4.895043639721529,6,46,4.8,0.96,0.967392,0.032608,0.967392,0.032608,0.836956,0.163044,0.152174,0.695652,0.4,0.4,0.0,0.102202,0.071564,0.0,0.0,0.0,0.0,0.09601,0.09601,0.0,0.0,0.0,0.0,0.0,1.0,0.0,0.108922,0.108922,0.0,0.184658,0.040643,"영어로, 외국인이, 반에, 세세한, 양이, 설명해주심, 수업하시고, 있어서, 설명해주시고, 이해가기, 써머리부분은, 한국말로도, 국제어라도, 있어시습니다, 수업했지만, 국제어강의인, 내용이해에, 미친다, 사지선다, 괄호채우기",반에 외국인이 있어서 영어로 수업했지만 국제어강의인 만큼 학점비율 크고 채워서 잘주심. 영어를 못해도 내용이해에 불편함 없음. 피피티로 강의하시는데 수업만 잘 듣고 매주 복습만 제대로 하면 괜찮을 정도임. 양이 너무
123,2169070,0.7018844322978959,0.6101829910345646,0.9158544619123352,4.579272309561676,20,100,4.55,0.91,0.955,0.045,0.975,0.025,0.89,0.11,0.295,0.57,0.4105,0.388,0.0,0.0,0.0,0.0,0.0,0.0,0.0,0.099189,0.111367,0.0,0.223773,0.223773,0.0,0.15,0.85,0.0,0.059843,0.059843,0.0,0.0,0.0,"부분만, 학점, 너그럽게, 수업에서, 영어고, 기초를, 평점이, 같아요, 좋은, 주시는, 부분에서, 하는, 없을, 모르겠어요, 오픈북, 높은, 배울, 성적을, 시험에, 하나도",성적을 너그럽게 주시는 점에서 평점이 높은 건 이해되지만... 솔직히 강의력이 좋은 편인지는 잘 모르겠습니다 많은 걸 가르쳐주시기는 하지만 시험에는 몇 가지 단편적인 부분만 출제됩니다. 배운 걸 써먹지는 못한다는 느
124,1937067,0.7012524470726981,0.6408099880646623,0.8422848514247818,4.211424257123909,20,93,4.32,0.864,0.688172,0.311828,0.983872,0.01613,0.736558,0.263441,0.532258,0.252688,0.836559,0.102688,0.0,0.227848,0.219464,0.0,0.0,0.0,0.0,0.073067,0.178678,0.098911,0.201855,0.233747,0.05,0.15,0.8,0.0,0.0,0.0,0.0,0.0,0.0,"시험, 물리, 대체과제, 문풀, 물리를, 얻어가는, 없고, 없이, 머리, 없는, 때문에, 다만, 너그럽게, 2번, 대체, 레포트, 따로, 나옴, 편하게, 것이","시험 안쳐서 상대적으로 널널한 시험기간 보낼수있음. 다만 얻어가는 건 없으니,, 잘 선택하시길"
125,78856,0.7008727430349451,0.6096690406128028,0.9136813820199438,4.568406910099719,20,116,4.59,0.918,0.810345,0.189655,0.965517,0.034483,0.663794,0.336207,0.465518,0.155173,0.429742,0.367242,0.0,0.0,0.0,0.0,0.0,0.0,0.0,0.26288,0.26288,0.0,0.064312,0.064312,0.0,0.05,0.95,0.0,0.129925,0.129925,0.0,0.0,0.0,"온라인으로, 시험은, 객관식, 공부하기, 좋았습니다, 융생의, 투표, 않고, 헷갈리긴, 서술형, tf, 나와서, 중간, 강의력도, 같아요, 주관식, 변별력, 열심히, 학생들, 기본",융생의 기본 과목인 것 같아요 무난하게 듣기 추천
126,2376863,0.7007005690095537,0.5864068891945753,0.9673858219111702,4.836929109555851,16,56,4.95,0.99,0.973214,0.026786,0.991071,0.008929,0.9375,0.0625,0.080357,0.839286,0.4,0.4,0.0,0.0,0.0,0.0,0.0,0.0,0.0,0.047639,0.047639,0.0,0.12832,0.12832,0.0,0.0625,0.9375,0.0,0.105939,0.105939,0.0,0.0,0.0,"많아서, 온라인으로, 일정, 필기도, 양이, 인품이, 학점도, 친절하셔서, 알려주십니다, 많다, 교수님이, 매우, 하지만, 질문도, 그저, 들어도, 학생, 제일, 아주, 열심히",교수님이 매우 친절하신게 느껴집니다. 시험날짜도 학생 편의에 맞춰주시고 수업도 잘 하시는 것 같습니다. 인성 GOAT
127,2086987,0.7003861714210677,0.6027203635816729,0.9282730563796557,4.6413652818982785,20,148,4.64,0.928,0.689189,0.310811,0.95946,0.040541,0.763514,0.236487,0.39527,0.233108,0.367567,0.421622,0.0,0.050966,0.035687,0.0,0.0,0.0,0.0,0.213102,0.213102,0.0,0.095677,0.095677,0.0,0.0,1.0,0.0,0.0,0.0,0.0,0.0,0.0,"오페라, 뮤지컬, 필기를, 열심히, 뮤지컬이나, 과자, 받아적으면, 필기, 교수님이, 많아서, 됩니다, 교양을, 시험도, 오픈북이어서, 필기만, 통해서, 열심히하면, 재미있고, 오픈북이라, 자세히",진짜 최고의 교양 이게 바로 내가 생각했던 대학교의 교양 수업이었음 수업 시간 때 작품이랑 작곡가 설명해주고 영상도 틀어주시는데 비극 작품이 많아서 매 수업마다 눈물 나옴 본인이 뮤지컬이나 오페라 둘 중 하나에 관심
128,2376781,0.700155504807566,0.6156152677957545,0.8974160578351267,4.487080289175633,20,192,4.63,0.926,0.679688,0.320312,0.98698,0.013021,0.789062,0.210937,0.007812,0.953125,0.403646,0.395833,0.0,0.116234,0.081389,0.0,0.079047,0.089279,0.0,0.198839,0.198839,0.0,0.12915,0.12915,0.0,0.1,0.9,0.0,0.026038,0.026038,0.0,0.0,0.0,"뉴스, 거의, 1면을, 찍어야, 달라서, 친절하시고, 해주시는, 그치만, 관심, 성적, 매주, 그런지, 중간에, 주시고, 기말, 수업에, 시험은, 떴습니당, 암기식이지만, 녹아있어요",매주 뉴스 리뷰해주셔서 좋았습니다 시험은 그냥 암기식이지만 기말 때 양이 갑자기 많아집니다 과제도 1번밖에 안 나가고 수업도 대형강의라 널널해서 추천
129,2377238,0.6995605914694707,0.5989326143175592,0.9343592048239312,4.671796024119656,12,52,4.75,0.95,0.538462,0.461539,0.144231,0.855769,0.913461,0.086539,0.403846,0.144231,0.980769,0.014423,0.0,0.091521,0.064085,0.0,0.0,0.0,0.0,0.069755,0.069755,0.332426,0.053154,0.16034,0.083333,0.0,0.916667,0.0,0.0,0.0,0.0,0.51421,0.113176,"학생들, 내내, 경영학과, 코딩보다는, 학기, 팀플만, 봐주십니다, 편의, 교수님이, 최고의, 부담, 중감, 비즈니스애널리틱스, 최종발표하면, 자료제출, 회의해서, 미팅, 제출해야돼요, 주라, 만나는지에","중감, 기말 없고 한 학기 내내 팀 프로젝트가 다인 수업입니다. 크게 부담 되는 팀 프로젝트도 아니었고, 교수님이 점수도 진짜 잘 주시고 학생들 편의도 많이 봐주시는 것 같아 좋았습니다 !"
130,2087095,0.6982790998743782,0.5828866564722001,0.9675281344794608,4.837640672397304,20,103,4.72,0.944,0.946603,0.053399,0.966019,0.03398,0.825242,0.174757,0.490291,0.237864,0.478155,0.31068,0.0,0.061321,0.042938,0.0,0.237141,0.103293,0.0,0.063983,0.063983,0.0,0.031892,0.031892,0.0,0.0,1.0,0.0,0.026038,0.026038,0.0,0.0,0.0,"반도체, 공정에, 재료에, 재료, 재밌게, 믿고, 양은, 출석, 가르쳐주시고, 들을, 범위가, 재미있게, 많지만, 상당히, 출석은, 많습니다, 마지막, 양이, 있을, 없습니다",암기할 양은 많지만 재밌게 가르치심. 암기 잘하시는 분들은 좋는 학점 받아갈 수 있을거예요!
131,2454953,0.6981241069062172,0.5968563597301919,0.9344155169836094,4.672077584918047,7,47,4.64,0.928,0.510638,0.489362,0.500001,0.500001,0.861702,0.138298,0.095745,0.670213,0.96383,0.017021,0.0,0.0,0.0,0.0,0.0,0.0,0.0,0.0,0.0,0.0,0.0,0.0,0.0,0.0,1.0,0.0,0.0,0.0,0.0,0.0,0.0,"케이, 나에, 수업입니다, 통해, 있는, 잘알아가고, 깨달음도, 감동이에요, 위로받고, 앙트레, 보석, 돌아간다, 탐색하는, 부담감없이, 대해, 들으면, 1교시는, 힐링하고, 할거에요, 크게",K 한학기동안 감사했습니다. 이번학기 최고의 선택
132,786591,0.6980633882354024,0.5856030769873236,0.9604707811475864,4.802353905737932,20,270,4.9,0.98,0.516667,0.483333,0.938889,0.061111,0.896296,0.103703,0.111111,0.751853,0.709445,0.047408,0.0,0.050966,0.035687,0.0,0.0,0.0,0.0,0.0,0.0,0.0,0.070763,0.070763,0.0,0.0,1.0,0.0,0.032677,0.032677,0.0,0.0,0.0,"발표나, 좋습니다, 재미있고, 풀어서, 알려주십니다, 설명해주십니다, 기말도, 시험도, 꿀강, 재밌고, 부담이, 없이, 얻어가는지, 데로만, rp는, 연계시키는, 보고서느낌보다, 일기처럼, 직접호명하세요, 채우지",교수님 친철하시고 발표나 토론이 없어서 좋습니다!!
133,2377082,0.6978599821049157,0.6006832430684993,0.9246057065232209,4.623028532616105,8,48,4.73,0.946,0.624999,0.374999,0.989584,0.010417,0.708333,0.291666,0.020834,0.958333,0.73125,0.033333,0.0,0.0,0.0,0.0,0.0,0.0,0.0,0.102154,0.102154,0.0,0.0,0.0,0.0,0.0,1.0,0.0,0.0,0.0,0.0,0.0,0.0,"논어, 해주시고, 사실, 시험은, 유동학부라면, 김동민, 들어보는걸, 구절과, 인간관계, 고민거리에, 힐링과목이었다, 맹자수업에, 조는걸, 잔잔하고, 스토리형식입니다, 수업일때와, 절반이상이, 다른얘기였는데, 잘안됐습니다, 3시간연강기준","최고의 강의. 유동학부라면 김동민 교수님 수업 한번쯤 들어보는걸 추천한다. 논어 구절과 관련해 공자의 다양한 사상을 공부하는데, 흥미롭다. 그리고 진로 고민, 인간관계 등 다양한 고민거리에 대해서 나름의 답을 해주시"
134,2086961,0.6973014188976292,0.6193364959420311,0.8792195724606917,4.396097862303458,20,260,4.39,0.878,0.582692,0.417308,0.961539,0.038462,0.659615,0.340384,0.284615,0.334615,0.556538,0.271923,0.0,0.122643,0.085877,0.0,0.158094,0.068862,0.0,0.183126,0.195304,0.0,0.064838,0.064838,0.0,0.1,0.9,0.0,0.084752,0.084752,0.0,0.055398,0.012193,"철학에, 교안, 출튀, 시험, 과제도, 없으면, 관심, 정치색, 관심이, 잡으심, 출튀도, 정보, 추천, 혹은, 수업이, 하니까, 들을, 강의라고, 안듣고, 깐깐하게",수업 내용은 좋은데 정치색 너무 드러낸다 좌쪽 특유의 지들은 재밌을거라 생각하는 갑분싸 개그를 듣다보면 토악질이 나온다 수업은 잘해서 5점
135,484752,0.6960114977748711,0.6081820210755681,0.9009469434065785,4.504734717032893,20,111,4.68,0.936,0.315316,0.684685,0.936937,0.063063,0.833334,0.166666,0.234234,0.477477,0.374775,0.426577,0.0,0.349911,0.245015,0.0,0.180853,0.078775,0.0,0.318394,0.318394,0.0,0.16644,0.16644,0.05,0.0,0.95,0.0,0.078113,0.078113,0.0,0.0,0.0,"열전달, 과제, 문제를, 예시를, 했다, 어려운, 고한서, 기말은, 정도는, 있고, 느껴진다, 높았음, 기말, 수업을, 어렵고, 시간안에, 올해는, 깜짝, 그의, 있다",강의 굉장히 잘해주시고 예시를 들어 설명해주셔서 잘 집중할 수 있었던 과목입니다. 하지만 기말고사 부분 부터 갑자기 어려운 증명파트 등이 나오면서 수업의 페이스를 따라가기 힘들었다...? 정도가 단점이었습니다. 한번
136,2249519,0.6959659691269968,0.6069935240523846,0.9035683409677587,4.517841704838793,20,103,4.77,0.954,0.588235,0.411764,0.980392,0.019608,0.77451,0.22549,0.161765,0.661765,0.745588,0.007843,0.0,0.153304,0.128815,0.0,0.0,0.0,0.0,0.036533,0.048711,0.0,0.038344,0.038344,0.0,0.15,0.85,0.0,0.078113,0.078113,0.0,0.05,0.011005,"pr에, 좋으세요, 과제, pr, 생겼어요, 마케팅, 하나만, 사례, 강의력, 시험, 시험도, 재밌어요, 다만, 관심, 대해서, 관심이, 매번, 많아요, 강의가, 좋고","교수님 친절하시구 수업도 실제 사례 이야기해주시면서 재밌게 수업했습니다. 시험 한 번 과제 하나가 전부이고, 시험도 사례 관련 문제가 가장 배점이 높았던 것 같습니다. 그런데 거의 항상 수업 시간을 오버하셔서 다음 "
137,2086910,0.6949969051997573,0.6044288022466537,0.9063224787569988,4.531612393784994,20,106,4.52,0.904,0.792453,0.207547,0.353773,0.646226,0.693396,0.306604,0.216981,0.504717,0.563679,0.271226,0.0,0.204269,0.143033,0.0,0.228748,0.099637,0.0,0.239117,0.239117,0.0,0.161569,0.161569,0.0,0.0,1.0,0.0,0.052075,0.052075,0.0,0.0,0.0,"에세이, 열심히, 있는, 강의력이, 것도, 기말, 듣고, 철학적인, 화가, 별로라고, 얻어가는, 거의, 성적, 미리, 중간, 건지, 흐름을, 수업입니다, 내용이, 과제",그저 goat 강의력이 거의 인강 1타 강사 수준임
138,990986,0.6946417218213026,0.6210296621471154,0.8664031943944059,4.33201597197203,20,629,3.62,0.724,0.602544,0.397456,0.965024,0.034976,0.670906,0.329094,0.477743,0.13116,0.402624,0.399046,0.0,0.151512,0.137668,0.0,0.079047,0.034431,0.044483,0.327885,0.35224,0.0,0.135602,0.135602,0.05,0.05,0.9,0.0,0.039678,0.039678,0.0,0.0,0.0,"평균이, 한자, 문제가, 오프라인으로, 보면, 테제, 바뀌었는데, 시험, 쉽습니다, 동양철학에, 동양사상, 윤리, 내용이, 내용, 엄청, 놓쳐서, 그만큼, 쉬웠고, 중간, 사서",양이 많지만 어렵지는 않습니다 평균이 낮아 논어공부하듯 나오는 몇안되는 테제 잘 정리하면 좋은점수 받으실 수 있습니다 교수님 귀여우시고 따라나오는 동양사상가들 이야기 재밌었습니다
139,2086999,0.6938516822691645,0.6051585071047897,0.9008024243193724,4.504012121596862,20,221,4.59,0.918,0.624435,0.375566,0.977376,0.022625,0.69457,0.30543,0.493212,0.097284,0.40362,0.399095,0.0,0.165947,0.116199,0.0,0.0,0.0,0.0,0.287782,0.287782,0.0,0.211763,0.211763,0.0,0.0,1.0,0.0,0.026038,0.026038,0.0,0.0,0.0,"논리학, 논리학에, 좋고, 매주, 시험, 중간, 관심, 75, 내용, 논리, 중앙값, 좋을, 제때, 추천합니다, 교수님의, 퀴즈, 들으실, 기말, 에이쁠, 있으신","밑에 잘 써져있겠지만 꿀빨고 싶은 사람이 들을 교양은 아니다. 다들 의욕에 넘쳐서 수강신청할테지만, 그런 사람들에게 한 마디 하자면 그래도 2학점 교양임을 잊어서는 안된다는 것이다. 2회독 정도 해서 개념 다 잡았으"
140,44105,0.6930158434735783,0.610579423258293,0.8853674906425772,4.426837453212887,20,169,4.63,0.926,0.576923,0.423076,0.952663,0.047337,0.757396,0.242603,0.31065,0.443788,0.400296,0.398816,0.0,0.291864,0.204368,0.0,0.0,0.0,0.044483,0.269754,0.29411,0.0,0.140473,0.140473,0.05,0.05,0.9,0.184308,0.0,0.052075,0.0,0.0,0.0,"온라인, 온라인이기에, 족보, 중간고사는, 시험보다, 시험, 어려웠던, 넉넉하게, 퀴즈, 안하면, 웹워크, 들을, 족보에서, 받아서, 온라인이라, 봅니다, 그게, 있다면, 수업이라, 중간",온라인이기에 묻지도 따지지도 않고 별 5개입니다.
141,43617,0.6928842870199557,0.607673184600304,0.8917101926658101,4.45855096332905,5,45,2.93,0.586,0.555555,0.444444,0.911111,0.088888,0.788889,0.21111,0.088889,0.833333,0.411111,0.4,0.0,0.613215,0.429385,0.0,0.316188,0.137724,0.0,0.480291,0.480291,0.0,0.480946,0.480946,0.0,0.0,1.0,0.0,0.137139,0.137139,0.0,0.0,0.0,"디도에서, 이라는, 나옴, 교재를, 막상, 공부하면, 같음, 그래서, 따로, 다들, 대출이나, 폰만지면, 화내심, 슬리퍼나, 이해될듯말듯한데, 수업듣느것만으론, 못풂, 시험대비해야지, 찝어주지도, 문제유형받아보면","수업시간에 본인 자랑을 많이 하시고, 시험 직전에 진도를 아주 빡세게 빼십니다. 시험은 교수님이 사용하시는 교재를 디도에서 대여해서 풀어보면 풀 수 있음. 학점을 굉장히 잘 주심. 본인 생각보다 2단계 높게 나옴."
142,991528,0.6924284755594332,0.5743143902766457,0.9680280078859373,4.840140039429687,20,120,4.58,0.916,0.9375,0.0625,0.954166,0.045833,0.841666,0.158334,0.658334,0.158333,0.446667,0.346667,0.0,0.030661,0.021469,0.0,0.079047,0.034431,0.0,0.087382,0.087382,0.0,0.192408,0.192408,0.0,0.0,1.0,0.0,0.164472,0.164472,0.0,0.0,0.0,"강의력, 고분자에, 출석은, 좋으세요, 쉽게, 학점은, 출결은, 학점, 같아요, 이해하기, 하시면, 평균, 좋으십니다, 얼얼한, 서운해하십니다, 적으시는, 암기까지는, 구조였습니다, 체점기준이, 안들어가요",출석 안부르심. 강의력 좋으신데 시험 뒤통수가 얼얼한 편
143,2376785,0.6922938514565793,0.5931489934025924,0.9236318535825488,4.618159267912744,20,66,4.65,0.93,0.734849,0.265151,1.0,0.0,0.780304,0.219697,0.401516,0.181818,0.4,0.4,0.0,0.030661,0.021469,0.0,0.0,0.0,0.0,0.15472,0.15472,0.0,0.070236,0.070236,0.0,0.05,0.95,0.0,0.0,0.0,0.0,0.0,0.0,"오픈북, 강의가, 경제의, 1교시라, 타임어택이라, 부담, 충분히, 공부, 좋은, 내용도, 1교시, 시험은, 빼고는, 재밌고, 열심히, 중간은, 듣기, 수업인게, 내용이었던, 북이었는데",1교시 3시간 수업인게 조금 빡세긴 하지만 교수님이 학생들 배려 많이 해주시는게 느껴져요. 시험은 교안만 달달 외우면 에이쁠은 무난하게 가져갈 수 있습니다. 수업 때 딴짓 좀 많이 했지만 공부 열심히 했더니 좋은 결
144,42421,0.6913592305695508,0.5966023811552505,0.9124585458695852,4.562292729347926,12,52,4.69,0.938,0.432692,0.567307,0.942308,0.057693,0.865385,0.134615,0.153846,0.701923,0.4,0.4,0.0,0.051101,0.035782,0.0,0.0,0.0,0.0,0.183432,0.183432,0.0,0.0,0.053154,0.0,0.166667,0.833333,0.0,0.054461,0.054461,0.0,0.0,0.0,"갓병성, 놓치면, 학점은, 난이도는, 확실히, 그래도, 과제는, 혼자, 들어도, 웹엑스때마다, 기도했다, 밑인데도, 7등하고, 띠용, 놓치는거, 내시는거, 달아주실거에요, 10개정도씩, 8번정도, 그보다",실시간 웹엑스때마다 내 이름 부르지 말길 기도했다. 학점느님. 중기말 다 평균 한창 밑인데도 비쁠을 주신 갓병성
145,1612256,0.6908644528031271,0.6058323592741797,0.889272671037338,4.44636335518669,20,262,4.43,0.886,0.337786,0.662214,0.791984,0.208015,0.799619,0.200381,0.29771,0.438931,0.60687,0.169848,0.025,0.289843,0.224423,0.0,0.0,0.0,0.050246,0.16514,0.19265,0.0,0.064312,0.064312,0.05,0.05,0.9,0.0,0.0,0.0,0.0,0.0,0.0,"과제가, 쓰는, 과제, 오픈북이라, 윤리적, 소비, 매주, 객관식을, 실천, 직관적이고, 기말, 객관식은, 개인과제, 중요할, 중간대체, 글쓰는, 한데, 친절하시고, 있고, 각각",과제가 많지만 무난하게 학점 잘 주시는 것같아요 족보 보시고 오픈북이라 그냥 무난합니다
146,43667,0.6908369825933626,0.6040303685642568,0.893385748661276,4.466928743306379,20,417,4.34,0.868,0.803615,0.196385,0.96265,0.03735,0.648192,0.351807,0.051807,0.878314,0.401807,0.4,0.0,0.306607,0.214692,0.0,0.303126,0.132034,0.0,0.334511,0.334511,0.0,0.243461,0.243461,0.0,0.0,1.0,0.0,0.078113,0.078113,0.0,0.0,0.0,"논증, 생각합니다, 논리학, 오프라인, 과제, 점수에, 많은, 온라인, 과제가, 시험, 다음, 대답이, 학기부터는, 하십니다, 질문, 국어, 계속, 하시고, 교수님이라, 문제가",교수님 귀여우심 크롱닮은듯 국어에 재능있으면 꿀강임 수능국어 준비할때 리트같은거 많이 풀어봤거나 더러운 비문학 이런거 자신있으면 강추 저는 그냥 무난하게 개념만 외우고 연습문제만 깨작거리고 점수 잘 받은거같아요 과제
147,487142,0.6907376689650226,0.5778451115735668,0.9541536362117532,4.770768181058766,11,51,4.96,0.992,0.421569,0.578432,0.480392,0.519608,0.960784,0.039216,0.058824,0.882353,0.571569,0.203922,0.0,0.0,0.0,0.0,0.0,0.0,0.0,0.103456,0.103456,0.0,0.127703,0.127703,0.0,0.0,1.0,0.0,0.059412,0.059412,0.0,0.0,0.0,"연습문제, 갓수봉, 스윗하시고, 친절하게, 좋으십니다, 나오니, 친절하고, 선생님보다, 교수님이, 안에서, 채워주십니다, 있을거에요, 풀어보면, 수업도, 고등학교, 미리미리, 설명도, 해주시고, 열심히, 것을",과목 자체가 힘든과목이 아니라고 생각 가끔 어려운내용도 교수님이 매우 친절하고 자세하게 설명해주시므로 무난함 성적도 다채워주심 노력하면 에이쁠 어렵지 않습니다
148,2010037,0.6904967850055919,0.5797979788870165,0.9487939992822677,4.743969996411338,20,173,4.79,0.958,0.968208,0.031792,0.979769,0.020231,0.864162,0.135838,0.193642,0.624277,0.502601,0.284393,0.0,0.122643,0.085877,0.0,0.967521,0.421429,0.0,0.172993,0.172993,0.0,0.165032,0.165032,0.0,0.0,1.0,0.0,0.0,0.0,0.0,0.0,0.0,"프랑스어, 교수님이, 외우면, 출석, 듣고, 하나도, 결석, 전환도, 시험, 수업만, 일교시, 시험도, 노베로, 없고, 배려해주시고, 분이라면, 3일, 중간, 단어, 에이쁠",겨울계절학기로 들었는데 교수님이 학생들 배려를 잘해주십니다. 기말만 있어서 양이 꽤 많습니다.
149,2376791,0.69000604192588,0.6355815934279159,0.8169964217544632,4.084982108772316,20,89,4.15,0.83,0.393259,0.606742,0.966292,0.033708,0.64045,0.359551,0.292134,0.516853,0.939887,0.035393,0.0,0.245286,0.171754,0.0,0.112039,0.048802,0.0,0.138909,0.138909,0.098911,0.198333,0.262644,0.05,0.15,0.8,0.0,0.0,0.0,0.0,0.0,0.0,"내면, 과목, 학점, 온라인, 과제, 분량이, 없지만, 3번, 오프라인, 필요없고, 중간, 기말, 받기는, 3개, 있는데, 안듣고, 올려주셔서, 교안만, 출석도, 과제만",배우는 건 없지만 수업 안듣고 학점따고 싶으면 듣는 걸 추천합니다. 출튀를 하도 많이해서 그런가 이제 전자출결 말고 직접호명 하시더라구요. 그래도 출튀가 많습니다. 그리고 과제가 생각보다 부담스러우니 감당할 수 있는
150,2576494,0.6899546271112948,0.5868031790784396,0.930641339187957,4.653206695939785,20,70,4.67,0.934,0.885715,0.114285,0.942857,0.057143,0.785714,0.214286,0.45,0.05,0.392857,0.414285,0.0,0.075756,0.053046,0.0,0.0,0.0,0.0,0.157359,0.157359,0.0,0.235671,0.235671,0.0,0.0,1.0,0.0,0.0,0.0,0.0,0.0,0.0,"퀴즈는, 공주님, 오픈북처럼, 시험, 교수님이, 좋아요, 플립러닝이라, 절평, 사서, 쉽게, 됩니다, 거의, 편의를, 기준이, 쉬운, 중간, 기말, 나와서, 전에, 부담",교수님이 하나하나 떠먹여주시는 수업입니다.
151,44132,0.6893655441654983,0.5864361525403518,0.9295341246241737,4.647670623120868,20,328,4.63,0.926,0.507645,0.492355,0.944954,0.055045,0.833333,0.166667,0.299695,0.480122,0.413608,0.387615,0.0,0.061321,0.042938,0.0,0.079047,0.034431,0.0,0.151962,0.151962,0.0,0.114838,0.114838,0.0,0.0,1.0,0.0,0.0,0.0,0.0,0.0,0.0,"solving, problem, session, 온라인, 문제, 나머지는, 출튀, 설명을, 있으면, 잡으시고, 편합니다, 풀고, 알아듣기, 가능, 매우, 나와서, 갓드리바, 비쁠의, 드리바, 가득",왓더스댓민? 수업을 들을수록 드며든다 그저 대리바
152,2087081,0.6886435654017381,0.6123074527039691,0.8667611616965324,4.333805808482662,20,112,4.18,0.836,0.544643,0.455357,0.924107,0.075893,0.705358,0.294643,0.446429,0.183036,0.528125,0.253572,0.0,0.030661,0.021469,0.0,0.0,0.0,0.0,0.183937,0.183937,0.0,0.12915,0.12915,0.0,0.15,0.85,0.0,0.034285,0.034285,0.0,0.15,0.033014,"토론, 생각을, 지엽적인, 참여, 교양, 대한, 시험, 가능한, 생각하시면, 발표에, 책에, 토론을, 발표, 원하는, 발표가, 없다, 모르겠음, 있다, 느낌, 열심히",공대생들에게는 너무나 귀찮은 수업일테지만 생각의 지평을 넓혀주는 수업이다. 공학도들이 한번씩 들어보며 이런 관점도 있구나 라고 생각했으면 좋겠다.
153,490996,0.6884662568995673,0.570053086980705,0.9647636533769127,4.8238182668845635,20,85,4.89,0.978,0.694117,0.305883,0.982353,0.017647,0.799999,0.199999,0.470588,0.111764,0.552353,0.225882,0.0,0.064595,0.045231,0.0,0.101806,0.044344,0.0,0.071362,0.071362,0.0,0.031892,0.031892,0.0,0.0,1.0,0.0,0.144594,0.144594,0.0,0.0,0.0,"그저, goat, 갓종락, 좋으시고, 웹워크는, 시험도, 최고의, 좋고, 있는, 온라인, 수준으로, 강의력, 풀면, 에쁠, 믿으십시오, 버스에, 탑승만, 2둘다, 받았슴다, 제출이었는데",아아..믿으십시오... 교수님 버스에 탑승만 하시면 됩니다..
154,43095,0.6883194433656442,0.6152679883778697,0.8587728383371184,4.293864191685592,20,106,4.33,0.866,0.504717,0.495283,0.938679,0.061321,0.745283,0.254717,0.193396,0.603774,0.691981,0.071698,0.0,0.030661,0.021469,0.0,0.0,0.0,0.0,0.083119,0.11063,0.098911,0.096731,0.128623,0.1,0.1,0.8,0.0,0.032677,0.032677,0.0,0.0,0.0,"기말, 과제도, 어려워요, 됩니다, 8번, 크게크게, 난이도가, 영어로, 모르겠어서, 과제는, 있어요, 어렵지, 금방, 공부하시면, 개인적으로는, 공부하기, 매우, 그래도, 수도, 처음",과제는 금방금방 합니다 근데 저는 기간을 놓쳐서 못낸 적이 있어요 시험도 반 정도 알고 나머지는 모르겠어서 망했다 싶었는데 A나와서 놀랐어요 사실 내용이 너무 어려워서 중간에 포기했다가 시험정보 보고 급하게 그 부분
155,786141,0.6876721804130248,0.5732401496266795,0.9546802522478306,4.773401261239153,20,82,4.68,0.936,0.963415,0.036585,0.969512,0.030488,0.768293,0.231707,0.463415,0.140243,0.417073,0.380488,0.0,0.0,0.0,0.0,0.0,0.0,0.0,0.132189,0.132189,0.0,0.179677,0.179677,0.0,0.0,1.0,0.0,0.174786,0.174786,0.0,0.0,0.0,"암기만, 강의력, 부분에서만, 성적, 최고입니다, 시험은, 시험문제도, 깔끔하게, 내용, 잘하시고, 시험, 외우면, 피피티, 나오고, 모르겠지만, 있는, 있다, 배운, 성적이, 하시고",강의력진짜좋으시고 시험도 배운거 그대로 내게요
156,103316,0.6870417517278462,0.5729204811830866,0.9533247163322855,4.7666235816614275,20,80,4.89,0.978,0.775,0.225,0.975,0.025,0.825,0.175,0.125,0.775,0.3525,0.47125,0.0,0.212834,0.14903,0.0,0.0,0.0,0.0,0.131642,0.131642,0.0,0.081892,0.081892,0.0,0.0,1.0,0.0,0.091391,0.091391,0.0,0.0,0.0,"갓정윤, 퀴즈가, 잘해주셔서, 물리, 쉽게, 강의력이, 퀴즈도, 잘하시고, 교수님은, 다만, 또한, 학생들을, 설명을, 최고의, 듣기, 충분히, 쉽게이해할수, 느낍니다, 자주있으며, 2문제정도를",수업 정말 잘하십니다 물리 배우고 오신 분이면 이정윤 교수님 수업 무리 없이 따라가실수 있습니다
157,42259,0.6866925071310388,0.6433113361881353,0.7879152393311473,3.9395761966557363,20,60,4.33,0.866,0.950001,0.050001,0.983334,0.016667,0.591666,0.408334,0.191666,0.608334,0.715833,0.053333,0.0,0.050966,0.035687,0.0,0.0,0.0,0.044483,0.188181,0.212537,0.0,0.063785,0.063785,0.05,0.35,0.6,0.0,0.0,0.0,0.0,0.0,0.0,"족보, 샌드위치를, 코로나, 수업은, 기말대체과제, 시험, 학기라, 미리, 오픈북, 이렇게, 약간, 마지막, 시험은, 안녕히, 선물, 유통기한이, 최대인, 샌드위치, 구하시고용, 덱스트린류",시험 없고 기말대체과제 1번 있었습니다. 한 10주차까지는 오프라인이었고 그 후에는 학교 방침에 따라 온라인으로 전환되었습니다! 교수님 친절하시고 학점도 나름 채워주시는 것 같습니다
158,2377176,0.6862323109381686,0.5878027763757321,0.9159012249171872,4.579506124585936,20,134,4.85,0.97,0.391791,0.608209,0.966418,0.033583,0.787313,0.212686,0.02612,0.940299,0.716045,0.038806,0.0,0.335845,0.256634,0.0,0.0,0.0,0.0,0.093434,0.093434,0.0,0.097257,0.097257,0.0,0.05,0.95,0.0,0.052075,0.052075,0.0,0.0,0.0,"글쓰기, 창글, 글쓰기의, 언매, 피드백도, 중간고사, 해주시고, 고쳐서, 수업마다, 성찰적, 좋은, 개요, 당일, 과제, 선택, 끝낼, 됩니다, 기회가, 도움이, 오래","정말정말 좋은 강의입니다!! 특히나 교수님이 가장 좋은 수업이랄까요... 먼저 저는 A+ 받았습니다!! ✅️ 수업 구성 PPT로 수업하시는데, 교안 제공 안 해주시고 사진도 못 찍게 하십니다. 근데 어차피 수업만 잘"
159,2086895,0.6860422964552673,0.5824430217075506,0.9277739375332728,4.6388696876663635,14,54,4.44,0.888,0.5,0.5,0.611112,0.388889,0.805556,0.194445,0.046296,0.87963,0.688889,0.073149,0.0,0.072808,0.050982,0.0,0.0,0.0,0.0,0.091492,0.091492,0.0,0.091121,0.091121,0.0,0.0,1.0,0.0,0.0,0.0,0.0,0.0,0.0,"고명북, 있었고, 학생들을, 좋으세요, 강의도, 좋았어요, 넘치시고, 일단, 교수님들, 저희, 분입니다, 교수님입니다, 좋았던, 최대한, 좋은, 하시고, 중에, 수업에, 되게, 했는데",처음부터 끝까지 도움이 많이 되었던 과목. 교수님의 열정에 박수를 보내드리고 싶음.
160,2315240,0.6853270345378698,0.5797338883358274,0.9317110423426356,4.658555211713178,20,155,4.61,0.922,0.577419,0.422581,0.983872,0.01613,0.748387,0.251613,0.46129,0.058065,0.41129,0.387097,0.0,0.091982,0.064408,0.0,0.0,0.0,0.0,0.193831,0.193831,0.0,0.031892,0.031892,0.0,0.0,1.0,0.0,0.033805,0.033805,0.0,0.0,0.0,"클래식, 바순, 중간에, 초청해서, 공연, 음악, 듣기, 연주자님, 음악을, 덕분에, 힐링과목, 교양, 좋은, 있었습니다, 음악에, 지엽적이지, 시험, 좋습니다, 웬만하면, 외울","지금까지 들었던 교양 중에서 가장 재밌게 들었습니다. 클래식 음악에 대해 배워보고 싶어서 들었는데 강의안도 깔끔하고 강의력도 좋으셔서 너무 유익했습니다. 교수님께서 꽤 대단하신 분이고, 중간에 교수님이 연출하신(?)"
161,2249459,0.6849666586490668,0.607814337531792,0.8649887412560412,4.324943706280206,20,116,4.03,0.806,0.668103,0.331896,0.931034,0.068965,0.689655,0.310345,0.193966,0.517242,0.759913,0.15431,0.0,0.061321,0.042938,0.137214,0.305417,0.167463,0.0,0.137332,0.137332,0.199455,0.211763,0.276074,0.1,0.0,0.9,0.115651,0.0,0.032677,0.0,0.0,0.0,"서평, 읽고, 써서, 책은, 책을, 서평을, 페미니즘, 호불호가, 서평으로, 내용을, 들어도, 내용이, 쓰면, 책이, 사실, 수업은, 강의력은, 책입니다, 서평에서, 어떨",교수님 강의력은 ... 어떨 땐 괜찮은 듯 싶다가도 어떨 때는 안좋고.. 근데 보다 보면 교수님 은근 귀여우심 ㅋㅋㅋ 그냥 책 읽고 서평 쓰면 되는 건데 책을 꼼꼼히 읽고 꼼꼼하게 쓰셔야 할듯해요 책들이 분량이 그리
162,120809,0.684325675561261,0.6083128965543,0.8616888265775036,4.308444132887518,20,85,4.44,0.888,0.935294,0.064706,0.964706,0.035294,0.817647,0.182353,0.205883,0.635293,0.544118,0.235294,0.0,0.030661,0.021469,0.0,0.0,0.0,0.0,0.047724,0.087999,0.0,0.134548,0.16644,0.1,0.2,0.7,0.0,0.026038,0.026038,0.0,0.0,0.019765,"러시아어, 빛종우, 오종우, 러시아어가, 엄청, 과제도, 좋으세요, 없고, 노베면, 번으로, 아무, 열심히, 3시간, 좋았습니다, 어려웠어요, 나도, 차근차근, 복습, 내용, 수업은",갓갓갓교수님 연락도 잘 받으시고 과제0 시험은 기말하나만 봄 ㄹㅇ교수님 너무좋으심
163,2086891,0.6836180460342531,0.574664659900874,0.9378426136788044,4.689213068394022,20,106,4.63,0.926,0.660378,0.339622,0.957547,0.042453,0.853773,0.146227,0.04717,0.919811,0.478303,0.332076,0.0,0.030661,0.021469,0.0,0.295643,0.128775,0.0,0.107776,0.107776,0.0,0.102129,0.102129,0.0,0.0,1.0,0.0,0.0,0.0,0.0,0.35,0.077034,"발표, 질문, 부담이, 좋았습니다, 맡은, 외울거, 매우, 과제도, 좋으십니다, 매주, 없습니다, 대해, 적습니다, 교수님도, 없어서, 열심히, 조별과제가, 한번만, 시험은, 좋아요","김진균 교수님 강의 배정 되면 학교 방향으로 절 하라는 강의평이 과장된 말이라고 생각했는데 그것은 오만한 생각이였음을… 성균관대에 공자 실존 공자의 재림 발표 한번, 매주 질문 올리기가 있는데 오히려 책 내용에 대해"
164,990468,0.6833530618868366,0.6050436484577856,0.8660750265546224,4.330375132773112,20,94,3.14,0.628,0.521277,0.478724,0.505319,0.494681,0.824468,0.175532,0.228724,0.547872,0.924468,0.046808,0.05,0.275947,0.300569,0.0,0.0,0.0,0.0,0.028097,0.028097,0.0,0.032419,0.032419,0.05,0.15,0.8,0.0,0.026038,0.026038,0.0,0.0,0.0,"과제, 1학점, 창업, 2번, 내면, p받는, 코로나, 강평보고, 2번만, 학기여서, 있는, 있다는, 귀찮긴, 과제만, 없지만, 좋았음, 했는데, 부담, 찜찜찝찝한, 못해버린","즐거운 시간이었습니다. 매주 강의가 시작되는 순간이면, 소리를 끄고 지브리 애니메이션을 켰습니다. 그러던 어느날 과제가 있다는 걸 알게 되었습니다. 오늘이 과제 마감일이라는 교수님의 메세지를 통해서요. 그렇게 처음 "
165,2249361,0.6830647889236499,0.620579240777939,0.8288644012636418,4.144322006318209,20,100,3.55,0.71,0.485,0.515,0.995,0.005,0.72,0.28,0.155,0.585,0.407,0.392,0.0,0.030661,0.0667,0.0,0.125921,0.054848,0.0,0.341639,0.38262,0.0,0.102656,0.102656,0.05,0.2,0.75,0.0,0.12007,0.146107,0.0,0.0,0.0,"개념, 계산, 문제, 강의력은, 잼관, 재무관리, 쉽게, 강의력이, 따로, 친절하시고, 없는, 개념문제, 많지, 시험은, 거의, 위주로, 6번, 내주십니다, 듣는, 교안",전체적으로 교수님도 착하시고 나름 귀여우십?니다ㅋㅋㅋ 다만 설명을 너무 못하시긴 하는데 최대한 빠르게 적응하시는게 좋을 것 같아요.. 오프 강의 때는 ㄹㅇ 중간 자리 쯤부터는 교수님 말씀 하나도 안 들리기 때문에 앞
166,994028,0.6827956598533421,0.6197350690085787,0.8299370384911238,4.149685192455619,20,89,4.16,0.832,0.758427,0.241573,0.589888,0.410113,0.814607,0.185393,0.157303,0.696629,0.439326,0.355056,0.0,0.0,0.0,0.0,0.0,0.0,0.135497,0.205862,0.280049,0.0,0.102129,0.102129,0.2,0.1,0.7,0.0,0.068569,0.068569,0.0,0.05,0.011005,"족보에서, 족보, 족보만, 똑같이, 달달, 문제가, 외우고, 같아요, 보고, 나와요, 나와서, 진심, 내용은, 주시는거, 70, 구하세요, 문제만, 시험은, 나오니까, 보시면",족보에서 절반 정도 나오고 나머지는 발표 문제랑 ppt에서 출제됩니다. 동영상으로 강의가 올라오는데 거의 ppt 읽어주는 식으로 진행돼서 강의력은 안좋으신거 같아요. 그래도 내용은 나름 재밌고 성적을 잘 주시는거 같
167,78575,0.6827250682148549,0.565884287106671,0.955353557467284,4.77676778733642,20,81,4.81,0.962,0.407408,0.592593,0.962963,0.037037,0.851852,0.148148,0.67284,0.154321,0.438889,0.355556,0.0,0.187238,0.131108,0.0,0.316188,0.137724,0.0,0.186348,0.186348,0.0,0.031892,0.031892,0.0,0.0,1.0,0.0,0.152362,0.152362,0.0,0.0,0.0,"분리공정, 화공, 열역학, 설계과제, 열역학1범위가, 머리속에, 시험, 베이스가, 중간, 출석, 자체, 않을, 과제, 본인은, 자세히, 보통, 교수님께서, 어렵지만, 부분은, 두번",아래에 22년 1학기 수강자 중에서 열역학1범위가 보통 퓨개시티~~ 하면서 열물달 열역학 안 들었으면 머리속에 남는거 없다고 강평 작성하신분 3월달에 강평작성하시고 뇌피셜로 적어두시면 안되죠.... 무슨 강평을 수업
168,227174,0.6826108703748399,0.6144062322237218,0.8417550260607825,4.208775130303913,20,100,4.32,0.864,0.59,0.41,0.685,0.315,0.685,0.315,0.14,0.825,0.635,0.18,0.025,0.401245,0.302429,0.0,0.180853,0.078775,0.102635,0.24422,0.312592,0.0,0.0,0.070763,0.1,0.15,0.75,0.0,0.0,0.0,0.0,0.0,0.0,"에세이, 쓰면, 중간, 기말, 개요, 코로나, 과제, 코로나학기한정, 꿀강의였습니다, 독특한, 학생들, 확실히, 피드백, 감도, 문학을, 받는게, 어떻게, 배려해주시는, 일절, 교수님한테",엔젤 그 자체...영문과의 희망이자 빛. 중기말 대체 과제 한번씩이고 이외 과제 일절 내주시지 않음 중간도 점수 후하게 주시고 기말은 아직 안냈는데 여러분들 힘들 거 같다고 다른 시험 다 끝나고 난 다음주까지로 미뤄
169,787499,0.6825979970059137,0.5721734513592984,0.9402552701813496,4.701276350906748,20,134,4.56,0.912,0.47388,0.526119,0.541045,0.458955,0.977612,0.022388,0.335821,0.402984,0.430224,0.37612,0.0,0.061321,0.042938,0.0,0.0,0.0,0.0,0.121531,0.121531,0.0,0.135075,0.135075,0.0,0.05,0.95,0.0,0.0,0.0,0.0,0.0,0.0,"과제도, 열역학, 성적도, 텀프, 열심히, 수업도, 시험, 편의를, 2번, 학생, 없습니다, 거저입니다, 관리자, 않아보여요, 열역, 아니던데, 방열역이라, 방교수님이라도, 씨쁠이겠구나, 제시해주시는",그냥 솔직히 수업 열심히 듣고 시험 전날에 기출만 돌려도 점수 널널하게 에이쁠 나온다.50퍼까지 에이쁠이라 그런가 진짜 사람들이 공부를 안한다. 다만 얻어가는건 많지 않다.
170,2010043,0.6824096983140567,0.5879345544272778,0.9028517007165411,4.514258503582705,20,192,4.59,0.918,0.757812,0.242187,0.924479,0.075521,0.802083,0.197916,0.325521,0.315104,0.594531,0.179167,0.0,0.187505,0.131294,0.0,0.0,0.0,0.0,0.054031,0.066208,0.0,0.103182,0.135602,0.05,0.15,0.8,0.0,0.10928,0.144598,0.0,0.284402,0.073601,"있을만한, 정치학, 정치학에, 열심히, 정치에, 발표, 입문, 충분히, 공부만, 편안하게, 같아요, 너그러우시고, 기말은, 주시는, 빼면, 교수님께서, 평소, 꿀강입니다, 한학기, 피피티",교수님이 학생들 배려해주시는게 느껴짐. 평소 정치학에 관심이 많았다면 충분히 따라갈 수 있을만한 수업.
171,103774,0.6816762912118619,0.5794033364835399,0.9203131855779468,4.601565927889734,20,139,4.5,0.9,0.780575,0.219424,0.938849,0.061151,0.76259,0.23741,0.356116,0.298561,0.457554,0.356834,0.044774,0.503085,0.426407,0.0,0.0,0.0,0.0,0.337814,0.337814,0.0,0.102656,0.102656,0.1,0.05,0.85,0.0,0.363742,0.398026,0.033014,0.59825,0.187885,"과기글, 중간, ppt, 보고서, 다른, 발표, 유익한, 기말, 맞게, 수정하기, 갓상도, 기말은, 이공계, 말고, 주제, 9시에, 제시된, 고생하면, 주말에, 과기글은",중간 기말 모두 대체과제입니다. 성적 정말 너그럽게 주셔서 감사할 따름입니다. 한 가지 아쉬운 점은 글쓰기 수업인데 글쓰기보다는 ppt다루는 내용이 수업의 주가 된다는 것입니다.
172,484639,0.6816063516447115,0.5977550300792304,0.877259435297501,4.3862971764875045,20,92,4.65,0.93,0.483696,0.516304,0.961956,0.038044,0.836956,0.163043,0.195652,0.516305,0.4,0.4,0.0,0.214625,0.150285,0.0,0.0,0.0,0.0,0.272865,0.285043,0.0,0.366353,0.366353,0.0,0.1,0.9,0.0,0.058714,0.127837,0.0,0.0,0.0,"미디언, 시험, 포기하지, 평균이, 좋은, 낮아서, 충분히, 성적, 미디언보다, 현철킴, 조금만, 중간, 정도, 받을, 낮음, 공부를, 과제, 계산이, 가르치시고, 애들이",중간고사는 계산이 너무 많았고 기말고사는 과제랑 비슷하게 나와서 어렵지는 않았던 것 같아요. 수업 열심히 듣고 과제 열심히 풀면 좋은 성적 받을 수 있어요
173,77837,0.6808290783427486,0.5670002360913847,0.9464297102625979,4.7321485513129895,20,171,4.9,0.98,0.456141,0.543859,0.938597,0.061403,0.909357,0.090644,0.049707,0.894737,0.4,0.4,0.0,0.122643,0.085877,0.0,0.101806,0.044344,0.0,0.147153,0.147153,0.0,0.064312,0.064312,0.0,0.05,0.95,0.0,0.156225,0.19003,0.0,0.0,0.0,"열역학, 강의력, 편하다, 강의도, 좋고, 편하게, 많긴, 공부하기, 기출과, 과제도, 명강의, 풀어도, 풀고, 시험, 매우, 좋은, 들은, 그래서, 모든, 권오채교수님","열역학 명강의. 성적도 매우 잘 주십니다 장점이자 단점이 기출이 매우 큰 비중을 차지합니다. 시험 보기 1주전부터 기출 풀이를 외워도 A+이 나올 수 있는 것이 과언이 아니지만, 실수를 하시면 치명적입니다. 중간 때"
174,2315286,0.6805476812270934,0.5682404146850422,0.9425979698252133,4.712989849126067,20,106,4.74,0.948,0.523585,0.476415,0.985849,0.014151,0.853774,0.146227,0.349056,0.21698,0.408962,0.392453,0.0,0.125917,0.088169,0.0,0.0,0.0,0.0,0.12739,0.12739,0.0,0.064312,0.064312,0.0,0.05,0.95,0.0,0.119036,0.119036,0.0,0.0,0.0,"직전에, 통계학원론, 통계학과, 문제, 이해하기, 거랑, 시험, 강의력과, 증명, 들었으면, 쉽게, 있음, 올려주시는, 예제, 국제어, 영상, 양이, 통원, 기말문제는안착했음, 풀어주는문제랑",통원 들었으면 겹치는 부분 많아서 이해하기 수월함. 국제어 수업임에도 불편하지 않았음. 설명 깔끔함. 과제 4번 있는데 수업 잘 들었으면 다 풀 수 있음. 시험 직전에 문제 풀어주시는 거랑 시험이랑 유형 비슷함. 이
175,2249305,0.6790335560681486,0.5619247846333724,0.9522873560826268,4.761436780413134,20,71,4.94,0.988,0.830986,0.169014,1.0,0.0,0.823944,0.176057,0.042253,0.901409,0.40493,0.394366,0.0,0.030661,0.021469,0.0,0.0,0.0,0.0,0.081137,0.081137,0.0,0.096204,0.096204,0.0,0.0,1.0,0.0,0.066482,0.066482,0.0,0.0,0.0,"정수명, 학생들, 생명, 축제, 강의도, 사랑해요, 변별력, 좋습니다, 좋아서, 공부하기, 최고, 과제도, 좋으셔서, 해주십니다, 설명도, 중간, 주셔서, 최대한, 해주시고, 재밌게","우선 한국어 수업이라는 점이 매우 편해요. 만약 생명을 처음으로 원서로 배우게 된다면 이 교수님처럼 중간중간 영어단어를 한국어로 번역시켜주시는게 입문에 큰 도움이 됩니다. 이외에도 수업 재밌게 해주시고, 갈색지방 좋"
176,2315243,0.6786452507325389,0.5668414702145446,0.9395207386078593,4.697603693039297,20,83,4.88,0.976,0.439759,0.560242,0.054217,0.945783,0.933735,0.066265,0.180723,0.536145,0.957831,0.024096,0.0,0.054913,0.038451,0.0,0.0,0.0,0.0,0.036533,0.036533,0.0,0.032419,0.032419,0.0,0.0,1.0,0.0,0.0,0.0,0.0,0.647909,0.142602,"팀플, 팀플로, 교수님도, 팀원, 팀플로만, 힘들, 이루어진, 없고, 팀원을, 시작해서, 팀플에, 수업입니다, 잘못, 친절하세요, 만나면, 적고, 수업인데, 꿀강입니다, 하지만, 있는","정말 쭉 조별과제만 있는 수업입니다. 밖에 나가서 관찰하는 수업도 있고 교수님이 너무 친절하세요!! 특히 저희 조 분들이 너무 좋았어서 저는 아침수업이 힘들긴 했지만, 막상 가서는 계속 웃다가 왔습니다!"
177,989902,0.6778512734490917,0.5809320089442392,0.9039962239604141,4.519981119802071,20,263,4.44,0.888,0.712928,0.287072,0.950571,0.04943,0.771863,0.228136,0.138784,0.745247,0.628138,0.14905,0.0,0.059898,0.041942,0.0,0.0,0.0,0.0,0.060492,0.060492,0.0,0.243655,0.243655,0.0,0.05,0.95,0.0,0.0,0.0,0.0,0.0,0.0,"자기소개서, 철학적, 아니, 미리, 사담이, 그마저도, 기말고사, 논어, 온라인, 얘기를, 에이쁠, 열심히, 쓰시면, 외우는, 자신의, 많은, 주는, 교수님께서, 쓰고, 오픈북",교수님이 F주신다고 협박하시는데 수업만 열심히 참여하면 A+나오는 것 같습니다. 교수님이 학생들을 굉장히 사랑하십니다. 성균논에 대해 배운다기 보단 인생과 압박면접에 대해 배운다고 생각합니다.
178,77445,0.6778028977046884,0.5779778702603073,0.9107279617415773,4.553639808707887,20,95,4.45,0.89,0.921053,0.078948,0.968421,0.031579,0.710526,0.289474,0.300001,0.373684,0.414737,0.383158,0.0,0.090559,0.063411,0.0,0.0,0.0,0.0,0.136336,0.136336,0.0,0.141527,0.141527,0.0,0.05,0.95,0.0,0.0,0.0,0.0,0.0,0.0,"연습문제, 시험, 없어서, 강의력이, 교재에서, 나와서, 연습문제에서, 설명은, 시험이, 나온다, 시험문제가, 필요, 시험도, 과제가, 같아요, 좋으세요, 점수를, 없습니다, 삐끗했는지, 교제의",잘가르쳐주세용 강의력이 좋으심 이 교수님 꼭 잡으세요
179,2086929,0.6777066309081876,0.572034103188401,0.9242758622543567,4.621379311271784,20,367,4.68,0.936,0.968665,0.031335,0.968665,0.031336,0.686648,0.313352,0.434605,0.14714,0.400818,0.398774,0.0,0.091982,0.064408,0.0,0.0,0.0,0.0,0.158347,0.158347,0.0,0.0,0.0,0.0,0.05,0.95,0.0,0.0,0.0,0.0,0.055398,0.012193,"유쾌하시고, 꿀은, 시험, 외울게, 글로벌, 같아서, 일찍, 보는, 같아요, 강의도, 열심히, 취준하면서, 인정도, 녹본도, 각이다, 37점, 67로, 25년, 되었었는지, 경계가",조별모임도 없고 수업도 재밌고 늘 일찍 끝내주셔서 좋아요!! 다만 시험은 좀 어렵다보니 그렇게 꿀은 아닌거 같아요..
180,990374,0.6776656898344147,0.5666407239185873,0.9367239436380117,4.683619718190059,20,242,4.57,0.914,0.495868,0.504132,0.958678,0.041322,0.830578,0.169422,0.221075,0.566116,0.422727,0.375207,0.0,0.030661,0.021469,0.0,0.0,0.0,0.0,0.13631,0.13631,0.0,0.038344,0.038344,0.0,0.0,1.0,0.0,0.0,0.0,0.0,0.15,0.033014,"친절하시고, 학생들, 교양을, 족보, 학점도, 배려, 수업이, 과목, 오픈북이라, 어차피, 없다, 매주, 얻어가는, 읽고, 주시고, 마지막, 자체가, 자체는, 다들, 넣는게",강의는 그냥 들을 땐 무슨 내용인지 잘 모르겠음. 교재를 먼저 차분히 읽고 강의를 듣는 것을 추천함. 법과목이라 그런지 열심히 하는 사람이 매우 많음.
181,2454893,0.677105655478536,0.5697915793406972,0.9275051664668266,4.637525832334132,20,68,4.85,0.97,0.632353,0.367647,0.992647,0.007353,0.867647,0.132353,0.154412,0.455882,0.4,0.4,0.0,0.045095,0.031577,0.0,0.0,0.0,0.0,0.093152,0.093152,0.0,0.128623,0.128623,0.05,0.0,0.95,0.0,0.026038,0.026038,0.0,0.0,0.0,"주시는, 조금, 자세하고, 포함, 퀴즈로, 진행되고, 학점도, 시험은, 가면, 성적에, 많은, 과제도, 있게, 오프라인, 처음, 따로, 없습니다, 이번년도부터, 진짜꼭들으세요, 진짜평생존경합니다교수님",교수님께서 어떻게 강의해야 좋은 강의를 할 수 있을지 매주마다 고민하시는 게 느껴집니다. 그래서 수업에 불편한 점이 있다면 정중하게 건의를 드리면 긍정적으로 작용할 수 있을 것 같아요. 플립러닝으로 진행되는데요 아캠
182,2748886,0.6763032719802538,0.5530957023392262,0.9637876011426516,4.8189380057132585,20,82,4.98,0.996,0.701219,0.298781,0.408537,0.591464,0.890244,0.109756,0.018292,0.939024,0.683537,0.082927,0.0,0.0,0.0,0.0,0.193004,0.084068,0.0,0.012178,0.012178,0.0,0.070763,0.070763,0.0,0.0,1.0,0.0,0.08588,0.08588,0.0,0.055398,0.012193,"리더십, 과목, 쉬는, 최고의, 너그러우시고, 사랑합니다, 시간도, 간단한, 재밌고, 완전, 재밌게, 생각합니다, 부담, 늦게와도, 아팤, 억울하기도, 리더십이란, 충실하면서도, 요하지, 행운인것",너무 좋은 수업 출석 그냥 늦게와도 ㄱㅊ 성적 잘 주심 막학기 이해 잘 해주심
183,2454551,0.6760269455013493,0.606604591251932,0.83801243874999,4.19006219374995,20,139,4.47,0.894,0.478417,0.521583,0.982014,0.017986,0.773381,0.226619,0.435252,0.07554,0.958993,0.027338,0.025,0.153304,0.193223,0.0,0.158094,0.068862,0.0,0.078386,0.078386,0.0,0.399227,0.431119,0.05,0.1,0.85,0.0,0.0,0.0,0.0,0.0,0.0,"예술에, 예술, 대해, 에이쁠, 과제, 예술학, 수선관이, 딱히, 쓰면, 철학을, 기인사, 철학, 저처럼, 철학에, 1교시, 있는데, 재밌었습니다, 과목은, 많은, 무엇보다","기인사 최고 명강입니다.. 시험없고 과제 에세이제출, 중간기말대체 에세이인데 기한넉넉 부담도 안주시고 무엇보다 그냥 교수님이 천사이십니다.."
184,43720,0.674093586892663,0.597903868587076,0.8518695962723658,4.259347981361829,20,129,4.3,0.86,0.779069,0.220931,0.968992,0.031008,0.771319,0.228682,0.127907,0.724807,0.451163,0.350388,0.0,0.335845,0.256634,0.0,0.079047,0.034431,0.0,0.17989,0.233049,0.0,0.255311,0.287204,0.0,0.25,0.75,0.0,0.035318,0.035318,0.0,0.055398,0.023198,"파파고, 교재, 과제, 돌려서, 대체과제, 중간, 정도, 6문제, 대체, 시험, 참고해서, 모두, 기말, 받아갈, 없었음, 받는, 있었어요, 학점, 중간기말, 괜찮은",정말 글로벌영역중 팀플부담없는 최고의 과목 시험: 중간기말 두번 보는데 그냥 수업시간에 했던 피피티나 나무위키 같은거 보고 적당히 영작해서 쓰시면 됩니다 성적 : 성적 기준은 잘 모르겠습니다
185,991525,0.6740354978713738,0.5712185727957804,0.913941656381092,4.56970828190546,20,134,4.47,0.894,0.440299,0.559702,0.951493,0.048508,0.727612,0.272388,0.429104,0.410448,0.710821,0.044776,0.0,0.214625,0.150285,0.0,0.0,0.0,0.0,0.072577,0.072577,0.0,0.063785,0.063785,0.0,0.05,0.95,0.0,0.069123,0.069123,0.0,0.0,0.0,"화공계산을, 시험은, 줌으로, 휴강을, 배우는건, 공부량이, 얻어가는건, 적어서, 과제, 신경, 다른, 오프라인, 교재, 제일, 나와서, 쓰는법, 배워간다하는데, 알려주는것도, 사칙연산하는, 온라인수업으로",과제가 좀 어렵고 대신 휴강을 많이 하시고 온라인으로 수업하십니다 개꿀임
186,2576228,0.6721806535375155,0.5578651114256988,0.938916918465088,4.69458459232544,20,77,4.75,0.95,0.662338,0.337662,0.642857,0.357143,0.805195,0.194805,0.025974,0.941559,0.622727,0.145454,0.0,0.0,0.0,0.199259,0.079047,0.084431,0.0,0.070537,0.070537,0.201089,0.038344,0.103182,0.05,0.0,0.95,0.0,0.059843,0.059843,0.0,0.1,0.02201,"스피치, 스피치를, 학생들, 해주셔서, 토론, 설득, 상세히, 스피치와, 스토, 자기소개, 많은, 도움이, 다른, 준비, 피드백을, 특성상, 편의를, 점이, 피드백도, 스토는","저는 한학기동안 유희승교수님의 빠순이로 살았습니다 스토2가 있다면 무조건 들었을거에요 진짜 성품, 강의력 다 너무 좋으시고 지필은 중간, 기말 두번인데 중간은 책 두세번? 보시고 기말은 오픈북이라 준비 안하셔도 돼요"
187,43466,0.6718435981533449,0.5582678689201478,0.936853633030805,4.684268165154025,20,319,4.69,0.938,0.376175,0.623825,0.937304,0.062696,0.863636,0.136364,0.101881,0.778997,0.484169,0.307837,0.0,0.366505,0.256634,0.0,0.193838,0.084431,0.0,0.127437,0.127437,0.0,0.070763,0.070763,0.0,0.0,1.0,0.0,0.0,0.0,0.0,0.0,0.0,"과제, 부품, 매주, 조립까지, 컴퓨터로, 과목입니다, 최대한, 만들고, 중간, 중요해요, 시간, 학점도, 풀이, 과제와, 됩니다, 보면서, 대체과제, 매우, 다만, 과제는",인벤터의 기본에 대해 잘 배울수 있습니다 과제는 좀 많았지만 나름 학점도 잘 나오고 의미있었습니다
188,103381,0.6717696209406274,0.5902694695360451,0.861936640884653,4.309683204423266,16,56,4.57,0.914,0.803571,0.196429,0.991071,0.008929,0.910714,0.089286,0.071429,0.857143,0.40625,0.392857,0.0,0.0,0.0,0.0,0.127257,0.05543,0.0,0.082684,0.082684,0.0,0.199986,0.199986,0.1875,0.0625,0.75,0.0,0.040846,0.040846,0.0,0.0625,0.013756,"외울게, 바이오재료, 생물, 유기화학, 분야에, 내용도, 이해도, 듣게, 학점은, 추천함, 논문, 발표가, 거의, 다른, 학점, 너그럽게, 매번, 주셔서, 많습니다, 시험에",다른 거 놓쳐서 듣게 되긴 했는데 생각보다 유익하고 교수님이 학점도 너그럽게 주셔서 많이 편했습니다. 생명 쪽 기본지식이 어느정도 있으면 많이 쉬울거라 생각합니다. 전혀 없는 저도 좋은 성적이 나왔기에 부담없이 들으
189,233094,0.6716481060481907,0.5522235477914531,0.9503054086472453,4.751527043236226,20,655,4.66,0.932,0.60458,0.39542,0.512214,0.487786,0.887023,0.112978,0.22977,0.509924,0.620458,0.158244,0.0,0.0,0.0,0.0,0.0,0.0,0.0,0.030381,0.030381,0.0,0.102129,0.102129,0.0,0.0,1.0,0.0,0.0,0.0,0.0,0.139802,0.03077,"최고최고, 배울게, 온라인, 학생들, 교수님이, 꿀강입니다, 그저, 좋으세요, 별로, 부담, 할거없고, 작성된거라, pbl수업, 방식이라고, 5주차는, 종강함, 발표하나가, 하면되서, 개인발표로했는데, 발표1번",할거없고 무난한 성논입니다 꼭들으세요 추천합니다
190,43086,0.6715112746435421,0.574961120654168,0.8967949672854151,4.483974836427075,20,86,4.38,0.876,0.627907,0.372093,0.97093,0.02907,0.674419,0.325581,0.313953,0.424419,0.415116,0.380233,0.0,0.030661,0.021469,0.0,0.0,0.0,0.0,0.226902,0.23908,0.0,0.135075,0.135075,0.0,0.05,0.95,0.0,0.131991,0.131991,0.0,0.0,0.0,"식분실이랑, 기출, 영어를, 외우시면, 같이, 겹치는, 열정적이시고, 시쓰기, 실험이랑, 기말은, 실험과, 같아요, 외우면, 피피티, 만점이라, 기출이랑, 정의, 다른, 과제는, 양이",교수님이 아주 열정적이시고 영어를 잘하심 시험은 암기만 열심히 하면 잘 볼 수 있고 시 쓰는 과제는 제출만해도 괜찮음 개인적으로 강의 내용이 일상생활과 밀접한데 평소에 잘 몰랐던 내용이라서 아주 유익한 강의라고 생각
191,120496,0.6710241367389294,0.5510704853654527,0.9509159899437086,4.7545799497185435,20,217,4.79,0.958,0.645161,0.354839,0.640553,0.359447,0.857143,0.142857,0.179723,0.63825,0.634332,0.140093,0.0,0.165947,0.116199,0.0,0.114791,0.05,0.0,0.069546,0.069546,0.0,0.064838,0.064838,0.0,0.0,1.0,0.0,0.0,0.0,0.0,0.810795,0.178453,"발표, 유쾌하시고, 대본, 자신감, 듣길, 발표에, 못하는, 잡아라, 세번째, 33, 돼요, 감점이, 통으로, 최고의, 분량을, 15, 영어, 50, 시간, 중간고사",교수님 정말 착하시고 발표내용도 중요하지만 발표 분량을 못채우면 감점이 크게 되니 필수 발표 분량 어느정도 채우시는게 좋아요
192,2249518,0.6708293789706605,0.6051076929503564,0.8241799796847036,4.120899898423518,20,74,4.22,0.844,0.493244,0.506756,0.885136,0.114865,0.587838,0.412162,0.41892,0.135136,0.731081,0.021622,0.025,0.153304,0.128815,0.0,0.0,0.0,0.0,0.182174,0.208107,0.0,0.108581,0.108581,0.05,0.15,0.8,0.0,0.032677,0.032677,0.0,0.055398,0.012193,"영어가, 과제가, 중간과제가, 교안이, 공모전, 기말, 전범위라, 과제, 미디어, 연구, 중간, 빡세요, 교수님도, 되어, 있고, 좋습니다, 기말시험, 전체, 괜찮아요, 다양한",좋습니다. 미디어 기술 발전 전반적으로 알 수 있고 각종 다양한 이론들 배울 수 있어요. 개인 or 팀플 과제 하나 있는데 이거는 좀 잘해야 해요. (대신 교수님의 다른 수업에서 했던 과제 디벨롭해서 내도 괜찮아요)
193,77957,0.6700508452267274,0.5979013688116792,0.8383996235285066,4.191998117642533,20,145,4.57,0.914,0.667832,0.332168,0.965035,0.034965,0.716782,0.283216,0.65035,0.230769,0.505245,0.27972,0.0,0.41562,0.326712,0.0,0.079047,0.034431,0.0,0.203111,0.235413,0.0,0.064838,0.064838,0.15,0.1,0.75,0.0,0.026038,0.026038,0.0,0.0,0.0,"족보, 인버터, 레포트, 쓰는게, 그대로, 컨버터, 시뮬레이션, 필기, 시험은, 원리, 매트랩, 레포트는, 미리, 4개, 느낌을, 내용, 그걸, 가면, 확실히, 뭔가",강의력 좋습니다. 넓게 원리 기반으로 배울 수 있습니다. 아래는 님들 수강신청에 대한 반박입니다. 레포트: 다 알려주고 하는데 머가 어렵죠? 미리미리 쓰면되지 그걸 하루만에 전날밤에 다 쓰려니 버겁죠 미리 쓰면 별거
194,2315600,0.669644731171761,0.5534504122903661,0.9407648085616827,4.703824042808414,20,89,4.78,0.956,0.516854,0.483146,0.938202,0.061798,0.820224,0.179776,0.466292,0.095506,0.4,0.4,0.0,0.095256,0.0667,0.0,0.0,0.0,0.0,0.144016,0.144016,0.0,0.032419,0.032419,0.0,0.0,1.0,0.0,0.0,0.0,0.0,0.0,0.0,"전자기학을, 넘길, 독학해도, 시험, 그래서, 확실하게, 어떻게든, 이번에는, 솔직히, 문제, 어렵진, 높은, 그저, 배울, 공부하면, 위주로, 전에, 예전처럼, 이상임에도, 드문것",자습은 필수 판서는 솔직히 못알아 듣겠슴 학생 부담이 적은 친절한 강의는 맞음 전자기학에 대해서 제대로 배우고 싶었다면 다소 아쉬운 강의이기는 함. 생략한 내용이 굉장히 많음. 시험은 미리 짚어주신 문제+예제만 풀줄
195,487531,0.668601626997497,0.5806067412654212,0.8739230270390076,4.369615135195038,20,208,4.34,0.868,0.824519,0.175481,0.877404,0.122596,0.61298,0.38702,0.317308,0.560096,0.591827,0.180769,0.0,0.0,0.0,0.0,0.475102,0.206943,0.0,0.204708,0.204708,0.0,0.135602,0.135602,0.05,0.0,0.95,0.0,0.0,0.0,0.0,0.305398,0.067217,"판례, 미리미리, 기말, 아예, 사례형, 사실, 썼는데, 귀찮은, 출석, 책이, 좋았습니다, 한번만, 좋습니다, 발표, 분들, 출석도, 우선, 교안도, 다만, 질문도",모두가 만족하는 수업. 1. 날로 먹으려는 고시생-> 한 학기동안 출석 딱 두 번 부름 (=모든 수업 다 빠져도 f 안 받음) 전자출결 없고 호명 하는 날 미리 공지하면 그 날만 가면 됨. 운 나쁘게 발표 걸려도 발
196,991641,0.6684679096974231,0.5985012639841134,0.8317234163618122,4.158617081809061,20,116,4.14,0.828,0.418104,0.581897,0.456897,0.543103,0.801724,0.198276,0.24569,0.556035,0.893534,0.055172,0.0,0.62711,0.484345,0.0,0.0,0.0,0.0,0.140027,0.140027,0.0,0.055124,0.087017,0.1,0.2,0.7,0.0,0.0,0.0,0.012193,0.0,0.012193,"나스트란, 고체역학, 레포트, 실습, 코로나, 나스트란은, 보고서, 기말대체과제, 쓰면, 양식, 없음, 없어서, 실험, 문제풀이, 했음, 이후, 맞춰서, 된다, 풀고, 문제",탈기계하는 입장에서 실습채우기 딱좋다 다른교수님에비해 할거도 적은듯하고 학점도 잘주시는듯
197,43445,0.6682098074321379,0.5706857283925968,0.8957659918577336,4.478829959288668,20,116,4.7,0.94,0.375,0.625,0.935345,0.064655,0.905172,0.094827,0.163793,0.719828,0.421121,0.375862,0.025,0.153304,0.128815,0.0,0.079047,0.034431,0.307906,0.151912,0.236204,0.098911,0.055124,0.087017,0.15,0.0,0.85,0.0,0.026038,0.026038,0.0,0.0,0.0,"받았음, 과제, 기말, 코로나, 항상, 10문제, 다시, 학점을, 좋음, 과제는, 시험때, 중간, 귀찮은, 챕터, 이번에, 필요한, 답을, 하지, 중간중간, 한국어로",친절하게 한국어로 요약설명해주시고 질문도 너무 친절하게 잘 받아주십니다
198,44016,0.6682084067981935,0.551335703670493,0.9409113807628279,4.704556903814139,20,256,4.67,0.934,0.575875,0.424125,0.550584,0.449416,0.846303,0.153696,0.052529,0.844358,0.817316,0.064397,0.0,0.121219,0.08488,0.0,0.2599,0.113206,0.0,0.02652,0.02652,0.0,0.194515,0.194515,0.0,0.0,1.0,0.0,0.212134,0.212134,0.0,0.6,0.132058,"토론, 정보제공스피치, 발표에, 자기소개스피치, 발표, 피드백, 많은, 준비할, 알아서, 실습, 성적, 교차조사, 없다시피하고, 평가지, 교수님이, 학생들, 있음, 수업이, ppt, 실습이",1. 수업 진행 이론 수업 후 실습의 형태를 반복하고 학기초 이론 수업이 다른 발표에 비해 긴편이에요! 출석(10)/중간고사(10)/과제(10)/수업활동(20)/자기소개스피치(10)/정보제공 스피치(15)/토론(25
199,226411,0.6677053478857067,0.5673102778386447,0.9019605113288514,4.5098025566442566,10,50,4.82,0.964,0.53,0.47,0.98,0.02,0.75,0.25,0.12,0.67,0.4,0.4,0.0,0.061321,0.042938,0.0,0.0,0.0,0.088967,0.22829,0.252645,0.0,0.0,0.0,0.1,0.0,0.9,0.0,0.185039,0.185039,0.0,0.0,0.0,"흥미로운, 진정으로, 경제학과, 계량, 설명해주시는데, 아니라, 들으면, 학생들, 변별력이, 시험, 어렵지는, 들어도, 시험을, 수업이었습니다, 들은, 시간이, 열심히, 배우는, 4학년으로서, 꼽는","경제학과 4학년으로서 여태 들은 수업 중 손에 꼽는 좋은 수업이었습니다. 처음엔 노동경제학이라는 분야 자체가 낯설고 생소해서 공부하기 많이 겁났었는데, (심지어 계량 선이수도 안했습니다) 그런데 처음 OT에서 교수님"
200,2748889,0.6672998257799787,0.549638112262607,0.9418438239871797,4.709219119935899,20,75,4.87,0.974,0.54,0.46,0.933333,0.066667,0.786666,0.213334,0.246667,0.419999,0.704667,0.084667,0.0,0.596061,0.417373,0.0,0.0,0.0,0.0,0.054617,0.054617,0.0,0.070236,0.070236,0.0,0.0,1.0,0.0,0.0,0.0,0.0,0.505398,0.111236,"스포츠, 글로벌, 발표, 퀴즈, 스포츠영어, 3번, 과제, 이디엄, 초반에만, 토마스, 쉽고, 읽고, 3분, 찍어서, 최고의, 기사, 한다는, 발표가, 돼서, 1번",1페이지 분량 글쓰기 과제 3번 - 기사 같은 거 읽고 자기 생각 쓰면 돼서 어렵진 않아요 양식도 자유 양식입니다 발표 영상 업로드 1번 - 영상 찍어서 올리면 됩니다 주제는 스포츠 종목에 대해서 설명하는 거였어요 
201,2666945,0.6668461433737085,0.5795049971899364,0.8706421511358435,4.353210755679218,20,75,4.39,0.878,0.573333,0.426667,0.393334,0.606666,0.740001,0.26,0.446667,0.059999,0.698667,0.058667,0.0,0.16133,0.148653,0.0,0.180853,0.078775,0.0,0.164557,0.164557,0.0,0.0,0.0,0.05,0.15,0.8,0.0,0.0,0.0,0.026131,0.206182,0.071511,"백송이, 철학에, 에세이, 교안이, 남들, 철학, 조별과제, 철입은, 여러, 안에만, 한국어로, 대한, 조별, 바꿀, 플립러닝이라, 않는다면, 하지만, 조별과제도, 철학을, 최고의",이 수업의 평점이 4점대인 이유는 1. 예전에는 수업 교안이 영어였음. 2. 교수님이 초임(아마도)이라 운영에 어려움이 있었음. 때문입니다. 그런데 지금은 둘 다 해결된 상태입니다. 정말 5점 그 이상을 드리고 싶어
202,78715,0.6662309243035449,0.5602106694774307,0.9136115188978113,4.568057594489057,20,117,4.44,0.888,0.679487,0.320513,0.940171,0.059829,0.662393,0.337607,0.346154,0.376068,0.444017,0.35,0.0,0.515549,0.360997,0.0,0.0,0.0,0.0,0.211794,0.211794,0.0,0.114838,0.114838,0.0,0.0,1.0,0.0,0.033805,0.033805,0.0,0.0,0.0,"퀴즈, 기말, 웹워크, 한번, 강의력은, 2배속해도, 예제, 없어서, 봅니다, 시험은, 실패해서, 준비해가면, 진행했는데, 시험, 개념만, 퀴즈로, 온라인, 알면, 모르겠는데, 한번에",무조건 들으시길 바랍니다. 저는 수강신청 실패해서 남은 거 찾다가 듣게 됐는데 웹워크가 없어서 수강생 전반적으로 열심히 하지 않는 것 같습니다. 퀴즈 기말 한 번씩 있었는데 모두 평균이 낮았었네요.
203,43830,0.6662109776639262,0.605948428602661,0.8068235921402119,4.034117960701059,20,751,3.98,0.796,0.567244,0.432756,0.95273,0.04727,0.646472,0.353529,0.304261,0.432091,0.550533,0.227963,0.0,0.030661,0.042938,0.0,0.0,0.0,0.0,0.222018,0.287008,0.098911,0.05,0.146731,0.1,0.25,0.65,0.0,0.0,0.0,0.0,0.0,0.0,"클래식, 음악에, 감상문, 감상문은, 음악회, 범위가, 감상문이, 클래식에, 피아노, 중간, 관심, 관심이, 공부할, 많은, 교양다운, 힘들었고, 쌓을, 많으면, 재밌었음, 좋아해서",중간 기말 과제까지 모두 있고 기말은 듣기 평가에 범위도 누적이라 솔직히 꿀강이라고는 못하겠지만 클래식에 관심이 있어 듣기 시작한 과목이라 수업 듣는 동안 행복했습니다. 교수님도 되게 열정적으로 수업하시고 고대 음악
204,2576620,0.6658643423909341,0.5657026528006258,0.8995749514349866,4.497874757174933,20,68,4.74,0.948,0.852941,0.147059,1.0,0.0,0.80147,0.198529,0.5,0.0,0.394118,0.405147,0.0,0.106417,0.074515,0.0,0.0,0.0,0.044483,0.095305,0.13558,0.0,0.13965,0.13965,0.05,0.1,0.85,0.0,0.052075,0.084752,0.0,0.0,0.0,"시험문제도, 퀴즈도, 문제, 한번, 강의력은, 빠르게, 연습문제, 좋으심, 후하게, 주셔서, 강의가, 그대로, 편하게, 화요일쯤, 보통인데, 평이한데, 따라가서, 휴강하고, 2주만에, 달리니까",한학기 동안 만족하면서 들었던 강의. 말씀이 좀 빠르셔서 이해를 못할때가 있었지만 강의력은 좋으심
205,44106,0.6653278307732293,0.5776330733019183,0.8699489315396222,4.3497446576981105,20,119,4.49,0.898,0.595834,0.404167,0.925001,0.075,0.633333,0.366667,0.316667,0.429167,0.379583,0.417083,0.0,0.091982,0.064408,0.0,0.079047,0.034431,0.06073,0.285991,0.302617,0.0,0.16644,0.16644,0.05,0.0,0.95,0.0,0.061355,0.061355,0.0,0.0,0.0,"웹워크, 더듬으셔서, 객관식, 객관식이어서, 틀어만, 기말, 시험은, 평균, 강의는, 중간, 들으세요, 독학, 문제, 말을, 시험도, 평균보다, 학점, 중간기말, 에쁠, 무난하게",세부적으로 잘 가르쳐주십니다. 과제와 시험도 교재 문제 열심히 풀면 좋은 성적 받을수 있습니다.
206,77679,0.6650176839264781,0.5843249700742053,0.8533006829151146,4.266503414575573,20,84,4.02,0.804,0.892857,0.107143,0.982143,0.017857,0.827381,0.17262,0.458333,0.154762,0.454167,0.338095,0.0,0.030661,0.021469,0.0,0.0,0.0,0.621357,0.160552,0.384374,0.0,0.070236,0.070236,0.15,0.15,0.7,0.0,0.0,0.0,0.0,0.0,0.0,"족보, 구하세요, 열심히, 구해서, 족보가, 양자역학이, 망해요, 족보에는, 학점은, 그대로, 중간은, 자체가, 이해가, 기말은, 애초에, 범위, 부분도, 내용, 됩니다, 기말도",중간은 족보구해서 잘쳤고 기말은 족보가 없었지만 열심히 공부하니 좋은 성적을 받았습니다 포기하지말고 개념위주로 공부하면 학점도 후하게 주셔서 괜찮은 것 같아요!
207,2087230,0.6646065147233586,0.5527905879417909,0.9255103438803501,4.627551719401751,20,125,4.77,0.954,0.532,0.468,0.932,0.068,0.828,0.172,0.428,0.184,0.3864,0.4224,0.0,0.267746,0.187481,0.0,0.0,0.0,0.0,0.13671,0.13671,0.0,0.128623,0.128623,0.0,0.05,0.95,0.0,0.058714,0.058714,0.0,0.0,0.0,"필기, 시험, 많아서, 내용이, 설명도, 만점, 오픈북인데, 잘하세요, 매주, 토론, 크게, 시험은, 과제, 편하고, 교안에, 있었는데, 과제는, 미리미리, 있었습니다, 들었습니다",인지 실험 내용이 많아서 나름 강의는 즐겁게 들었습니다. 대신 생각보다 지엽적이고 교안에 설명이 많이 나와 있지 않아서 강의 들으면서 필기를 열심히 하셔야 합니다! 실험 위주로 시험에 나오니까 이 부분만 유의하시면 
208,2576614,0.6643566025930938,0.5483174195795568,0.935114696291347,4.675573481456735,20,140,4.41,0.882,0.478572,0.521429,0.975,0.025,0.792857,0.207144,0.292857,0.285714,0.72,0.034286,0.0,0.409441,0.286699,0.0,0.711423,0.309878,0.0,0.071705,0.071705,0.0,0.102656,0.102656,0.0,0.0,1.0,0.0,0.035318,0.035318,0.0,0.0,0.0,"출석, 끝나고, 실습, 퀴즈, 교수님이, 과제랑, 과목, 도커, 과제, 없습니다, 부담, 배우는데, 출석을, 출석만, 금방, 수업마다, 빡세게, 올려주시는, 시험도, 하지","도커, 쉘 스크립트, 깃 등등을 배우는데 깃 비중이 큰 편입니다. 지금까지 들었던 실습 과목 중에선 수업 난이도나 과제 부담 강도가 가장 낮았고 편했습니다. 저학년이 듣기에도 좋은 실습이라 생각하고, 고학년이 들으면"
209,991003,0.6643228957662151,0.5682602887793354,0.8884689787356007,4.442344893678004,20,1060,4.27,0.854,0.790292,0.209707,0.94722,0.052781,0.741282,0.258718,0.48115,0.150802,0.525778,0.257635,0.0,0.0,0.0,0.0,0.0,0.0,0.0,0.136159,0.136159,0.0,0.373859,0.373859,0.0,0.05,0.95,0.0,0.0,0.026038,0.0,0.0,0.0,"생1, 생2, 서술형, 성적, 공부하니, 생명, 주셔서, 고등학교때, 않음, 상위, 상관없이, 성적도, 공부했는데, 한데, 강의력은, 좋아하면, 기말, 쉽게, 정도, 시험은",중간 정말 망했는데 기말 잘보니까 a 주시네요 성적 잘주심
210,78054,0.6642214271560571,0.5584384224235193,0.9110484381986457,4.555242190993228,20,227,4.3,0.86,0.781939,0.218062,0.726872,0.273128,0.770925,0.229075,0.191629,0.54185,0.442951,0.370265,0.0,0.030661,0.021469,0.0,0.079047,0.034431,0.0,0.111518,0.111518,0.0,0.135075,0.135075,0.0,0.05,0.95,0.0,0.0,0.0,0.0,0.0,0.0,"중국어, 노베면, 유베면, 교수님이, 엄청, 노베는, 책에서, 문장, 않습니다, 단어, 수업이, 좋으시고, 따라가기, 편해요, 걸로, 강추, 본인은, 어려울, 공부하기, 시험도",교수님 발랄하니 귀여우신데 수업이 좀 튀는 경향이 있음 ㅎ.. 중국어 유베라면 추천합니다 화석 고인물이라 구술평가 난감했는데 어차피 남는 사람들 중에서 교수님이 알아서 매칭해주심 상대방이 잘 못해도 본인만 잘하면 되
211,2315717,0.6639332977418007,0.5494805728837572,0.9309896557439021,4.654948278719511,20,212,4.83,0.966,0.436321,0.563679,0.964623,0.035377,0.801887,0.198113,0.415094,0.153303,0.398113,0.401651,0.0,0.091982,0.064408,0.0,0.0,0.0,0.0,0.160229,0.160229,0.0,0.064838,0.064838,0.0,0.0,1.0,0.0,0.026038,0.026038,0.0,0.0,0.0,"타임어택이, 시험, 국제어, 경통, 과제도, 과제는, 교수님이, 타임어택, 공부, 친절하시고, 공부도, 기말은, 몇번, 좋으시고, 편의, 알려주시고, 점수도, 시험도, 친절하게, 중간고사는",중간 평균보다 20점 높고 기말 평균보다 10점 높게 받아서 에제 받았습니다 중간은 중앙값보다 좀 높았고 기말은 딱 중앙값이었던거같아요 과제는 비중이 안 높아서 몇 개 감점당해도 ㄱㅊ습니다 강의 잘 하시고 친절하세요
212,991606,0.6638738381847507,0.5663128454972006,0.8915161544557009,4.457580772278504,20,190,4.54,0.908,0.473685,0.526316,0.905263,0.094737,0.799999,0.199999,0.099999,0.836843,0.39579,0.406316,0.0,0.091982,0.064408,0.0,0.0,0.0,0.0,0.290285,0.318383,0.0,0.170147,0.170147,0.05,0.1,0.85,0.125,0.311087,0.346405,0.0,0.0,0.0,"기말, 피피티, ppt, 교안, 중간, 교안이, 좋은, 퀄이, 문제, 아쉬웠어요, 공부하기에, 상위, 깔끔한, 끝날, 시험은, 잘주심, 시험문제는, 기출, 좋아서, 좋다",교안이 짱짱함. 학점도 비율 맞춰주는 것 같아서 독학하기 좋은 듯!!
213,226710,0.6638239402082413,0.5412500878103181,0.9498295958033958,4.749147979016978,20,83,4.86,0.972,0.76506,0.23494,0.981928,0.018072,0.771084,0.228915,0.277108,0.445783,0.416868,0.380723,0.0,0.125917,0.088169,0.0,0.237141,0.103293,0.0,0.108093,0.108093,0.0,0.12915,0.12915,0.0,0.0,1.0,0.0,0.195541,0.195541,0.0,0.0,0.0,"중간은, 족보를, 타며, 강의력, 영어로, 최고십니다, 같아요, 족보, 기말은, 정도, 강의력이, 시험은, 좋으시고, 엄청, 들으시면, 족보랑, 설명, 이해하기, 좋은, 제일",시험이나 수업과 관련된 생각은 다수의 리뷰랑 같은 생각을 가지고 있으니 따로 적지 않겠다. 수업을 떠나서 교수님이 대단하다고 느낀점이 있는데 15주동안 말을 하시거나 글을 적으실때 잘못 말하시거나 오기하신 적을 단 
214,2087304,0.663744403308711,0.54990655787014,0.9293660426653767,4.646830213326884,16,56,4.79,0.958,0.196429,0.803571,0.919643,0.080357,0.928571,0.071429,0.303571,0.357144,0.752678,0.042857,0.03125,0.3797,0.29271,0.0,0.0,0.0,0.0,0.015222,0.015222,0.0,0.081048,0.081048,0.0625,0.0,0.9375,0.0,0.044147,0.044147,0.0,0.4375,0.096292,"피드백, 콘텐츠를, 기획안, 최종, 금방, 과제, 과제가, 최종기획안도, 기획, 컬텍, 기획하고, 매주, 피드백도, 있어서, 콘텐츠, 싶었던, 발표, 수정하면, 만점, 많은",피드백 한 번도 안받음..중간거 빼고..아이디어 없어서 고생했지만 은근 혼자(조별x) 기획하는게 스트레스 안받고 재밌음!~
215,77565,0.6624759384869419,0.594250304110102,0.8216690853662348,4.108345426831174,20,210,3.93,0.786,0.516667,0.483333,0.954762,0.045238,0.761904,0.238095,0.402381,0.378572,0.618333,0.150476,0.0,0.122643,0.085877,0.0,0.079047,0.034431,0.117995,0.119066,0.151368,0.0,0.208307,0.240726,0.15,0.15,0.7,0.140431,0.0,0.039678,0.0,0.0,0.0,"경제, 기말, 공부량, 미리미리, 풀고, 종이에, 해두시면, 한방으로, 전부, 추천드립니다, 받았습니다, 같아요, 시간, 성적은, 때마다, 주시는, 과제, 교수님이, 연습문제, 같아서",강의가 조금 어렵긴 한데 열심히 따라가면 들을만 해요 교수님이 수업 도중 화장실가는 거 정말 싫어하셔요
216,103642,0.6623823269850093,0.5342308464907586,0.961402448138261,4.807012240691305,20,132,4.81,0.962,0.863636,0.136363,0.977272,0.022728,0.878788,0.121213,0.488637,0.28788,0.317803,0.471212,0.0,0.030661,0.021469,0.0,0.0,0.0,0.0,0.053159,0.053159,0.0,0.087017,0.087017,0.0,0.05,0.95,0.0,0.099158,0.125196,0.0,0.0,0.0,"설명해, 시험도, 반복적으로, 학점도, 높은, 친절하게, 개념, 강의입니다, 설명, 주셔서, 중요한, 이해가, 매너, 확정임, 인자하심, 잘봐주, 개념설명을, 최고의강의, 잘쥬심, 전달해주시는",확실히 매너 좋으신 교수님. 열심히만 하면 에이플 확정임
217,1328964,0.6602187670378785,0.6137254249739206,0.7687032318537805,3.8435161592689027,20,188,3.39,0.678,0.962567,0.037433,0.96524,0.034759,0.719251,0.280748,0.459893,0.197861,0.675936,0.093048,0.0,0.0,0.0,0.0,0.0,0.0,0.246992,0.089977,0.183527,0.0,0.125361,0.125361,0.35,0.1,0.55,0.0,0.0,0.0,0.0,0.055398,0.012193,"시험, 치팅, 페이퍼, 스터디, 모든게, 기말, 공부는, 열심히, 제대로, 양이, 없이, 죽창, 되면서도, 떨립니다, 결정돼서, 추천으려요, 방인, 두렵습니다, 좋을듯요, 경영학은",그냥 공부는 치팅 페이퍼 만드는데 3시간 들고 30분정도 읽고갔는데 에이플 나옴 학점미화완료
218,2249828,0.6597507315010476,0.5853387225991574,0.8333787522721244,4.1668937613606225,20,99,4.1,0.82,0.818182,0.181818,0.954546,0.045455,0.757576,0.242424,0.373737,0.429293,0.469697,0.323232,0.0,0.064595,0.045231,0.0,0.180853,0.078775,0.088967,0.110059,0.195182,0.0,0.070236,0.102129,0.2,0.1,0.7,0.119647,0.0,0.067611,0.0,0.05,0.011005,"법학, 판례를, 변시, 따라, 과목을, 많은, 판례, 경제학과, 사례형, 어렵다는, 수업이, 답안을, 내용, 수업을, 다른, 않습니다, 가장, 벅차게, 경제법, 수강하신다면","강의계획서에 기재된 '법학을 처음 접하는 학생도 쉽게 들을 수 있는 강의', '학점은 잘 받을 수 있음' 등의 문구를 보고 꿀을 빨 수 있겠다 싶어 수강했습니다. 결론적으로, 이번 학기 중 가장 많은 노력을 들였습니"
219,990497,0.6594715344594702,0.5736740588885838,0.8596656441248717,4.2983282206243585,15,55,4.25,0.85,0.727272,0.272727,0.963637,0.036363,0.654545,0.345454,0.036364,0.963636,0.75,0.036364,0.033333,0.244744,0.2,0.0,0.557325,0.288665,0.0,0.160319,0.160319,0.413519,0.188,0.321333,0.066667,0.133333,0.8,0.0,0.0,0.0,0.0,0.1655,0.036426,"요가, 동작, 스트레칭, 하고, 출석, 1학점, 맞춰서, 운동, 요가를, 노래에, 동작을, 교수님이, 몸이, 빠지고, 레포트, 중간은, 주제는, 가벼운, 세세하게, 외워서",아주 좋은 수업입니다~ 아침 수업이라서 가서 할 때 잘 수 있습니다 ㅋㅋ
220,354776,0.6593813941820001,0.5363653853642517,0.9464187480900796,4.732093740450399,20,823,4.77,0.954,0.530984,0.469016,0.493316,0.506682,0.861482,0.138518,0.072904,0.856015,0.62904,0.155164,0.0,0.0,0.0,0.0,0.079047,0.034431,0.0,0.042902,0.042902,0.0,0.038344,0.038344,0.0,0.0,1.0,0.0,0.035318,0.035318,0.0,0.068727,0.015127,"온라인, 오프라인, 성논, 무조건, 주차과제, 성적도, 들으세요, 토론도, 역시, goat, 착하시고, 부담도, 생각, 글쓰기, 편하게, 부담이, 주차학습이, 반인, 오래됐지만, 써봅니다",온라인 수업이 많아서 부담이 적고 교수님이 너무 좋으세요!
221,78491,0.6590423226542185,0.62101862010526,0.747764295268455,3.738821476342275,10,50,3.74,0.748,0.51,0.49,0.86,0.14,0.68,0.32,0.23,0.51,0.706,0.136,0.0,0.0,0.0,0.0,0.0,0.068862,0.088967,0.384459,0.408814,0.0,0.0,0.0,0.2,0.3,0.5,0.184308,0.0,0.052075,0.066029,0.310795,0.134434,"편한, 국문학과, 좋아하십니다, 수업에, 발표로, 부르시고, 교수님의, 것으로, 수업입니다, 나올지, 들을, 차라리, 그나마, 아무것도, 질문을, 하시는데, 때는, 딱히, 없어요, 내가","국문학과 수업중에는 그래도 그나마 널널한 수업에 속하지 않을까 생각합니다. 그냥 이번 학기 너무 빡세겠다, 내가 고전을 그래도 싫어하진 않는다, 하시는 분들이 들으시면 적당합니다. 물론 다른 분들이 말씀하시는 것처럼"
222,44570,0.6585745606698075,0.5609432824472523,0.8863808765224361,4.4319043826121804,20,134,4.36,0.872,0.589552,0.410447,0.470149,0.529851,0.843283,0.156716,0.205224,0.541045,0.439179,0.355224,0.0,0.122643,0.107346,0.0,0.0,0.0,0.149696,0.150693,0.191674,0.0,0.141,0.141,0.05,0.1,0.85,0.0,0.034285,0.034285,0.0,0.0,0.0,"분석하고, 2페이지, 과제, 격주로, 학생들이랑, 추천하는, 학생들, 내면, 편이고, 문제, 팀플도, 시험, 늦게, 다만, 과제도, 전체적으로, 간단한, 코로나, 쉬운, 과제가",조직설계? = 서문교.. 학생들 편의도 많이 봐주시고.. 과제도 힘들지 않습니다.
223,2576496,0.6581184896793915,0.5472841043408788,0.9167320554692541,4.5836602773462705,19,59,4.9,0.98,0.720339,0.279661,0.627118,0.372881,0.889831,0.11017,0.076271,0.720338,0.429661,0.366102,0.0,0.064549,0.045198,0.0,0.0,0.0,0.0,0.068035,0.127188,0.0,0.137982,0.137982,0.0,0.105263,0.894737,0.0,0.041766,0.041766,0.0,0.110945,0.024419,"사학과, 미디어, 중국, 어렵지, 교안을, 들을, 교수님께서, 과제도, 다만, 느낌, 교수님이, 사담이, 편하게, 배우는, 부담, 지엽적으로, 나오니, 수업을, 없었고, 시험도","지금까지 이런 사학과 교수는 없었다! 별점 5점! 일단 재밌고, 재밌는 와중에 이상한 말씀 안 하심.ㅋㅋㅋㅋㅋㅋ 지금까지의 교수님들 중 가장 소통 많이 하시려는 것 같다"
224,1937066,0.6577145523913992,0.541940735864643,0.9278534576204971,4.639267288102485,20,75,4.77,0.954,0.633333,0.366667,0.946667,0.053333,0.806666,0.193333,0.219999,0.580001,0.426666,0.373333,0.0,0.061321,0.042938,0.0,0.0,0.0,0.0,0.084755,0.084755,0.0,0.119436,0.151328,0.0,0.05,0.95,0.0,0.026038,0.026038,0.0,0.0,0.0,"물리, 엇학기로, 목소리가, 열심히, 잘받아주심, 노베라, 작아서, 예제만, 하시는, 독학하기, 귀여우심, 나머지, 걱정, 똑같이, 수업을, 예제, 질문, 들었는데, 좋았어요, 작으시긴","교수님이 수업 준비 열심히 하시는 게 느껴졌다. 목소리가 조금 작으시긴 하지만 크게 신경 쓰이진 않았고, 강의평가에 이런 내용 있는 거 확인하시고 목소리를 크게 하려고 신경쓰셨던 것 같다. 수업은 물리 공부를 하는데"
225,990210,0.6574842119895963,0.6122056639353574,0.7631341574494871,3.8156707872474356,20,83,3.72,0.744,0.584337,0.415663,0.759036,0.240964,0.710843,0.289156,0.126506,0.716867,0.842169,0.028916,0.0,0.030661,0.021469,0.0,0.0,0.0,0.052389,0.166722,0.193241,0.0,0.234274,0.266167,0.2,0.25,0.55,0.119647,0.130479,0.19809,0.02201,0.260795,0.101419,"미디어, 내용이, 발표, 문학, 중간고사, 중간, 실시간, 생각하고, 놀았어요, 문학미디어를, 있는, 노트북으로, 난해한데, 나는, 게임, 좋은, 난해한, 열심히, 끝임, 난해함",강의력이 똥망이라고...? 전혀 아닌 듯 오히려 존나 난해한데 강의력 덕분에 겨우 이해정돈 가능함 근데 내용이 너무 난해해서 난해한거 싫어하는 사람은 사망하는 아름다운 과목 나는 난해한거 너무 좋아해서 득을 많이 봤
226,2576565,0.657360552835544,0.5329989763607794,0.9475375646099948,4.737687823049974,20,82,4.61,0.922,0.548781,0.451219,0.993903,0.006097,0.853658,0.146342,0.451219,0.060976,0.4,0.4,0.0,0.190512,0.178631,0.0,0.0,0.0,0.0,0.088574,0.088574,0.0,0.064838,0.064838,0.0,0.05,0.95,0.0,0.118557,0.118557,0.0,0.0,0.0,"강의력이, 문제풀이, 어려워해서, 과목, 내용이, 어렵고, 시험도, 자체가, 양이, 않습니다, 이후에, 힘들었는데, 연습, 족보는, 열심히, 많고, 별개로, 좋으시고, 따라, 문제",그는 한 마리의 자유로운 말. 초원을 달리는 말은 바람의 목소리에 귀기울이지 않는다. 그는 시간에 얽매이지도 않는다. 말이 달리는 시간은 시간이 정하지 않는다. 말은 자신이 정한 시간으로 바람을 이끈다. 광활한 그곳
227,77911,0.6572247755768597,0.5467972533915413,0.9148889940092695,4.574444970046347,20,242,4.37,0.874,0.767634,0.232366,0.96888,0.03112,0.676348,0.323651,0.284232,0.406639,0.412241,0.388382,0.0,0.0,0.0,0.0,0.0,0.0,0.0,0.151912,0.151912,0.0,0.070763,0.070763,0.0,0.0,1.0,0.0,0.0,0.0,0.0,0.0,0.0,"리트, 피셋, 리트나, psat, 문제를, 처음, 홍지호, 쉬운, 문제입니다, 됩니다, 하셨고, 나고, 아주, 최고십니다, 그래도, 않습니다, 듣는, 분들도, 문제만, 크게",홍지호 교수님은 항상 귀여우십니다 중간 기말 둘다 30점만 넘으시면 넘으시면 에이쁠 주셔요 화이링
228,1688564,0.6567343463732518,0.5545834110305456,0.8950865288395663,4.475432644197832,20,164,4.33,0.866,0.731707,0.268292,0.673781,0.326219,0.844512,0.155488,0.338414,0.314024,0.495123,0.293903,0.0,0.180382,0.157883,0.0,0.0,0.0,0.129843,0.078386,0.113932,0.32379,0.063785,0.20653,0.1,0.2,0.7,0.0,0.026038,0.026038,0.0,0.0,0.0,"퀴즈가, 매주, 발음, 알아듣기, 영어, 퀴즈, 동양사상, 생윤, 않아요, 강의를, 한번, 않고, 굉장히, 있어서, 있는데, 실시간, 열정, 엄청, 시험, 본인",진짜 대학다운 강의임. 강의력이 매우 좋으신 편
229,990994,0.656710525799943,0.5757702999635297,0.8455710527515746,4.227855263757873,20,688,4.42,0.884,0.627907,0.372093,0.953488,0.046511,0.669331,0.330669,0.481831,0.153342,0.691933,0.067297,0.0,0.0,0.0,0.0,0.079047,0.034431,0.0,0.105871,0.150351,0.255614,0.135075,0.217494,0.05,0.2,0.75,0.0,0.0,0.0,0.0,0.0,0.0,"그리스, 로마, 기말, 재미있게, 신화에, 몰빵, 어떻게, 논술형, 족보, 기준이, 부담없이, 성적, 같아요, 쓰는, 성적이, 들었습니다, 듣기, 있지만, 메주, 애매",그냥 학점 랜덤으로 줍니다. 시험은 그냥 서사읽고 글쓰기입니다.
230,2087320,0.6567090300104588,0.5595185180478804,0.8834868912564748,4.417434456282374,20,64,4.56,0.912,0.382812,0.617188,0.945312,0.054688,0.75,0.25,0.226562,0.539062,0.751563,0.05625,0.03677,0.380572,0.29806,0.21858,0.079047,0.089279,0.0,0.081541,0.081541,0.0,0.179344,0.179344,0.05,0.0,0.95,0.0,0.0,0.0,0.0,0.277173,0.061005,"실습, 마지막, 뭔가, 과제, 매우, 프로젝트, 빼고는, mvvm, 플러터, 퀴즈, 주차과제는, 이슈가, 디자인, 프로젝트는, 만족, 내용들이, 만드는, 일이, 없어서, 열심히","중간때 퀴즈 하나 빼고는 다른 시험은 없었습니다. 근데 퀴즈가 이번 학기에는 전체 성적 중 20프로고, 수업 열심히 듣고 교안을 좀 꼼꼼히 봐야할겁니다. 과제는 총 3번 있었는데 마지막 3번째 과제가 기말 프로젝트 "
231,105714,0.6563395726315233,0.5642766122407441,0.8711531468766751,4.355765734383375,20,89,3.89,0.778,0.55618,0.44382,0.94382,0.05618,0.567416,0.432584,0.455056,0.185393,0.686517,0.085393,0.0,0.521233,0.386446,0.0,0.079047,0.034431,0.0,0.204843,0.218598,0.0,0.223946,0.223946,0.0,0.05,0.95,0.0,0.09564,0.09564,0.0,0.0,0.0,"읽기자료, 과제, 영어, 읽고, 시험은, 온라인, 행동경제학, 지문이, 2개, 생각보다, 같아요, 밀리고, 형식의, 직접, 강의인데, 시험, 길고, 마케팅, 중간대체, 듣는데",일단 교수님이 수업에 딱히 관심이 있어 보이시지는 않아요 근데 만약 본인이 그냥 거저먹고 싶다면 듣는 걸 추천드립니다 아직 기말은 안봤지만 아직까지 제가 딱히 한 것도 없는 것 같아요
232,1937036,0.6552523929234308,0.558072928522936,0.8820044765245856,4.410022382622928,20,164,4.27,0.854,0.646341,0.353658,0.597561,0.40244,0.829268,0.170732,0.094512,0.829269,0.707927,0.0875,0.0,0.0,0.0,0.0,0.079047,0.034431,0.0,0.028684,0.028684,0.0,0.224827,0.289138,0.0,0.2,0.8,0.0,0.0,0.0,0.0,0.205398,0.056212,"스피치, 토론, 발표, 학점미화됨, 평가기준이, 학점, 한번, 수업시간에, 받기, 특성상, 성적, 하셔서, 정치얘기도, 언급할때, 참고해야지, 같에요, 딴짓만해서, 안좋았습니다, 조곤조곤한, 모호하다고는",애초에 배워가는게 없는 과목이라는 특성상 최고의 교수님 니가 수업시간에 뭘하든 신경안쓰심 (대신 수업 안하고 딴소리 많이하심. 근데 어짜피 수업해도 안들을거잖아) 자기소개 스피치 3분 설득스피치 5분 팀플 토론 1회
233,1612277,0.6549261789648129,0.539171698956596,0.9250199656506525,4.625099828253262,20,193,4.85,0.97,0.624352,0.375647,0.857513,0.142487,0.870466,0.129533,0.044042,0.911917,0.490155,0.319171,0.0,0.243495,0.170499,0.0,0.0,0.0,0.0,0.063053,0.063053,0.0,0.33594,0.33594,0.0,0.0,1.0,0.0,0.033805,0.033805,0.0,0.0,0.0,"받는게, 항상, 직배로, 받기, 수업시간에, 절대평가식으로, 됩니다, 시험도, 과제, 글쓰기, 에이플, 적고, 수업만, 꼼꼼하게, 에쁠, 않음, 열심히, 하는데, 좋음, 좋으십니다",천천히 잘 설명해주시고 본인은 영어를 잘 못하지만 이해 못한 것은 거의 없었음. 과제 역시 수업만 잘 듣는 다면 충분함
234,1688585,0.6548571288599652,0.5312000786662358,0.943390245978667,4.716951229893335,14,54,4.8,0.96,0.546296,0.453704,0.953703,0.046296,0.907407,0.092592,0.268518,0.444445,0.4,0.4,0.0,0.131403,0.092011,0.0,0.0,0.0,0.0,0.05219,0.05219,0.0,0.045561,0.045561,0.0,0.071429,0.928571,0.0,0.046681,0.046681,0.0,0.0,0.0,"오셔서, 과제는, 수업시간에, 교수님이, 혜자가, 예아, 신사적인, 같으시면, 느끼시다, 그날에, 수업끝입니다, 두번째시간은, 수업시간안에, 충분하니, 마무리하면, 킹계원, 빛계원, 묻지말고, 들어라고, 말할수있는",예아~ 교수님 최고 정말 기분 좋은 수업이였어요
235,44052,0.6541675844138257,0.5358528946067526,0.9302351939636632,4.651175969818316,20,251,4.84,0.968,0.549801,0.450199,0.800796,0.199204,0.874502,0.125498,0.027889,0.938247,0.411752,0.378884,0.0,0.262008,0.183463,0.0,0.193004,0.084068,0.0,0.09808,0.09808,0.0,0.064838,0.064838,0.0,0.05,0.95,0.0,0.0,0.0,0.0,0.0,0.0,"끝내주시고, 친절하시고, 퀴즈, 교수님이, 일찍, 후하게, 거의, 유익해요, 글쓰기, 착하고, 족보, 감점, 좋아요, 엄청, 빨리, 매우, 받음, 좋으신, 성적을, 좋음",꿀강입니다. 영쓰 교수님들 중에서도 성적을 매우 후하게 주는 편인 것 같아요. 다만 퀴즈랑 중간고사 성적 평균이 매우 높아서 수업시간에 알려준 큰 실수를 하지 않도록 꼭 주의하세요. 퀴즈1 23/23 (평균 20.1
236,491020,0.653906986436906,0.5447198285888266,0.9086770214157581,4.543385107078791,19,59,4.24,0.848,0.923729,0.076271,0.957627,0.042373,0.728814,0.271187,0.432203,0.406779,0.44661,0.349152,0.0,0.064549,0.045198,0.144435,0.083207,0.072486,0.0,0.082512,0.082512,0.0,0.033571,0.033571,0.105263,0.0,0.894737,0.131579,0.073266,0.110443,0.0,0.0,0.0,"없어서, 생2, 독학하기, 모르겠으나, 안됩니다, 과제도, 피피티, 코로나, 계속, 독학으로는, 한글판, 오프라인에선, 찍어놓고, 생1을, 7년이, a가져갔습니다, 했었어서, 영어표현외우면서, 모르겠네유, ppt만하면",A+ B+ 모두 꽉 채워서 주시고 오프라인 강의인데 코로나 때문에 오프라인 한번도 안하고 아캠으로 수업 들었어요 독학으로는 꿀인 교수님
237,1937146,0.653839052945903,0.5805310243209443,0.8248911197374736,4.124455598687368,18,58,3.98,0.796,0.62931,0.37069,0.974138,0.025862,0.905172,0.094827,0.5,0.068966,0.731897,0.02069,0.105305,0.034067,0.184744,0.152459,0.212318,0.130737,0.403192,0.097709,0.331476,0.219802,0.071457,0.220955,0.277778,0.277778,0.444444,0.128501,0.117955,0.19057,0.055556,0.168276,0.166667,"프로젝트, 파라미터, 딥러닝이, 딥러닝, cnn, 모델, 공부한, 내용을, 그나마, 실습코드, 설명하기, 딥러닝에, lstm, 프로젝트만, 개수, 기말, 감독, 혼자, 수업을, 수학적으로",프로젝트만 잘하면 됨 시험은 교재 실습코드 암기이고
238,43955,0.6534848439749603,0.5447126132718636,0.9072867156155197,4.536433578077598,20,88,4.49,0.898,0.647728,0.352273,0.460227,0.539773,0.806818,0.193182,0.301137,0.4375,0.565341,0.227273,0.0,0.030661,0.085877,0.0,0.0,0.0,0.0,0.091795,0.091795,0.0,0.031892,0.031892,0.0,0.15,0.85,0.0,0.094607,0.094607,0.0,0.279522,0.083532,"영어, 좋은, 매주, 있었는데, 생각, 하셔서, 이상적인, 탓에, 교수님께서, 영어로, 팀별로, 과제는, 교수님이, 부담이, 국제어라, 토론, 교수님의, 온라인, 잘하시면, 시간",교수님 정말 좋으심. 이번 학기는 실강으로 했는데 그 수업시간이 매우 편하게 느껴질정도. 조원들과 매주 영어로 토론해야 했는데 별로 부담감 없었음. 발표도 개론서 내용 그대로 요약하는 정도라 부담감 없었음.
239,2010032,0.653116026597283,0.5267335298566281,0.9480085189921442,4.7400425949607214,20,132,4.68,0.936,0.416667,0.583333,0.833333,0.166667,0.818182,0.181818,0.056818,0.757576,0.688636,0.071212,0.0,0.183964,0.128815,0.0,0.0,0.0,0.0,0.012178,0.012178,0.0,0.0,0.0,0.0,0.0,1.0,0.0,0.052075,0.052075,0.0,0.0,0.0,"글쓰기, 교수님의, 친절하시고, 조은정, 피드백도, 하나하나가, 말곤, 해주시고, 과제, 재밌게, 과제가, 글쓰는, 좋은, 중간고사, 없는, 수업도, 수강신청, 않을, 대학, 바탕으로",조은정 교수님은 그저 빛입니다. 대학 들어와 들은 강의 중 가장 의미있었고 등록금이 아깝지 않은 최고의 강의였습니다. 출석은 전자출결과 직접호명이 섞여 있습니다. 매수업시간마다 강의자료를 통해 자세한 수업을 진행하시
240,2454916,0.6530057088805388,0.5713764508538034,0.843473977609588,4.21736988804794,20,68,4.35,0.87,0.867647,0.132353,0.985294,0.014706,0.757352,0.242648,0.404412,0.125,0.4,0.4,0.0,0.242071,0.169503,0.0,0.0,0.0,0.13345,0.130673,0.261346,0.0,0.097257,0.12915,0.1,0.2,0.7,0.0,0.0,0.0,0.0,0.0,0.0,"인도식, 시험, 알려주셔서, 발음이, 인도, 처음엔, 그대로, 발음, 카훗, 알아듣기, a4용지, 바뀌는, 빼놓지, 점수, 알려주세요, 외우는거, 했지만, 같다, 누가누가, 문제를",교수님이 매우 친절하심. 영어발음을 가지고 점수를 낮게 주는 건 본인들의 영어실력이 부족한 게 아닌지? 물론 처음엔 인도식 발음을 알아듣기가 어려웠으나 인도에서 쓰는 영어도 영어고 필리핀에서 쓰는 영어도 영어고 영국
241,2454968,0.6527645649347453,0.522478169142087,0.9567661551176146,4.783830775588073,20,125,4.77,0.954,0.748,0.252,0.984,0.016,0.788,0.212,0.416,0.176,0.4,0.4,0.0,0.0,0.0,0.0,0.0,0.0,0.0,0.076396,0.076396,0.0,0.096204,0.096204,0.0,0.0,1.0,0.0,0.17224,0.17224,0.0,0.0,0.0,"자체가, 좋으시고, 강의력, 전자회로, 회로이론, 회로, 나오는, 교안, 받을, 먼저, 쉬움, 내용, 교안도, 다른, 좋으셔서, 해주십니다, 과제가, 약간, 이해하기, 꼼꼼히",무난무난 플립러닝 말고 오프라인으로 수업했으면 난 더 좋을것 같은데 이해 중심 수업이라 너무 좋타 수업듣기 편한 교수님
242,1937215,0.6524466000305081,0.5766959500399109,0.8291981166752352,4.145990583376176,20,88,4.55,0.91,0.528409,0.471591,0.954545,0.045455,0.693182,0.306819,0.090909,0.767046,0.510795,0.275,0.0,0.091982,0.064408,0.0,0.101806,0.044344,0.0,0.159928,0.159928,0.0,0.103182,0.103182,0.05,0.2,0.75,0.0,0.059843,0.059843,0.0,0.0,0.0,"고전, 읽어야, 교수님이, 많아요, 들은, 텍스트가, 영문과에서, 말씀해주시는데, 고전을, 그리스, 로마, 내용, 텍스트를, 넘치시는, 시간이, 빡세요, 수업시간에, 흥미로운, 수업입니다, 많아서","막학기에 이 수업을 들었습니다. 학교 다니면서 들은 수업들중 최고의 수업을 하나만 뽑으라고 한다면 한치의 망설임도 없이 이 수업을 뽑을겁니다. 그냥 인생을 살아가는 것에 대해 겁도 많았고, 모든게 모호했는데, 이 수"
243,2377000,0.6521499370390822,0.5323059219536679,0.9317859722383823,4.658929861191911,20,99,4.3,0.86,0.439394,0.560606,0.954546,0.045455,0.838384,0.161616,0.449495,0.09596,0.431818,0.363636,0.0,0.091982,0.064408,0.0,0.0,0.0,0.0,0.103545,0.103545,0.0,0.031892,0.031892,0.0,0.05,0.95,0.0,0.039678,0.039678,0.0,0.055398,0.012193,"학점을, 미리, 없지만, 파이썬을, 후하게, 나갈, 끝내고, 집에, 파이썬, 솔직히, 공부해야, 있어서, 실습, 먼저, 수업은, 족보를, 빨리, 매주, 학점이, 같아요",기초적인 파이썬을 배울 수 있어요 교수님께서도 파이썬을 처음 해 보는 사람을 고려해서 수업하신다네요 이번 학기 기준으로는 기말고사로 성적이 거의 결정됐고 클로즈북으로 직접 손으로 코드를 써야 했어요 매주 오프라인에서
244,2315615,0.6519356569325867,0.5337594841075344,0.9276800601910424,4.638400300955212,8,48,4.69,0.938,0.5,0.5,0.229166,0.770833,0.802083,0.197916,0.208333,0.437499,0.705208,0.054166,0.0,0.280718,0.196564,0.0,0.0,0.0,0.0,0.131132,0.131132,0.0,0.175591,0.175591,0.0,0.0,1.0,0.0,0.065094,0.065094,0.0,0.956628,0.21055,"팀플도, 심리학과, 다들, 팀플, 실험, 과제도, 개인, 조별, 전공, 시험을, 주시고, 갓다은, 1페이지라서, 아기들도, 가꿈씩, 참여해줘서, 지나감, 장이고, 과투입, 11월",강의 내용 자체도 흥미롭고 교수님 강의력 좋고 귀여우심! 실험 진행하는 팀플 있는데 어렵지 않았고 학점도 잘 주셨음 평소에 레포트 과제도 간혹 있는데 그것도 워드 1페이지라서 부담 없음! 교수님 아기들도 가꿈씩 영상
245,108868,0.6511958067493708,0.5330951607879912,0.9267639806592566,4.633819903296283,20,195,4.41,0.882,0.589744,0.410257,0.794871,0.205128,0.764103,0.235897,0.115384,0.75641,0.424359,0.373077,0.0,0.507031,0.355033,0.0,0.0,0.0,0.191602,0.161462,0.213915,0.0,0.032419,0.032419,0.05,0.0,0.95,0.0,0.133805,0.133805,0.0,0.1,0.02201,"심리학, 보고서, 입문, 적절한, 중간, 싶어서, 말고는, 내용도, 기말, 써야, 있는데, 봤는데, 듣지, 딱히, 쓰는, 좋은, 나와서, 나오는, 없습니다, 참여해야하는","교수님 좋음 ,, 근데 시험 잘 봤는데 과제 대충했다가 비쁠받음"
246,2377174,0.6505842735284414,0.5417754896964957,0.9044714358029815,4.522357179014907,20,93,4.71,0.942,0.290322,0.709677,0.935484,0.064516,0.795699,0.204301,0.005377,0.978495,0.60914,0.162904,0.0,0.177556,0.124328,0.0,0.0,0.0,0.0,0.097762,0.097762,0.0,0.064312,0.064312,0.0,0.05,0.95,0.0,0.0,0.0,0.0,0.0,0.0,"글쓰기, 교수님이, 과제가, 언매, 추천합니다, 교수님께서, 좋아하는, 거리도, 있는, 글을, 좋은, 있어서, 학생들을, 글쓰기의, 쪽지시험, 한명한명, 부담이, 느껴졌습니다, 글쓰기에, 글쓰기를","1. 글쓰기 실력을 키우고 싶은 사람 2. 사유하는 것을 좋아하는 사람 3. 언매 잘하는 사람 에게 추천합니다. 평소에 수업 열심히 듣고, 교수님이 던지시는 질문에 대한 자기 의견 정리해놓으면 시험 볼 때 따로 준비"
247,42413,0.6503684843180383,0.5601036764563823,0.8609863693285692,4.304931846642846,20,72,4.33,0.866,0.208334,0.791666,0.972222,0.027778,0.694445,0.305555,0.430556,0.180556,0.700694,0.054861,0.0,0.122643,0.171754,0.0,0.0,0.0,0.0,0.151492,0.207687,0.0,0.063785,0.096204,0.0,0.15,0.85,0.0,0.0,0.0,0.0,0.151449,0.05,"보드, 갈림, 과제, 조교님들, 기말, 프로젝트, 스켈레톤, 과제에, 기말시험까지, 보드에, 중간, 복불복이, 23, 코드가, 난이도가, 프로젝트에, 그만큼, 투자한, 소통을, 나옴",이 강의는 23-1학기 전 후로 완전히 다른 수업일 것이다. 왜냐하면 '그'가 이번 학기를 끝으로 졸업을 하시기 때문이다. 강의를 잘 하는가? -> O 소통을 잘 하는가? -> O 목소리가 감미로운가? -> O 교수
248,2377240,0.6496408444292914,0.5480816449434769,0.886612309896192,4.43306154948096,12,52,4.33,0.866,0.394231,0.605769,0.221154,0.778846,0.826924,0.173077,0.35577,0.403846,0.976923,0.015385,0.0,0.0,0.0,0.0,0.0,0.0,0.0,0.0,0.0,0.0,0.0,0.0,0.083333,0.0,0.916667,0.0,0.0,0.0,0.0,0.0,0.0,"줄리, 유익한, 고마워요, 덕분에, 재밌었습니다, 한학기동안, 사람들, 많지만, 있었습니다, 알게되용, 친절하시, 혁신적이고, 싶다먼, 알겠다, 다이얼, 써클에, 지레, 도망가려했으나, 해보자, 라며",재밌고 멋진 사람들을 만나는 것과 유익한 수업 내용의 시너지
249,1688730,0.6491704560108438,0.5913156149826495,0.7841650850766306,3.9208254253831534,20,65,4.2,0.84,0.438461,0.561538,0.492308,0.507692,0.684615,0.315385,0.261539,0.453846,0.85,0.073077,0.0,0.23493,0.164503,0.0,0.0,0.0,0.0,0.134581,0.146759,0.0,0.064312,0.096204,0.05,0.35,0.6,0.0,0.067611,0.067611,0.0,0.186519,0.053245,"영어, 과제에, 국제어, 대한, 영어를, 코로나, 팀플이, 모호하고, 아예, 맞는지, 다만, 이해가, 받지, 팀플을, 보지, 팀플, 잘하십니다, 없어서, 만족스러운, 들을",텍스트에 집중하고 과제만 텍스트 기반하여 잘 제출하면 에쁠나옵니다 :)
250,2377192,0.6485269315874509,0.5185211657996739,0.9518737184255973,4.759368592127987,20,62,4.92,0.984,0.790322,0.209677,0.975807,0.024193,0.798387,0.201613,0.314516,0.322581,0.399194,0.399194,0.0,0.122643,0.085877,0.0,0.0,0.0,0.0,0.048711,0.048711,0.0,0.032419,0.032419,0.0,0.0,1.0,0.0,0.0,0.0,0.0,0.055398,0.012193,"실무적인, 기자, 것들을, 1교시라는, 언론, 실무, 경력이, 나오고, 뉴스, 얻어가는, 금요일, 배울, 경험을, 기사, 교수님이, 분이라, 단점은, 많고, 것도, 듣고",아침수업이 좀 빡세긴 하지만 교수님도 어느정도 이해해주시고 얻어가는 것도 많고 한 학기에 한번 현장에 계신분이 와서 강의하는데 정말 좋습니다! 피피티는 많지만 대충 시험 나올거 같은게 나오고 기말은 좀 기사 써본 사
251,2576323,0.6485220315926885,0.5146304038352432,0.9609358296933942,4.804679148466971,20,100,4.94,0.988,0.785,0.215,0.63,0.37,0.85,0.15,0.355,0.21,0.4095,0.392,0.0,0.164738,0.115353,0.0,0.0,0.0,0.0,0.053159,0.053159,0.0,0.032419,0.032419,0.0,0.0,1.0,0.0,0.0,0.0,0.0,0.105398,0.023198,"교수님이, 깔끔하고, 학생들, 보고서, 성적도, 봐주십니다, 들을, 이유가, 편의를, 아닌, 적당히, 없어요, 주시고, 아니라, 부담, 추천, 유악하고, 수능형식으로, 질로, 관대함과",모든 대학강의가ㅜ이런식이었다면 참 좋았을텐데요.. 유도리는 있으나 절대 대충하는 느낌은 아닌.. 무맥락으로 깐깐한게 아니라 할건하고 봐줄건 봐쥬는 느낌 넘 조아요 재밌어요
252,2249283,0.648517110028423,0.5348805868271681,0.9136689974980182,4.568344987490091,7,47,4.77,0.954,0.478723,0.521276,0.882978,0.117022,0.829787,0.170213,0.085107,0.829788,0.755319,0.0,0.0,0.087602,0.061341,0.0,0.0,0.0,0.0,0.0,0.0,0.0,0.0,0.0,0.0,0.142857,0.857143,0.0,0.074393,0.074393,0.0,0.767792,0.168988,"주제나, 배울, 개인발표, 마찬가지로, 과제가, 개인과제, 친절하시고, 가지, 이해도, 발표, 있었던, 다소, 피드백도, 있어, 시간을, 피드백, 주셔서, 되고, 보고서나, 방식이지만","강의평가가 몇 개 없으니까 자세하게 적음. 참고로 본인은 A+이라서 약간의 학점미화가 있다고 생각함. [평가] -개인과제, 개인발표, 조별발표, 기말고사가 모두 있음. (이건 바뀔 가능성이 있어 보임.) -개인과제,"
253,43510,0.6484787667669502,0.5199328697053563,0.9484191932440025,4.742095966220012,20,88,4.92,0.984,0.772727,0.227273,0.965909,0.034092,0.863636,0.136363,0.204546,0.681818,0.363636,0.434659,0.0,0.075756,0.053046,0.0,0.191086,0.083233,0.0,0.035546,0.035546,0.0,0.070236,0.070236,0.0,0.05,0.95,0.0,0.078113,0.078113,0.0,0.0,0.0,"이정윤, 좋은, 아주, 최고의, 유일하게, 좋았습니다, 강의력이, 있어서, 강의력, 기출, 됩니다, 올려주시는, 예제, 교수님께, 덕분에, 연습문제, 그저, 있는, 이렇게, 이해가",이 교수님 덕분에 귤에 있는 그 하얀색 실 같은 게 '귤락'이라고 부른다는 것을 알게 되었습니다... 진짜 유머러스하십니다ㅋㅋㅋ
254,1327584,0.6478397083931676,0.5495381054846885,0.8772101151796189,4.3860505758980946,20,63,4.54,0.908,0.309524,0.690476,0.928571,0.071429,0.84127,0.15873,0.261905,0.468253,0.4,0.4,0.0,0.091982,0.064408,0.0,0.158094,0.068862,0.0,0.174571,0.174571,0.0,0.191354,0.191354,0.05,0.05,0.9,0.0,0.0,0.0,0.0,0.0,0.0,"양이, 학점, 과제가, 갓계원, 만만세, 그자체, 보면, 몰아서, 하다, 잘하시고, 편이라, 시험, 두번, 출석은, 평균, 항상, 중간은, 되게, 나옴, 조곤조곤잘해주신다",개조졌는데 b+ 주심. 진짜 핥으라면 구두 핥을게요 교수님.
255,44046,0.6464722303647783,0.525196268880678,0.9294494738276788,4.647247369138395,20,283,4.72,0.944,0.514135,0.485866,0.70318,0.29682,0.800354,0.199647,0.155478,0.678446,0.596466,0.193639,0.0,0.299924,0.210013,0.0,0.0,0.0,0.0,0.054617,0.054617,0.0,0.0,0.0,0.0,0.05,0.95,0.0,0.033805,0.033805,0.0,0.0,0.0,"항상, 레포트, 지키면, 단어시험을, 밝게, 교수님이, 재밌어요, 이후로는, 레포트는, 없음, 루브릭만, 보고, 점수, 중간중간, 일찍, 매주, 쓰는, 쓰면, 행벅해집니다, 유쾌하시구",교수님 진짜 너무 착하시고 좋아요. 재밌으시고 학생들이랑 소통도 잘해주시는 교수님!!
256,2377122,0.6464137375210408,0.5163763200359173,0.9498343783196622,4.749171891598311,20,94,4.72,0.944,0.872341,0.12766,0.978724,0.021277,0.781915,0.218085,0.026596,0.87234,0.459575,0.331915,0.0,0.0,0.0,0.0,0.0,0.0,0.0,0.012178,0.012178,0.0,0.064838,0.064838,0.0,0.0,1.0,0.0,0.052075,0.052075,0.0,0.0,0.0,"김철호, 정수명, 교수님은, 좋아요, 그래도, 문제은행, 기초가, 듣기, 말씀이, 공부한만큼, 빠르고, 편했습니다, 올려주셔서, 힘들었습니다, 많지만, 전공, 이해하기, 열심히, 도움이, 정수명교수님",정수명교수님 강의력 진짜대박입니다... 수업 빠르고 내용많기는 한데... 그래두...너무 잘가르쳐주셔서 재밌어요.. 다만 공부 밀리시면 안됩니다.. 김철호교수님은 열심히 설명해주시는데 알아듣기가 어려울 때가 많았어요
257,488949,0.6462616616285042,0.5201198873666466,0.9405924682395054,4.7029623411975265,20,94,4.74,0.948,0.569149,0.430851,0.920213,0.079787,0.81383,0.18617,0.367021,0.31383,0.435638,0.374468,0.0,0.030661,0.021469,0.0,0.0,0.0,0.0,0.078317,0.078317,0.0,0.127569,0.127569,0.0,0.0,1.0,0.0,0.10415,0.10415,0.0,0.0,0.0,"과제도, 전자기학을, 강의력, 내용, 강의력과, 강의력도, 분야에, 증명, 크게, 따라가면, 시험도, 부담도, 느낌이, 관심, 학점, 아직, 그만큼, 충분히, 불어넣은, 3개들었습니다",나긋나긋한 교수님과 함께하는 전자기학2 리뷰
258,2454955,0.6461811270231907,0.5243020675657524,0.9305655990905468,4.652827995452734,20,195,4.81,0.962,0.451283,0.548718,0.969231,0.030769,0.810256,0.189743,0.4,0.125641,0.387692,0.417179,0.0,0.120852,0.084623,0.0,0.0,0.0,0.0,0.127861,0.127861,0.0,0.109107,0.109107,0.0,0.0,1.0,0.0,0.032677,0.032677,0.0,0.0,0.0,"진도가, practice, 최아름, test만, 교수님이, 연습문제, 퀴즈가, 회계원리, 친절하게, 만점, 걱정했지만, 내기만, 외에는, 절대평가라, 매주, 알차고, 열심히, 좋아요, 편했습니다, 지피티","진도가 좀 빠르긴한데 각오했어서 나름 괜찮아요 설명 꼼꼼하게 해주셔서 영상 2,3번 돌려보면 이해됩니다"
259,2315498,0.6455512022090804,0.5164188266856312,0.9468600784304619,4.73430039215231,20,113,4.88,0.976,0.607143,0.392858,0.950893,0.049107,0.8125,0.1875,0.410714,0.142857,0.396428,0.405357,0.0,0.090559,0.063411,0.0,0.0,0.0,0.0,0.081256,0.081256,0.0,0.063785,0.063785,0.0,0.0,1.0,0.0,0.052075,0.052075,0.0,0.0,0.0,"ps, 백준, 시험은, 풀줄, 4문제, 완벽하게, 알면, 열심히, 좋지만, 중에서, 어려울, 어려워요, 과제가, 좋은, 제일, 무난하게, 부담이, 출튀하지마세요, 연습해갑니다, 수업영상도","과목 자체가 부담이 없어서 좋았습니다. 그런데 PS 못하는 분들은 계속 고통받을 것 같아도, 노력하면 충분히 좋은 학점 받을만한 것 같아요. 출튀 잡으시는 것 같으니까 출튀하지마세요"
260,2576257,0.6452278756618247,0.5313787424688224,0.9108758531121633,4.554379265560817,20,62,4.66,0.932,0.516129,0.483871,0.491936,0.508065,0.766129,0.233871,0.201613,0.475807,0.75,0.032258,0.0,0.173609,0.121564,0.0,0.101806,0.078775,0.0,0.032889,0.032889,0.0,0.0,0.067491,0.0,0.15,0.85,0.0,0.035318,0.035318,0.0,0.15,0.044019,"예술의, 소논문, 교수님이, 이후엔, 부담없이, 발표, 관심이, 예술, 있는, 발표로, 분야에, 교수님께서도, 중간고사, 수업이, 좋습니다, 좋으시고, 과제, 하는, 되는데, 전체적으로","대중예술의 발전과정에 대해 이론적으로 배우고, 배운 것을 토대로 예술의 분야를 하나 선택해서 발표하는, 교양스러운 강의입니다. 시험은 중간고사만 보는데, 세부적인 내용보다는 흐름을 잡아서 공부하는 것이 도움이 됩니다"
261,44113,0.6449651613681129,0.5232190641113699,0.9290393883005132,4.645196941502566,20,65,4.46,0.892,0.884616,0.115385,0.984615,0.015385,0.730769,0.269231,0.030769,0.938462,0.409231,0.393846,0.0,0.212834,0.14903,0.0,0.158094,0.068862,0.0,0.082715,0.082715,0.0,0.191881,0.223773,0.0,0.05,0.95,0.0,0.16924,0.203525,0.0,0.145199,0.031958,"갓석희, bsm은, 출석이, 학점, 스과가, 분반평균이, 어차피, 출석은, 빠지지, 한국말로, 배우지, 출튀하는, 좋은, 가끔씩, 수업시간에, 따기, 받았지만, 들을, 고등학교, 빼고","아쉽게도 A+과 A의 경계였고, 출석에 지각이 한 번 있었어서 A를 받았지만.. 열심히만 한다면 무조건 잘받을 수 있습니다. 어차피 BSM은 독학이고, ppt가 나름 좋은 편이라서 피피티만 한 5회독 쯤 한다면 시험"
262,44015,0.6445633836771868,0.5446482072252186,0.8776987953984461,4.388493976992231,20,244,4.34,0.868,0.514344,0.485656,0.489754,0.510246,0.770492,0.229508,0.043033,0.87295,0.723565,0.063729,0.0,0.050966,0.035687,0.0,0.101806,0.044344,0.0,0.119893,0.119893,0.0,0.300462,0.350462,0.0,0.1,0.9,0.0,0.0,0.0,0.0,0.7,0.165072,"토론, 발표, 대본, 자기소개스피치, 학점, 크게, 자연스럽게, 열심히, 스피치, 혹평, 이기고, 정보제공, 큐카드, 설득스피치, 딴짓해도, 2번에, 다른, 발표하면, 부담이, 보이면",교수님 말투가 나긋나긋하세요. 아캠으로 문제 예시 하나 주셨는데 딱 그거 나왔고 나머지도 교과서 외우는 것 위주였어요. 마지막 문제는 시험 전에 토론한 거 상대 의견에서 자기 조 의견을 반박하는 거였어요
263,485115,0.6443999236980114,0.5235373989270368,0.926412481496952,4.63206240748476,20,216,4.56,0.912,0.493055,0.506945,0.608796,0.391203,0.979166,0.020834,0.458333,0.252314,0.421296,0.37963,0.0,0.030661,0.021469,0.0,0.0,0.0,0.0,0.052453,0.052453,0.098911,0.159462,0.223247,0.05,0.1,0.85,0.0,0.026038,0.052075,0.0,0.055398,0.012193,"학점, 틀리다, 방교수님, 주세요, 맞다, 어려우니, 5개, 텀프, 학생들은, 질문을, 하시는데, 말이, 설명을, 이런, 최고의, 학점을, 실속은, 꿀벌들의, 집합소, 졸리다거나",어차피 다른 교수님 설명을 들어도 유체는 이해하기 어려움 그냥 학점 낭낭하게 받아가세요 텀프 한번 과제 5개 시험 중간 기말
264,44545,0.6442163631087198,0.5366337292682087,0.8952425087365791,4.4762125436828955,20,351,4.62,0.924,0.415955,0.584045,0.957265,0.042735,0.759259,0.24074,0.176638,0.64245,0.403989,0.395442,0.0,0.030661,0.021469,0.0,0.0,0.0,0.0,0.184623,0.184623,0.0,0.255838,0.255838,0.0,0.0,1.0,0.0,0.032677,0.032677,0.0,0.0,0.0,"엑셀, 노베였는데, 기말, 천천히, 열심히, 엑셀에, 쉽게, 복습해서, 설명해주세요, 분들은, 방향으로, 중간, 같아요, 추천합니다, 하셔야, 걱정했는데, 따라가기, 받아서, 엄청, 분들이","엑셀 완전 노베이스였는데 에이쁠 받았습니다! 중간고사는 열심히 준비해서 99점, 기말은 시간 부족으로 벼락치기해서 74점이었어요. 기말 비중이 훨씬 커서 에제일줄 알았는데 에쁠이네요. 덕분에 엑셀에 대해 좋은 기억을"
265,2585665,0.64406695321226,0.5423997922158763,0.8812903288704887,4.406451644352444,20,94,4.56,0.912,0.792553,0.207447,0.601063,0.398936,0.734042,0.265958,0.058511,0.829787,0.740426,0.017021,0.0,0.0,0.0,0.0,0.0,0.0,0.08536,0.024356,0.047724,0.301634,0.102656,0.199913,0.15,0.05,0.8,0.0,0.0,0.0,0.02201,0.3,0.088039,"토론, 발표, 좋으시고, 토론이, 학생들, 준비했는데, 부정적인, 없고, 성적, 학점을, 교수님이, 이름도, 편의도, 모두, 분명, 잘해서, 하셨는데, 피드백이, 스피치, 외우고","교수님이 정말 인품이 좋으시고, 발표 및 토론 내용에 대해 주의깊게 들어 주시고 피드백해주시는 것이 느껴졌습니다. 중간고사는 오픈북이라 큰 부담이 없고, 발표 2번과 토론 1번 역시 준비할 기간이 충분했습니다. 학생"
266,2249416,0.6437308131506687,0.5087639426149589,0.958653511067325,4.793267555336625,20,131,4.89,0.978,0.977099,0.022901,0.977099,0.022901,0.687024,0.312978,0.912214,0.06107,0.415267,0.382825,0.0,0.095256,0.0667,0.0,0.316188,0.137724,0.0,0.063975,0.063975,0.0,0.0,0.0,0.0,0.0,1.0,0.0,0.182263,0.182263,0.0,0.0,0.0,"강의력이, 강의력, 출석, 집어주신, 필기도, 나가서, 보시고, 좋습니다, 한번도, goat, 대학, 족보를, 매우, 다만, 열정적으로, 질문도, 말이, 그저, 설명도, 교재",강의력이 정말 좋으심 추천 대학와서 들은 수업 중 최고
267,1772445,0.6436630111088535,0.522662339504205,0.9259979115197002,4.629989557598501,20,95,4.59,0.918,0.963158,0.036842,0.978948,0.021052,0.700001,0.300001,0.18421,0.621053,0.422105,0.374737,0.0,0.030661,0.021469,0.0,0.112039,0.048802,0.0,0.064631,0.064631,0.0,0.064838,0.064838,0.0,0.05,0.95,0.0,0.092519,0.092519,0.0,0.0,0.0,"이상호, 많지만, 공부할, 아미노산, 양이, 미리미리, 공부량이, 강혜진, 두분, 수업하시고, 양은, 많아서, 외우고, 공부하면, 두분다, 바름이, 엄망이어서, 환기시켜주시고, 생명과학과면, 강의략은",교수님 두분 다 설명 잘 해주시고 학점도 널널하게 주심. 전자출결 이었는데 출튀 많아서 호명으로 바뀐대요
268,2315768,0.6432792558499048,0.5195654708242939,0.9319447542429965,4.659723771214982,5,45,4.47,0.894,0.966666,0.033334,0.988889,0.011111,0.677778,0.322222,0.355556,0.288889,0.4,0.4,0.0,0.122643,0.085877,0.0,0.0,0.0,0.0,0.097422,0.097422,0.0,0.255139,0.255139,0.0,0.0,1.0,0.0,0.2083,0.2083,0.0,0.22159,0.048771,"있게, 유능한, 오신지, 안되셔서, 써먹을수, 성적공시날, 계열로, 정하셨다면, 미니탭으로, 불안했는데, 잘한듯, 별하나, 막히게, 출제하시니, 배워가는거, 읽어보시고, 강의력, 올라와서, 이쪽, 기가",유능한 교수님 과제 팀플 없음 꽤나 어려운 시험 난이도 너그러운 학점 오신지 얼마 안되셔서 평이 별로 없어 불안했는데 듣기 잘한듯
269,2376768,0.6427040936258221,0.5216801386835661,0.9250933218244197,4.625466609122099,20,74,4.62,0.924,0.43919,0.56081,0.966216,0.033785,0.72973,0.270271,0.5,0.243244,0.372973,0.437162,0.0,1.0,0.700219,0.0,0.935502,0.407482,0.0,0.255935,0.255935,0.0,0.102656,0.102656,0.0,0.0,1.0,0.0,0.146682,0.146682,0.0,0.0,0.0,"퀴즈도, 성적에, 열심히, 퀴즈, 정도, 물리, 시험은, 반영, 퀴즈를, 출석, 있었음, 퀴즈는, 물리에, 숙제로, 개념, 과제, 같음, 수업에, 시험, 나와서",수업시간에 집중하면 됨. 진짜 집중만 하면 다 괜찮음. 졸려서 문제지
270,2576243,0.6421717680497738,0.5298030375760204,0.904365472488532,4.52182736244266,20,61,4.87,0.974,0.655738,0.344262,0.983607,0.016393,0.631147,0.368853,0.590164,0.106557,0.486066,0.301639,0.0,0.075756,0.053046,0.0,0.158094,0.068862,0.0,0.164962,0.164962,0.0,0.063785,0.063785,0.05,0.0,0.95,0.0,0.197798,0.197798,0.0,0.0,0.0,"강의력, 기말, 중간없고, 예제도, 공부를, 좋고, 않습니다, 출석에, 엄청난, 기말만, 가르쳐주십니다, 좋습니다, 반영, 올려주셔서, 기말이, 난이도는, 이해, 중간, 무난하게, 좋았어요",공부를 안 한 탓에 B+을 받았지만 온라인 수업이라 아캠 돌려볼 수 있었고 필기 pdf도 다 주셨고 시험 대비 연습문제도 올려주셨음. 과제도 다른 교수님은 퀴즈 있는데 여기는 웹워크 밖에 없음. 영상 시청 기한도 넉
271,78233,0.6420223154723576,0.5498333926128491,0.8571298021445439,4.28564901072272,20,93,4.12,0.824,0.833333,0.166667,0.951613,0.048387,0.666667,0.333334,0.360215,0.344085,0.4,0.4,0.0,0.030661,0.021469,0.0,0.0,0.0,0.0,0.150092,0.150092,0.0,0.066771,0.066771,0.05,0.15,0.8,0.0,0.032677,0.032677,0.0,0.0,0.0,"기출, 합성법, 늦게, 전년도, 60, 중요하다, 업로드, 나와서, 최근, 교수님이, 절평이라, 전에, 있는, 전반적인, 족보만, 한번도, 비슷하게, 족보가, 시험, 있었던",화공러인데 계산문제보다 서술형문제가 더 나은경우 추천드립니다. 반도체쪽으로도 어느정도 도움되서 듣길 잘한거 같습니다. 개인적으로 지난학기때 뭣도모르고 그래핀관련 주제로 urp했었는데 나노신소재수업듣고 내가 뭘했는지 
272,2377016,0.6412369884812679,0.518746217281143,0.9270487879482261,4.63524393974113,20,108,4.76,0.952,0.407407,0.592592,0.976852,0.023148,0.833333,0.166666,0.444444,0.134259,0.408796,0.392592,0.0,0.245286,0.171754,0.0,0.270133,0.117663,0.0,0.113095,0.113095,0.0,0.164232,0.164232,0.0,0.0,1.0,0.0,0.026038,0.026038,0.0,0.0,0.0,"프로그래밍, ocaml, 과제는, 교수님이, 과제, 자바를, 함수형, 교안에, 구현하기, 언어를, 과제1, 시간만, 과제가, 착하십니다, 이해하고, 했어요, 질문을, 들어야, 때는, 모르겠지만","프로그래밍 언어의 파싱과 평가가 어떻게 이루어지는지 궁금했는데, 이를 배울 수 있는 재밌는 수업이었습니다. 첫 번째 과제와 마지막 과제는 ANTLR를 활용하는데 Java를 잘 활용할 수 있다면 ANTLR는 주어지는 "
273,2587815,0.6403459127493853,0.5252819984505994,0.9088283794465527,4.544141897232763,20,87,4.67,0.934,0.729885,0.270116,0.712643,0.287357,0.626436,0.373563,0.494253,0.005747,0.376437,0.436782,0.0,0.0,0.0,0.0,0.079047,0.034431,0.0,0.224732,0.224732,0.0,0.087544,0.087544,0.0,0.0,1.0,0.0,0.111918,0.111918,0.0,0.25,0.055024,"한국어로, 중요한, 국제어, 발표, 설명해주시고, 부분은, 못했어요, 있는데, 말이, 설명하실, 짚어주시는, 교수님께서, 영어로, 평균, 영어라, 다시, 빠르셔서, 위주로, 전에, 있는",전공진입생에게 추천하는 강의입니다! 국제어지만 중요한 부분은 한국어로 설명해주시고 생명공학의 기초적인 부분도 많이 다뤄주십니다. 다만 난이도가 쉬워서 다들 잘하긴 합니다. 그래도 기말이 좀더 어렵고 평균이 낮으니까 
274,77692,0.6403367466055486,0.562153140817812,0.8227651601102677,4.113825800551338,20,66,4.17,0.834,0.931818,0.068183,0.969697,0.030303,0.606061,0.39394,0.196969,0.515151,0.415909,0.381818,0.0,0.0,0.021469,0.0,0.101806,0.044344,0.191602,0.208441,0.313708,0.0,0.063785,0.063785,0.2,0.05,0.75,0.0,0.141272,0.141272,0.0,0.0,0.0,"외울게, 객관식, 양이, 외울, 자체는, 외우는, 공부, 질병, 약과, 요약과제가, 생물학적, 스타일도, 시험정보에, 내용이, 이름이, 공부할, 쉬울, 외웠습니다, 하시면, 의미를",A+ 나왔는데 노력을 많이 요한다는 평에 비해 생각보다 괜찮았음 평소에 수업 때 잘 듣다가 피피티 2-3번 정도 이틀 투자해서 보면 A~A+ 나올듯 애초에 단어들을 완벽하게 외울 필요 없이 객관식 풀 때 눈치껏 알아
275,42946,0.6400138044724046,0.5342942909151944,0.8866926694392283,4.433463347196142,20,73,4.27,0.854,0.876712,0.123288,0.965753,0.034246,0.719178,0.280822,0.767123,0.171234,0.443151,0.350685,0.0,0.030661,0.021469,0.0,0.0,0.0,0.0,0.085117,0.097295,0.0,0.070236,0.102129,0.0,0.2,0.8,0.0,0.033805,0.066482,0.0,0.0,0.0,"내용이, 내용은, 어려운, 교수님이, 교수님은, 같지만, 그래도, 귀엽지, 찝어주시는, 어려워서, 같은데, 매우매우, 이해하면, 목소리가, 어려웠습니다, 쉬워서, 자세히, 비율, 어렵지만, 1번",통계에 관심 있으시면 더 재밌을 것 같아요. 시험에서는 개념도 묻지만 해석하는 것도 묻기 때문에 고득점을 위해서는 깊이 있는 공부가 필요합니다.
276,80418,0.6393241451779228,0.5438602339408191,0.8620732713978315,4.3103663569891575,20,128,4.47,0.894,0.441406,0.558593,0.960938,0.039062,0.613281,0.386719,0.441406,0.226563,0.4,0.4,0.0,0.435798,0.369562,0.0,0.0,0.0,0.0,0.29473,0.29473,0.0,0.031892,0.031892,0.05,0.05,0.9,0.0,0.033805,0.033805,0.0,0.0,0.0,"회귀, 그래도, 통계, 문제, 어려웠습니다, 문제가, 전공핵심, 통계에, 풀어보는, 까다로운, 배운, 과제, 직접, 과제가, 중간, 친절히, 기분, 강의력은, 어려웠지만, 중간고사가",통계 전공핵심 중에 제일 어려웠습니다. 그래도 교수님은 좋으세요. 시험 전에 샘플 문제 주시는데 풀어보는 것을 추천드립니다.
277,2827706,0.6390938449849025,0.498366454763839,0.9674577555007176,4.837288777503588,7,47,4.91,0.982,0.521277,0.478724,0.968086,0.031915,0.882978,0.117022,0.468085,0.042554,0.4,0.4,0.0,0.0,0.0,0.0,0.0,0.0,0.0,0.034794,0.034794,0.0,0.0,0.0,0.0,0.0,1.0,0.0,0.074393,0.074393,0.0,0.0,0.0,"올려주심, 기본기만, 기공수입니다, 아주친절하고, 될수밖에없는, 아직까진, 강의해주셔서, 굿굿굿, 잘가르치심, 문제없습니다, 과제량, 적당합니다, 배운다는, 도움되고, 이해하기도, 매우, 적당하고, 많진, 녹화해서, 안봐서",강의력 매우 좋으시고 시험도 적당한 난이도 강추
278,2009908,0.6385339237472326,0.5435200895107822,0.8602328702989502,4.3011643514947515,17,57,4.16,0.832,0.692982,0.307017,0.254387,0.745615,0.736843,0.263157,0.289473,0.473685,0.947369,0.035088,0.0,0.0,0.0,0.0,0.0,0.0,0.0,0.0,0.0,0.0,0.075041,0.224086,0.058824,0.235294,0.705882,0.0,0.0,0.0,0.032555,0.267263,0.123933,"프로젝트, 프로젝트를, 이미, 종설입니다, 종설이다, 느낌상, 종설, 선정하는, 주제와, 정하고, 다른, 수준이, 비해서, 한다, 팀원, 만나면, 실습, 아무것도, 바탕으로, 주제",거의 실습 수업에 가까운 종설입니다. 한 학기를 거의 이론과 실습으로만 진행하고 마지막 1달 동안만 프로젝트 빡쎄게 하시면 됩니다..학점은 에이 받았는데 느낌상 최종발표 때 교수님한테 개선점 보다도 칭찬을 많이 받은
279,44130,0.637999048324784,0.5340987709009876,0.8804330289803092,4.402165144901546,20,302,4.62,0.924,0.430463,0.569536,0.903973,0.096026,0.715232,0.284768,0.42053,0.22351,0.42053,0.384106,0.0,0.198399,0.138923,0.0,0.497041,0.216499,0.0,0.220436,0.220436,0.0,0.20044,0.20044,0.0,0.05,0.95,0.0,0.058714,0.058714,0.0,0.0,0.0,"물리, 매주, 영어, 출석, 출튀, 수강신청, 하이라이트, 고이신, 물2, 교재, 과제, 가능해서, 성적, 시험, 망해서, 과제는, 올려주시는데, 최소, 했으면, 한데","교수님이 개꿀이고 수업이 귀엽습니다. 일주일에 한 문제씩 과제를 주시긴 한데, 수업 열심히 들은 뒤에 지피티의 도움을 살짝만 받으면 무난하게 점수 받을 수 있습니다. 근데 채점 기준은 조바조라서 과제가 헬이라면 헬이"
280,2249415,0.6374028487722891,0.5335111405200395,0.8798168346942055,4.399084173471027,20,198,4.43,0.886,0.351011,0.648989,0.381313,0.618686,0.588384,0.411616,0.156566,0.722221,0.684344,0.075758,0.0,0.156577,0.109639,0.0,0.0,0.0,0.0,0.233546,0.233546,0.0,0.05,0.05,0.0,0.0,1.0,0.0,0.052075,0.052075,0.0,0.139802,0.03077,"기말, 매주, 번만, 풀이, 족보에서, 몰빵이라, 플립이라, 플립, 되는, 있음, 있어서, 문제, 조별로, 조금, 과제가, 괜찮은, 공부를, 그대로, 있지만, 영어강의지만",플립 너무 좋아요 강의력도 영어강의지만 들을만 합니다
281,43091,0.6368293233434924,0.5594946047950045,0.8172769999566311,4.086384999783156,8,48,4.46,0.892,0.802083,0.197916,0.947916,0.052083,0.958334,0.041667,0.09375,0.791666,0.660416,0.108333,0.0,0.0,0.0,0.0,0.395235,0.172155,0.788284,0.142258,0.358058,0.247277,0.079731,0.335053,0.375,0.375,0.25,0.919214,0.088295,0.348013,0.0,0.0,0.0,"내가, 들정도로, 한장에, 효소, 정신이, 서술형, 내용이, 글씨가, 시험은, 읽어보면, 쓸데없는, 알겠지만, 대부분의, 주신다, 등을, 지식을, 나오기, 이름, 때문에, 수업을","학점:A+, 평가: 정말 아는게 많으심. 수업시간에도 잘 들어보면 그의 풍부한 지식을 감탄하곤 함. 문제는 사람이 말을 하는데 언어로 들리지 않고 %*@!$ 이런식으로 들릴때가 있음. 진짜로. 내가 집중을 하는데도 "
282,2657745,0.6365505076650821,0.5422839319595449,0.8565058509780026,4.282529254890013,20,83,4.55,0.91,0.987952,0.012048,1.0,0.0,0.512049,0.487951,0.445783,0.066265,0.4,0.4,0.0,0.091982,0.064408,0.0,0.40858,0.177967,0.0,0.246516,0.246516,0.0,0.280467,0.280467,0.0,0.05,0.95,0.0,0.035318,0.035318,0.0,0.22159,0.048771,"문제은행, 컷이, 문제은행에, 선지가, 벼락치기, 팀플, 교안만, 나온, 문제은행을, 문제, 주셔서, 절평, 개꿀강, 시험, 교안, 에이쁠, 편한, 암기, 출결, 시험도","선지를 제외하고 질문만 나온 문제은행을 받고, 교안을 보며 직접 관련 내용을 정리하시면 됩니다. 가끔 선지가 예상되는 문제도 몇 있습니다. 문제은행과 시험의 문제 수가 동일하니까 순수 노력 암기 싸움."
283,993442,0.6363355008325582,0.4994714730059531,0.9556848990946365,4.778424495473183,20,115,4.85,0.97,0.627193,0.372807,0.942983,0.057018,0.767544,0.232456,0.31579,0.359649,0.405263,0.396491,0.0,0.064595,0.045231,0.0,0.0,0.0,0.0,0.081962,0.081962,0.0,0.0,0.0,0.0,0.0,1.0,0.0,0.181041,0.181041,0.0,0.0,0.0,"교안에, 공식이, 황금철, 기반한, 필요없는, 의미를, 아니라, 좋으십니다, 공식, 단순, 내용으로, 중요하게, 가르쳐, 좋습니다, 강의력, 달달, 개념을, 과목을, 시험, 시험도",교수님이 강의력이 정말 좋으십니다 학생들이 이해하기 쉽도록 잘 풀어서 설명해주십니다. 공식을 달달 외우기보단 개념을 이해하는걸 중요하게 생각하십니다.
284,2087318,0.6357361111147182,0.5189171976253805,0.9083135759231731,4.541567879615865,20,151,4.36,0.872,0.437086,0.562914,0.97351,0.02649,0.794703,0.205298,0.768212,0.069537,0.415894,0.382782,0.0,0.061321,0.042938,0.0,0.351932,0.153293,0.0,0.132348,0.144526,0.0,0.097257,0.097257,0.0,0.05,0.95,0.0,0.026038,0.026038,0.0,0.0,0.0,"진도가, 등수를, sql, 쿼리, 공시가, 필요해서, 전자출결은, 미리미리, 매우, 하지만, 진도는, 과제는, 공부량이, 내용을, 출석, 단점은, 좋지, 알았는데, 오프라인으로, 기출","꿀 빨면서도 많이 배운 수업. 수업은 오프라인으로 진행되지만, 저장 강의를 올려주시고 출석 체크를 하시 않으시기에 온라인으로 들을 수 있음. 다만, 8번 결석 시 F 처리가 될 수 있으므로 (대부분 구제해주신다곤 하"
285,2249549,0.6355058626948583,0.5212554442751625,0.9020901723408155,4.5104508617040775,20,140,4.67,0.934,0.964286,0.035715,0.985714,0.014285,0.735714,0.264286,0.328572,0.435715,0.4,0.4,0.0,0.0,0.0,0.0,0.0,0.0,0.0,0.052453,0.08055,0.0,0.0,0.0,0.05,0.1,0.85,0.0,0.058714,0.058714,0.0,0.0,0.0,"말이, 영어로, 빠르신데, 질문, 한국어로도, 복습하는, 빨라서, 위주로, 섞어서, 같아요, 설명해, 주셨습니다, 내용이, 양도, 교수님이, 시험도, 매우, 조금, 한국어로, 어렵고",교수님이 유쾌하시고 강의도 재밌어요 시험 한 주 전에 시험에 나오는 부분 짚어주시는데 그거에 추가적으로 좀 중요한 내용 위주로 공부하면 될것 같아요
286,2377181,0.6352651831760033,0.5337997276813624,0.8720179126634989,4.360089563317494,20,319,4.52,0.904,0.663523,0.336479,0.98585,0.014152,0.795598,0.204403,0.515723,0.064465,0.406447,0.393082,0.0,0.061321,0.042938,0.0,0.0,0.0,0.050246,0.089631,0.115564,0.0,0.032419,0.064312,0.1,0.15,0.75,0.0,0.034285,0.034285,0.0,0.0,0.0,"양이, 많아요, 민법을, 로준생, 채워준다고, 글리, 많고, 넘길, 로스쿨, 많은, 시험, 빈칸, 교안, 지엽적으로, 끝까지, 2개, 공부하기, 교수님이, 매우, 많은데","양이 많다는 평이 많은데.. 우선 인정합니다... 그런데 교수님께서 학생들 편의를 정말 많이봐주세요..! 강의 중간중간 특히 강조하는 부분, 두꺼운글씨, 빈칸 위주로 외우시면 고득점 가능해요. 절대 꼬아서 내거나 지"
287,2249329,0.6342177263745221,0.5091657781724095,0.9260056055127852,4.630028027563926,20,241,4.62,0.924,0.641079,0.358921,0.975104,0.024896,0.819503,0.180497,0.433609,0.219917,0.405394,0.395021,0.0,0.0,0.0,0.0,0.0,0.0,0.0,0.05508,0.05508,0.0,0.070236,0.070236,0.05,0.0,0.95,0.0,0.026038,0.026038,0.0,0.0,0.0,"실생활에, 추천합니다, 법에, 민법에, 굉장히, 중기합, 한번쯤, 충분히, 있는, 같아요, 대해, 관한, 있고, 유익하고, 과목을, 족보를, 보니, 평균이, 평균보다, 겁니다",별로 어렵진 않은데 나중에 기억은 안남을 것 같은 강의.. 그래도 실제상황되면 책펴볼 생각이라도 하게 해준다는 점에서 들을만함
288,120955,0.6340211932255295,0.5506201819472125,0.8286235528749362,4.143117764374681,20,1139,4.23,0.846,0.523705,0.476295,0.914399,0.085601,0.636084,0.363916,0.334503,0.360843,0.697498,0.063389,0.0,0.106417,0.095984,0.0,0.0,0.0,0.0,0.095297,0.095297,0.100545,0.032419,0.064838,0.05,0.25,0.7,0.0,0.069123,0.069123,0.0,0.0,0.0,"아캠으로, 듣는, 가능하면, 기말, 분량, 교안만, 아캠, 들어야, 어차피, 오프라인, 열심히, 있지만, 종강하고나서도, 시험칩니다, 미리미리하는, 최종정리랑, 매영상, 보며서, 답나옴, 발하면",아캠. 학점미화. 시험 전에 교안 열심히 보시고 기말 한 번이면 끝납니다. 너무 편했던 수업!!
289,236570,0.6333749929149972,0.5138055906376208,0.9123702648955423,4.561851324477711,20,121,4.09,0.818,0.880165,0.119835,0.900826,0.099173,0.8719,0.128099,0.161156,0.545455,0.06281,0.798347,0.0,0.225477,0.157883,0.0,0.0,0.0,0.0,0.15877,0.15877,0.0,0.070236,0.070236,0.05,0.1,0.85,0.0,0.058714,0.058714,0.0,0.0,0.0,"시험, 강의력은, 다소, 전면, 학점은, 보는데, 거의, 수업중에, 나름, 듣는게, 내용, 3번, 그런지, 않은, 열심히, 이번, 나옵니다, 3차가, 확보해놔야함, 포기하지않고",조교님을 쥐잡듯 잡는게 대학원생으로 가고 싶지는 않은 느낌이 들었지만 학부생에게는 한없이 좋은 그.. 더워지는 날씨라 그런지 산학관에서부터 걸어오느라 숨이 찬 그의 거친 숨소리를 들으며 수업을 듣는게 거슬리긴 했지만
290,2249799,0.6331217080816476,0.5074652039010319,0.9263202178364174,4.631601089182087,17,57,4.51,0.902,0.745614,0.254386,0.912281,0.08772,0.692982,0.307018,0.517544,0.149122,0.37193,0.442105,0.0,0.053053,0.037149,0.0,0.0,0.0,0.0,0.130367,0.130367,0.0,0.0,0.0,0.0,0.0,1.0,0.0,0.0,0.0,0.0,0.058824,0.012947,"퀴즈를, 드라이브로, 매주, 때도, 열심히, 구글, 관심을, 재밌게, 중간, 흥미로운, 굉장히, 내용이, 있었던, 없고, 퀴즈가, 전공, 공부할, 했지만, 약간, 기말",수업 내용이 너무 재밌습니다 교수님 사랑해요
291,2249439,0.6329601653695789,0.5687110373975123,0.7828747973044011,3.9143739865220057,20,66,3.64,0.728,0.606061,0.393939,0.969696,0.030304,0.636364,0.363637,0.242424,0.530303,0.4,0.4,0.0,0.122643,0.085877,0.0,0.622962,0.271347,0.0,0.363696,0.375873,0.0,0.264751,0.264751,0.1,0.2,0.7,0.092154,0.135531,0.220282,0.0,0.0,0.0,"시험, 주겠다고, 전날, 구글링하면서, 랩실, 성적은, 알려주셔서, 사람, 어떤, 시험은, 흐름대로, 문제, 부름, 들었는데, 기억합니다, 출석은, 평균, 의식의, 공부하면, 성적","솔직히 열심히만 들으면 에이쁠 누구나 가능한 과목입니다. 만약 연구에 관심있다면 한번 컨택해보시는것도 나쁘진 않을것같아요~ 그리고 에쁠 따기 겁나 쉬운게 셤 전날 뭐나올지 다 알려주셔서, (무슨무슨 유형이 나온다 이"
292,2749057,0.6319203088139764,0.498776575925822,0.9425890188863367,4.712945094431683,20,81,4.63,0.926,0.475309,0.524691,0.944444,0.055555,0.765432,0.234568,0.475309,0.049383,0.411729,0.390124,0.0,0.153304,0.107346,0.0,0.0,0.0,0.0,0.113281,0.113281,0.0,0.0,0.0,0.0,0.0,1.0,0.0,0.101895,0.101895,0.0,0.0,0.0,"코드, 포기하세요, 되어있고, 교안이, 과목, 혼자, 영어로, 과제, 영어, 이해하고, 잘하면, 나오는데, 이해, 시간에, 있는, 이번, 자체는, 충분히, 유창하신, 손코딩으로",교수님이 잘생기셨습니다 강의력은 포기하세요
293,1688583,0.6317105316517424,0.5256401640480918,0.8792080560602608,4.396040280301304,7,47,4.74,0.948,0.340425,0.659574,0.914894,0.085107,0.797872,0.202128,0.042553,0.893617,0.420214,0.382979,0.0,0.175204,0.122681,0.0,0.225849,0.098374,0.0,0.160557,0.160557,0.0,0.0,0.0,0.0,0.142857,0.857143,0.0,0.0,0.0,0.0,0.158279,0.034837,"프로그래밍, 배워서, 실습, 혼자, 매주, 충분히, 규정상, f인데, 봐서인지, 자서, 고난이도인, 포인터를, 실력인지, 회의감이, 반제수업, 다맞는듯, 찝어준거만, 출석이지만, 출석하니, 가이드에서",반제수업. 과제랑 실습 혼자 할 수 있으면 시험은 그냥 대충 풀어도 다맞는듯
294,44293,0.6315857997747101,0.5130408547471368,0.9081906715057145,4.540953357528573,20,106,4.53,0.906,0.79717,0.20283,0.962264,0.037736,0.646227,0.353774,0.504718,0.34434,0.409906,0.388679,0.0,0.030661,0.021469,0.0,0.2599,0.113206,0.0,0.141027,0.141027,0.0,0.286677,0.286677,0.0,0.0,1.0,0.0,0.216547,0.216547,0.0,0.0,0.0,"강의력, 무한, 가장, 학점도, 주시는, 반복해서, 강의력은, 보면, 양교수님, 강의력이, 과목, 신소재, 낮아도, 교수님이다, 같다, 있다, 15점, 순간, 조금, 양이",어려운 내용이지만 교수님의 강의력이 정말좋아서 커버된다. 시험은 많이 어려운 편이지만 얻어가는게 정말 많은 강의였다. 학점도 중간때 평균보다 낮아도 기말고사에서 커버한다면 충분히 A+맞을 수 있게 학점도 정말 여유있
295,1937249,0.6312220404029731,0.49634046567954515,0.9459457147576384,4.729728573788192,20,70,4.9,0.98,0.585715,0.414286,0.971428,0.028571,0.828572,0.171429,0.142857,0.649999,0.47,0.32,0.0,0.222783,0.155997,0.0,0.0,0.0,0.0,0.016625,0.016625,0.0,0.055124,0.055124,0.0,0.0,1.0,0.0,0.0,0.0,0.0,0.0,0.0,"프랑스어로, 갓희태, 그저, 설명해주시고, 비평문, 한국어로, 영화에, 중간고사는, 최대한, 분량의, 프랑스어, 대체과제로, 배려, 학생들, 영화, 국제어, 무엇보다, 학생들을, 해주셔서, 레포트",유익합니다 영화에 관한 걸 많이 알게되어 좋아요
296,2315614,0.6309085801242842,0.5577859246707126,0.8015281095159512,4.007640547579756,20,179,3.59,0.718,0.142458,0.857542,0.958101,0.041899,0.818435,0.181565,0.44972,0.086592,0.976815,0.013129,0.05,0.319618,0.288211,0.0,0.429608,0.187127,0.0,0.013755,0.013755,0.0,0.173946,0.173946,0.05,0.25,0.7,0.0,0.0,0.0,0.0,0.055398,0.012193,"매주, 과제가, 피그마, 코세라, 피그마로, 과제하기, 툴을, 과제, 제출한, 출튀하는, 나름, 유튜브, 학기, 주세요, 과제만, 없지만, 있었는데, 아니고, 그만큼, 있는","UI UX에 대해서 많은 것을 알 수 있는 강의!! 앱디자인 관심 있으면 재밌을거에요,,, 다만 과제 많음 주의"
297,46719,0.6306666067050622,0.538151066205552,0.8465362012039197,4.2326810060195985,20,151,4.38,0.876,0.5,0.5,0.970199,0.029802,0.705298,0.294702,0.281457,0.443709,0.714239,0.182782,0.0,0.153304,0.192226,0.0,0.0,0.049637,0.0,0.030967,0.056901,0.0,0.134548,0.184548,0.05,0.15,0.8,0.0,0.0,0.0,0.0,0.0,0.0,"한자, 매주, 1800자, 쓰기, 한자를, 한자만, 받을, 꼼꼼하면, 한자가, 과제로, 비추함, 매우, 쓰면, 과제를, 과제, 매주마다, 보내면, 틀리면, 1점, 5점",교수님이 학점은 A+ 50프로 꽉 챙겨주십니다 하지만 생각보다 밑에 적어 놓은 글들 만큼 꿀 과목인지는 모르겠어요 적어야 되는 한자가 매주 있는데 양이 상당합니다 하나라도 틀리면 학점이 바뀔 여지가 있기 때문에 꼼꼼
298,2827360,0.6302862990002355,0.5067201835486096,0.9186072350540293,4.5930361752701465,11,51,4.8,0.96,0.568627,0.431372,1.0,0.0,0.637255,0.362746,0.431372,0.09804,0.4,0.4,0.0,0.519578,0.363818,0.0,0.0,0.0,0.0,0.180835,0.180835,0.0,0.0,0.0,0.0,0.0,1.0,0.0,0.047341,0.047341,0.0,0.137681,0.030303,"기학원, 선형대수, 깔끔하게, 이해할, svm, 정규분포, 2개, 인공지능에, 50점, 수강했던, 수학적인, 평균, 쉬웠고, 있을, 쉽지는, 필수, 문제풀이, 개인, 나오고, 과제는",수업 정말 잘하시고 문제를 정말 깔끔하게 내신다!
299,2249427,0.6302158221331906,0.5122004756807216,0.9055849638556185,4.527924819278092,20,179,3.78,0.756,0.681564,0.318436,0.960894,0.039107,0.662011,0.337989,0.472067,0.083799,0.45419,0.339665,0.0,0.0,0.0,0.0,0.0,0.0,0.0,0.121872,0.121872,0.0,0.155124,0.155124,0.0,0.0,1.0,0.0,0.026038,0.026038,0.0,0.0,0.0,"적당히, 학점은, 암기, 가능, 배우고, 비쁠, 평균이, 조금, 있다면, 공부할, 양이, 다들, 전까의, 내연기관, 차량, ladar, ridar, 차량용, 다뤘는데, 기계공학부학생으로서",공부할 맘만 있다면 수업 빠지지 말고 듣고 셤공부 한 3일만하면 암기 과목이라 A+ 받아갈 수 있음. 중간까지는 다 외워야할 정도로 지엽적이고 기말범위는 흐름이랑 원리만 알면 됨. 중+30 기+50 으로 A+ 가져감
300,103818,0.6289314716843426,0.5296999514158837,0.86047168564408,4.3023584282204,20,138,4.25,0.85,0.427007,0.572992,0.923358,0.076643,0.649635,0.350365,0.262773,0.448905,0.537226,0.245256,0.0,0.177556,0.124328,0.0,0.101806,0.044344,0.0,0.158056,0.170234,0.0,0.102129,0.102129,0.0,0.1,0.9,0.0,0.0,0.052075,0.0,0.0,0.0,"과제는, 타임어택이라, 들었고, 풀어서, 잘하시고, 아는, 화2, 학점은, 시험은, ppt도, 여름, 계절학기로, 풀면서, 보이는, 별로, 한번으로, 영어, 70, 발음도, 영어도","교수님 강의력도 좋으시고, ppt도 깔끔해서 괜찮았어요! 시험은 타임어택이라 시간배분 잘해서 아는 것만 잘 풀어도 학점은 잘 나오는거 같습니다."
301,2892978,0.6288999114596514,0.5072061260044354,0.9128520775218223,4.564260387609112,5,45,4.76,0.952,0.588889,0.411111,0.988889,0.011111,0.644444,0.355555,0.033334,0.766666,0.4,0.4,0.0,0.0,0.0,0.0,0.0,0.0,0.0,0.171609,0.171609,0.0,0.0,0.0,0.0,0.0,1.0,0.0,0.10415,0.10415,0.0,0.0,0.0,"올려주시고, 빠릿하시고, 특별하지는, 공유해주심, 느꼈어서, 조교분들도, 직전에는, 기출문제도, 편이시고, 강의교안, 강의노트, 숙제도, 굳굳, 잘해주세요, 괜찮으신, 필기도, 미적, 끝내주심, 시험전에, 올려주심",친절하시고 설명도 잘해주세요!! 숙제도 많이 없는 편이라고 느꼈어서 너무 좋았어요!
302,78143,0.6287384844064446,0.5162721962600495,0.8911598234147,4.4557991170735,20,116,4.8,0.96,0.573275,0.426723,0.948276,0.051724,0.741379,0.258621,0.310345,0.323275,0.398276,0.409051,0.0,0.0,0.0,0.0,0.0,0.0,0.0,0.133759,0.133759,0.100545,0.21924,0.251659,0.05,0.0,0.95,0.0,0.0,0.0,0.0,0.0,0.0,"쏙쏙, 강의력도, 맨날, 수업도, 잘주심, 교수님입니다, 풀고, 문제, 열정이, 시험도, 성적, 좋으심, 학생들을, 같고, 중간에, 있었습니다, 좋으신, 나옴, 안들을거면, 출튀할거면",교수님이 학생들을 생각하시고 좋으십니다. 강의도 이해되게 알려주셔서 좋았습니다. 다음에 또 수강하고 싶어요.
303,1937125,0.6283804730315834,0.5221859004231604,0.876167809117904,4.3808390455895205,20,83,4.45,0.89,0.710843,0.289156,0.686747,0.313253,0.759037,0.240963,0.481928,0.168675,0.404217,0.395181,0.0,0.187505,0.131294,0.0,0.0,0.0,0.0,0.126851,0.126851,0.0,0.198859,0.198859,0.0,0.15,0.85,0.0,0.0,0.0,0.0,0.110795,0.036578,"재무관리, 재무, 팀으로, 문제는, 그래도, 답변도, 나옴, 교수님이, 밀리지, 다들, 어렵지도, 팀플, 기말, 않고, 주신, 들어야, 전체적으로, 훨씬, 학점, 후하게","학점부터 말하자면 a 였습니다. 교수님 학점 잘주신다고 해서 중간 상위 25%, 기말 중간값 이상이라 쁠도 기대해 보았는데 비율만 채워주시고 쁠은 다 채워주시지는 않은것 같습니다! 다만 주변에 평균 밑 점수이더라도 "
304,2748917,0.6282136563006493,0.5035224258391251,0.9191598607108726,4.595799303554363,15,55,4.87,0.974,0.69091,0.309092,1.0,0.0,0.7,0.3,0.681818,0.009091,0.410909,0.392727,0.0,0.081762,0.057251,0.0,0.961492,0.418802,0.0,0.110903,0.110903,0.0,0.085749,0.085749,0.0,0.0,1.0,0.0,0.078285,0.078285,0.0,0.0,0.0,"웹워크, 빈칸, 출튀, 아캠에, 따로, 출석, 빠르면, 안쓰시고, 강의노트를, 공동, 공통, 항상, 전혀, 전에, 채우면, 형식으로, 귀여우심, 올려주시고, 올려주셔서, 신경",겁나 좋다. 엄청 친절하시고 귀여우심. 꼭들어라~~!!!
305,488819,0.6282009044911478,0.5232634937974884,0.8730548627763531,4.365274313881765,8,48,4.15,0.83,0.291667,0.708333,0.416667,0.583333,0.635417,0.364584,0.072916,0.833334,0.9875,0.008333,0.0,0.254829,0.178436,0.0,0.0,0.0,0.0,0.060889,0.060889,0.0,0.0,0.0,0.0,0.0,1.0,0.0,0.0,0.0,0.0,0.0,0.0,"레포트, 다알려주세요, 5번만, 적었다, 족보배틀, 안쓰러운, 절대라서, a0받았는데, 물화실을, 일화실과, 실험이론에, 대충쓰다가, 만났던, 충족하면, 앵간, 들어보셨을, 없어서, 참여했고, 실험과목, 안보는",시험없고 성적도 너그럽게 주시는것같아요 마지막에 그동안 썼던 레포트 점수 다알려주세요
306,2087333,0.6281741930787523,0.5123932379760611,0.8983297549850323,4.491648774925162,18,58,4.55,0.91,0.396552,0.603449,0.801724,0.198275,0.75,0.25,0.353448,0.275863,0.544828,0.268966,0.0,0.390781,0.356427,0.0,0.113117,0.049271,0.0,0.127036,0.211727,0.0,0.042605,0.114647,0.055556,0.055556,0.888889,0.0,0.0,0.0,0.013548,0.666902,0.241616,"조교님들이, 네트워크, ns, 후반에, 리눅스, ns3를, vim, git, 도커, 때문에, 과제, 팀플, 기간에, 프로젝트, 과제가, 사용법, 3로, ns3, 시험, 마지막에","기초부터 차근차근 잘 가르쳐주시고 조교님들이 친절하셔서 좋았음. 초반에는 git, docker 등 처음부터 기초를 알려줘서 좋았고, 이후 ns3를 할 때는 대부분 처음 다루기에 익숙하지 않은 부분들이 많지만 다들 똑"
307,45220,0.627999000003219,0.5664538545315466,0.7716043394371211,3.8580216971856056,12,52,4.19,0.838,0.625,0.375,0.76923,0.230769,0.701923,0.298077,0.096154,0.798077,0.399038,0.403846,0.0,0.475625,0.333041,0.0,0.169676,0.073907,0.0,0.287218,0.348106,0.0,0.054032,0.054032,0.166667,0.25,0.583333,0.0,0.054461,0.054461,0.0,0.447879,0.098577,"대사를, 김유, 발표도, 작품이, 드라마, 해석을, 작품을, 인물, 대해서, 영문과, 하시면, 교수님이, 작품, 가산점, 기분이, 읽어야, 어려운, 은근히, 나가서, 영어가",확실히 김유 교수님 한국어 수업 듣고나니 국제어 수업은 아쉬움이 남지만 여전히 남는게 많은 수업입니다. 교수님 특징은 작품을 관통하는 키워드와 주제를 작품소개 첫시간에 은근히 제시하고 line study를 통해 세부
308,46727,0.6279881538926606,0.5277286426653567,0.8619270134230368,4.309635067115184,20,337,4.26,0.852,0.427083,0.572917,0.672619,0.32738,0.726191,0.27381,0.044643,0.915179,0.927083,0.050595,0.0,0.602859,0.422133,0.0,0.637515,0.277686,0.0,0.013755,0.013755,0.100545,0.16644,0.198859,0.1,0.0,0.9,0.0,0.079356,0.079356,0.0,0.174125,0.038324,"마지막, 점수를, 과제, 과제가, 중에, 4차, 과제별, 점수가, 글쓰기, 학글, 알려주시지, 과제는, 주제도, 대해, 좋은, 랜덤으로, 지각, 있고, 자료, 주시는",수업시간이 꽤 프리하고 잡다한 얘기를 많이 하심 풀강을 하시긴 하지만 그래도 14주차 이후 종강이라 정말 편하긴함 막과제만 잘하면 에쁠주시는 걸로 예상됨
309,2748977,0.6277246429958128,0.49651397580799866,0.9338828664340457,4.669414332170229,20,111,4.75,0.95,0.522523,0.477477,0.986486,0.013513,0.77027,0.229729,0.400901,0.130631,0.383333,0.430631,0.0,0.241703,0.169245,0.0,0.114791,0.05,0.0,0.106071,0.106071,0.0,0.070236,0.070236,0.0,0.0,1.0,0.0,0.066482,0.066482,0.0,0.0,0.0,"발음이, 좋아요, 퀴즈도, 갓희익, 퀴즈, 너무너무, 적응하면, 영어를, 서술형, 복습도, 에쁠, 좋으세요, 해주시고, 경영, 좋으셔요, 교수님이, 중간을, 같아요, 제출만, 있어요",발음이 조금 안좋으심 ㅜㅜ 그래도 강의력은 나이스!!!
310,44127,0.627483365008621,0.49254309507309185,0.9423439948581892,4.711719974290946,20,432,4.81,0.962,0.524305,0.475694,0.945601,0.054399,0.800925,0.199073,0.274306,0.44213,0.40162,0.402778,0.0,0.0,0.0,0.0,0.0,0.0,0.0,0.078973,0.078973,0.0,0.0,0.0,0.0,0.0,1.0,0.0,0.052075,0.052075,0.0,0.0,0.0,"인증번호, 출튀, 아직, 출결을, 다만, 안봐서, 강의력이, 조금, 모르겠습니다, 문제도, 좋은, 아주, 좋음, 편하게, 학생들편의잘봐주시는, 인증출석으로, 출튀잡습니다, 있어여, 독학하셔도, 전자출결을",1학년 배려 많이해 많이서 이해하기 쉬움 영상 남겨주시는게 좋은듯
311,43063,0.6274473765504307,0.5309202783249726,0.8526772724098329,4.2633863620491645,20,91,4.16,0.832,0.67033,0.329671,0.983517,0.016484,0.752748,0.247252,0.450549,0.082418,0.4,0.4,0.05,0.030661,0.085877,0.0,0.0,0.0,0.129843,0.122557,0.193649,0.0,0.032419,0.096731,0.1,0.2,0.7,0.184308,0.0,0.052075,0.0,0.0,0.0,"오픈북이라, 오픈북, 논문, 무기화학, 연습문제, chat, 열심히, 공부를, 좋진, 오픈북에, 솔루션, 연습문제에서, 그렇게, 강의력이, 수월하게, 차라리, 공부한, 시험문제는, 학점은, 과제",교수님께서 모든 내용을 다 자세하게 설명해 주시지는 않지만 전 교수님의 강의가 좋았습니다! 무엇보다 학점은 잘 주시는거 같아요.
312,1612043,0.627410518544399,0.5028578995543406,0.9180332961878687,4.590166480939343,16,56,4.63,0.926,0.919643,0.080357,0.964286,0.035715,0.732143,0.267857,0.053572,0.883929,0.45625,0.335714,0.0,0.0,0.0,0.0,0.226066,0.098469,0.0,0.015222,0.015222,0.0,0.127661,0.127661,0.0,0.0625,0.9375,0.0,0.090443,0.090443,0.0,0.069247,0.015241,"수업시간에, 강희석, 뮤지컬, 공연, 외우면, 교수님이, 수업이었어요, 많은, 영화, 오페라나, 다음학기에도, 뮤지컬에, 작품들을, 오페라, 배울, 배우는, 있는, 열심히, 들을, 외우고",이번 학기 들은 수업들 중에 제일 좋았던 수업이예요! 출석도 정시에 맞춰서 부르시고 부르는 중에 들어가도 안 봐주시는데 출석 점수는 크지 않아요! 이런데도 불구하고 너무 좋았던 건 일단 교수님이 너무 좋으십니다! 오
313,2748914,0.6268020577784599,0.5223560730253275,0.8705093555357687,4.352546777678843,20,132,4.42,0.884,0.992424,0.007576,1.0,0.0,0.598486,0.401516,0.284091,0.25,0.4,0.4,0.0,0.061321,0.042938,0.0,0.158094,0.068862,0.0,0.12787,0.12787,0.0,0.173419,0.173419,0.05,0.05,0.9,0.0,0.039678,0.039678,0.0,0.0,0.0,"철학에, 철학, 서양, 대학, 철학사를, 관심이, 철학을, 힘드실, 사람이라면, 분들께, 열심히, 외울, 고등학교, 대한, 봅니다, 보니, 평소, 서술형, 하심, 후하게",고등학교 때 꿈꿨던 대학 강의 그대로예요! 서양 철학사를 철학자의 사상을 바탕으로 시간 순서에 따라 설명하는 방식이에요. 생윤과 윤사 배우신 분들은 익숙한 이름이랑 개념이 많아서 이해하기가 더 쉬울 거예요. 과제는 
314,103522,0.6264216325731919,0.5082712421651979,0.9021058768585115,4.510529384292558,20,62,4.08,0.816,0.451612,0.548386,0.580645,0.419354,0.564516,0.435484,0.354839,0.274193,0.53871,0.248387,0.0,0.947586,0.663517,0.0,0.0,0.0,0.0,0.256109,0.269865,0.0,0.102656,0.102656,0.0,0.05,0.95,0.0,0.345361,0.345361,0.0,0.418803,0.092177,"퀴즈는, 5번, 퀴즈, 퀴즈에서, 다른, 남기고, 퀴즈를, 퀴즈에, 귀찮을, 개념, 말씀이, 어렵지, 질문, 2주에, 대신, 않아요, 되고, 중요한, 위주로, 하나",교수님 강의력 진짜 좋으십니다. 정말 잘 가르치시고 실제적이고 자세한 설명들도 많고 강조도 잘해주십니다. 배우는 것도 많고 남는 것도 많고 수업도 꽤 재밌는 굉장히 알찬 수업입니다. 저는 학점도 잘 받아서 신났어요.
315,2315489,0.6261097164760563,0.492096554307831,0.9388070948685819,4.694035474342909,20,83,4.55,0.91,0.53012,0.46988,0.981928,0.018072,0.801204,0.198796,0.487951,0.144578,0.407229,0.395181,0.0,0.287381,0.20123,0.0,0.0,0.0,0.0,0.068373,0.068373,0.0,0.0,0.0,0.0,0.05,0.95,0.0,0.078113,0.078113,0.0,0.0,0.0,"시험은, tcp, 수고, 강의들, 강의가, 이해가, 강의력, 계산, 과제, 감사합니다, 무난한, 보고서, 학점이, 같다, 강의도, 학점느님이십니다, 과제1번의, 염센세의, 망설이는가, 동네형이",너무너므잼있어욯ㅎㅎㅎㅎㅎㅎㅎㅎㅎㅎㅎㅎㅎㅎㅎㅎㅎㅎ
316,42844,0.6260309550783127,0.5019768700452631,0.9154904868220952,4.5774524341104765,20,544,4.65,0.93,0.643382,0.356617,0.891544,0.108456,0.711397,0.288603,0.378676,0.243566,0.521323,0.261672,0.0,0.0,0.0,0.0,0.079047,0.034431,0.0,0.065275,0.065275,0.0,0.153376,0.153376,0.0,0.0,1.0,0.0,0.035318,0.035318,0.0,0.35,0.077034,"가산점이, 발표를, 안해도, 출튀, 오프라인에서는, 꿀강이고, 발표, 아까운, 같은데, 진도는, 나가고, 부담이, 발표만, 역사, 출튀는, 강의로, 식으로, 돼요, 강의도, 아주",오프라인에서는 발표로 수업이 진행되고 진도는 온라인 강의로 나갑니다. 꿀강이고 성적도 엄청 잘 주십니다.
317,43712,0.6250361031527693,0.5228196319696186,0.8635412025801209,4.317706012900604,20,80,4.08,0.816,0.4375,0.5625,0.375,0.625,0.775,0.225,0.0625,0.8375,0.86625,0.085,0.0,0.326506,0.288546,0.0,0.079047,0.034431,0.0,0.012178,0.012178,0.0,0.128623,0.128623,0.0,0.15,0.85,0.0,0.026038,0.026038,0.0,0.379522,0.134049,"중국어, 중국어로, 발표, 팀플, hsk, 중국에서, 대답하고, 재외국민, 중국어를, 1교시라, 과제, 모든, 학생들한테, 좋아요, 분들이, 잘하면, 매우, 없고, 3번, 조별","저는 개인적으로 교수님 되게 좋아요. 강의력 괜찮으시고 성격도 좋으세요. 그리고 다른 분이 강평에 발표 3번이라고 하셨는데, 정확히 말하자면 발표는 한번이고(팀플), 토론이 두번이에요. 토론은 부담 없이 하시면 될거"
318,105785,0.6247752005553018,0.5316602996707697,0.84204330261921,4.21021651309605,20,148,3.95,0.79,0.928572,0.071429,0.989796,0.010204,0.588436,0.411564,0.295918,0.387755,0.316667,0.536054,0.0,0.030661,0.042938,0.137214,0.193838,0.118862,0.157602,0.2219,0.293143,0.0,0.0,0.0,0.1,0.1,0.8,0.184308,0.061355,0.139468,0.0,0.055398,0.012193,"족보, 새로운, 강의는, 오프라인, 90, 10, 32인데, 발음에, 강의력, 32, 사세요, 공부하시길, 영어, 무조건, 강의력이, 시험은, 일주일에, 족보가, 내용, 족보에서",교수님 강의력은 솔직히 좋진 않지만.. 집중하면 다 알아들을 수 있어요 일단 강의 난이도가 낮아요 국제어 강의라 고민했는데 오히려 영어로 듣는 게 직관적이고 쉽습니다 온라인 영상을 여러 개 올리시는데 마감 날짜가 다
319,2748898,0.6239029625897621,0.48373243621594963,0.9509675241286578,4.754837620643289,20,111,4.93,0.986,0.932432,0.067568,0.315315,0.684685,0.846847,0.153153,0.022523,0.90991,0.320721,0.527928,0.0,0.211042,0.147776,0.0,0.0,0.0,0.0,0.056781,0.056781,0.0,0.064312,0.064312,0.0,0.0,1.0,0.0,0.0,0.0,0.0,0.0,0.0,"글로벌, 듣기, 가장, 평균이, 있는, 없고, 리스닝태스크, 퀴즈, 수업도, 절대평가인데, 과제도, 중에, 꿀강이라고, 영어, 높습니다, 실력이, 교수님도, 들을, 일찍, 평균보다","한 학기 동안 학문, 노래, 인터뷰, 영화 등 여러 종류의 영어 듣기에 대하여 배우는 강의입니다. 강의 내용이 풍부하며, 잘 이해가 안되는 부분만 조원들이랑 자유롭게 이야기하며 이해하면 되기에 쾌적하게 많은 내용을 "
320,45314,0.6231838820368616,0.5057523314470277,0.8971908334131411,4.485954167065706,20,61,4.64,0.928,0.409836,0.590164,0.934426,0.065574,0.885246,0.114754,0.188525,0.565574,0.404918,0.396721,0.0,0.122643,0.085877,0.0,0.0,0.0,0.0,0.071243,0.071243,0.0,0.102129,0.102129,0.0,0.2,0.8,0.0,0.163383,0.196059,0.0,0.0,0.0,"설명, 다시, 쉽게, 시험문제는, 예제를, 무난무난, 연습문제에서, 책에, 해주심, 시험문제가, 과제에서, 잘해주시고, 과제, 예제, 거의, 교수님이, 한국어로, 하지만, 나오고, 물론",강의도 잘하시는거같고 학점도 잘 주신거 같다. 중간 비중5%는 take home exam이랑 무슨 영상만드는 과제하고 기말은 웹엑스로 봤는데 중간은 채점해보니까 다 틀리고 기말은 제출하니까 실수한거 보였는데 에이쁠 
321,44152,0.6226008007507673,0.5105218062422733,0.8841184546039199,4.4205922730196,11,51,3.76,0.752,0.137255,0.862745,0.519608,0.480392,0.774509,0.225491,0.09804,0.803921,0.941177,0.039216,0.0,0.099841,0.069911,0.0,0.0,0.0,0.0,0.0,0.0,0.0,0.0,0.057986,0.0,0.090909,0.909091,0.0,0.0,0.0,0.0,0.0,0.0,"조교님, 조교님이, 보고서만, 보고서에, 채점도, 하신, 실험, 친절하고, 엄청, 자세히, 피드백도, 질문도, 점수가, 점수를, 쓰라는대로만, 오릅니다, 시험주엔, 휴강이고, 예비레포트도, 일물실","첫 레포트가 망했는데, 조교님이 쓰라는대로만 쓰다보면 점수가 오릅니다! 결국 A+받았고, 조교님도 문의 내용에 친절히 답해주십니다. 채점도 제출한 주 안에는 해주시는 편이구요. 그리고 귀여우십니다 ㅎㅎ 시험주엔 휴강"
322,44167,0.6220821694445895,0.48922246525798047,0.9320881458800109,4.6604407294000545,20,112,4.56,0.912,0.517857,0.482143,0.955357,0.044643,0.696429,0.303571,0.375,0.205357,0.457589,0.339286,0.0,0.061321,0.042938,0.0,0.079047,0.034431,0.0,0.102916,0.102916,0.0,0.096731,0.096731,0.0,0.0,1.0,0.0,0.246394,0.246394,0.0,0.0,0.0,"화학, 출석이, 들어도, 과제는, 잘해주십니다, 정말정말, 굉장히, 강의력, 오프라인으로, 맞춰서, 최고, 시험도, 좋았음, 어떤, 이해, 오프라인, 있는, 설명, 해주시고, 좋은",교수님 강의력 좋으심. 중간고사 난이도 중 정도지만 계산문제 많아 시간모자람 시간안에 다풀수만 있다면 상위권일듯 기말고사 계산문제 거의 없어서 시간 크게 부족하지 않음 루이스구조 그리는 연습만 잘돼있으면 무난할듯
323,1937037,0.6219365202576017,0.5102571772961051,0.8825216538344272,4.412608269172136,20,145,4.43,0.886,0.268966,0.731035,0.127586,0.872414,0.803448,0.196552,0.110345,0.748275,0.947586,0.030345,0.0,0.030661,0.021469,0.0,0.079047,0.034431,0.0,0.0,0.0,0.0,0.070763,0.070763,0.0,0.05,0.95,0.0,0.0,0.0,0.0,0.166193,0.036578,"과기글, 과기글은, 교수님은, 버스, 교수님이, 팀플, 조별과제가, 잘못, 많고, 과목, 팀원, 논문, 특성상, 쉽지, 주제, 피드백도, 좋으심, 다시, 열심히, 좋음",교수님 정말 좋음 그러나 과목 특성상 팀운 좋아야함
324,2836333,0.6218811982867066,0.4830415068435999,0.9458404783206223,4.729202391603112,20,143,4.88,0.976,0.51049,0.489511,0.98951,0.01049,0.842658,0.157342,0.548951,0.062937,0.4,0.4,0.0,0.030661,0.021469,0.0,0.0,0.0,0.0,0.036533,0.036533,0.0,0.0,0.0,0.0,0.05,0.95,0.0,0.092519,0.092519,0.0,0.0,0.0,"좋아요, 교안, 깔끔하고, 적당하고, 과제는, 깔끔한, 잘해주십니다, 좋습니다, 난이도도, 교안도, 교수님이, 과제도, 같이, 좋고, 좋으십니다, 유익하구요, 데이터마이닝에, 기본기를, 잇고, 두번하면",교수님이 일단 좋으십니다!!! 수업 내용도 유익하구요. 몇 안되는 도움이 되는 강의인듯 합니다. 다만 수강생분들이 다 열정적이고 잘하시는 것 같습니다 ㅎㅎ ㅠㅠㅠ
325,77582,0.6217253469005448,0.4762212899741637,0.9612348130621008,4.806174065310504,20,461,4.45,0.89,0.82538,0.17462,0.957701,0.042299,0.784164,0.215836,0.360087,0.287419,0.20705,0.609978,0.0,0.0,0.0,0.0,0.0,0.0,0.0,0.081901,0.081901,0.0,0.0,0.0,0.0,0.0,1.0,0.0,0.131835,0.131835,0.0,0.0,0.0,"차근차근, 쉽게, 어려움, 듣고, 설명, 교재, 노베인데, 설명해, 강의력이, 이해할, 풀면, 혼자, 아직, 이해하기, 없습니다, 전부라는, 설명너무잘하십니다, 두세번정도, 나올거같습니다, 낮긴",수업 차근차근 듣고 교재 문제 풀면 큰 어려움 없습니다 회계가 그저 너무 어려울 뿐 교수님은 정말 좋으세요! 온라인인 것도 정말 큰 장점입니당
326,44025,0.6213608648302827,0.5150522526021288,0.869414293362642,4.34707146681321,20,147,4.54,0.908,0.357142,0.642856,0.646258,0.353742,0.768707,0.231292,0.173469,0.666667,0.793878,0.04898,0.0,0.337268,0.257631,0.0,0.0,0.0,0.0,0.012178,0.012178,0.0,0.05,0.05,0.05,0.1,0.85,0.0,0.0,0.0,0.0,0.05,0.011005,"간단한, 과제, 들었습니다, 기말도, 뭔가, 과제가, 많기는, 매주, 크게, 않고, 있고, 있는데, 학기동안, 교양, 부담없이, 나왔습니다, 학점이, 있는, 내내, 과제를",얻어 가는게 많은 수업. 그렇다고 해야하능게 많지도 않고. 강추합니다
327,2377116,0.6204019672521792,0.49460837404386393,0.9139203514049151,4.569601757024576,17,57,4.63,0.926,0.877193,0.122807,0.885965,0.114035,0.736842,0.263158,0.456141,0.061404,0.4,0.4,0.0,0.0,0.0,0.0,0.0,0.0,0.0,0.047383,0.047383,0.0,0.03752,0.03752,0.0,0.117647,0.882353,0.0,0.061265,0.061265,0.0,0.0,0.0,"교수님께서, 물리화학, 반도체, 내용, 자주, 살짝, 물론, 들었습니다, 좋을, 자체가, 나옵니다, 있지만, 열정넘치셔서, 강사님, 오신것도, 흥미롭긴한데, 날카로우실, 감성과, 멋쁨을, 겸비하신",좋은 교수님이십니다 인자하시고 친절하십니다
328,2376855,0.619510883621517,0.5284965836314964,0.8318775835982316,4.159387917991158,20,64,4.28,0.856,0.65625,0.34375,0.96875,0.03125,0.789062,0.210938,0.460938,0.25,0.596875,0.175,0.0,0.0,0.0,0.0,0.079047,0.034431,0.373475,0.041853,0.171606,0.0,0.063785,0.063785,0.15,0.25,0.6,0.364029,0.140239,0.28277,0.0,0.0,0.0,"에너지, 양이, 처음, 감이, 나노, 태양전지, 연료전지, project, 많고, 어느, 부분은, 소재에, ppt, 열심히, 내용이, 관심이, term, 조절, 과목도, 방대하고",피피티 천오백장 이말 한마디면 모든게설명가능. 반도체교수가 되셨다가 전지교수가 되셨다가 나노교수가 되셨다가 올라운더 교수. 수업시간에 강조한것에서 시험이 다 나오긴함 피피티 한장 만드는데 10분이라 했을때 250시간
329,2168580,0.6194234326499153,0.4839062176281203,0.9356302677007706,4.678151338503853,20,98,4.71,0.942,0.89796,0.10204,0.428571,0.571428,0.75,0.25,0.443877,0.081632,0.496428,0.335714,0.0,0.165947,0.116199,0.0,0.0,0.0,0.0,0.028684,0.028684,0.0,0.0,0.0,0.0,0.05,0.95,0.0,0.034285,0.034285,0.0,0.0,0.0,"토론, 영어, 교수님이, 토론은, 루브릭, 주제가, fun, 영어를, 원어민, you, 되게, 좋았지만, 재밌으시고, 퀴즈, 루브릭만, 유쾌하시고, 토론도, 주제를, 분은, 글로벌","퀴즈 두 번 토론 두 번 있어요! 저는 개인적으로 영어 회화가 능숙하지는 않아요 일상 대화는 가능하나 토론 주제가 정해져있어서 더 어려웠던 것 같아요,, 무엇보다 15분 전에 주제를 주기 때문에 미리 준비해갈 수 없"
330,43437,0.6193913402925957,0.4944667472652475,0.9108820573564081,4.554410286782041,20,118,4.82,0.964,0.440679,0.559323,0.949153,0.050847,0.813559,0.18644,0.144068,0.65678,0.39661,0.402966,0.025,0.137078,0.117454,0.0,0.0,0.0,0.0,0.095479,0.095479,0.0,0.087017,0.087017,0.05,0.0,0.95,0.0,0.052075,0.052075,0.0,0.0,0.0,"류창국, 과제는, 시험은, 열역학, 한글로, 가르쳐주십니다, 비슷한, 교수님이십니다, 과제, 마지막에, 최고, 비율, 부분, 한국어로, 평균보다, 중간, 해주시고, 다시, 좋고, 100퍼","100퍼 온라인 사전 제작 수업으로 들었고, 강의력이 매우 좋으심. 중간고사 1주 전에 퀴즈 한 번 (두문제 정도) 봤고, 과제도 챕터 끝날 때마다 내주시는데 양은 적당했음. 시험 내용은 기출이나 과제 문제로 준비하"
331,2315360,0.6190561079906989,0.4945131115090241,0.909656433114607,4.548282165573035,20,72,4.68,0.936,0.485916,0.514085,0.936619,0.063381,0.866197,0.133804,0.09155,0.816901,0.393662,0.411267,0.0,0.061321,0.042938,0.0,0.0,0.0,0.0,0.055204,0.055204,0.0,0.141527,0.141527,0.05,0.05,0.9,0.0,0.118557,0.118557,0.0,0.05,0.011005,"내용은, 열심히, 교수님이, 반복해서, 내용을, 신택스, 트리, 교수님과, 자주, 하는, 본인만, 오피스, 많은, 챙겨주십니다, 면담을, 모습을, 들으면, 수업입니다, 들을, 듣고","본인만 열심히하면 됩니다. 강의가 어려워도, 두 번 듣고 세 번 들으면 이해할 수 있습니다. 그래도 어려우면 교수님과 면담을 통해 질문 드릴 수도 있습니다. 시험이 너무 어려워보여도, 결국 배운 내용을 응용하는 것이"
332,1937306,0.6189064124964992,0.5334526971004759,0.8182984150872203,4.0914920754361015,8,48,3.85,0.77,0.916667,0.083333,0.916667,0.083333,0.624999,0.374999,0.114584,0.75,0.458333,0.333333,0.0,0.0,0.0,0.0,0.0,0.0,0.0,0.121778,0.121778,0.0,0.125,0.125,0.125,0.125,0.75,0.0,0.0,0.0,0.0,0.0,0.0,"식생, 문제는, 적어도, 중요하게, 얻어가는게, 학점이, 그런지, 배운, 않은, 있을, 14주치를, 오프라인이지만, 시험친, 다른과목처럼, 괴랄하게, 낼것을, 대비했지만, 15분전에, 안그럴거같다는, 쏟아부어야함","외부강사님이시지만 작년에도 강의를 맡은적 있기때문에 앞으로도 종종 식생 전공을 맡으실 수 있을것 같아 강의평을 남깁니다 우선 개념, 원리, 설명을 굉장히 중요하게 여기십니다. 시험문제도 다 저런걸 물어보는 형식입니다"
333,77448,0.6186071997349025,0.5057005986396497,0.8820559356238261,4.410279678119131,20,100,4.69,0.938,0.505,0.495,0.955,0.045,0.66,0.34,0.185,0.615,0.4035,0.396,0.0,0.122643,0.085877,0.0,0.0,0.0,0.0,0.179748,0.179748,0.0,0.038344,0.038344,0.0,0.1,0.9,0.0,0.111918,0.111918,0.0,0.0,0.0,"한국어로, 마지막에, 좋으시고, 한글로, 문제, 챕터, 끝날, 정리해주시는, 요약해주시는게, 요약도, 시험은, 조금, 과제는, 도움이, 2주에, 족보, 적당한, 짧게, 물리, 좋아요","강의력 엄청 좋으시고, 끝나고 한국어로 정리해주시는 것도 좋아요. 과제는 챕터 끝날 때마다 내주세요. 출튀 안 잡으시고 강의녹화 다 해주셔서 좋은거 같습니다. 시험공부의 경우 교안에 있는 문제 + 과제 + 유도 조금"
334,2087072,0.6186056889556164,0.5012440070090654,0.8924496134975692,4.462248067487846,17,57,4.47,0.894,0.298246,0.701754,0.587719,0.41228,0.903509,0.096491,0.08772,0.807018,0.472807,0.314912,0.0,0.108214,0.12629,0.0,0.0,0.0,0.0,0.088762,0.088762,0.0,0.195812,0.195812,0.0,0.117647,0.882353,0.0,0.030632,0.030632,0.0,0.0,0.0,"정형모, 10개, 과제는, 과제가, 있는, 나온다, 생각하면, 과제, 그게, 과제도, 하지만, 학점, 않은, 받았습니다, 시험은, 재산이다, 공부된다, 풀기만, 5문제나, 몇문제가",교수님 정말 친절하시고 학점도 매우 잘 주셔요!! 고체역학은 꼭 정형모 교수님꺼 들으세요!!
335,1612305,0.6184088749540164,0.5794154979262083,0.7093934213522354,3.5469671067611768,20,164,3.5,0.7,0.795732,0.204268,0.969512,0.030488,0.814025,0.185976,0.170732,0.527439,0.519207,0.264634,0.0,0.0,0.0,0.0,0.0,0.0,0.13345,0.089576,0.202796,0.0,0.064312,0.102656,0.4,0.3,0.3,0.115651,0.0,0.032677,0.0,0.0,0.0,"법학, 암기를, 전에, 헌법, 과목, 2학년때, 약술형, 다른, 시험범위, 힘들었던, 미화, 없음, 의미가, 일주일, 답안, 최악의, 하게, 시험, 암기, 나올",교수님깨서 학생들이 법학 입문을 하는 강의라는 걸 알고 계시기 때문에 어떤 관점이나 태도로 접근하면 좋은지 설명해 주십니다. 시험이 많이 부담되긴 하지만 그래도 배울게 아예없는 강의는 아닙니다!
336,1856288,0.6183184987676976,0.49314797121495496,0.9103830630574307,4.551915315287153,20,180,4.62,0.924,0.408334,0.591666,0.944445,0.055556,0.705556,0.294444,0.358334,0.302777,0.525555,0.303334,0.0,0.030661,0.021469,0.0,0.0,0.0,0.0,0.103035,0.103035,0.0,0.0,0.0,0.0,0.0,1.0,0.0,0.0,0.0,0.0,0.0,0.0,"알고리즘, 시간을, 생각할, 방식이, 재밌습니다, 수업이, ps, 문제를, 푸는데, 직접, 시간이, 영상으로, 풀이를, 부담스럽지, 문제, 수업은, 교수님이, 푸는, 재밌고, 배운",교수님이 유쾌하심 수업은 한국어 영어 전부 영상으로 올려주셔서 매우 좋음
337,2576306,0.6182536049671667,0.4732529683103222,0.9565884238331375,4.782942119165687,20,62,4.5,0.9,0.951613,0.048387,0.983871,0.016129,0.862903,0.137097,0.266129,0.338709,0.025806,0.957258,0.0,0.165947,0.116199,0.0,0.101806,0.044344,0.0,0.075231,0.075231,0.0,0.031892,0.031892,0.0,0.0,1.0,0.0,0.039678,0.039678,0.0,0.0,0.0,"4번이라, powerful한, 교수님과, 퀴즈가, 4번인데, 시험, 코드를, 번으로, 조교님들, 퀴즈를, 설명도, 직접, 바닥, 기었는데, 비플주셨어요, 재수강이였는데, 열정적임, 회복할, 편하기, 젛은거",시험 4번이라 복구할 기회가 많아서 좋은듯 질문하면 친절하게 잘해주시고 출석도 잘 변경해주심
338,78004,0.6182219326091528,0.5315234992070305,0.8205182772141051,4.102591386070525,10,50,4.62,0.924,0.32,0.68,0.94,0.06,0.58,0.42,0.25,0.5,0.294,0.564,0.0,0.278314,0.194881,0.0,0.0,0.0,0.0,0.408492,0.408492,0.0,0.450707,0.450707,0.0,0.0,1.0,0.0,0.0,0.0,0.0,0.0,0.0,"프랑스어, 문법, 동사변화, 문법에, 동사, 생초보는, 불어를, 싶으면, 말고, 단원이, 않는, 교수님은, 연습문제를, 기초가, 지금, 친절하시고, 기초, 수업이었어요, 끝날, 풀어서","노윤채 교수님은 사랑입니다♡ 원래 프랑스 문법에 대해 거부감이 엄청 많앗고 옛날에 기초 프랑스어 1,2도 썰리고 재수강하고 고군분투해서 걱정스러웠습니다. 졸업은 해야겟고ㅠㅠㅠ수업에서 요구하는 대로 나름 성심껏(?) "
339,2249282,0.6181837543914308,0.49817236681494603,0.8982103254032286,4.491051627016144,20,114,4.54,0.908,0.561403,0.438596,0.416666,0.583333,0.736842,0.263158,0.057017,0.885965,0.692106,0.073684,0.0,0.183964,0.128815,0.0,0.215763,0.093981,0.0,0.040275,0.040275,0.0,0.096204,0.096204,0.05,0.0,0.95,0.0,0.034285,0.034285,0.0,0.0,0.0,"매주, 교수님이, 일찍, 토론, 과제, 천사이심, 어렵지, 좋으시고, 내용이, 글쓰기, 누가, 않습니다, 귀여우세요, 크게, 하는지, 기말만, 수업도, 않고, 귀여우시고, 부담스럽지","교수님은 우선 엄청 착하세요, 아래에 전반적으로 강의에 대한 내용 많이 있는 것 같으니 제가 느낀걸 말씀해드리자면 교수님은 기본적으로 토론에 대해서 채점은 안하나 누가 열심히 하고 정답에 근접한 내용의 발언을 하는지"
340,2576375,0.6179991025447654,0.48842270738674964,0.9203440245801356,4.601720122900678,20,74,4.78,0.956,0.790541,0.20946,0.993243,0.006757,0.756757,0.243243,0.527027,0.006757,0.40473,0.394594,0.0,0.030661,0.021469,0.0,0.0,0.0,0.06073,0.028803,0.045428,0.0,0.0,0.0,0.1,0.0,0.9,0.0,0.110789,0.110789,0.0,0.0,0.0,"과제도, 공기수는, 2학기때는, 공기수, 전자출결이라, 적당히, 안하셔서, 평점, 편하게, 분이라, 성격이, 지루하지, 강의력은, 해주시는데, 수준으로, 학생들, 좋으시고, 강의력, 진도, 최고",과제 귀찮다고 찡찡대는 친구는 인생을 얼마나 편하게 살아온 친구인지는 모르지만 그냥 과제는 거의 없다시피 한다고 봐도 됨 시험은 거의 연습문제 수준으로 나오고 어려울 것 같은 건 그냥 내겠다고 예고도 하심 진도 밀린
341,2249328,0.6170169609063205,0.5188373308657785,0.8461027643342521,4.230513821671261,20,93,4.37,0.874,0.301075,0.698924,0.827957,0.172043,0.715054,0.284946,0.263441,0.489247,0.417742,0.382796,0.0,0.061321,0.042938,0.0,0.0,0.0,0.0,0.215601,0.227779,0.0,0.064312,0.064312,0.05,0.1,0.85,0.0,0.0,0.0,0.0,0.0,0.0,"인생에, 계절로, 시험은, 여름, 필수과제, 같아요, 대해, 과제는, 다시, 내용은, 달달, 필수과제가, 있어요, 평소과제, 아는거, 평소과제는, 있었으면, 나에, 만점, 서술형은",22년 여름 계절로 들었어요 과제는 올 만점이고 중간 25점 만점에 23점 기말 30점 만점에 29점으로 에쁠이네요 공대 막학년이고 이런거에 관심 많아서 그런지 티비 프로그램으로 자주 봤던 내용들도 많고 쉽게 받아가
342,44058,0.6169447754505288,0.5089230628128927,0.8689954382716799,4.344977191358399,20,236,4.53,0.906,0.377118,0.622881,0.77966,0.220338,0.701272,0.298729,0.192796,0.584746,0.492372,0.308051,0.0,0.182173,0.127561,0.0,0.0,0.0,0.0,0.163154,0.163154,0.0,0.064312,0.064312,0.05,0.05,0.9,0.0,0.032677,0.032677,0.0,0.05,0.011005,"교수님이, 성적은, 나옴, 성적도, 계속, 조금, 되게, 현장에서, 열정적이고, 영어, 친절하시고, 짜게, 열정적이시고, 실시간, 되는데, 주는, 쓰고, 그러나, 그거, 평균보다",교수님 열정적이고 착해요 말을 느리게해서 이해하기 쉬워요
343,77401,0.6165422852423308,0.5498104556565457,0.7722498876091629,3.8612494380458147,20,446,3.78,0.756,0.532585,0.467416,0.814607,0.185393,0.614607,0.385393,0.134831,0.741573,0.921123,0.041348,0.0,0.150456,0.126822,0.0,0.112039,0.048802,0.0,0.02652,0.02652,0.0,0.070236,0.070236,0.15,0.2,0.65,0.0,0.103887,0.103887,0.0,0.2,0.055024,"정치, 1차, 피드백, 에세이, 얘기, 최종, 시사, 정치적, 에세이를, 본인이, 쓰면, 면담, 맞춰서, 4월까지는, 개인, 주제, 최종에세이, 발언을, 교수님께서, 생각에",수업 진행 방식은 일단 각기 다른 분야의 책을 8권 정도 제시하십니다. 그 중 관심 있는 분야의 책을 고르고 읽은 뒤 챕터 하나를 선정해서 요약을 하고 논평을 합니다. 이후 최종 에세이 주제를 정하고 개인 발표(주제
344,2168672,0.6161715506442682,0.5391617091394545,0.7958611808221671,3.979305904110835,20,152,3.83,0.766,0.891447,0.108552,0.967105,0.032895,0.713815,0.286185,0.25658,0.407895,0.481579,0.307237,0.0,0.0,0.053046,0.0,0.101806,0.044344,0.09473,0.081541,0.154825,0.301634,0.0,0.135602,0.15,0.4,0.45,0.0,0.033805,0.033805,0.0,0.0,0.0,"독학, 없어서, 어렵게, 기말, 시험은, 번으로, 아무도, 영어, 목소리, 시험이, 100, 발음, 그렇다고, 알아듣기, 편은, 주는, 국제어, 어렵습니다, 아닌, 않지만",인풋 대비 성적이 잘 나온다고 해서 믿고 수강했다가 힘들었어요… 성적미화과목.. 교수님 강의 전달력이 높은 편은 아니라 한두번 들으려고 해보다 결국 수업시간에 딴짓하고 있는 자신을 보게 되실 겁니다. 강의시간에 나온
345,1771992,0.6156656379115837,0.5008157872070516,0.8836486228888253,4.4182431144441265,20,209,3.98,0.796,0.747596,0.252404,0.680288,0.319711,0.776442,0.223558,0.420673,0.139423,0.399519,0.400722,0.0,0.0,0.0,0.0,0.0,0.0,0.112232,0.086919,0.129822,0.235289,0.128623,0.254489,0.1,0.15,0.75,0.0,0.059843,0.059843,0.0,0.110795,0.024386,"시험은, 온라인, 그래도, 감사했습니다, 강의는, 강의력은, 강의만, 출석도, 아캠, 좋으신데, 들어도, 해주셔서, 주셔서, 같아요, 항상, 성적을, 아니라, 잼관이라, 밑분, 전개되어",따라가기 벅차긴 하지만 문과 경영대생이 어떤 방향으로 나아가가 전공을 살릴 수 있을지를 제시해주는 수업을 해주십니다. 교안ppt를 주셔서 혼자 GPT와 함께 공부할 수 있어요. 시험은 객관식으로 나와서 정 모르겠으면
346,2893087,0.6156396422558768,0.4918590342852881,0.9044610608539169,4.522305304269584,5,45,4.82,0.964,0.588889,0.411111,0.955555,0.044444,0.511112,0.488889,0.5,0.011111,0.4,0.4,0.0,0.122643,0.085877,0.0,0.0,0.0,0.0,0.227602,0.227602,0.0,0.0,0.0,0.0,0.0,1.0,0.0,0.234856,0.234856,0.0,0.0,0.0,"과목이, 자체가, 복전생인, 별이다섯개, 수학노베, 계산이고, 미리미리미리미리공부하세요제발양도개많음, 과제창, 열면, 메모하세요, 80문제, 풀기였는데, 개오래걸리니까미리미리미리하세요, 상태이긴, 작게말했음, 터져요, 높았는데a0받고, 잘해주시니까, 힘들어하는, 어떤건지",화공 수업 이해하기 힘들었던 복전생인 나도 이해하면서 강의 들음. 진짜 강의력 별이다섯개. 출튀 안 잡으심. 그리고 계산 힘들어하는 수학노베 복전생인 입장에서 중간기말이 개념 OX 문제로 나온다는 것도 큰 메리트. 
347,46794,0.6148511660901554,0.5186989649483204,0.8392063020877708,4.196031510438854,20,179,3.78,0.756,0.497206,0.502794,0.122905,0.877095,0.642458,0.357542,0.01676,0.969275,0.862569,0.088827,0.0,0.150456,0.105352,0.0,0.114791,0.05,0.0,0.123396,0.137738,0.0,0.243655,0.243655,0.0,0.05,0.95,0.0,0.0,0.0,0.0,0.893788,0.211846,"수업이, 조원, 기간에, 최종, 개인, 최종에세이가, 조별, 팀으로, 에세이, 거의, 휴강도, 제일, 글쓰기, 하지만, 마지막, 종강, 중요할, 부담, 있는, 활동",시험 없고 팀플만 하는데 그렇게 부담 될 수준은 아닙니다 마지막 글쓰기 과제가 있는데 힘 많이 안 주고 분량 지키고 근거 부분만 열심히 썼어요. 무난하게 에이쁠 나왔습니다 아침 수업인 것만 감안하면 무난무난한 학점미
348,43652,0.6148332883580023,0.5083685608802427,0.8632509858061083,4.316254929030541,20,505,3.92,0.784,0.533664,0.466337,0.521782,0.478218,0.622772,0.377228,0.007921,0.983169,0.727822,0.026831,0.0,0.0,0.0,0.0,0.0,0.0,0.0,0.098511,0.098511,0.0,0.0,0.0,0.05,0.05,0.9,0.0,0.0,0.0,0.0,0.05,0.011005,"스피치, 토론, 이상철, 한번만, 편애, 찍히면, 설득스피치, 자기소개, 솔직히, 앞으로, 귀여우시고, 좋았고, 이론, 강평, 두번, 없고, 모르겠습니다, 보는, 같아요, 마지막",여름학기 신청해서 들었는데 생각보다 배운게 많고 좋았습니다. 남 앞에서 말하는걸 원래 잘 못했는데 이제 잘하게 된것 같아요
349,103684,0.6147832158950391,0.48821396735598804,0.9101114624861584,4.550557312430792,20,114,4.47,0.894,0.298245,0.701755,0.802631,0.197369,0.701754,0.298246,0.311404,0.377192,0.653509,0.149123,0.0,0.337268,0.236162,0.0,0.0,0.0,0.0,0.079308,0.079308,0.0,0.032419,0.032419,0.0,0.0,1.0,0.0,0.026038,0.026038,0.0,0.0,0.0,"과제, 못하면, 시험은, 한국어, 과제가, opengl, 선대나, 빨강, 파랑, 생각, 어렵고, 난이도가, 공부했고, 과제를, 들은, 조금, 신경써서, 제대로, 과제는, 생각합니다",※ 금학기 기준 맥(애플실리콘) 에서 과제(테스트)하는 법 ※ ★제출은 Mac Compatible도 안 받으시므로 윈도우/리눅스에서 최종 작성/확인 필요★ 맥에서만 돌릴거면 GLAD 필요없고 &lt;OpenGL/gl
350,45293,0.6147451784679575,0.5018112512389892,0.8782576753355504,4.391288376677752,7,47,4.55,0.91,0.914894,0.085107,0.946809,0.053192,0.734043,0.265958,0.021277,0.904256,0.331915,0.496809,0.0,0.386532,0.270657,0.0,1.0,0.435575,0.0,0.080278,0.080278,0.0,0.341246,0.432367,0.0,0.142857,0.857143,0.0,0.0,0.0,0.0,0.142857,0.031442,"퀴즈, 환기초, 환공개, 공대수업답지않은, 지식적인, 학점따기가, 6시간보고, 찍어주셨는데, 찍어준데서, 수업진짜개졸리고, 중요한것도, 교수님은강조하셨다고하는데, 강조가, 교수님마음만알수있는강조다, 시험도어떻게준비해야할지몰라서, 스트레스받았고, 전날하기는하지만, 스트레스많이받았습니다, 어디까지채워주시는지는잘모르겠어요, 계획은",환기초 환공개 알죠? 전 수업 재밌었습니다. 공대수업답지않은 지식적인 부분이 많습니다. 새로운 부분을 배우는게 재밌었습니다. 학점은 잘주시는 편인것 같습니다. 다만 학생들이 공부를 너무 안해서 학점따기가 쉽습니다. 
351,43950,0.6140624320597364,0.5144106658354641,0.8465832199163719,4.2329160995818595,20,81,4.54,0.908,0.438272,0.561729,0.444445,0.555556,0.641976,0.358025,0.234568,0.518518,0.695679,0.093827,0.0,0.286996,0.20096,0.0,0.193004,0.084068,0.0,0.165429,0.207282,0.0,0.134021,0.165914,0.0,0.25,0.75,0.0,0.309181,0.374896,0.0,0.524719,0.139874,"교직, 매주, 갓명숙, 팀플, 레포트로, 토론에, 강의력, 같은데, 기말, 같은, 생각합니다, 다른, 가장, 않을, 토론이, 뭐합니까, 상호평가가, 중간, 같아요, 출석이나",들었던 교직 과목중 가장 집중이 잘 됐던 것 같아요 아마 화면 너머로도 교수님의 카리스마가 느껴져서 그런 것 같네요 다만 점수를 굉장히 후하게 주셨고 중간 기말 팀플 과제인데 제 생각엔 팀플 점수로 학점이 결정된 것
352,103780,0.6136644660319444,0.5011755801642578,0.8761385330565463,4.380692665282732,20,361,3.91,0.782,0.336565,0.663435,0.914127,0.085873,0.691136,0.308864,0.196676,0.551246,0.707756,0.060249,0.0,0.243862,0.192226,0.0,0.191086,0.083233,0.0,0.052453,0.078386,0.0,0.031892,0.031892,0.0,0.1,0.9,0.0,0.0,0.0,0.0,0.0,0.0,"출튀는, 글쓰기, 과제, 적은, 과제가, 많긴, 불가, 개인, 들어도, 관련, 수업에서, 배려해주십니다, 그래도, 수업시간에, 창글, 열심히, 한번만, 보고, 피드백을, 안들어도","교수님께서 학생을 많이 배려해주십니다. 중간고사와 글쓰기 과제, 피드백을 중심으로 평가가 진행되고 좋은 점수 받기 어렵지 않은 강의입니다"
353,43760,0.6136640644287392,0.5090983111883277,0.8576508219896994,4.288254109948497,20,63,4.38,0.876,0.880953,0.119048,0.984127,0.015873,0.626984,0.373016,0.190476,0.603175,0.398413,0.398413,0.0,0.122643,0.085877,0.0,0.0,0.0,0.0,0.118254,0.144774,0.0,0.141527,0.141527,0.0,0.15,0.85,0.0,0.0,0.0,0.0,0.0,0.0,"프랑스어, 유베이신, 분들은, 중요하다고, 교수님이, 외우면, 프랑스어를, 노베이신, 수요일, 노베인, 노베, 그래도, 분들도, 받을, 일주일에, 어렵지, 엄청, 강의였습니다, 암기, 교수님께서",제가 프랑스어를 좋아해서 그런지 저는 너무 만족한 강의였습니다. 저는 아예 초보인데도 만점 받을 정도로 노력하면 충분히 할 수 있어용
354,2086883,0.6132031416589656,0.48594289584315115,0.9101437152291996,4.550718576145998,9,49,4.1,0.82,0.22449,0.77551,0.346939,0.653061,0.755101,0.244897,0.030612,0.908163,0.595919,0.177551,0.0,0.336694,0.235759,0.0,0.0,0.0,0.0,0.138814,0.138814,0.0,0.0,0.0,0.0,0.0,1.0,0.0,0.0,0.0,0.0,0.0,0.0,"파우스트, 유쾌하심, 직권배정, 읽고, 거의, 내내, 교수님이, 않았다, 매주, 책은, 들으면, 읽으면, 일단, 가지고, 고명북, 과제도, 들었던, 한학기, 다른, 아니고",직배로 이 교수님 강의가 걸리셨다면 성균관대 정문 쪽을 향해 3번 절하십시오. 교수님이 정말 좋으십니다. 학생들을 배려해주시고 이해해주시려 하는 교수님이십니다. 책은 파우스트로 하고 일주일에 한 챕터(?) 정도씩 읽
355,2086897,0.6130784452021328,0.501562952356788,0.8732812618412708,4.366406309206353,20,88,4.31,0.862,0.517045,0.482954,0.204545,0.795454,0.704546,0.295455,0.011364,0.971591,0.815909,0.040341,0.0,0.075756,0.053046,0.0,0.114791,0.05,0.0,0.041266,0.041266,0.0,0.173419,0.173419,0.0,0.05,0.95,0.0,0.0,0.0,0.0,0.318727,0.096282,"발표, 발표를, 열심히, 토론이랑, 교수님은, 하루에, 시간마다, 교수님이, 매주, 시작, 맞을, 철학, 수업시간에, 해야함, 이미, 참여, 하고, 좋아하는, 수업시간, 한번씩",생각할게 많으니 수업입니다 학점도 잘 주세여 강의력도 좋으세요
356,44110,0.6128323116744155,0.5035640383574307,0.8677916160807136,4.338958080403568,20,62,4.35,0.87,0.967742,0.032258,1.0,0.0,0.733871,0.266129,0.088709,0.774193,0.439516,0.354839,0.0,0.0,0.0,0.0,0.702757,0.306104,0.0,0.012178,0.012178,0.0,0.031892,0.031892,0.1,0.1,0.8,0.0,0.0,0.0,0.0,0.0,0.0,"영어로, 시험만, 지정좌석제로, 지정좌석, 한국어로, 수업은, 25점, 채워주시는듯, 생2, 객관식으로, 생명과학, 출첵, 출결도, 결석, 수업도, 좋아하는, 설명해주셔서, 개꿀, 때도, 거의",수업은 잘 안들었지만... 다들 좋다하더라구요...
357,2827355,0.6125514287090958,0.49889245839117474,0.8777556927842451,4.388778463921225,20,86,4.56,0.912,0.284884,0.715116,0.994186,0.005814,0.83721,0.162791,0.656977,0.133721,0.4,0.4,0.0,0.061321,0.042938,0.0,0.0,0.0,0.0,0.11281,0.127152,0.098911,0.096731,0.128623,0.1,0.05,0.85,0.0,0.0,0.0,0.0,0.0,0.0,"실습, 학점을, 오류가, 엄청, 스스로, rtl, 베릴로그에, 검사만, fpga, 난이도가, 전전, 제대로, 이후로, 중간, 받으면, 대해, 많아서, 따라갈, 갑자기, 다만",사소한 불만이 있을 수 있지만 학점을 받으면 철학이 보인다
358,2576275,0.6125442206762575,0.5133381685100978,0.8440250090639635,4.220125045319818,20,280,4.4,0.88,0.9875,0.0125,0.992857,0.007143,0.569643,0.430358,0.601786,0.058928,0.401072,0.398393,0.0,0.075756,0.053046,0.0,0.0,0.0,0.105213,0.13668,0.165483,0.0,0.064312,0.096731,0.15,0.05,0.8,0.0,0.0,0.0,0.0,0.0,0.0,"회계, 시험, 검토도, 회계에, 날잡고, 교양, 기초에, 교재를, 없어서, 빡세게, 여러, 혼자, 영상, 교재, 공부하면, 하는데, 같은, 추천, 안주는게, 불편하고",교양 수준의 회계에 딱 걸맞은 강의. 시험시간에만 날잡고 이틑 정도 빡세게 공부하면 무난하게 평균 넘을 수 있습니다.
359,2576621,0.6124403757220187,0.5084967973215939,0.8549753919896768,4.274876959948384,13,53,4.28,0.856,0.320754,0.679245,0.339623,0.660378,0.735849,0.264151,0.037736,0.90566,0.942454,0.022642,0.0,0.078409,0.054903,0.0,0.0,0.0,0.0,0.0,0.0,0.0,0.148006,0.148006,0.076923,0.0,0.923077,0.0,0.050272,0.050272,0.0,0.193422,0.042572,"아직, 자유주제라, 좋으십니다, 코딩, 않았지만, 많은, 하셔서, 배울, 마지막, 학점을, 것을, 퇴임하신건지, 관련수업들이, vhdl인걸로, 베릴로그로, 그것만으로, 미천해서, 기말플젝, 안나올거, b0뜸","실습 내용을 이론부터 코딩까지 깔끔하게 짚어주셔서 배우는 데 어려움이 없고 난이도도 적절했습니다. 프로젝트의 경우 비바도와 FPGA를 이용해 자유주제로 진행되었는데, 배운 것을 적용하는 것이 상당한 시간을 잡아먹고 "
360,2376944,0.6106850079820316,0.5240435682237707,0.8128483674179736,4.0642418370898685,8,48,4.65,0.93,0.5,0.5,0.052083,0.947916,0.781249,0.218749,0.166666,0.416666,0.70625,0.05,0.0,0.0,0.0,0.0,0.0,0.0,0.0,0.135083,0.135083,0.0,0.436322,0.436322,0.0,0.25,0.75,0.0,0.0,0.0,0.0,0.413816,0.132746,"서미혜, 토의, 토론, 프로젝트, 하지만, 공부많이할것도없고, 참여하면돼서, 맘에들었어요, 거이, 출석체크용이고, 디폴트가, 결정난다, 한개씩은, 출석용, 두기, 혁신수업에, 수업구조, 수어업, 듣지만, 잼있고",서미혜 교수님 수업은 일단 듣는 게 이득입니다.. 교수님 강의 방식이 절평+매시간 토론+팀프로젝트 1-2개+기말고사 1번인데 토론은 출석체크용이고(디폴트가 만점) 팀플도 점수 편차 크지 않아서 기말 한번으로 결정난다
361,78169,0.6099528963469338,0.48041725396678536,0.9122027285672801,4.561013642836401,20,136,4.64,0.928,0.481618,0.518382,0.955882,0.044117,0.731618,0.268383,0.400735,0.172794,0.415809,0.386397,0.0,0.106687,0.074704,0.0,0.101806,0.044344,0.0,0.106137,0.106137,0.0,0.109107,0.109107,0.0,0.05,0.95,0.0,0.153875,0.153875,0.0,0.0,0.0,"출튀, 화학을, 잡으심, 다시, 어려운, 한번도, 교수님이, 부분은, 한국어로, 받음, 절대, 이해하기, 하시고, 열심히, 충분히, 화학적, 지식에, 벽을느끼는, 개그도, 화학과에",교수님의 화학적 지식에 벽을느끼는 강의. 강의 중간중간 개그도 하시고 화학과에 가거나 화학에 관심이 많다면 무조건 들어야 함
362,77452,0.6099381884878089,0.47868875360456675,0.9161868698820407,4.580934349410203,20,139,4.44,0.888,0.528986,0.471015,0.934783,0.065217,0.829711,0.17029,0.434783,0.293478,0.404348,0.397102,0.0,0.030661,0.021469,0.0,0.0,0.0,0.0,0.045309,0.045309,0.0,0.096731,0.096731,0.0,0.1,0.9,0.0,0.094128,0.120165,0.0,0.0,0.0,"기출에서, 교수님이, 강의는, 어려운, 강의력은, 기말은, 좋으시고, 출결은, 다만, 연습문제, 어렵습니다, 난이도는, 코로나, 과제는, 최대한, 이해가, 좋음, 시험은, 없이, 인상부터가",많이 배워갈 수 있었습니다. 다만 시험은 모두 기출에서 나왔습니다.
363,2376749,0.6096649336104465,0.49977942949849885,0.866064443204991,4.330322216024955,20,86,3.9,0.78,0.587209,0.41279,0.563954,0.436047,0.75,0.25,0.046511,0.872093,0.663372,0.102326,0.0,0.030661,0.021469,0.0,0.0,0.0,0.0,0.024356,0.066795,0.0,0.102656,0.102656,0.0,0.2,0.8,0.0,0.087393,0.087393,0.0,0.15,0.044019,"스피치, 강의력은, 엄청, 사실이지만, 그래도, 교수님이, 인자하시고, 강의력이, 좋습니다, 피드백을, 발표, 아침, 교수님은, 말을, 점이, 것은, 번이었는데, 같아요웅, 또박또박, 인싸는","인싸는 아니지만 발표 경험을 쌓고 싶고 스피치와 토론을 하고 싶다 하시는 분들에게 딱 맞는 수업입니다. 수업은 2번의 스피치와 1번의 토론으로 이루어지는데, 모든 발표가 평가하는 것이 아니리 응원하고 경청하는 분위기"
364,1927856,0.6094961345333366,0.5428809656736333,0.764931528539311,3.824657642696555,16,56,4.32,0.864,0.651786,0.348214,0.517856,0.482143,0.678572,0.321429,0.258929,0.428571,0.820536,0.092857,0.0,0.267773,0.258946,0.0,0.0,0.0,0.0,0.047639,0.083643,0.0,0.039865,0.087796,0.0625,0.4375,0.5,0.0,0.0,0.042257,0.0,0.0625,0.027512,"교직, 모르겠음, 레포트, 교육에, 교수님이, 배웠다는, 대체, 레포트로, 에세이로, 중간고사도, 느낌은, 자신의, 교수님은, 좋으신데, 비율, 점수도, 다만, 아님, 없고, 생각을","시험× 레포트 중간기말 1번씩, 발표수업1번. 수업자체는 재밌는데 뭔가 확실히 배웠다는 느낌은 잘 안들었음..."
365,2840821,0.609486018236649,0.47535237227863625,0.9224645254720124,4.612322627360062,20,104,4.88,0.976,0.495193,0.504808,0.764424,0.235577,0.725962,0.274039,0.538461,0.009615,0.409134,0.392308,0.0,0.061321,0.042938,0.0,0.193838,0.084431,0.0,0.125107,0.125107,0.0,0.096204,0.096204,0.0,0.0,1.0,0.0,0.125196,0.125196,0.0,0.151449,0.033333,"교수님이, 질문도, 내용이, 서술형이라서, lecture, 있다면, 설명할, 방대하고, 쓰시고, 과제는, 도움이, 가장, 들으면, 시험은, 받아주시고, 올려주셔서, 설명해주셔서, 교수님은, 교안이, 꼼꼼하게","교수님이 열정적 이시지만 이거 너무 쉽죠? 할때 너무 슬픔 개인의 역량 부족이긴 한데, 하나도 못 따라가겠음"
366,2974107,0.6093915274644581,0.46250353875270045,0.9521301677918927,4.760650838959464,6,46,4.78,0.956,0.48913,0.51087,1.0,0.0,0.847826,0.152174,0.489131,0.021739,0.407609,0.391304,0.0,0.0,0.0,0.0,0.0,0.0,0.0,0.0,0.0,0.0,0.0,0.0,0.0,0.0,1.0,0.0,0.0,0.0,0.0,0.0,0.0,"교수님이라서, 공지도, 학생들, 걱정만히, 봐주시긴, 공지사항도, 친절하시고, 새로오신, 보완, 수정, 바꿔, 좋앗어요, 햇는데, 출제되니, 들을만하고, 생각하시는게, 준비하실, 올리셔서, 피드백에, 걱정을",새로오신 교수님이라서 걱정을 많이 했는데 교수님 엄청 착하시고 학생들 편의 봐주시려고 하십니다! 과제나 시험도 학생 피드백에 따라서 계속 수정 보완 해주십니다.
367,42297,0.6093374703872925,0.4836210618644564,0.9026757569405769,4.513378784702884,20,107,4.49,0.898,0.453271,0.546729,0.911215,0.088785,0.658879,0.341122,0.121496,0.74299,0.409813,0.388785,0.0,0.221173,0.154869,0.0,0.0,0.0,0.0,0.169536,0.169536,0.0,0.096204,0.096204,0.0,0.0,1.0,0.0,0.111918,0.111918,0.0,0.0,0.0,"문제, 채워주심, 이해하는데, 학점도, 문제풀이, 강의력, 잘하시고, 부분, 설명도, 다들, 평이해요, 가르치신다, 들고있으니까, 실수없으면, 만점가능, 회이, 안들었는데도, 녹화해주시고, 하셧습니다, 날려주시는",족보랑 똑같이 냄 다들 들고있으니까 실수하면 안돼요
368,992649,0.6092024462614714,0.5198977167849553,0.8175801483733419,4.08790074186671,20,117,3.69,0.738,0.555556,0.444445,0.961539,0.038462,0.675214,0.324787,0.119658,0.75641,0.45,0.345299,0.0,0.0,0.0,0.0,0.0,0.0,0.0,0.154981,0.181501,0.0,0.0,0.0,0.0,0.3,0.7,0.0,0.0,0.026038,0.0,0.0,0.0,"시험이, 내용을, 과제는, 꼼꼼하게, 지엽적이고, 없이, 단답형, 흥미롭고, 않고, 내용이, 한번씩, 교안을, 객관식, 시험, 거의, 어렵지는, 재미있게, 시험도, 자기, 나올",교수님 강의 재밌는데 교수님이 하시는 농담도 걍 흘려들으면 안 되는 긴장감 넘치는 스릴 만점 강의
369,103689,0.6090885160891424,0.5225614469785403,0.8109850106805471,4.0549250534027355,20,380,3.97,0.794,0.332894,0.667105,0.948684,0.051316,0.661842,0.338158,0.032895,0.935526,0.718421,0.078947,0.0,0.140486,0.098371,0.0,0.0,0.0,0.0,0.086863,0.086863,0.0,0.120236,0.120236,0.2,0.0,0.8,0.0,0.046587,0.046587,0.0,0.0,0.0,"창의적, 글쓰기, 어법, 쓰고, 수정하는, 성찰적, 50퍼, 강의는, 빡세요, 열심히, 기간에, 출튀는, 주시는, 듣고, 다음, 모르겠고, 시험도, 굳이, 없고, 평가","온라인 수업이 많아서 좋았습니다~ 수업도 열심히 하시고, 남아서 질의응답 해주셔서 시험, 과제 준비할 때 많은 도움이 되었습니다! 보고서 제출하면 댓글로 각 항목에 따라 세부적으로 평가해주시는데 다음 글 제출할 때 "
370,1611803,0.6089862919598928,0.47536260443764805,0.9207748961784642,4.603874480892321,20,128,4.58,0.916,0.605469,0.394531,0.648438,0.351562,0.757812,0.242188,0.464844,0.246094,0.4,0.4,0.0,0.045095,0.031577,0.0,0.0,0.0,0.0,0.107776,0.107776,0.0,0.102129,0.102129,0.0,0.0,1.0,0.0,0.0,0.0,0.0,0.055398,0.012193,"치팅시트, 주시는, 채워서, 복습해주셔서, 코로나, 재무관리, 학점을, 어려운, 내용을, 문제들이, 좋았습니다, 하고, 역시, 팀플은, 교수님이, 끝나고, 개념, 나왔습니다, 시간에, 했지만",갓흥주.....학점 느님.. 공부는 교안 위주로 하고 모르는 건 한글로 번역된 책 사서 공부하면 돼요..교수님 최고..
371,2168579,0.6089747794386826,0.4757761377170752,0.9197716101224332,4.598858050612166,20,137,4.71,0.942,0.554745,0.445256,0.40146,0.59854,0.751826,0.248175,0.310219,0.321168,0.614599,0.19489,0.0,0.272364,0.190714,0.0,0.113957,0.049637,0.0,0.036472,0.036472,0.0,0.097257,0.097257,0.0,0.0,1.0,0.0,0.0,0.0,0.0,0.468727,0.103165,"부담, 대본, 데이비드, 영어, 토론이라고, 퀴즈, 영발과, 영토, 좋아요, 들을, 영발보다, 대본을, 프리토킹, 발표, 해도, 친구랑, 같이, 좋으세요, 영발, 교수님이",교수님이 정말 좋으세요! 발표 대본만 잘 암기하시면 좋은 성적 받으실 수 있습니다. 퀴즈는 쉬워요!
372,2585660,0.6085020069808267,0.50505599085153,0.8498760446158528,4.249380223079264,20,63,4.44,0.888,0.507937,0.492064,0.960318,0.039683,0.595238,0.404762,0.452381,0.063492,0.405556,0.393651,0.0,0.221173,0.154869,0.0,0.0,0.0,0.052389,0.216423,0.230765,0.0,0.064312,0.064312,0.1,0.0,0.9,0.0,0.0,0.0,0.0,0.0,0.0,"직접, 위주로, 문제, 이후, cmu, 컴교가, 중간고사, 1점을, cs, 컴교, 외국, 강의가, 반영해서, 오셔서, 이후로, 플립러닝, 1점, 학생들, 공부는, 받을","컴교가 그나마 밝아지게 해주는 교수님 수업다운 수업, 과제다운 과제 해주고 내주셔서 감사합니다~ 강의평은 ‘평’ 답게 작성합시다 교수님 오래 있어주세요."
373,356058,0.6084017142714451,0.5062645535693279,0.8467217559097184,4.233608779548592,20,166,4.19,0.838,0.463636,0.536364,0.542424,0.457576,0.654546,0.345454,0.042424,0.775758,0.807273,0.12697,0.0,0.090559,0.063411,0.0,0.0,0.0,0.0,0.056781,0.056781,0.0,0.096204,0.096204,0.05,0.05,0.9,0.0,0.0,0.0,0.011005,0.75,0.187082,"발표, 점수, 발표가, 없습니다, 좋아함, 받고, 발표를, 교수님이, 비율이, 대본, 그건, 좋아하시는, 4번, 교수님은, 잘하면, 다만, 겁니다, 해야, 매번, 중간",교수님은 친절하고 좋으셔요 평가도 객관적으로 해주십니다 다만 발표 준비 자체가 힘들뿐..
374,1325743,0.607831890705552,0.5111035584198091,0.8335313327056186,4.167656663528093,18,58,3.74,0.748,0.318966,0.681034,0.413794,0.586206,0.827586,0.172414,0.146552,0.706896,0.791379,0.144828,0.092347,0.228763,0.239489,0.0,0.0,0.0,0.0,0.015284,0.015284,0.111716,0.240489,0.276511,0.055556,0.166667,0.777778,0.128501,0.0,0.036307,0.0,0.084138,0.018519,"경연, 경연은, 경연도, 실험들이, 로봇, 1등, 실험은, 레포트를, 은근히, 조교님들, 무조건, 잘해서, 열심히, 실험, 역시, 비중이, 보고서, 같아요, 레포트, 이번",역시 빡세고 역시 학점따기 어렵다... 경연은 무조건 1등할생각해야함
375,2377193,0.6067724016941782,0.47205284646798157,0.9211180305553041,4.605590152776521,5,45,4.67,0.934,0.322222,0.677778,0.055556,0.944445,0.777778,0.222222,0.444444,0.100001,0.788889,0.044444,0.0,0.122643,0.085877,0.0,0.0,0.0,0.0,0.0,0.0,0.0,0.0,0.0,0.0,0.0,1.0,0.0,0.0,0.0,0.0,0.66477,0.146314,"마케팅, 팀플, 유학생분들과, 오픈마인드셔서, 재밌었어용, 마케터를, 희망하시는분들은, 케바케겠지만, 배울수있기, 적극추천합니다, 슬로건, 전공새내기때, pr과, 인터랙티브, 캠페인에, 선정해, 캠페인을, 기획해, 기말과제입니다, 강의는",강의는 좋습니다 한국어 못하면 듣지마세요 메시지 슬로건 이런거 다 한국말이 되어야 하는데 팀플 못합니다. 조원들에게 민폐입니다.
376,2454566,0.6065069475122814,0.4604711575685739,0.9472571240475992,4.736285620237996,13,53,4.85,0.97,0.660378,0.339622,1.0,0.0,0.783019,0.216981,0.09434,0.660378,0.418868,0.381132,0.0,0.139321,0.097555,0.0,0.193725,0.084382,0.0,0.0,0.0,0.0,0.0,0.0,0.0,0.0,1.0,0.0,0.052746,0.052746,0.0,0.0,0.0,"동양의, 열정, 열정이, 교수님이, 굉장히, 질문, 에세이, 쓰는, 수업에, 세문제로, 많이쓸, 잘들음돼요, 텍스트나, 정획히, 마쳐주신다, 가득하게, 삶에서, 배울점, 파악하려면, 교양수업이지만","교수님 열정이 대단하십니다! 시험은 논술형 세문제로, 많이쓸 수 있게 내주십니다"
377,43097,0.6064933147239353,0.47647041585619176,0.9098800787486704,4.549400393743352,18,58,4.78,0.956,0.491379,0.508621,0.905173,0.094828,0.698276,0.301724,0.37069,0.353448,0.442242,0.351724,0.0,0.31608,0.221325,0.0,0.0,0.0,0.0,0.112337,0.112337,0.0,0.070872,0.070872,0.0,0.055556,0.944444,0.0,0.142668,0.142668,0.0,0.0,0.0,"식물분류학과, 식물을, key, 조교님이, 보고, 겹치는, 조교님, 식분이랑, 종을, 식물분류학, 식물에, out, 과목, 깎인, 시간이, 아니라, 낮게, 매주, 2주에, 사진",조교님 너무나 친절 시험은 사진 위주로 외워야함 그렇다고 너무 자세한 사항들에 대해서는 안나옴 식분이랑 같이 들으면 첨에는 용어 때문에 빡세다고 느낄지몰라도 시험 볼 때는 제일 편함 일주일에 한 번씩 과제 있는데 몇
378,353871,0.6060265171034402,0.507745201367561,0.835349587153825,4.176747935769125,20,151,4.15,0.83,0.466888,0.533113,0.923841,0.076159,0.754967,0.245034,0.029802,0.937086,0.401325,0.399669,0.0,0.0,0.0,0.0,0.0,0.0,0.0,0.140784,0.181059,0.0,0.192408,0.192408,0.0,0.2,0.8,0.0,0.0,0.0,0.0,0.0,0.0,"부분만, 글씨체가, 예제, 확률, 시험은, 알아보기, 시험, 학점, 틀리면, 쉽게, 변별력이, 쉬움, 않은데, 필기, 평균이, 쉬운, 좋은, 있으면, 전에, 별로",이렇게 날먹해도 되나 싶을정도로 중간 기말 쉬웠다 무지성으로 시럼 가이드만따르면 애쁠 당첨
379,2748892,0.6059623827259921,0.4763179687188744,0.9084660154092666,4.5423300770463335,20,168,4.67,0.934,0.556548,0.443453,0.943453,0.056548,0.64881,0.351191,0.270834,0.357143,0.555357,0.230953,0.0,0.259721,0.181861,0.0,0.180853,0.078775,0.0,0.071948,0.071948,0.0,0.038344,0.038344,0.0,0.0,1.0,0.0,0.0,0.0,0.0,0.0,0.0,"영쓰, 루브릭만, 지키면, 엄청, 글쓰기, 루브릭, 직배, 과제, 토마스, 시간을, 안배운, 루브릭이, 뺐습니다, 다만, 넉넉히, 과제할, 제대로, 주십니다, 세세하게, 중간고사",학우여 갓트잔의 수혜를 이어받도록 하거라!!!
380,2315208,0.6057728127088566,0.4824419358311096,0.8935448587569335,4.467724293784667,20,134,4.64,0.928,0.541044,0.458955,0.436567,0.563433,0.69403,0.30597,0.059701,0.858209,0.717164,0.041791,0.0,0.030661,0.021469,0.0,0.079047,0.034431,0.0,0.036533,0.036533,0.0,0.093469,0.093469,0.0,0.05,0.95,0.0,0.034285,0.034285,0.0,0.189802,0.041775,"한데, 교수님이, 있긴, 1교시인, 나누는, 기말고사도, 성논, 지엽적으로, 부담없고, 10분, 이야기, 편의, 수업이라고, 늦게, 무난한, 있는, 학생, 대신, 무난하게, 수업에",교양으로 큰 부담은 없습니다! 과제랑 토론 있고 팀플이 있긴 한데 비중이 크지 않아서 무난하게 준비하시면 되고 기말고사도 쉬웠습니다 2시간 정도 교안 외우기에 투자했는데 다 맞힐 수 있는 정도였어요
381,2377015,0.6055692058314,0.47705903663482474,0.9054262672900758,4.527131336450379,20,160,4.41,0.882,0.75,0.25,0.98125,0.01875,0.753125,0.246875,0.60625,0.0875,0.405625,0.394688,0.0,0.030661,0.021469,0.0,0.0,0.0,0.235056,0.024356,0.088705,0.219465,0.064838,0.135602,0.1,0.05,0.85,0.0,0.032677,0.032677,0.0,0.0,0.0,"온라인, 온라인으로, 시험이, 파이썬, 교안, 편합니다, 교안도, 다만, 좋으셔서, 성적, 겁니다, 살짝, 모르겠지만, 오프라인, 주시고, 어떻게, 따로, 양이, 별로, 없습니다",교수님 강의력이 좋으시고 꼼꼼하게 설명해주십니다 교안도 정리 잘 돼있어서 보기 편합니다!
382,46699,0.6032780950606369,0.48188370474548486,0.8865316724626583,4.432658362313291,20,178,4.39,0.878,0.558988,0.441012,0.651686,0.348315,0.660112,0.339888,0.817416,0.148876,0.401966,0.397753,0.0,0.061321,0.042938,0.0,0.180853,0.078775,0.0,0.171045,0.171045,0.0,0.160515,0.160515,0.0,0.05,0.95,0.0,0.119791,0.119791,0.0,0.179522,0.039512,"송준, 기출을, 과제는, 경수에, 미시도, 겁먹고, 만날, 미시, 수학적인, 같이, 기출에서, 출석체크, 듯한, 있을거에요, 좋은, 앞으로, 생각보다, 결과, 있는데, 라는","송준 교수님의 미시 수업입니다. 사실 이정도면 말을 더 붙일 필요가 있나 싶지만...... 개인적인 감상을 적자면 1년동안 교수님의 수업을 들었는데요, 교수님과 함께한 1년은 정말 인상적이었습니다. 송준 교수님께 수"
383,78168,0.6032080122262424,0.49517217876670067,0.8552916236318402,4.276458118159201,20,125,4.45,0.89,0.444,0.556,0.916,0.084,0.7,0.3,0.288,0.42,0.4268,0.3728,0.0,0.157383,0.110202,0.0,0.0,0.0,0.0,0.152375,0.152375,0.217831,0.070236,0.140473,0.1,0.1,0.8,0.092154,0.0,0.026038,0.0,0.0,0.0,"화학을, 출석부, 보고, 고등학교, 평균보다, 계속, 비해, 좋으신, 수업내용, 일단, 퀴즈랑, 가능합니다, 독학, 꾸준히, 않았지만, 않았어요, 시험, 때도, 난이도, 힘들었어요","기말 시험 3주전에 1,2,3,4 chapter 범위로 퀴즈 한번 보는데 한 30분에 18문제 푸는거고 난이도가 어렵지 않았지만 어떤 과학자가 무슨 발견을 했는지 등 개념을 묻는 문제가 꽤 있으니 개념도 같이 공부하"
384,103534,0.6031559770562095,0.47886102488346294,0.8931775321259514,4.4658876606297575,20,79,4.53,0.906,0.620254,0.379746,0.474684,0.525317,0.79114,0.208861,0.031646,0.86076,0.401265,0.407595,0.0,0.090191,0.063153,0.0,0.0,0.0,0.0,0.087938,0.123484,0.0,0.269711,0.269711,0.0,0.1,0.9,0.0,0.213168,0.213168,0.0,0.055398,0.012193,"좋은, 조별과제가, 기본적인, 학점, 교안만, 정외과, ppt, 위주로, 듣기, 주시지만, 레포트를, 의외로, 공부, 친절히, 내용도, 에이플, 질문에, 오픈북이라, 온라인이라, 필기",원빈쌤은 항상 젠틀하게 말하시고 수업 진도도 그렇게 빠르게 나가지는 않습니다. 전공새내기라면 부담없이 들을 수 있는 수업이라고 생각합니다. 교수님께서 강의에 대한 열의도 있으시고 초청강사 등을 불러 오시는 등 수업에
385,44185,0.6030196965411234,0.4929750567109086,0.859790522811625,4.298952614058125,20,89,4.36,0.872,0.241573,0.758427,0.443821,0.55618,0.61236,0.387641,0.061798,0.88764,0.78427,0.039888,0.0,0.65409,0.496457,0.0,0.158094,0.068862,0.0,0.124806,0.138561,0.0,0.064312,0.064312,0.0,0.05,0.95,0.0,0.0,0.0,0.0,0.0,0.0,"레포트, 조교님이, 조교님들은, 보고서, 조교님, 피드백이, 질문하면, 7개, 시험은, 친절해요, 점수, 쓰면, 수기로, 실험은, 같아요, 조교님들, 있는지, 분반, 써야, 밖에",대학생활의 질을 떨어뜨리는 최악의 수업입니다. 과제의 양이 어마어마하고 다루는 내용 또한 일화1을 안 들은 저에겐 매우 버거웠습니다. 기말 한번 보는데 영향력은 없는 것 같습니다. 분반 24명 중 18등이었는데 A+
386,1611904,0.602916233134913,0.5132106488624528,0.812229263103987,4.061146315519935,20,122,4.04,0.808,0.418032,0.581967,0.680328,0.319672,0.717213,0.282787,0.086065,0.827868,0.727459,0.122951,0.0,0.22933,0.20352,0.0,0.0,0.0,0.0,0.054031,0.054031,0.0,0.038344,0.070236,0.0,0.35,0.65,0.0,0.0,0.0,0.0,0.055398,0.012193,"문학, 과제, 대체함, 꿀강, 자잘자잘한, 문학을, 시험도, 과제도, 들었습니다, 냈는데, 페이지, 매주, 주차, 느낌은, 좋아해서, 감상문, 않고, 과제로, 관심이, 중간기말","금 학기 최고의 수업.단순히 읽기만 했던 문학을 심화적으로 분석할 수 있게 되었고, 무엇보다 문학을 대하는 마음가짐이 달라짐. 주차 과제는 좀 많긴 한데, 대충 써도 점수는 주는 듯. 중간/기말 모두 과제로 대체했고"
387,2086885,0.6027536317249669,0.4934629367671976,0.8577652532930953,4.288826266465477,20,141,4.4,0.88,0.163121,0.83688,0.464539,0.535462,0.797873,0.202128,0.148936,0.670213,0.713829,0.04539,0.025,0.061321,0.064408,0.0,0.0,0.0,0.110976,0.070413,0.100794,0.0,0.064312,0.064312,0.1,0.05,0.85,0.0,0.0,0.0,0.0,0.0,0.0,"토론문을, 매주, 마의, 책을, 그만큼, 읽고, 토론, 토론문도, 분량만큼, 독일, 토론문, 작성한, 하지만, 과제가, 읽으면, 책이, 것도, 작성, 토론을, 집중해서","수업 학생들에게 애정이 있으시고, 토론문을 작성하는 것도 수업 직전까지 열어두시기 때문에 크게 부담 없는 듯 합니다. 분량은 쓰다보면 자연스럽게 많아져서 별로 힘들진 않아요. 책이 어렵긴 합니다..ㅜㅠㅜㅜ"
388,42291,0.601856042070378,0.4871428990862533,0.8695200423666691,4.347600211833345,20,86,4.12,0.824,0.953489,0.046511,0.982558,0.017442,0.662791,0.337209,0.377907,0.395349,0.334884,0.456977,0.0,0.0,0.0,0.0,0.079047,0.034431,0.0,0.083738,0.102285,0.0,0.032419,0.032419,0.05,0.15,0.8,0.0,0.078113,0.078113,0.0,0.0,0.0,"족보에서, 열심히, 모르겠지만, 그대로, 들으면, 직배로, 족보, 강의력이, 강의력, 매우, 편입니다, 어려움, 강의입니다, 대신, 들은, 나와서, 나옴, 시험은, 써주시는, 탈족하면",수업 내용들이 유익해서 열심히 들어두시면 좋습니다. 교수님도 학생들을 여러모로 신경 써주시는 편입니다.
389,2377138,0.6018074506377471,0.4779816287350543,0.8907343684106972,4.453671842053486,20,78,4.17,0.834,0.435897,0.564102,0.544872,0.455128,0.717948,0.282052,0.019231,0.961538,0.711539,0.051282,0.0,0.030661,0.021469,0.0,0.204968,0.089279,0.0,0.02652,0.02652,0.0,0.070763,0.070763,0.0,0.05,0.95,0.0,0.0,0.0,0.0,0.1,0.02201,"비중이, 학생들, 교수님이, 편의, 이름, 학생평가가, 일찍, 발표를, 얼굴, 마음을, 후반, 강의력은, 좋은, 생각보다, 스피치, 때문에, 하는, 채점, 교수님께, 좋으심",교수님 진짜 좋으심 학생들 기억 잘해주시고 배려해주심 수업 일찍 끝내려고 해주심 피드백도 잘해주심
390,45615,0.6009907989281806,0.4948013413850739,0.8487661998620966,4.243830999310482,20,249,4.7,0.94,0.554435,0.445565,0.455645,0.544355,0.788306,0.211693,0.139113,0.685484,0.644354,0.134275,0.0,0.0,0.0,0.0,0.0,0.0,0.0,0.024295,0.024295,0.098911,0.128623,0.160515,0.1,0.15,0.75,0.0,0.0,0.0,0.011005,0.310795,0.102607,"발표, 학점이, 기준이, 평가, 발표할때, 개인발표, 영발, 투자, 주십니다, 영어, 팀플, 학점도, 하는게, 점수, 학점, 받음, 부분이, 평가기준만, 평가대로, 지키기만",발표할때 최대한 자신있게 하면 평가 잘해주십니다! 교수님이 알려주시는 평가기준만 최대한 맞추면 돼요
391,2893026,0.600169952313085,0.49832799447547016,0.8378011872675195,4.1890059363375975,20,163,4.25,0.85,0.246914,0.753087,0.246914,0.753086,0.777778,0.222222,0.487654,0.089506,0.410802,0.387654,0.0,0.030661,0.021469,0.0,0.0,0.0,0.0,0.243027,0.243027,0.100545,0.147451,0.179871,0.1,0.1,0.8,0.0,0.033805,0.033805,0.0,0.300594,0.06616,"러닝페어는, 만점, 코딩, 오픈북이라, 생각보다, 시험이, 평소학습, 갈리는데, 지피티한테, 거의, 강의가, 파이썬, 중간은, 이해가, 나옴, 어려운, 팀플, 같기도, 기말, 에이쁠",평소학습 지피티 돌리거나 영상에 그대로 나오고 러닝페어는 엘씨 친구들이랑 하니까 편했음. 이 둘은 제출만 제대로 하면되고 중간기말은 코딩 하나도 몰라도 강의 1회독 하고 가면 평균 넘을 수 있을 것 같음. 중간때 강
392,2376851,0.600147574334627,0.4624122845024779,0.9215299172763081,4.60764958638154,20,83,4.55,0.91,0.289156,0.710843,0.951808,0.048192,0.825302,0.174699,0.343373,0.210844,0.4,0.4,0.0,0.030661,0.021469,0.0,0.191086,0.083233,0.0,0.079436,0.079436,0.098911,0.032419,0.064312,0.05,0.0,0.95,0.0,0.059843,0.059843,0.0,0.0,0.0,"피셋, 텀프를, 피셋은, 그래도, 없습니다, 가장, 2점이고, 10점을, 하시는데, 어렵습니다, 유체, 죄가, 치팅, 만점이, 교수님은, 페이퍼, 성적이, 가끔, 어려워, 당일에",유체역학이라는 과목자체가 난해합니다. 교수님이 굉장히 똑똑하셔서 설명을 되게 간단 명료하게 하시는데 다행히 항상 학생들이 이해하고 있는지 체크하시고 여러번 설명해주십니다. 물론 그래도 이해는 어렵습니다. 피셋은 필수
393,43849,0.5997115483557016,0.53169232168874,0.758423077245279,3.792115386226395,20,145,3.9,0.78,0.586206,0.413793,0.958621,0.04138,0.562069,0.437931,0.068965,0.865517,0.4,0.4,0.0,0.112287,0.078626,0.0,0.079047,0.034431,0.273355,0.271943,0.377157,0.0,0.135602,0.135602,0.05,0.3,0.65,0.0,0.0,0.0,0.0,0.0,0.0,"도덕감정론, 독후감, 시험은, 오픈북, 기말, 과제는, 교안에, 많아서, 수업이, 평균이, 들을만은, 하나인데, 만점, 추천드립니다, 결정되는, 지루한, 이야기가, 좋을, 시험, 중간",잠오고 지루한 느낌이 있지만 귀찮지 않고 한 번 들을만은 합니다 시험은 예상문제랑 족보 보면 비슷하게 나오는 것 같아요 답만 다 찾아가면 좋을 것 같아요
394,993114,0.5996018706675523,0.44907646196678425,0.9508278243026782,4.754139121513391,8,48,4.85,0.97,0.520833,0.479166,0.979166,0.020834,0.833333,0.166666,0.447916,0.239584,0.391667,0.407292,0.0,0.153304,0.107346,0.0,0.0,0.0,0.0,0.0,0.0,0.0,0.0,0.0,0.0,0.0,1.0,0.0,0.0,0.0,0.0,0.0,0.0,"물리과에서, 양자역학, 갓갓, 점이, 질문도, 섬세히, 양자는, 유인태, 빛인태, 지덕체를, 갖추셨습니다, 어어어어어, 어어어엄청, 해주다니, 질문점수가, 중요하긴함, 너무좋고, 타과생도, 많긴함, 주시는듯하고",명륜에서도 와서 듣는다는 강의 물리과 설립 이래 최대 수강생 참여인 정도
395,1612245,0.5990311825914415,0.4905699707172006,0.8521073436313371,4.260536718156685,20,216,4.17,0.834,0.972222,0.027778,0.960648,0.039352,0.592593,0.407407,0.122685,0.752315,0.428241,0.37037,0.0,0.030661,0.021469,0.0,0.125921,0.054848,0.0,0.083738,0.125591,0.0,0.070236,0.125361,0.05,0.15,0.8,0.0,0.0,0.0,0.0,0.0,0.0,"영어, 중간은, 오픈북에, 좋은데, 중간고사는, 평균, 성적이, 기말, 하나도, 큰일나요, 판서할때, 소문자, 섞어쓰시는데, 날려쓰셔서, 못알아먹겠고, 힘들었어용, 달아주셔셔, 개꿀아니냐고요, 문제는당일에휴강통보를하세요이거하나듣겠다고학교갔다가그대로집간게한두번이아니에요, 개조그맣게",교수님 피피티를 몇년째 재탕하시는 것 같긴한데 문제은행으로 공부하면 돼서 상관없어요 이름도 수업 마지막에 호명하셔서 수업 끝나기 10분전에 들어와서 호명하는 사람도 있었는데 전혀 신경 안쓰세요 좋으신분 같습니다 학점
396,484384,0.5985213381687315,0.5015335270298886,0.8248262308260318,4.124131154130159,20,340,4.03,0.806,0.948529,0.051471,0.949999,0.049999,0.625001,0.375001,0.432352,0.202941,0.45103,0.342206,0.0,0.030661,0.021469,0.0,0.0,0.0,0.0,0.074644,0.074644,0.0,0.031892,0.031892,0.15,0.15,0.7,0.115651,0.026038,0.058714,0.0,0.105398,0.023198,"그래프, iss, 무역, iss로, 필기, 판서, 시간이, 답안을, 경제, 그럭저럭, 수강했습니다, 봐도, 아캠, 시험, 매우, 하지만, 시험을, 강의가, 듣기, 안보긴",아직 시험을 안보긴 했지만 똑같은 내용을 반복적으로 설명하시는 부분이 많아 강의가 길어지지만 내용은 덕분에 잘 이해되는 것 같습니다
397,108987,0.598373852045335,0.46068889371526794,0.9196387548154917,4.598193774077458,16,56,4.77,0.954,0.669643,0.330357,0.946429,0.053572,0.75,0.25,0.3125,0.392857,0.44375,0.35,0.0,0.038326,0.026837,0.0,0.254514,0.11086,0.0,0.015222,0.015222,0.0,0.150296,0.150296,0.0,0.0,1.0,0.0,0.0,0.0,0.0,0.0,0.0,"교수님이, 열정적으로, 끝내주시고, 3시간, 어렵지, 온라인이라, 출결, 일찍, 좋으셔서, 친절하게, 과제는, 수업에서, 항상, 되게, 축제때는, 짜페들어야하니깡, 채워하셔서조금, 물리적으로, 나갔을때, 복습하다가",교수님이 지엽적이고 문제가 친절합니다! 하지만 교수님이 너무 좋으셔서 5점드립니다 아직 학점은 안나왔지만 오세욱 교수님 제 인생 교수님 중 한 분이십니다 항상 건강하세요♡♡♡
398,1688764,0.5983603981003497,0.4765072270485947,0.8826844638877781,4.41342231943889,20,86,4.53,0.906,0.319767,0.680233,0.901163,0.098837,0.738373,0.261628,0.255814,0.453489,0.468023,0.345931,0.0,0.274523,0.278103,0.0,0.079047,0.068862,0.0,0.118664,0.181717,0.0,0.05,0.081892,0.0,0.1,0.9,0.0,0.0,0.0,0.0,0.0,0.0,"과제가, 구글, 어렵지만, 열심히, 매우, 과제, 과제는, 전자출결입니다, 익명, 네트워크의, 네트워크는, 나오는데, 어렵습니다, 어려워서, 잘해주신다, 학생들을, 엄청, 점수, 같다, 네트워크",과제가 매우 어려웠다는 것과 시험이 어렵다는 것을 빼면 매우 만족하는 과목. 네트워크의 전반적인 것에 대해서 다 알게 되었으며 교수님이 피드백이 굉장히 빠르시다. 질문도 잘 받아주시고 구글시트에 질문게시판도 따로 있
399,50804,0.5982163325103363,0.5408654656771006,0.7320350217878866,3.660175108939433,20,61,4.0,0.8,0.729508,0.270492,0.844263,0.155738,0.713115,0.286885,0.090164,0.811475,0.502459,0.301639,0.025,0.234524,0.185687,0.21858,0.0,0.054848,0.439213,0.138909,0.272904,0.098911,0.038344,0.070236,0.35,0.2,0.45,0.0,0.0,0.046587,0.0,0.0,0.0,"기말, 중간, 학생들의, 3시간동안, 아이캠에, 실패해서, 영상, 아직, 에세이, 마지막, 다른거, 교수님이, 안함, 토론, 비추합니다, 개인적으로, 보니까, 그럼, 중간고사, 공지","글쓴이 그냥 영상 초반에 틀다가 오프하고 음소거. 토론 1도 안함. 가만히 출석만 함. 교수님이 강의인원 없다고 갑자기 수업 중간, 초반, 후반에 부르심. 영어 괜찮게 잘하심 콩글리쉬긴 하지만 ㄱㅊ. 외국인들 많이 "
400,103778,0.5981342087934856,0.48797650412317317,0.8551688530242147,4.275844265121074,20,422,4.39,0.878,0.405213,0.594787,0.70853,0.291469,0.696683,0.303318,0.03199,0.93128,0.69455,0.068957,0.025,0.091982,0.107346,0.0,0.204968,0.089279,0.0,0.049271,0.049271,0.0,0.032419,0.032419,0.05,0.1,0.85,0.0,0.0,0.0,0.0,0.0,0.0,"봉범, 교수님이, 수업은, 상담도, 해주시고, 과제, 지루하지만, 족보대로, 같아요, 친절하시고, 창글, 귀여우세요, 면담, 수업이, 좋아요, 많은, 얻어갈, 조금, 뭔가, 과제는",교수님 너무 친절하시고 다정하세요! 물론 수업은 너무 지루하지만…얻어가는게 많은 수업인 거 같아요! 중간은 족보대로 나오고 과제는 중간까지는 조금 많습니다..!
401,2249434,0.5973202561137865,0.46320555406420133,0.9102545608961522,4.551272804480761,16,56,4.48,0.896,0.428571,0.571429,0.330357,0.669643,0.723214,0.276786,0.026786,0.946429,0.725,0.028572,0.0,0.0,0.0,0.0,0.0,0.0,0.0,0.017194,0.017194,0.0,0.039865,0.039865,0.0,0.0,1.0,0.0,0.0,0.0,0.0,0.069247,0.015241,"텀프, 유익하고, 기출, 열정이, 공정, 팀플이, 필자는, 강의력도, 할만, 과목, 재밌었습니다, 비슷하게, 난이도, 질문을, 매번, 나옵니다, 이해되는데, 조정된거라고는, 본것같은데, 기말한번만",교수님 강의력도 좋으시고 열정이 넘치십니다! 팀플도 난이도 적당하게 할만 했던것 같고 학점도 비율 채워서 주신듯합니다.
402,77725,0.5972648172931659,0.5039616020592297,0.8149723195056839,4.07486159752842,5,45,4.53,0.906,0.033334,0.966666,0.933334,0.066666,0.688889,0.31111,0.066666,0.888889,0.967777,0.017778,0.0,0.0,0.085877,0.0,0.0,0.0,0.0,0.0,0.0,0.0,0.0,0.0,0.0,0.2,0.8,0.0,0.0,0.0,0.0,0.0,0.0,"인터페는, 과제가, 양이, 4개있지만, 진실된, 자세로, 매우매우매우매우, 정성만큼, 달라지니까, 매주4, 일러가, 수강신청하시면, 디디는, 잘하시는분들, 뛰어야하는, 일러만, 주구장창해야하는, 안부르시는데, 부르재서, 불렀음",매주 과제가 최소 4개있지만 배울점도 많고 교수님도 항상 진실된 자세로 학생들을 가르치려는 모습이 보여서 좋음. 좋은 수업이니 한번 들어보길 매우 강추.
403,107359,0.5962337782374715,0.49802267703238073,0.8253930143826832,4.126965071913416,20,160,4.26,0.852,0.659375,0.340625,0.575,0.425,0.48125,0.51875,0.284375,0.43125,0.649375,0.115,0.0,0.061321,0.042938,0.0,0.079047,0.034431,0.0,0.169354,0.169354,0.253981,0.211236,0.293129,0.1,0.05,0.85,0.0,0.060322,0.060322,0.0,0.716977,0.157804,"국제법, 발표, 교수님께서, 사례, 답안, 정리했습니다, 공법, 답안지, 법학, 교수님만의, 학점에, 위주로, 않습니다, 열정, 국제법에, 정외, 청타했습니다, 사례형에, 발표는, 열정적으로",교수님께서 국제법에 상당히 정통하셔서 배워갈게 많은 수업입니다.
404,2086870,0.596008080696671,0.49101419233799365,0.8409938202002515,4.204969101001257,20,107,3.79,0.758,0.514019,0.485982,0.649533,0.350467,0.696261,0.303739,0.037383,0.906542,0.707009,0.059813,0.0,0.030661,0.042938,0.274427,0.237141,0.172155,0.052389,0.025933,0.054031,0.0,0.070763,0.102656,0.1,0.1,0.8,0.0,0.0,0.0,0.0,0.0,0.0,"출석, 안해주십니다, 열심히, 병결, 고명북에, 다른, 생각할, 중요하고, 학기, 적어서, 내용이, 힘듭니다, 편합니다, 그래도, 과제는, 같아요, 딱히, 최대한, 중에, 성균인의","내용은 유교, 철학 관련이라 생소했지만 괜찮았습니다 . 출석 잘 체크하고 성실하게만 하면 성적 잘 주세요."
405,2168590,0.5950228633655796,0.4890609515323632,0.8422673243097515,4.2113366215487575,20,103,4.1,0.82,0.257281,0.742718,0.985437,0.014564,0.635923,0.364078,0.043689,0.927184,0.709708,0.051942,0.075,0.641028,0.534737,0.0,0.844338,0.367773,0.0,0.05304,0.05304,0.15507,0.070236,0.120236,0.1,0.05,0.85,0.0,0.0,0.0,0.012193,0.0,0.012193,"과제, 맞춤법, 편의를, 과제가, 해주시고, 젠틀하시고, 글쓰기, 창글, 봐주십니다, 결석, 지각, 정규과제는, 이어쓰기, 정규과제, 자잘한, 중간고사, 10분에, 피드백도, 박물관, 중간고사는",교수님이 너무 좋으신 분이라 적극 추천합니다!! 정규과제는 총 3개였어요. 1차: 박물관 전시비평 2차: 사회 문제에 관련한 비평문 3차: 소설 이어쓰기 그리고 중간고사는 맞춤법 시험입니다. 생각보다 평균이 높았어요
406,2010023,0.5946893939947339,0.4747060447640832,0.8746505421995856,4.373252710997928,20,234,4.64,0.928,0.30342,0.696581,0.649572,0.350427,0.735043,0.264957,0.354701,0.271368,0.779274,0.114745,0.0,0.091982,0.064408,0.0,0.0,0.0,0.0,0.0,0.013755,0.0,0.032419,0.032419,0.0,0.1,0.9,0.0,0.0,0.0,0.0,0.0,0.0,"글로벌, 많고, 형식만, 중에서는, 중에, 것이, 인터뷰, 착하심, 단점은, 지키면, 편의, 친절하고, 점수, 얻어갈, 교수님이, 친절하십니다, 무엇보다, 많지만, 만점, 학생","10/10, 9.5/10, 5/5, 24/24, 16/16 (기타 짜잘한 것들 다 만점) 해서 A+ 받았습니다! 과제 점수 입력이 조금 늦으신 편이지만 무엇보다 학생들을 많이 배려해주세요(과제 마감기한 연장 등) 글"
407,486868,0.5944725319297273,0.48037422712165506,0.8607019098152292,4.303509549076146,20,109,4.61,0.922,0.555046,0.444955,0.949542,0.050459,0.738533,0.261468,0.077981,0.811926,0.538073,0.242202,0.0,0.0,0.0,0.0,0.0,0.0,0.0,0.025933,0.025933,0.0,0.235075,0.235075,0.0,0.15,0.85,0.0,0.026038,0.026038,0.0,0.0,0.0,"최대한, 갓종진, 중문과에서, 유쾌하게, 노력하시는, 있어요, 좋아요, 외울, 밖에, 역시, 오픈북이라, 엄청, 많은, 재미있게, 과제랑, 수업만, 과제는, 평소에, 꼼꼼히, 해주시고","교수님께서 되게 좋으셔요, 지루할거 알고 최대한 유쾌하게 재미있게 하려고 노력하시는 거 같아요"
408,43657,0.5944280066930792,0.4644042427914528,0.8978167891302076,4.489083945651037,20,754,4.37,0.874,0.31565,0.68435,0.37069,0.62931,0.742042,0.257958,0.011273,0.973476,0.715783,0.050995,0.0,0.150456,0.105352,0.0,0.079047,0.034431,0.0,0.030725,0.030725,0.0,0.031892,0.031892,0.0,0.05,0.95,0.0,0.032677,0.032677,0.0,0.355398,0.078222,"스피치, 발표, 토론, 발표를, 많은, 많습니다, 조금, 다들, 발표할, 친절하고, 교수님이, 다만, 때는, 나오고, 있는, 그런지, 수도, 직접, 부담이, 대미숙",대미숙... 학생들한테 애정도 많으시고 지금까지 들어봤던 강의중에 최고라고 할 수 있을 정도로 배워가는게 많은 수업이었습니다. 발표가 어려운 학생들에게는 조금 힘든 수업일 수도 있겠지만 개인적으로 정말 즐겁게 수업 
409,2087097,0.5942697277658199,0.46461946106318536,0.8967870167386338,4.483935083693169,20,75,4.27,0.854,0.646667,0.353333,0.98,0.02,0.713333,0.286667,0.433333,0.16,0.484,0.304,0.0,0.0,0.0,0.0,0.0,0.0,0.0,0.024356,0.024356,0.0,0.0,0.0,0.05,0.05,0.9,0.0,0.0,0.0,0.0,0.0,0.0,"화장품에, 화장품, 강의저장이, 양이, 알앤디, 교안에서, 짜게, 재미있고, 수업을, 어렵게, 힘들었습니다, 해주시고, 숙달하시는게, 케이스였는데, 화장품쪽으로, 강의녹화가, 수업집중해서, 화장품강의라, 흥미있으심분들에겐, 재밌을듯","중간은 기초적 내용들이라서 꼼꼼히 볼 필요가 있고, 계산 문제도 있습니다. 기말에 너무 세세히 볼 필요는 없고, 핵심만 확인하시고 반복 숙달하시는게 좋은거 같아요"
410,2168591,0.5936572531540557,0.5500180257099597,0.6954821171902796,3.4774105859513984,20,349,3.72,0.744,0.646132,0.353869,0.959886,0.040114,0.580229,0.419771,0.179083,0.58596,0.939972,0.032378,0.0,0.030661,0.021469,0.137214,0.0,0.034431,0.0,0.012178,0.012178,0.0,0.031892,0.031892,0.25,0.3,0.45,0.0,0.0,0.0,0.0,0.155398,0.046395,"적어, 다만, 부담은, 중간에, 약간, 마지막, 제대로, 했는데, 도움이, 수학문제를, 어머니께, 잔소리를, 듣곤, 떠오르게, 말이냐고요, 수강해보시길, 인민재판함, 개웃기긴한데, 불쾌해지는, 새내기의",ㅋㅋ개별로 듣지마셈 교수가 수업때 인민재판함 개웃기긴한데 좀 그럼
411,2376751,0.5935553442578885,0.5023081695706115,0.8064654185282013,4.032327092641006,20,223,4.05,0.81,0.367713,0.632287,0.076234,0.923767,0.710762,0.289238,0.145739,0.623319,0.930493,0.025784,0.0,0.045095,0.053046,0.0,0.079047,0.034431,0.0,0.033251,0.068797,0.0,0.134021,0.221038,0.0,0.35,0.65,0.0,0.110314,0.110314,0.0,0.0,0.02201,"과목, 하는, 교수님은, 팀원, 좋으시고, 젊으셔서, 운이, 자체가, 그래도, 할거, 모르겠는, 중요합니다, 받고, 어차피, 학점, 평가, 팀플이, 적당히, 느낌, 좋은","할거 다하면 학점 잘주시는 수업, 팀운 수업인건 그냥 이 강의 자체 특징이라 어쩔수 없는듯 그래도 교수님은 좋앗어요"
412,2750402,0.5935482487954853,0.4771256945883529,0.8652008752787942,4.326004376393971,20,190,4.41,0.882,0.5,0.5,0.373684,0.626316,0.726316,0.273684,0.36579,0.2,0.692369,0.073947,0.0,0.030661,0.021469,0.0,0.113957,0.049637,0.0,0.033251,0.033251,0.0,0.22588,0.22588,0.05,0.05,0.9,0.0,0.0,0.0,0.0,0.310795,0.068405,"루브릭, 성적, 영어를, 루브릭도, 루브릭이, 채워주심, 루브릭만, 지키면, 열심히만, 받을, 발표, 한다면, 하지, 재밌고, 절대, 하시면, 느낌, 성적을, 열심히, 성적받으실","발표 많아요 당연히. 발표 진짜 꼭 미리미리 준비하세요. 교수님 진짜 미국 교수님 같으세요. 건드리지 않으면 엄청 착하신데, 과제 안하고 예의 없게 굴면 진짜 불같이 화내세요. 최고의 강의입니다."
413,97467,0.5931661922130151,0.46833722033795006,0.8844337932548335,4.4221689662741674,20,73,3.78,0.756,0.794521,0.20548,0.938356,0.061644,0.863013,0.136986,0.123287,0.60274,0.043836,0.79726,0.0,0.165947,0.116199,0.0,0.0,0.0,0.0,0.108482,0.108482,0.098911,0.087017,0.150802,0.15,0.1,0.75,0.092154,0.058714,0.084752,0.0,0.0,0.0,"상당히, 우선, 학점도, 평소에, 적게, 시험, 강의력은, 영어, 한글로, 좋은, 처음엔, 것도, 굉장히, 기본적으로, 4번, 학점은, 범위가, 어렵지만, 힘들, 다른",우선 강의력이 굉장히 뛰어나십니다. 시험은 4번 보는데 한 번 볼 때 범위가 적어서 다른 과목에 비해 부담이 적은 것도 좋은 점. 학점도 잘 주시고 흠 잡을 데 없는 수업입니다 ㅎㅎ
414,2010106,0.592931996579512,0.505942723224948,0.7959069677401612,3.9795348387008063,20,212,4.07,0.814,0.448113,0.551887,0.879717,0.120283,0.57783,0.42217,0.386793,0.273585,0.403302,0.396226,0.0,0.061321,0.042938,0.0,0.0,0.0,0.0,0.253274,0.265452,0.0,0.0,0.0,0.15,0.1,0.75,0.119647,0.0,0.033805,0.0,0.2,0.044019,"토론, 시스템이, 되시면, 바뀐, 발표, 거의, 이게, 부담스럽긴, 하지만, 중에, 대해, 온라인, 모두가, 족보, 받기는, 몇번, 방식이, 문제, 풀면, 모르겠어요",전 좋았음 크게 배우는 건 없지만 가볍게 들었음 발표 점수 크다는 점을 알아야함
415,2086925,0.5927944284879384,0.4810233240243949,0.8535936722362066,4.267968361181033,20,257,4.23,0.846,0.560312,0.439689,0.933852,0.066148,0.688716,0.311284,0.128405,0.758755,0.444358,0.35,0.0,0.061321,0.042938,0.0,0.125921,0.054848,0.067748,0.110721,0.129267,0.0,0.031892,0.031892,0.05,0.15,0.8,0.0,0.080872,0.080872,0.0,0.1,0.02201,"성균논어, 족보, 그리, 재밌지는, 성균색, 적당히, 다른, 그래도, 수업하십니다, 출제됩니다, 않습니다, 말고는, 보고, 과목, 족보에서, 채워서, 알려주시고, 교수님은, 시험도, 조금",수업이 조금 지루하긴 하지만 교수님 따수워요.. 시험은 족보에서 많이 나왔습니다 저는 하루이틀 전 교안 2번정도 읽고 족보 보고 시험 쳤는데 에제 받았네요
416,120802,0.592622753584322,0.47115846483797996,0.8760394273257871,4.380197136628936,20,198,3.94,0.788,0.520203,0.479798,0.558081,0.441919,0.671717,0.328282,0.186869,0.588384,0.710101,0.057324,0.0,0.0,0.021469,0.0,0.0,0.0,0.0,0.036533,0.036533,0.0,0.096731,0.096731,0.0,0.1,0.9,0.0,0.034285,0.069603,0.0,0.1,0.033014,"토론도, 피드백, 비언어적, 보심, 수업은, 지루합니다, 성적을, 토론, 자기소개, 보시는, 앞에서, 한번, 같아요, 않고, 좋아요, 성실하게, 스피치, 발표, 없으면, 후하게",성적후하고 좋다 자기소개 정책스피치 토론한번씩만 하면 됨
417,2086877,0.5913817495815084,0.4724702325549733,0.8688419559767571,4.344209779883785,20,102,4.18,0.836,0.764706,0.235293,0.553922,0.446079,0.730391,0.269607,0.019608,0.911764,0.448039,0.345098,0.025,0.0,0.042938,0.137214,0.079047,0.068862,0.088967,0.04865,0.0973,0.40905,0.120236,0.334548,0.1,0.2,0.7,0.0,0.026038,0.026038,0.0,0.05,0.011005,"20분, 성선설, 성선설에, 대한, 비쁠, 동안, 교수님이, 좋은, 철학에, 시험이, 내용과, 분입니다, 질문에, 좋았던, 시험, 모르겠어요, 암기, 에쁠, 없어요, 좋으신",수업 참여 열심히 하려고 노력했어요 이번 학기 동안 들은 교수님 중에 제일 강의력 좋으세요
418,42763,0.5910615025825131,0.5018523792962277,0.7992161235838458,3.9960806179192288,18,58,3.9,0.78,0.827587,0.172413,0.939655,0.060345,0.646551,0.353448,0.181035,0.655172,0.428448,0.372414,0.0,0.068135,0.047709,0.59365,0.0,0.148964,0.0,0.103748,0.198906,0.0,0.107478,0.107478,0.166667,0.111111,0.722222,0.0,0.038094,0.038094,0.013548,0.0,0.013548,"유홍준, 쓰신, 개인적으로, 써도, 책이, 교재를, 내용도, 암기, 책을, 잘하면, 외우면, 나와요, 있는, 들었는데, 수업에, 되게, 갓홍준, 말년에, 귀찮으셨던, 내리","아... 유홍준 교수님... 목련이 한창 피던 때였을겁니다. 수업을 하시다가 다들 피로해하는 분위기를 느끼셨는지 출근하며 들으셨다던 라디오 내용을 얘기해주셨습니다. ""오늘 출근하면서 라디오를 들었는데 대2병이라는 말"
419,1326732,0.5910157008028032,0.4562674257720166,0.9054283425413054,4.527141712706527,20,380,4.36,0.872,0.839473,0.160526,0.969737,0.030263,0.655263,0.344737,0.506579,0.126316,0.406447,0.392632,0.0,0.030661,0.021469,0.0,0.0,0.0,0.0,0.042902,0.042902,0.0,0.102656,0.102656,0.0,0.05,0.95,0.0,0.033805,0.033805,0.0,0.0,0.0,"지구과학, 성적이, 했으면, 내용도, 수강했습니다, 한번에, 무난히, 있으나, 교양, 주심, 시험은, 나오는, 들쭉날쭉하다고, 문과도, 쉬운정도입니다, 배우셨으면, 익숙한데, 천문학, 안나오더라도, 배워보자는",문과도 충분히 이해 가능할 정도의 교양 과학 난이도. 시험은 쉬운 편입니다
420,2009720,0.5909328564221734,0.4788990519634182,0.8523450668259357,4.261725334129679,21,381,4.33,0.866,0.438321,0.561679,0.963254,0.036746,0.75853,0.24147,0.496063,0.171916,0.428346,0.375853,0.0,0.058401,0.040894,0.0,0.0,0.0,0.407342,0.085282,0.21446,0.094201,0.091121,0.121495,0.095238,0.142857,0.761905,0.0,0.063316,0.063316,0.0,0.0,0.0,"족보, 매주, 족보랑, 만점, 자료구조, 구하는, 학점, 실수, 코드, 족보만, 않고, 듣고, 똑같이, 온라인이라, 공부하고, 나온, 하지, 퀴즈가, 그대로, 제대로",매주 있는 퀴즈가 귀찮긴한데 내용 유익해서 좋아요
421,992297,0.5901369999633452,0.4700645037452794,0.870306157805499,4.351530789027495,20,88,4.39,0.878,0.386364,0.613637,0.392045,0.607954,0.744318,0.255682,0.250001,0.420455,0.567046,0.209091,0.0,0.151512,0.106092,0.0,0.0,0.0,0.113119,0.108247,0.139214,0.0,0.169427,0.169427,0.05,0.05,0.9,0.0,0.034285,0.034285,0.0,0.256182,0.056385,"녹강, 2주에, 내용이, 토론이, 고중세, 매주, 기말은, 진행되었는데, 토론방에, 텍스트, 편했고, 좋을, 중간은, 그래도, 교수님이, 배우는, 토론, 번씩, 미리, 중간","솔직히 수업 방식이 효율적인건지는 모르겠습니다. 수업 전날에 미리 사전강의 1~1시간30분 듣고 다음날 2시간 가량 토론 수업 참여해야되는데, 대부분의 학생들이 관련 지식이 부족한 상태로 수업하다보니 토론 내용이 크"
422,2748975,0.5901345704663106,0.4466049324814558,0.9250370590976387,4.625185295488193,7,47,4.43,0.886,0.436171,0.563829,0.957447,0.042553,0.659574,0.340425,0.308511,0.244681,0.382979,0.425532,0.0,0.304048,0.2129,0.0,0.290873,0.126697,0.0,0.034794,0.034794,0.0,0.185252,0.185252,0.0,0.0,1.0,0.0,0.376671,0.376671,0.0,0.0,0.0,"합의하신, 칠판, 복습이, 절대평가, 설명, 배점이, 봤고, 학생들, 복습, 기준, 친절하게, 복수전공자인, 조정해주십니다, 싶어져요, 일주일씩, 예제에서만, 출제하셨어요, 240, 답지에, 김희주","복수전공자인 제게는 교수님의 꼼꼼한 복습이 많은 도움이 됐습니다. 과제는 풀이과정 적어서 스캔해서 내는 거라 어렵지 않습니다. 퀴즈는 2번 봤고, 문제가 나름 어려운 대신 배점이 작습니다. 시험이 쉽지많은 않았지만,"
423,104183,0.5898470396865183,0.4451452844760085,0.9274844685110415,4.637422342555207,7,47,3.87,0.774,0.382979,0.617021,0.968085,0.031915,0.712766,0.287233,0.19149,0.702127,0.161702,0.629787,0.0,0.386532,0.270657,0.0,0.451697,0.196748,0.0,0.149866,0.149866,0.0,0.0,0.0,0.0,0.0,1.0,0.0,0.198865,0.198865,0.0,0.0,0.0,"악독한, 퀴즈와, 2점, 맞으면, 틀리면, 퀴즈, 잘주셨기에, 문제지는, 0점이었는데, 다녀오시고, 심경의, 있으셨던건지, 구하기보다는, 챙겨주신듯함, 빵빵, 터질것, 그점은, 한달동안, 죄송할지경, 수업중에서",학점을 잘주셨기에 5점. 수업 출석해서 들으시는게 좋은 것 같습니다.
424,77947,0.5894644516275647,0.4432005735635869,0.9307468337768463,4.653734168884231,20,107,4.58,0.916,0.247664,0.752337,0.939252,0.060748,0.738317,0.261683,0.32243,0.369159,0.4,0.4,0.0,0.183964,0.128815,0.0,0.079047,0.034431,0.0,0.09414,0.09414,0.0,0.0,0.0,0.0,0.0,1.0,0.0,0.188902,0.188902,0.0,0.0,0.0,"매트랩, 강의력, 매우, 과제가, 있으면, 영어, 신시, 한국어로, 좋으시고, 과제, 시험, 도움이, 어려웠는데, 되면, 정도만, 금방, 오래, 교수님이, 하지만, 좋으셔서","개념 위주의 수업이고 교수님이 영어, 설명 모두 잘하셔서 이해도 쉽습니다."
425,2249532,0.5891213268272324,0.47764677845896086,0.8492286063531992,4.246143031765996,20,60,4.33,0.866,0.6,0.4,0.700001,0.300001,0.608333,0.391666,0.433334,0.175,0.405833,0.393333,0.0,0.146895,0.102859,0.0,0.0,0.088688,0.0,0.190328,0.206953,0.0,0.096731,0.096731,0.05,0.1,0.85,0.0,0.092999,0.092999,0.0,0.0,0.0,"오픈북이라, 요약과제, 시험은, 시험도, 과제는, 건지, 않고, 어렵지, 문제, 시험, 온라인으로, 아닌, 모르겠음, 하시면, 배운, 좋은, 문제는, 않아서, 편하게, 부담",설명 잘하시고 겨수님 학생 편의 잘 봐주십니다 재밌었어요 시험도 열심히 준비하면 점수 잘나와요
426,2893017,0.5888310689880307,0.45978244452375683,0.8899445260713365,4.449722630356682,20,60,4.43,0.886,0.483333,0.516667,0.991667,0.008334,0.699999,0.3,0.25,0.408333,0.54,0.24,0.0,0.212834,0.14903,0.0,0.101806,0.044344,0.0,0.047724,0.047724,0.0,0.152129,0.152129,0.0,0.05,0.95,0.0,0.0,0.0,0.0,0.0,0.0,"디교는, 오교수님으로, 편하게, 봐주시고, 편의, 과제나, 줌으로, 과제도, 비해, 교직, 무조건, 크게, 어렵지, 내용이, 과제, 쉬워서, 편의를, 아는, 쉽고, 설명도",GOAT 그냥 학점 꽉꽉 채워주시고 과제도 별거 없습니다 시험 2갠가밖에 못 풀었는데 비쁠..
427,2893091,0.5886182706892564,0.47056107507844563,0.8640850604478149,4.320425302239074,20,63,4.52,0.904,0.873016,0.126984,0.984127,0.015873,0.690476,0.309524,0.428572,0.142857,0.403175,0.403175,0.0,0.030661,0.021469,0.137214,0.158094,0.103293,0.0,0.025933,0.082834,0.0,0.0,0.0,0.05,0.15,0.8,0.0,0.0,0.026038,0.0,0.0,0.0,"휴강, 나옵니다, 강의력이, 있도록, 필기, 교수님께서, 쉬운, 오프라인, 학생들이, 사실, 많습니다, 시험은, 빼두셔서, 아이캠퍼스를, 영어였으나, 한국어였습니다, 필기에서만, 유머러스하셔서, 부르니, 출튀주의",성적만 잘 주면 장땡이라는 마인드를 가지신 분이면 무조건 수강하세요! 한 학기 전체 수업 중 체감상 1/2 정도가 온라인강의로 대체되었습니다.(플립러닝 아님) 교수님께서 바쁘시다고 매우 빈번히 지방에 가시니까 수업이
428,2086889,0.5882437393571023,0.49809131999390466,0.7985993845378969,3.9929969226894846,20,72,3.9,0.78,0.284722,0.715278,0.291667,0.708333,0.645833,0.354166,0.215278,0.493056,0.920833,0.038889,0.025,0.030661,0.064408,0.0,0.0,0.034431,0.0,0.061348,0.087868,0.100545,0.031892,0.12915,0.15,0.15,0.7,0.0,0.066482,0.066482,0.0,0.168727,0.060334,"책이, 친절하십니다, 고명북, 과제가, 엘씨끼리, 평가, 중에서는, 교수님이, 내용은, 추천합니다, 기준도, 하고, 걸리면, 어렵긴, 팀플도, 좋은데, 잘하면, 하지만, 본인, 성적",교수님 친절하십니다. 책내용이 까다롭긴한데 다들 비슷한처지라 크게걱정안하셔도 될거같아요
429,2086933,0.5882389983702587,0.48362022593473736,0.8323494673864753,4.161747336932376,20,170,4.21,0.842,0.491176,0.508823,0.488235,0.511765,0.652942,0.347058,0.141176,0.644118,0.737647,0.059705,0.0,0.0,0.0,0.0,0.498421,0.2171,0.0,0.040862,0.040862,0.0,0.173419,0.173419,0.05,0.1,0.85,0.092154,0.0,0.026038,0.0,0.5,0.110048,"늦어도, 발표, 중요하게, 같아요, 피드백, 열심히, 토론은, 토론, 일분만, 출결, 지각으로, 스토를, 주시는, 점수, 처리, 참여점수, 학우들, 출결이, 좋음, 생각하시는",출결 생각보다 깐깐하게 안 보시고 나름 얻어가는게 많은 수업이었습니다. 발표보단 중간고사로 성적이 정해지니까 중간때 공부 열심히 하면 좋을 것 같아요.
430,78183,0.5878316605333559,0.49176583498465815,0.8119852534803175,4.059926267401587,20,204,4.0,0.8,0.632353,0.367647,0.94853,0.051471,0.642157,0.357843,0.029412,0.938726,0.556372,0.247549,0.025,0.061321,0.085877,0.0,0.0,0.0,0.238132,0.071243,0.160789,0.0,0.0,0.0,0.05,0.25,0.7,0.0,0.0,0.0,0.0,0.0,0.0,"인터뷰, 뒷자리, 듣기, 학점만, 안들어도, 과제, 부담없이, 없다, 아직, 많아요, 중간, 좋은, 부담이, 다들, 평가랑, 슈업이, 연관되지, 슈업에, 1도없음, 눈치보지",첫 시간에 이 강의는 학점을 잘 주는 강의는 아니라고 하셨지만 그래도 꿀강이라고 생각합니다. 이번 학기만 그런건지 원래 그런건지는 모르겠지만 외국인 학생들이 굉장히 많아요. 아무래도 한국사 관련 내용이라 그 부분에 
431,2315724,0.5858143246013219,0.4848845133940425,0.8213172174183074,4.106586087091538,20,95,4.38,0.876,0.236842,0.763158,0.952632,0.047369,0.689474,0.310527,0.426315,0.205263,0.4,0.4,0.0,0.064595,0.109639,0.0,0.0,0.0,0.0,0.198491,0.222847,0.197822,0.064312,0.128096,0.1,0.15,0.75,0.0,0.0,0.0,0.0,0.0,0.0,"엑셀, 무자비단, 시험, 구해서, 시트만, 줄일, 평균이, 있어서, 파일을, 직접, 어떻게, 편하긴, 대비, 3학점, 한데, 낮아서, 족보, 올려주시고, 기출, 점수",과제가 많은 편이긴 한데 엑셀 시트만 잘 만드시면 과제랑 시험 다 무난히 풀 수 있습니다
432,2249696,0.5850072856129289,0.4604503878932559,0.8756400469588325,4.378200234794162,20,80,3.91,0.782,0.29375,0.70625,0.9625,0.0375,0.79375,0.20625,0.2375,0.5125,0.395,0.4075,0.0,0.0,0.0,0.0,0.101806,0.044344,0.135497,0.098543,0.135636,0.0,0.096204,0.128096,0.1,0.05,0.85,0.115651,0.067611,0.100287,0.0,0.0,0.0,"티오로, 비반제, 족보, 갓정택, 열정적이십니다, 반도체, 강의력은, 구하세요, 족보는, 엄청, 교안이, 하십니다, 학점, 이해, 있으면, 주시고, 아니라, 시험은, 다들, 채워주십니다만",갓정택 교수님 한 학기도 수고 많으셨습니다 반시공의 빛 그자체 이번 학기가 마지막이라는게 아쉽습니다 건강하십쇼
433,103816,0.5841055164809547,0.4476991010368024,0.9023871525173099,4.51193576258655,20,438,4.57,0.914,0.45881,0.54119,0.951945,0.048054,0.717391,0.282609,0.353548,0.267735,0.43238,0.36659,0.0,0.061321,0.042938,0.0,0.305877,0.133233,0.0,0.073526,0.092073,0.0,0.038344,0.038344,0.0,0.05,0.95,0.0,0.065715,0.065715,0.0,0.0,0.0,"출튀, 브슴은, 인도식, 좋습니다, 문제푸는, 영어, 교안, 좋은, 출튀는, 바랍니다, 마세요, 하지, 교안이, 영어를, 서술형, 어차피, 가끔, 이런, 타탄짱, 일교시만",타탄짱 일화 최고 교수님 출튀 잡으시는 것 같지만 안잡음 굿굿굿 월요일 일교시만 아니었으면 참 좋았을텐데
434,2086902,0.5839116715974777,0.48155548237535883,0.8227427797824219,4.11371389891211,20,87,3.91,0.782,0.609196,0.390804,0.367816,0.632184,0.649425,0.350575,0.017241,0.965517,0.729885,0.022988,0.0,0.030661,0.021469,0.0,0.0,0.0,0.0,0.04448,0.056658,0.0,0.064838,0.097257,0.15,0.1,0.75,0.121343,0.0,0.034285,0.0,0.2,0.044019,"질문에, 대한, 읽고, 답변을, 책을, 답을, 발표를, 준비해가야함, 매주, 원하는, 발표, 읽어야, 답이, 귀여우세요, 받을, 기본, 어렵지, 있어서, 봐주시고, 받아서",교수님 친절하시고 귀여우세요! 토론형 수업이라 엘씨원들과 재미나게 얘기하면서 들을 수 있어 즐거웠어용 분명히 답이 아닌 것 같아도 일단 발표해서 발표 점수 챙기시길~ 수업 듣다보면 성적 가르기할만한 항목이 발표점수밖
435,44977,0.5836449303442586,0.4861363349390352,0.81116498628978,4.0558249314489,20,61,3.74,0.748,0.52459,0.47541,0.45082,0.549181,0.942623,0.057377,0.221311,0.590164,0.417213,0.380328,0.0,0.030661,0.05992,0.0,0.158094,0.068862,0.0,0.036533,0.050289,0.098911,0.197806,0.229698,0.2,0.2,0.6,0.0,0.0,0.0,0.0,0.055398,0.024386,"남는게, 한번, 치트시트, 학점은, 치팅시트, 팀플이, 남는건, 한장, 되요, 학점, 하나, 남는, 그거, 없다, 이렇게, 하는데, 시험은, 학점개잘줌, 써오라, 30장",진짜 학점 따기 개좋음 에이포 한장 치트종이 가능해서 전날만 투자해도 에이쁠 50프로 줌 전공핵심이 학점 50프로 채워주는게 신기함 근데 독학해야하고 조별과제 은근 많음... 솔직히 시험공부보다 조별과제에 시간 더 
436,2748929,0.5832832275756226,0.470003934814918,0.8476015773506,4.238007886753,20,62,4.45,0.89,0.169355,0.830645,0.362903,0.637097,0.669355,0.330645,0.040322,0.911291,0.733065,0.019355,0.041556,0.513604,0.43101,0.0,0.0,0.0,0.0,0.095011,0.108767,0.0,0.0,0.0,0.05,0.1,0.85,0.0,0.034285,0.034285,0.0,0.0,0.0,"조교님이, 레포트, 실험, 조교님, 수기, 조교, 우리, 친절하셔서, 쓰기, 친절하시고, 수기레포트는, 실험할, by, discussion에, 실험이, ppt랑, 진행할, 분반은, 수기로, 가시면",조교님이 친절합니다. 실험은 영상 잘 보고 가시면 되고 조교님께 적극적으로 질문하세요
437,990875,0.582784193028573,0.46628809310120856,0.8546084261924235,4.273042130962118,20,122,4.02,0.804,0.967213,0.032787,0.979508,0.020492,0.848361,0.15164,0.151639,0.62705,0.029508,0.955738,0.0,0.241703,0.232398,0.0,0.0,0.0,0.112232,0.053159,0.10243,0.217831,0.233942,0.33607,0.1,0.2,0.7,0.0,0.0,0.026038,0.0,0.055398,0.012193,"c언어, 겨울, 퀴즈, 겨울학기로, 평균보다, 코딩을, 계절로, 수강했습니다, 강의력은, 21년, 꼬아서, 20년도, 학점은, 수강했고, 만족했습니다, 들었는데, 평균, 조교님들도, 없는게, 가능해서","20년도 겨울 계절 수강했고, 시험 4번 보는게 단점이라면 단점일수있는데 앞시험을 망쳐도 복구 가능해서 시험4번도 괜찮은 것같습니다. 저는 전전프를 먼저 수강했는데 이 프기실을 먼저 들었으면 기초가 탄탄했을거란 생각"
438,2086995,0.582554418798874,0.48862791657182075,0.8017162573286654,4.008581286643327,16,56,4.05,0.81,0.357142,0.642857,0.214286,0.785714,0.651785,0.348214,0.276786,0.383928,0.738392,0.064286,0.03125,0.133021,0.191426,0.0,0.0,0.0,0.0,0.123293,0.173637,0.0,0.0,0.039865,0.0625,0.25,0.6875,0.0,0.0,0.0,0.0,0.321058,0.089572,"ui, 설명이, 대체과제, 서비스를, 프로토타입을, 오픈채팅방을, ux, 흥미롭지만, 코로나, 매끄럽지, 프로젝트가, 팀이, 아니어서, 소통하려고, 개인적으로, 중간, 재미있었습니다, 기말, 기말은, 학생들과",할 거 많고 귀찮음 흥미롭지만...개고생이다
439,2087214,0.582051270703873,0.5260594901182339,0.7126987587370309,3.5634937936851547,8,48,3.65,0.73,0.437501,0.562501,0.958333,0.041667,0.635417,0.364584,0.395833,0.229167,0.957292,0.025,0.1875,0.076652,0.375712,0.441797,0.0,0.11086,0.0,0.030444,0.030444,0.0,0.191721,0.191721,0.125,0.375,0.5,0.533742,0.0,0.150805,0.0,0.0,0.0,"광고, 세줄일기, 콘티, 기업, 개인적으로, 3학점, 만드는, 실습, 좋게, 새로운, 추천해요, 내용, 과제로, 코로나, 아니고, 있는, 없이, 늘리셨습니다, 4군데에서, 2군데를",20년도 피드백 받고 이번 학기에는 실습을 대폭 늘리셨습니다. 중간에는 지정해주신 기업 4군데에서 2군데를 골라서 카피 광고를 만들었고 기말에는 기업에 제출할 만한 자기소개영상을 만드는 것이였습니다. 저는 실제로 이
440,1612228,0.5817376463661887,0.44738442888976815,0.8952284871445036,4.476142435722518,20,63,4.44,0.888,0.444445,0.555556,0.97619,0.02381,0.706349,0.293651,0.253968,0.333333,0.403175,0.399206,0.0,0.0,0.0,0.0,0.0,0.0,0.0,0.102329,0.102329,0.0,0.031892,0.031892,0.0,0.05,0.95,0.0,0.0,0.0,0.0,0.0,0.0,"챕터, 열심히, 분석화학, 시험은, ppt로, 수록, 책으로, 중요, 배려, 그럭저럭, 많아서, 학생들, 한학기동안, 내용이, 교수님은, 교수님이, 푸는, 문제도, 그래도, 모르겠지만",왜 A0 받았는지 도저히 모르겠지만 정말 감사합니다.. 전체적으로 성적은 후하게 주시지만 a+은 깐깐하다고 들었습니다. 과제는 각 챕터 끝나면 문제 아무거나 몇개 골라서 푸는 거 있는데 부담이 적습니다. 교수님은 친
441,78059,0.5816920556684215,0.4465650837380008,0.8969883235060697,4.484941617530349,20,164,4.36,0.872,0.561349,0.43865,0.745399,0.254601,0.653374,0.346626,0.052147,0.861963,0.409509,0.389571,0.0,0.061321,0.042938,0.0,0.0,0.0,0.0,0.133648,0.133648,0.0,0.076688,0.076688,0.0,0.0,1.0,0.0,0.032677,0.032677,0.0,0.0,0.0,"프랑스어, 발음, 친구랑, 노베도, 알려주십니다, 따라갈, 짝이랑, 짝지어서, 시키시는데, 노베여도, 수업에서, 다만, 돌아가면서, 같이, 내에, 몰라도, 끝낼, 기초, 추천해요, 하는","암기 잘 해갔고 시험은 몇 개 틀렸는데도 A+ 나왔어요. 중간에 발음 녹음해서 제출하는 과제 몇 번 있었고, 친구랑 같이 듣기 좋은 수업이 맞아요. (짝이랑 같이 읽으라 하셔서) 쌩 암기지만 열심히만 한다면 특별히 "
442,990376,0.5816447677392235,0.43694727090394714,0.9192722603548683,4.596361301774341,20,183,4.89,0.978,0.584699,0.4153,0.972678,0.027322,0.639344,0.360656,0.286885,0.43989,0.518579,0.264481,0.0,0.0,0.0,0.0,0.0,0.0,0.0,0.024356,0.024356,0.0,0.064312,0.064312,0.0,0.0,1.0,0.0,0.156225,0.156225,0.0,0.0,0.0,"강의력, 좋으시고, 현대사, 한국현대사, 알겠는, 재밌어요, 사학과, 한국, 서평, 듣는, 들으세요, 대한, 재미있게, 없고, 들어야, 분들은, 있을, 생각합니다, 다들, 탑이시고","아직 학점이 나오지 않았지만, 학점 여부와 상관없이 강의평을 작성합니다. 작성자의 경우, 오제연 교수님의 역사학입문, 2학기에 열리는 한국현대사회의정치와문화를 수강하고 마지막 수업인 한국현대사를 수강한 케이스입니다."
443,2750418,0.5811259250415104,0.4633798982400897,0.8558666542448256,4.279333271224128,18,58,4.53,0.906,0.525863,0.474139,0.810345,0.189655,0.543104,0.456897,0.465517,0.043103,0.719828,0.034483,0.0,0.238472,0.166983,0.0,0.0,0.0,0.0,0.058933,0.058933,0.0,0.071457,0.071457,0.0,0.111111,0.888889,0.0,0.0,0.0,0.0,0.061553,0.013548,"창글, 4번이고, 75분, 이의, 신청, 과제, 글쓰기, 과제는, 없어서, 과목, 4번, 하나하나, 팀플도, 편은, 특성상, 과제도, 조금, 그런데, 아닌, 해주셔서",글쓰기 과제 4번 있습니다. 하나하나 할 때마다 꼼꼼히 검토하시고 숙고하시는 걸 추천드립니다. 제출한 과제 4개 중 2개가 문법오류 등 어색한 부분을 지적당했습니다. 그것 때문에 +는 못 받은 것 같네요. 그래도 들
444,2087127,0.5805174757706069,0.4433886714901092,0.9004846857584348,4.502423428792174,20,110,4.41,0.882,0.440909,0.559091,0.959091,0.040909,0.654545,0.345455,0.381819,0.218182,0.446818,0.367273,0.0,0.259721,0.181861,0.0,0.0,0.0,0.0,0.113902,0.113902,0.0,0.102129,0.102129,0.0,0.0,1.0,0.0,0.052075,0.052075,0.0,0.0,0.0,"이호준, 3번, 영어, 과제는, 친절히, 발음도, 잘하십니다, 하는지, 재미있게, 어렵지만, 과제도, 한국어로, 좋으셔서, 친절하게, 2번, 녹화하셔서, 아캠에도, 국제어수업인데도, 다르다고, 보안",퀴즈3번 정도에 과제 3번 있었습니다. 공휴일에 따라 퀴즈랑 과제 갯수가 달라질 수 있을 듯 합니다. (+1) 과제1 : 비트연산 과제2 : 리버스엔지니어링 과제3 : 해킹(스택오버플로우) 과제도 은근 시간이 걸리고
445,120833,0.5804890172220467,0.4735457797495896,0.8300232379911132,4.1501161899555665,20,169,3.7,0.74,0.47929,0.52071,0.863905,0.136095,0.789941,0.210059,0.139053,0.698226,0.471302,0.315977,0.0,0.112287,0.143033,0.0,0.0,0.0,0.0,0.042559,0.090282,0.0,0.032419,0.064312,0.0,0.4,0.6,0.0,0.128109,0.154146,0.0,0.0,0.0,"계절학기로, 강의력이, 수강하였습니다, 폭넓게, 사진이, 번역해서, 주시는, 중간에, 해석하는, 과제도, 요약하는, 과제, 5문제, 귀찮고, 영어, 시간, 말씀, 수업은, 나온, 쓰고","계절학기로 수강했습니다. 과제는 살짝 많은 느낌이긴 했지만, 분량 자체는 적어 할만했습니다. 수업은 뒤죽박죽인 느낌이었고, 까먹고 몆 개의 수업들을 안올려주셔서 혼동이 오긴 했지만 교수님이 언급하시는 핵심요소들을 과"
446,994369,0.5802561156094574,0.4732195256259009,0.8300081589044229,4.1500407945221145,20,116,3.91,0.782,0.642241,0.357759,0.935345,0.064655,0.487069,0.512931,0.357758,0.49138,0.556897,0.22069,0.0,0.090559,0.063411,0.0,0.0,0.0,0.044483,0.138038,0.150215,0.305994,0.076688,0.175352,0.15,0.05,0.8,0.0,0.087393,0.087393,0.0,0.0,0.0,"형법, 구성요건, 형법과, 헌법의, 고의범, 판례나, 형법의, 필기, 책을, 듣고, 공법, 해당하는, 책이랑, 끝난, 체계가, 정리하는, 중요한, 정리가, 법학, 중간은",코시국이라 중간은 대체과제 기말은 오프라인시험 한번으로 결정났습니다. 대체과제는 교수님 실수로 기한이 연장되는 등 해프닝이 있어서 제출 자체만 의의두는줄알았는데 전부 만점주신 건 또 아니더라구요! 일단 저는 만점 받
447,42880,0.5800291383501058,0.502739039351205,0.7603727026808746,3.8018635134043732,20,430,3.76,0.752,0.545349,0.454651,0.886047,0.113954,0.69186,0.30814,0.566279,0.215117,0.404651,0.395349,0.025,0.227268,0.286699,0.137214,0.158094,0.191981,0.413671,0.162186,0.377863,0.523854,0.142668,0.44347,0.35,0.25,0.4,0.0,0.0,0.0,0.024386,0.0,0.048771,"독후감, 족보, 33, 시험, 없고, 답이, 족보가, 온라인, 과제, 들으세요, 팀플, 퀴즈, 답을, 받고, 출석점수, 에쁠, 없으나, 퀴즈나, 어떻게, 나눠서",족보만 있으면 에이플 개꿀.. 참고로 49명중 총점 86.2로 16등햇고 에이플 받았습니다. 퀴즈 독서록 시험 전부 포함해서 0.1점으로 학점갈리는 상황입니다. 족보 반드시구하시고 매사 신중하게 임하시는걸 추천드려요
448,1611905,0.5790461397183397,0.44964753836861143,0.8809762095343724,4.404881047671862,20,331,4.43,0.886,0.55136,0.44864,0.950151,0.049849,0.643505,0.356496,0.371601,0.256798,0.475529,0.316918,0.0,0.061321,0.042938,0.0,0.0,0.0,0.0,0.089692,0.104034,0.0,0.032419,0.064838,0.0,0.15,0.85,0.0,0.11779,0.11779,0.0,0.055398,0.024386,"출튀, 채점, 시험, 논술형, 교안, 시험이, 기준도, 시험은, 열정적이시고, 강의력, 엄청, 빡세게, 2개, 교수님이, 생각을, 받으실, 서술형, 강의입니다, 적당히, 좋고",교수님이 예시를 많이 들어주셔서 이해하기 편하고 수업도 재밌었어요! 교안 올려주시는 걸로 시험공부하면 되시고 책 굳이 살 필요없어요
449,43743,0.579041101545259,0.44355897085956014,0.8951660731452231,4.475830365726115,20,147,4.45,0.89,0.358621,0.641379,0.931035,0.068966,0.827587,0.172413,0.027586,0.944827,0.360001,0.463449,0.0,0.090191,0.063153,0.0,0.0,0.0,0.0,0.052453,0.052453,0.0,0.189146,0.22749,0.0,0.1,0.9,0.0,0.054438,0.054438,0.0,0.0,0.0,"일본어, 유학생들이, 질문하면, 노베, 퀴즈가, 친절하게, 진도가, 친절하시고, 매주, 기일1, 쉽게, 받을, 아예, 거의, 노베로, 노베인, 조금, 노베도, 교수님이, 중국",교수님이 친절하게 잘 가르쳐주십니다. 모르는 것이 있어 질문하면 답변을 잘해주십니다. 시험 외에 퀴즈나 과제가 있는데 많이 부담되는 정도는 아닌 것 같습니다.
450,1772158,0.5788628673898963,0.49182756727219784,0.7819452343311932,3.909726171655966,20,322,3.65,0.73,0.319876,0.680124,0.427019,0.572982,0.607142,0.392856,0.156832,0.61646,0.95,0.022205,0.05,0.153304,0.236162,0.0,0.079047,0.083233,0.0,0.036533,0.077514,0.0,0.064838,0.097257,0.05,0.25,0.7,0.0,0.072354,0.072354,0.0,0.068727,0.027319,"피드백도, 학글을, 학술에세이, 요약문, 논평문, 조모임은, 부담은, 과제, 없고, 다른, 상호피드백, 초고, 굳이, 아닙니다, 있는데, 주시는, 개요서, 과제마다, 요구하시는, 넉넉히","시험은 없고, 중요 과제 4차례 정도 있습니다. 교수님께서 요구하시는 부분도 많이 없고, 수업 잘 따라가면 좋은 성적 주시는 것 같습니다. 햐지만, 과제 점수를 알려주지 않아 자신의 현재 위치를 파악하기는 어렵다는 "
451,2748890,0.5787276312305001,0.437361405150792,0.9085821587498191,4.542910793749096,20,198,4.66,0.932,0.449495,0.550505,0.116162,0.883838,0.69192,0.308082,0.176767,0.537879,0.712879,0.042424,0.0,0.0,0.0,0.0,0.215763,0.093981,0.0,0.0,0.0,0.0,0.0,0.0,0.0,0.0,1.0,0.0,0.0,0.0,0.0,0.374201,0.08236,"영어, 사업이나, 교수님이, 위주의, 같아요, 유쾌하시고, 수업입니다, 조원, 좋으시고, 만나면, 팀원, 글로벌, 엄청, 재밌는, 주세요, 발표도, 최고, 영어를, 꿀강, 완전",최고 힐링 과목! 무조건 글로벌은 이거 들으세요!!
452,2748891,0.5785980794444621,0.4570546959275963,0.8621993076504826,4.310996538252413,20,111,4.58,0.916,0.68018,0.31982,0.504505,0.495495,0.599099,0.400901,0.157658,0.572072,0.623874,0.150901,0.0,0.075756,0.053046,0.0,0.0,0.0,0.0,0.055204,0.055204,0.0,0.128623,0.237204,0.0,0.2,0.8,0.0,0.035318,0.035318,0.0,0.466193,0.102607,"줘서, 영발, 다이소, 토마스, 발표, 교수님은, 교수님이, 빡세요, 영어, 시간, 수업이, 굉장히, 비추, 알아듣기, 특성상, 힘들, 없고, 부담도, 학점, 후하게","대본 정말 완벽하게 외우고, 아이컨택이랑 제스쳐까지 다 정해서 며칠간 연습 해 갈 것이 아니라면, 즉석에서의 자연스러움과 발표 연습이 중요합니다. 에이쁠은 잘 안주시지만 그것은 영발 과목 특성상 어쩔 수 없는 부분이"
453,226441,0.5781281640494926,0.45507014408012236,0.8652635439780234,4.326317719890117,7,47,4.72,0.944,0.851064,0.148936,0.946809,0.053192,0.670213,0.329787,0.542554,0.223405,0.076596,0.688298,0.0,0.087602,0.163304,0.0,0.0,0.0,0.0,0.169097,0.169097,0.0,0.200676,0.200676,0.0,0.142857,0.857143,0.0,0.0,0.0,0.0,0.216355,0.047619,"이해는, 어려운, 실습, 모르겠네요, 퀴즈는, 어렵습니다, 문제는, 노력만으로, 딸수, 영역이, 쌓이면서, 관건인것, 진입하세요, 실습시험, 시계열, 시험방식이, 실기1, 실기2, 필기1, 1대1대2","이번학기에는 필기시험 기말에 1번, 실습시험 중간기말 1번씩 총 2번. 매우 어려운 내용이지만 그렇기에 교수님도 쉽게쉽게 가려고 하시기때문에 노력하면 따라갈 수 있다. 이 강의 덕에 적어도 학부 수준의 시계열 개념은"
454,42887,0.5775575135299342,0.464311759048969,0.8417976073188534,4.208988036594267,20,350,4.07,0.814,0.411428,0.588572,0.968571,0.031428,0.531428,0.468571,0.504285,0.214286,0.373143,0.440286,0.0,0.165947,0.147776,0.0,0.112039,0.048802,0.0,0.233716,0.264441,0.0,0.135602,0.167494,0.0,0.1,0.9,0.0,0.084752,0.110789,0.0,0.0,0.0,"족보, 퀴즈, 같아요, 잼관, 교수님이, 족보와, 어려운, 퀴즈랑, 괜찮았어요, 좋으시고, 강의력, 있으나, 어렵긴, 잘하는, 출결은, 퀴즈도, 잘해주시고, 족보에서, 수업인, 시험도",교수님의 노련함이 묻어나는 강의입니다. 어려운 내용을 가지고 여러 예시들을 가져오셔서 쉽게 이해할 수 있도록 강의하십니다. 재무에 관심이 생길 만큼 너무 잘 들었어요. 그리고 과제랑 퀴즈가 조금은 귀찮을 수도 있으나
455,1772106,0.5769535957312747,0.4628307530300009,0.8432402287009136,4.216201143504568,16,56,4.46,0.892,0.473214,0.526786,0.946429,0.053572,0.633929,0.366071,0.357143,0.321429,0.486607,0.299107,0.0,0.114978,0.107346,0.0,0.0,0.0,0.0,0.12147,0.136692,0.123639,0.156701,0.236432,0.0625,0.125,0.8125,0.0,0.0,0.0,0.0,0.0,0.0,"기멘수, 미적1이랑, 공부시간, 시키는게, 미적, 않다, 과제, 심지어, 평균보다, 학점, 받음, 2번, 열심히, 모든, 다들, 복습하는겸, 주시려다, 1이랑, 똑같다, 미분하고",다들 기멘수 기멘수 하는데 나도 왜 기멘수 교수님이 기멘수 교수님이라 불리는지 알았다 고급미적분학이라는 어려운 과목임에도 불구하고 쉽게 설명을 해주시고 강의 진행자체가 재미있지는 않지만 그렇다고 지루하지도 않다 기멘
456,1688560,0.5768123474658367,0.4573859793438404,0.8554738730838278,4.277369365419139,20,248,4.14,0.828,0.493951,0.506049,0.768145,0.231855,0.64113,0.358872,0.183468,0.618952,0.410484,0.394355,0.0,0.090191,0.063153,0.0,0.303126,0.132034,0.088744,0.138038,0.17451,0.098911,0.064838,0.096731,0.1,0.05,0.85,0.0,0.138172,0.138172,0.0,0.410795,0.101419,"발표, 영어, 계절로는, 피드백, 같아요, 목소리, 참고해서, 루브릭, 못해도, 좋아요, 전자출결, 각각, 괜찮았어요, 점수, 시험, 발표도, ppt, 중간, 해도, 하시고",겨수님이 좋아요 잘생기시고 아이컨택을 너무 잘해여
457,103771,0.5755798635587299,0.47576111871990634,0.8084902681826517,4.042451340913258,20,378,4.06,0.812,0.227513,0.772487,0.157408,0.842592,0.648148,0.351852,0.037037,0.896826,0.950927,0.032275,0.0,0.381825,0.267361,0.0,0.079047,0.034431,0.0,0.025933,0.025933,0.0,0.0,0.0,0.05,0.15,0.8,0.0,0.0,0.0,0.0,0.326988,0.071969,"만나면, 시험기간에, 팀플, 망한, 교수님은, 교수님께서, 과제들, 조별과제가, 작성, 편함, 않아, 개인, 평가, 과제가, 피드백, 이렇게, 점수가, 있다, 좋음, 부담이",그저 신이다... 솔직히 널널하고 수업도 온라인을 많이 대체 하고 창글 스토 학글?? ㄴㄴㄴㄴ 박상태 교수님의 과기글이 진짜 꿀이다..
458,96507,0.5746517063523414,0.474013811150525,0.8094734618232464,4.0473673091162325,20,119,3.87,0.774,0.701681,0.298319,0.163866,0.836135,0.848739,0.15126,0.205882,0.634454,0.495378,0.304201,0.0,0.030661,0.021469,0.0,0.0,0.0,0.0,0.028097,0.028097,0.0,0.064312,0.064312,0.2,0.2,0.6,0.0,0.0,0.0,0.024386,0.1,0.046395,"팀플이, 열역학, 마츠오카, 열역학을, 느낌, 배운, 책에서, 들으세요, 팀플로, 과목, 없다고, 감사합니다, 마세요, 듣지, 그래도, 중요한, 시험은, 학점치료받아, 잘챙겨주시는, 하나도안들어와요",본인이 열역학을 잘 배우고싶다 듣지 마세요. 본인이 시험공부 보다는 팀플로 학점을 따고싶으면 들으세요. 시험은 교재에서 나옵니다. 부분점수가 후해서 개념만 잘 정립해두면 답을 못내더라도 점수가 꽤 나옵니다. 그냥 일
459,2377031,0.5745944698914036,0.49336310890074897,0.7641343122029312,3.820671561014656,16,56,3.79,0.758,0.410714,0.589286,0.214286,0.785714,0.651786,0.348214,0.3125,0.366071,0.765178,0.064286,0.0,0.0,0.0,0.0,0.0,0.0,0.0,0.103393,0.133838,0.123639,0.04793,0.127661,0.1875,0.25,0.5625,0.0,0.0,0.032547,0.020833,0.371643,0.169187,"인공지능, 프로젝트가, 팀플, 중간고사, 프로젝트, 팀플은, 고인물이, 팀에, 팀플이, 프로젝트에, 실습은, 친구들이랑, 매주, 배우는게, 실습, 하는, 많다, 없으면, 수업에서, 처음",주차과제를 제외한 개인과제는 따로 없었음. 주차과제는 매우 쉬운데 이것도 중간고사 이후기간에는 매주 팀플 진행상황 발표라 후반엔 없었음. 중간고사는 타과목처럼 8주차에 보는 것이 아니라 10주차에 따로 봐서 타과목이
460,109162,0.5740397784326423,0.4245298170279026,0.9228963550437018,4.614481775218509,20,266,4.71,0.942,0.680451,0.319549,0.896616,0.103384,0.757519,0.242481,0.259399,0.486841,0.40188,0.420677,0.0,0.106417,0.074515,0.0,0.0,0.0,0.0,0.0,0.0,0.0,0.135075,0.135075,0.0,0.0,1.0,0.0,0.0,0.0,0.0,0.0,0.0,"교수님이, 영쓰, 주십니다, 친절하시고, 수업이, 좋아요, 해도, 글쓰기, 무난하게, 듣기, 있지만, 김계란, 호응, 안해주시면, 삐지심, 받아줘서, 걸리몀, 들으세오, 엄청착하십니다, 해야할거는",사랑해요 김계란…..!!!❤️❤️ 호응 잘 안해주시면 삐지심 병결 다 받아줘서 걍 개꿀강
461,2576610,0.5734613027325863,0.4288983725846265,0.9107748064111597,4.553874032055798,7,47,4.68,0.936,0.553192,0.446809,0.968085,0.031915,0.617022,0.382978,0.457447,0.06383,0.391489,0.412766,0.0,0.087602,0.061341,0.0,0.0,0.0,0.0,0.104381,0.104381,0.0,0.0,0.0,0.0,0.0,1.0,0.0,0.074393,0.074393,0.0,0.0,0.0,"증명, 공부하기, 충분해여, 매우매우만족, 미적분에서, 여러가지공식에, 베이스부터, 복습강의도, 안되는것, 교인이, 잘가르치시긴한데, 잘주신다는게, a주시고, 낮으신듯해서, 주실지가, 톡방, 따로만드셔서, 테크닉을, 수업영상, 찍어주셔서",정말 교수님 좋으시고 시험문제는 과제 문제랑 수업시간에 다룬 증명 문제에서 다 나와요 충분히 복습하고 암기하시면 시험대비 충분해여
462,2454912,0.5732323411900175,0.46411316352233933,0.8278437557479337,4.139218778739668,20,102,4.07,0.814,0.29902,0.70098,0.965686,0.034314,0.813726,0.186275,0.411764,0.117648,0.396078,0.403431,0.03677,0.441584,0.403936,0.0,0.0,0.0,0.0,0.067501,0.182394,0.0,0.0,0.0,0.1,0.2,0.7,0.0,0.0,0.026038,0.0,0.0,0.0,"퀴즈, 나오니, 선수강했으면, 매주, 봅니다, 풀만함, 어려워요, 시험은, 잼관, 영어로, 기간이, 국제어라, 솔직히, 알면, 열심히, 퀴즈를, 주로, 알아듣기, 교수님은, 시험","통계학과 CL이라서 들었고 쌩노베입니다. 솔직히 과제 풀 줄만 알면 시험 둘 다 잘 봅니다. 수업은 한 번도 안들었지만, 시험 준비를 하면서 다양한 금융, 경영적 지식을 얻어갑니다! 통계학과 전공 들을 거 없음 들으"
463,2576247,0.5732133348941558,0.444259451383469,0.8741057297524252,4.370528648762126,20,222,4.59,0.918,0.695946,0.304054,0.981982,0.018018,0.518018,0.481982,0.484234,0.087838,0.406306,0.392793,0.0,0.030661,0.021469,0.0,0.0,0.0,0.044483,0.135535,0.147713,0.0,0.032419,0.032419,0.05,0.0,0.95,0.0,0.08588,0.08588,0.0,0.0,0.0,"출튀, 웹워크, 발음, 족보, 증명, 편함, 없고, 시험은, 좋으십니다, 싸인하는게, 될진, 씩만, 해줌, 오프수업때, 후루룩뚝딱, 전자출결만, 출튀쉬움, 깔짝하면됨, 강의은, 망했을뿐",그냥 계절학기로 들으셈 과제도 없고 시험으로만 갈라서 편함
464,2377166,0.5728147635415091,0.5057966130287592,0.7291904480712587,3.6459522403562934,20,144,3.42,0.684,0.472222,0.527778,0.965278,0.034722,0.684028,0.315972,0.020834,0.934028,0.669445,0.1,0.0,0.0,0.0,0.0,0.112039,0.098439,0.102635,0.045067,0.087506,0.0,0.134021,0.134021,0.2,0.3,0.5,0.0,0.0,0.035318,0.0,0.1,0.033014,"글쓰기, 글을, 하기, 주고, 수업이라고, 수업시간에, 당일제출이라, 좋은, 하고, 읽어주시는데, 얻고, 쓰신, 처리, 문장을, 쓰는, 과제하고, 지루하지만, 창의적, 하나라도, 글쓰기는","안 좋은 얘기만 많아서 안 쓰려다가 씀(중간고사 마친 시점) 재수강으로 들었는데, 일단 수업 자체가 다른 창글과목에 비해 꿀임 교재 위주로 수업하는게 아니라 자체적인 글쓰기 방법론이라고 해야하나 그런걸 강의하고 싶으"
465,1611993,0.5727173892835562,0.49518271337865954,0.7536316330616487,3.7681581653082437,5,45,4.33,0.866,0.888889,0.111111,0.944445,0.055556,0.688889,0.311111,0.155556,0.644444,0.49,0.328889,0.0,0.0,0.0,0.548854,0.0,0.137724,0.5338,0.0,0.146133,0.402178,0.129677,0.259353,0.6,0.0,0.4,1.0,0.186348,0.468892,0.0,0.0,0.0,"일방적인, 동아시아, 세계사, 역사를, 흥미가, 질문을, 피피티, 문제는, 전혀, 아니라, 조망할, 일본과, 부각되지만, 한국도, 다루어지긴, 있다기보다는, 유도하시면서, 동아시아의, 역알못은, 역사의","색다른 시각에서 동아시아 역사를 조망할 수 있었다. 일본과 중국사가 가장 부각되지만 한국도 다루어지긴 한다. 역사를 좋아한다면 즐겁게 들을 것 같고, 전혀 기본 지식이나 흥미가 없다면 재미 없게 들을 것 같다. 과제"
466,103693,0.5725034444477198,0.44597581716112644,0.8677345747831045,4.338672873915522,20,572,4.16,0.832,0.305114,0.694886,0.397707,0.602293,0.612874,0.387126,0.033509,0.914462,0.710318,0.075397,0.0,0.182541,0.127819,0.0,0.193004,0.084068,0.0,0.081137,0.081137,0.0,0.161042,0.161042,0.0,0.0,1.0,0.0,0.034285,0.034285,0.0,0.329601,0.072544,"글쓰기, 조별로, 보는데, 피드백, 돼요, 같아요, 각자, 점수, 패러디, 결국, 피드백도, 있는데, 하는, 매시간, 학생, 에쁠, 다른, 글쓰기가, 창의적, 구체적으로",교수님이 창의적인 걸 매우 중요하게 생각하시는 것 같아요 글 쓸 때는 참신하고 창의적인 글을 잘 써야해요. 자세하게 가르쳐주셔서 많이 배울 수 있지만 꿀수업은 아닌 것 같아요. 저는 글은 잘 못썼는데 중간고사를 잘봐
467,1612233,0.5722718290049371,0.44007565372192686,0.8807295713319613,4.4036478566598065,8,48,4.73,0.946,0.552083,0.447917,0.927083,0.072916,0.802083,0.197916,0.374999,0.260416,0.4,0.4,0.0,0.0,0.0,0.0,0.0,0.0,0.0,0.0,0.0,0.0,0.239193,0.239193,0.0,0.125,0.875,0.0,0.0,0.0,0.0,0.0,0.0,"갓재혁, 회로, 회로쟁이라면, 필수일듯, 못받을줄, 잘주시는것같습니다, 몰라요하는데, 의심됨, 교수님들만큼의, 포스가, 안느껴짐, 학점채워줌, 전압이득, 주파수, 보상, rail, op, amp를, 9개의, spec에",어렵고 힘들긴 한데 얻어갈 건 많았네요. 회로쟁이라면 필수일듯?
468,103782,0.5718519023169233,0.45451031107899487,0.8456489485387566,4.228244742693783,20,316,4.07,0.814,0.403175,0.596826,0.74127,0.25873,0.620635,0.379365,0.028571,0.939682,0.713016,0.054286,0.0,0.0,0.0,0.0,0.0,0.0,0.0,0.038698,0.038698,0.0,0.120763,0.120763,0.05,0.05,0.9,0.0,0.0,0.0,0.0,0.0,0.0,"중간고사, 창글, 피드백을, 엄마같은, 기말문집이, 질문지, 좋으세용, 교수님이, 글을, 피드백, 글쓰기, 과제가, 무난하고, 열심히, 학생들에게, 피드백도, 어려움, 좋았음, 학생들을, 괜찮은",학생들에게 글쓰기에 대한 자신감을 채워주심 글쓰기에 대해 배운 점도 많았고 다양한 글쓰기를 해볼 수 있어서 개인적으로 너무 좋았음 과제가 좀 있지만 버거울 정도는 아님 교수님께서 학생들에게 진심인 느낌이 들어 편하고
469,42278,0.5712499562275484,0.45589835387905864,0.8404036950406911,4.202018475203456,20,113,3.66,0.732,0.389381,0.610619,0.902655,0.097345,0.579646,0.420354,0.314159,0.39823,0.416814,0.385841,0.0,0.091982,0.064408,0.0,0.0,0.0,0.0,0.197654,0.197654,0.0,0.0,0.0,0.05,0.1,0.85,0.0,0.084752,0.084752,0.0,0.0,0.0,"솔루션, 조금, 하나하나, 잠에, 신시에, 시험, 매우, 빠지지, 매트랩, 있는, 교수님의, 피드백이, 그렇지, 목소리가, 하지만, 꼼꼼하게, 설명을, 부분이, 평균, 좋음",신시 교수님 강의력은 다른 교수님들보다 나쁘지는 않은데다 시험 문제들도 적당히 변별력 있을 수 있도록 괜찮게 내셨다고 생각하는데 많이 피곤하기는 하다 일단 텀프는 미리 해두는게 좋고 과제도 양이 상당히 많아서 솔루션
470,483842,0.5710217650601033,0.4327078770869173,0.8937541703308705,4.4687708516543525,20,86,4.63,0.926,0.534884,0.465116,0.959302,0.040697,0.616278,0.383721,0.319767,0.436047,0.394186,0.411628,0.0,0.106417,0.074515,0.0,0.0,0.0,0.0,0.123772,0.123772,0.0,0.0,0.0,0.0,0.05,0.95,0.0,0.099158,0.099158,0.0,0.0,0.0,"베이스가, 갓재직, islr, 행대수, 통계적, 통계학과, 얕게, 기초를, 수업중, 당연히, 설명이, 얻어가는게, 중요합니다, 말이, 확실히, 어떤, 전공, 설명, 중간고사는, 이해하기",머신러닝을 시작하는 과목이니만큼 중요합니다. 선대 내용 복습하시는거 추천합니다!
471,2455006,0.5705418845348496,0.46091986646691835,0.8263265933600227,4.1316329668001135,20,82,4.32,0.864,0.914634,0.085366,0.993903,0.006097,0.52439,0.47561,0.304878,0.329269,0.402439,0.39939,0.0,0.0,0.0,0.0,0.0,0.0,0.0,0.099656,0.124012,0.0,0.064838,0.135602,0.0,0.3,0.7,0.0,0.066482,0.137118,0.0,0.0,0.0,"같아요, 느낌입니다, 내용도, 적지만, 꼼꼼히, 적어요, 내용은, 많지는, 교안, 중요하다고, 내용, 엄청, 객관식, 피피티, 서술형, 어렵진, 성적, 않은, 중간은, 이번",일단 양이 전체적으로 엄청 많지는 않아서 외우는 데에 부담은 없습니다. 그치만 듣는 사람도 많고 교수님이 수업을 자주 않아셔서 독학하셔야 되고 학점도 엄청 후하지는 않은 것 같아요
472,2010024,0.5698731194792672,0.4459847861177281,0.8589458973228583,4.294729486614291,20,295,4.32,0.864,0.544068,0.455932,0.545763,0.454237,0.659323,0.340677,0.40339,0.149153,0.40661,0.393898,0.0,0.1672,0.117077,0.0,0.237141,0.103293,0.0,0.156902,0.156902,0.0,0.134548,0.166967,0.0,0.15,0.85,0.0,0.034285,0.034285,0.0,0.144452,0.031793,"솔직히, 기말은, a0는, 가끔, 재밌으시고, 공부, 학점에, 시험이, 출튀는, 다르게, 글로벌, 이걸, 족보랑, 교수님이, 있긴, 난이도가, 중간고사는, 적당히, 같아요, 출석은",A+ 받으려면 공부 꽤 열심히 하셔야합니다. 기말은 난도가 높아서 개인적으로 중간 때 많이 잘봐두시는걸 추천드립니다. 출튀는 2~3번 정도 잡으셨고 출석은 학점에 매우 많이 반영되는 편이라 웬만하면 출석 성실히 하시
473,77500,0.569664991564275,0.4678846739900537,0.807152399237458,4.03576199618729,20,78,4.27,0.854,0.615385,0.384616,0.967948,0.032051,0.615385,0.384616,0.147436,0.653846,0.409616,0.39359,0.0,0.0,0.021469,0.0,0.0,0.097603,0.0,0.135168,0.192068,0.0,0.064838,0.064838,0.1,0.15,0.75,0.121343,0.0,0.034285,0.0,0.15,0.033014,"그림책, 어렵지, 않고, 내용은, 북토크는, 축소해주셔서, 말씀해주심, 교양같아요, 북토크, 수업입니다, 중간, 같아요, 알려주셔서, 교양, 다른, 편안한, 오픈북으로, 좋은, 범위도, 기말",편안한 수업입니다. 수업 내용 어렵지 않고 중간 기말시험 범위도 축소해주셔서 교양 같아요
474,103298,0.5694478615479318,0.476579574628074,0.7861405310276002,3.930702655138001,20,61,4.15,0.83,0.933333,0.066667,0.958334,0.041667,0.583333,0.416667,0.324999,0.375001,0.405833,0.393333,0.0,0.137078,0.117454,0.0,0.158094,0.068862,0.0,0.084998,0.084998,0.098911,0.134548,0.16644,0.15,0.25,0.6,0.184308,0.067994,0.12007,0.0,0.160795,0.03539,"계량, 현실에, 리뷰, 중간고사는, 적극, 관련된, 추천합니다, 이걸, 피자파티도, 기말은, 아마, 예상문제를, 우리나라, 현실적인, 현실, 노동, 물론이고, 대한, 있어서, 2명","과제 아무것도 없고, 점수는 출석 중간 기말 기타로 반영됩니다. 출석은 한 학기 통틀어 5번?이나 그 이하로 부르셨던 것 같고, 기타란 수업 참여나 조교님에게 이메일로 질문하기 등인데 수업에 1~2명 빼고는 다 비슷"
475,993404,0.5694433010527079,0.43754318513499063,0.8772102381940484,4.386051190970242,20,143,4.24,0.848,0.426574,0.573427,0.965035,0.034965,0.653846,0.346154,0.433567,0.15035,0.396853,0.402098,0.0,0.061321,0.085877,0.0,0.0,0.0,0.0,0.133003,0.133003,0.0,0.032419,0.032419,0.0,0.1,0.9,0.0,0.066482,0.066482,0.0,0.0,0.0,"과제는, 오프라인, 시험은, 강의에서, 강의력은, 온라인, 과제가, 주시는, 강의에서는, 모호한, 기출과, 과제를, 번째, 어려우니, 교수님이, 있을, 하실, 때가, 처음에는, 내용이",과제가 너무 어려웠음 나는 근데 평균은 생각보다 높더라 과제때매 B+ c++제대로 준비하고 가세요 수업 자체는 배우는거 많습니다.
476,2168592,0.5689574583660222,0.48445282817777063,0.7661349288052757,3.830674644026378,20,194,3.99,0.798,0.360824,0.639176,0.579897,0.420103,0.551546,0.448454,0.051547,0.811856,0.932216,0.043041,0.025,0.061321,0.107346,0.0,0.079047,0.078775,0.0,0.040275,0.068373,0.0,0.064838,0.096731,0.05,0.25,0.7,0.0,0.026038,0.026038,0.0,0.0,0.0,"과제가, 많고, 있음, 과제, 깐깐하시고, 그래도, 글에, 과제들이, 자잘하게, 많을, 빡세게, 많긴, 많은, 매우, 하지만, 만큼, 미리미리, 에세이, 특히, 부담이",대학에 왔다면 꼭 들어야하는 의미있는 수업입니다. 교수님이 열정 넘치시고 전달력도 좋으십니다. 글에 대한 피드백도 꼼꼼히 해주셔서 좋습니다. 출석 매우 빡세게 잡으셔요!
477,2086924,0.5685238887125319,0.4385564913779073,0.8717811491599895,4.358905745799947,20,172,4.56,0.912,0.5,0.5,0.215116,0.784884,0.80814,0.19186,0.049418,0.877907,0.432558,0.368605,0.0,0.0,0.0,0.0,0.113957,0.049637,0.0,0.075447,0.075447,0.0,0.038344,0.070236,0.05,0.15,0.8,0.0,0.032677,0.032677,0.015127,0.137455,0.04538,"프랑스, 책을, 교수님이, 고명북, 읽어가야하는, 조별, 사랑, 꿀은, 토의, 매주, 읽기, 못할, 이런거, 책도, 일단, 토론도, 것도, 재밌었어요, 교수님께서, 조금","에이쁠...❣️사랑합니다 교수님. 일단 교수님이 꼰대기질 이런거 전혀 없으시고 수업 나름 재밌게 해주세요. 교양 차는 느낌도 들고, 무엇보다 문학소재가 재밌는게 타 고명북 수업들과의 차별점이자 엄청난 장점이라 생각해"
478,44013,0.5682112812572214,0.4580228687577993,0.8253175770892066,4.126587885446033,20,233,3.99,0.798,0.551502,0.448498,0.538627,0.461374,0.577254,0.422747,0.062231,0.824034,0.720815,0.058799,0.0,0.061321,0.064408,0.0,0.204968,0.158141,0.0,0.055323,0.071948,0.0,0.070763,0.102656,0.1,0.1,0.8,0.0,0.034285,0.034285,0.011005,0.1,0.055024,"피드백도, 토론이, 토론, 토론만, 다른, 유익하고, 발표, 해가면, 설득, 발표랑, 그것, 교수님이, 자기소개, 나름, 뒤에, 시험은, 스피치, 듣고, 쉬움, 점수","다른 강평처럼 수업때 딴소리를 많이 하시지만 그래서 딴짓해도 된다는 장점이 있고 발표설명할때만 잠깐 듣고 교수님이 원하시는 스타일대로 발표 준비해가면 무난하게 에이쁠 받을 수 있습니다. 24-2까지는 자기소개발표, "
479,226224,0.568183674594932,0.4390341919519948,0.8695324674284524,4.347662337142262,20,364,4.53,0.906,0.379121,0.620879,0.351649,0.648351,0.785714,0.214285,0.401099,0.248626,0.408105,0.392308,0.0,0.030661,0.021469,0.0,0.0,0.0,0.0,0.117644,0.154738,0.0,0.0,0.0,0.05,0.1,0.85,0.0,0.0,0.0,0.0,0.22159,0.048771,"문제은행, 온라인이라, 만나면, 팀플, 팀플도, 매주, 편하긴, 교안, 족보, 에타, 쉬워요, 족보가, 족보랑, 없으면, 하지만, 해요, 과제가, 팀플이, 강의입니다, 같아요",문제은행 많이 풀어보면 시험은 되게 쉬워요 편하게 듣기 좋은 수업입니다 중간 84 기말 94 에이쁠이네요 아 근데 에타 강평에서 이 과목 강평 쓰라고 해서 썼는데 다른 과목에 강평이 남음;;
480,44170,0.5680979347741795,0.4406299332609128,0.8655232716384683,4.3276163581923415,20,198,4.41,0.882,0.563131,0.436869,0.954546,0.045455,0.722222,0.277779,0.335859,0.287879,0.395708,0.404545,0.0,0.0,0.031577,0.0,0.079047,0.034431,0.0,0.080553,0.080553,0.0,0.114838,0.114838,0.05,0.1,0.85,0.0,0.034285,0.034285,0.0,0.0,0.0,"출튀, 종이로, 잡으심, 종종, 강의력도, 어차피, 종이, 잡으시고, 친구, 별로, 있어요, 성적은, 보고, 출튀는, 발음이, 교안만, 알아듣기, 싶으면, 공부하기, 들어도",3학년이라 같이 듣는 친구 없었는데 출튀 안 잡는다길래 했는데 중간에 잡는거 몰랐으면 F받을 뻔 함 출튀하고 싶으면 부진효 교수님 ㄱㄱ 시험은 뭐 1학년 듣는거라 쉬움 세세한 개념은 버리고 주관식 문제만 풀줄알면 중
481,43698,0.5677510473539831,0.4227501911009872,0.9060863786109737,4.530431893054868,20,372,4.81,0.962,0.508064,0.491935,0.778226,0.221774,0.787635,0.212366,0.216397,0.547042,0.493683,0.323656,0.0,0.061321,0.042938,0.0,0.0,0.0,0.0,0.0,0.0,0.0,0.120763,0.120763,0.0,0.05,0.95,0.0,0.0,0.0,0.0,0.0,0.0,"영쓰, 교수님이, 직배, 쉽고, 않고, 친절하고, 대신, 별로, 괴담만, 편안해요, 영어발음과, 탈주하고, 선택이었다고, 존재할까, 생각임, 물어보라고, 공감, 감사해야함, 정확하시고, 재밌는내용도",영쓰 괴담만 들었는데 너무 친절하시고 수업도 편안해요..
482,42356,0.5676535278545358,0.42663650329270447,0.8966932518321427,4.483466259160713,20,224,4.71,0.942,0.247769,0.752232,0.948661,0.05134,0.796875,0.203125,0.194196,0.598214,0.399107,0.403572,0.0,0.061321,0.042938,0.0,0.180853,0.078775,0.0,0.060986,0.060986,0.0,0.031892,0.031892,0.05,0.0,0.95,0.0,0.0,0.0,0.0,0.0,0.0,"중간에, 좋아요, 집중력, 있고, 수업시간, 수업은, 과제는, 재밌고, 해주셔서, 좋으세요, 시험은, 출첵하셔서, 가르쳐주시지는, 빨리끝내주시는데, 잘알려주셔서, 관련문제도, 풀줄알고, 족보좀, 제공기는, 쉬는타임이",수업은 부담 되는거 없습니다 과제는 매틀랩 과제도 있고 일반 과제도 있습니다 시험은 중간에는 일반 문제만 기말에는 매틀랩 관련문제도 섞여 나옵니다 과제 다 완벽하게 풀줄알고 족보좀 보면 잘 보실 수 있습니다
483,2168595,0.5674321626136242,0.4693408396299552,0.7963119162421853,3.981559581210927,20,77,3.87,0.774,0.298702,0.701299,0.142857,0.857143,0.655844,0.344156,0.155844,0.597402,0.950649,0.015584,0.0,0.030661,0.021469,0.0,0.0,0.0,0.0,0.0,0.0,0.0,0.070236,0.070236,0.05,0.2,0.75,0.115651,0.0,0.032677,0.0,0.300594,0.090545,"창융디, 교수님은, 그림, 팀플, 열심히, 걸려야, 정형모, 곳이, 조원평가, 같고, 하시려고, 자체가, 참여하고, 유쾌하시고, 배려, 직배, 과목, 팀원, 워낙, 그래도","시험도 없고, 고명북보다 훨씬 낫습니다. 적당히 조별활동 열심히 하면 학점 잘 나옵니다."
484,2376757,0.5672758678168071,0.4458906352798694,0.8505080770696616,4.252540385348308,20,219,4.54,0.908,0.76484,0.23516,0.986301,0.013699,0.598174,0.401827,0.410959,0.116438,0.383562,0.418949,0.0,0.0,0.021469,0.0,0.0,0.048802,0.0,0.095598,0.107776,0.0,0.096731,0.12915,0.0,0.2,0.8,0.0,0.026038,0.026038,0.0,0.0,0.0,"들으시길, 사회학에, 분들이, 교수님이, 세상을, 열심히, 관심이, 1학년, 정말정말, 아캠에, 강의력이, 따라가기, 하는, 바랍니다, 시험, 어렵습니다, 성적, 높은, 그만큼, 있는","정말 너무너무너무 추천합니다. 한 학기 동안 배운 게 정말로 많습니다. 실생활, 우리 사화와 연관한 내용을 많이 다뤄주셔서 정말로 얻는 것도 많았고, 정신적으로도 성장할 수 있었습니다. 교수님이 속으로 상당히 다정하"
485,108403,0.5671599171779609,0.44744462520628425,0.8464955984452066,4.232477992226033,20,344,4.3,0.86,0.370262,0.629737,0.485423,0.514577,0.661807,0.338193,0.186589,0.695335,0.693003,0.084402,0.0,0.210354,0.147294,0.0,0.158094,0.068862,0.0,0.056901,0.056901,0.0,0.20044,0.232332,0.0,0.15,0.85,0.0,0.033805,0.033805,0.0,0.158529,0.034892,"글을, 쓰면, 피드백, 쓰는, 감상문, 쓰기, 초고에서, 릴레이, 좋은, 기준이, 썼음, 칼럼, 쓰시고, 성적, gpt, 같아요, 자유롭게, 마음에, 면담, 주시는",처음에 수업 가면은 조를 짜고 조원들끼리 친해지는 시간을 가지는 데 처음 편성 된 조로 수업 끝까지 갑니다 실제로 마지막 되면 서로 말도 놓고 밥도 같이 먹으러 가고 친하게 지내는 모습이 많이 보이더라구요. 수업 중
486,2009679,0.5670826360586549,0.4290566855837024,0.8891431871668773,4.445715935834387,20,187,4.23,0.846,0.518717,0.481284,0.954546,0.045455,0.732621,0.267379,0.323529,0.371658,0.4,0.4,0.0,0.0,0.021469,0.0,0.0,0.0,0.0,0.053159,0.053159,0.0,0.0,0.0,0.05,0.05,0.9,0.0,0.0,0.026038,0.0,0.0,0.0,"조금, 과제가, 교안이, 코딩을, 초반에는, 코딩, 과제는, solow, 학생들에게, 답변하는, 있었습니다, 까다롭습니다, 그래프, 적극적으로, 경제, 교수님께서도, 좋아요, 초반에, 이해하고, 질문에",갓준상 교수님입미다 시험은 주관식이라서 전체적으로 확실히 이해하고 계셔야 합니다
487,2657698,0.5668456212437281,0.48032555178251923,0.768725783319882,3.8436289165994095,20,103,4.17,0.834,0.441747,0.558252,0.116504,0.883495,0.587379,0.412622,0.470874,0.043689,0.959709,0.022816,0.025,0.214625,0.171754,0.0,0.0,0.0,0.0,0.025933,0.025933,0.0,0.0,0.032419,0.15,0.2,0.65,0.0,0.0,0.0,0.026131,0.242852,0.079582,"때문에, 요약, 과제, 교수님이, 조별, 평가, 에세이, 내내, 쓰는, 않아요, 마지막, 학글, 논평, 학점미화, 논리적으로, 봐주십니다, 것도, 출튀는, 좋아하시는, 3개","조별 과제이긴한데 걍 조별로 의견 나누는거라 거의 조별과제로 인한 스트레스는 없음. 과제가 별로 없는게 GOAT임 수업도 나름 재미있고 글쓰고 요약하고, 그 글 비판하는 거를 거의 8주간 배우고 마지막 2주에 내가 "
488,1856241,0.5667994398284015,0.4669704345982162,0.7997337853655008,3.998668926827504,7,47,3.91,0.782,0.478723,0.521277,0.212766,0.787234,0.574468,0.425532,0.148936,0.595745,0.56383,0.212766,0.0,0.0,0.0,0.0,0.0,0.0,0.0,0.189167,0.189167,0.0,0.0,0.0,0.0,0.285714,0.714286,0.0,0.0,0.0,0.0,0.158279,0.10451,"적용한, 일처리가, 영어, 팀플, 있는데, 개념을, 국제어, 말이, 팀플이, 느낌, 경영전공, 재외국민들이, 한국인인, 토익느낌이, 당황하기는, 나온거라, 부담제로였음, alex, jiyeong, 일상적으로",경영전공 이때까지 들었던 거 중에 제일 괜찮았던 강의. 국제어 수업이라서 그런지 외국인들+재외국민들이 많아서 쫄았었는데 교수님이 영어도 잘 하시고 쉽게 설명해주셔서 그냥 한국인인 나도 무리없이 들을 수 있었음. 시험
489,103803,0.5667075778355588,0.43989175008909337,0.8626111759106451,4.313055879553225,20,196,4.43,0.886,0.571429,0.428572,0.948979,0.051021,0.604592,0.395408,0.186225,0.622448,0.414796,0.381632,0.0,0.0,0.0,0.0,0.101806,0.044344,0.0,0.113439,0.125617,0.0,0.225354,0.225354,0.0,0.05,0.95,0.0,0.078113,0.11779,0.0,0.0,0.0,"웹워크, 기말은, 대체과제, 독학이라고, 다만, 성적이, 성적, 온라인, 공부는, 강의력, 보시면, 감사합니다, 무난한, 연습문제, 학점, 만큼, 중간, 공부하면, 중간은, 나옴","감사합니다 기맨수 교수님. 강의 깔끔하고, 성적도 잘 주시는 듯!"
490,1772105,0.5665622708329033,0.4501491667149594,0.8381928471081059,4.190964235540529,20,161,4.37,0.874,0.385093,0.614907,0.95031,0.04969,0.795031,0.204969,0.475155,0.23913,0.430745,0.370187,0.0,0.18918,0.132467,0.0,0.0,0.0,0.0,0.056195,0.056195,0.0,0.032419,0.064838,0.15,0.15,0.7,0.0,0.026038,0.052075,0.0,0.0,0.0,"미적분, 성적은, 기말이, 아쉽다, 숙제, 공부, 수능, 열심히, 어렵긴, 갑자기, 너그럽게, 매주, 같아요, 평균, 되게, 젊고, 어려워지는, 구성하신, 미적1이야, 빨라져서",밑에 수업이 안좋다느니 교안 독학 공부해야하느니 이런거 다 거르세요 머리도 안좋은데도 불구하고 공부까지 안하는 통통 문돌이들의 찡찡거림입니다 열심히 듣고 강의내용 이해해도 에쁠 받는데 전혀 문제없었습니다 오히려 잘 
491,45500,0.5664800299177242,0.4915651305874367,0.7412814616883949,3.7064073084419746,20,94,3.57,0.714,0.569149,0.430851,0.904255,0.095744,0.622341,0.37766,0.010639,0.973404,0.401064,0.406383,0.0,0.265184,0.221374,0.0,0.158094,0.103293,0.044483,0.176434,0.259735,0.0,0.038344,0.070763,0.2,0.25,0.55,0.0,0.0,0.0,0.0,0.0,0.0,"레포트, 범위가, 절대, 앞에, 기말, 부분에서, 많다, 쪽지시험은, 많아서, 심리학에, 열심히, 많습니다, 쪽지시험, 심리학, 전까지는, 양이, 앉아서, 출석, 수업입니다, 많고",심리학에 관심이 원래 있었다면 내용은 재미있고 배워가는게 많다 수업 때는 널널하게 이야기만 듣다가 집가서 공부해야할 과목이다 양이 많아서 포기하고 싶지만 참고 공부하면 한 만큼 나오는 강의 고등학교식 수업과 암기에 
492,353911,0.5662607452793997,0.42882474345519395,0.8869447495358802,4.434723747679401,20,254,4.5,0.9,0.651575,0.348425,0.535434,0.464568,0.576772,0.423228,0.23622,0.496063,0.393898,0.402756,0.0,0.061321,0.042938,0.0,0.0,0.0,0.0,0.126442,0.126442,0.0,0.064838,0.064838,0.05,0.0,0.95,0.0,0.216068,0.216068,0.0,0.068727,0.015127,"강의력, 강의를, 강의력도, 늦게, 좋고, 풀어보고, 공지도, 교안, 올려주시는, 시험, 없고, 한국어로, 온라인으로, 중요한, 없이, 올라오는거, 5주치, 올려주며, 변별함, 2주분",과제 없습니다. 원래 국제어 였는데 이번 학기는 한국어로 바뀐거 같습니다. 강의 내용 이해 잘 되는 강의라고 생각됩니다. 다만 내용이해 되는 거와 별개로 문제는 연습해가야 되니 꼭 연습하고 가시길 바랍니다.
493,1612363,0.5662239538925794,0.4618924116598895,0.8096642191021894,4.048321095510947,20,271,3.76,0.752,0.588561,0.411439,0.935424,0.064575,0.610702,0.3893,0.249077,0.496311,0.388008,0.41845,0.0,0.309881,0.238454,0.0,0.204968,0.089279,0.0,0.145181,0.173279,0.0,0.097257,0.129677,0.1,0.2,0.7,0.0,0.125196,0.125196,0.0,0.0,0.0,"과제, 진도가, 진도, 따라갈, 강의력은, 약속을, 늦게, 융통성있게, 후반부에는, 안알려주시고, 성적이, 많았어서, 성적, 그것, 놓치면, 중간, 같아요, 번에, 시간, 기말",내용 자체가 너무 어렵고 양도 많고 과제 답은 더럽게 나왔지만 다 시험에 도움이 되는 내용이었습니다 성적이 너무 늦게 나온다는 게 단점이기도 한데 그것 빼고는 출결도 넉넉하게 봐주시고 질문도 엄청 잘 받아주시고 좋았
494,486349,0.5662125456770605,0.48014479309693314,0.7670373016973576,3.835186508486788,20,62,3.02,0.604,0.435484,0.564515,0.32258,0.67742,0.629032,0.370968,0.096774,0.790323,0.734677,0.045161,0.363384,0.101931,0.383438,0.0,0.0,0.0,0.105213,0.051866,0.080669,0.400545,0.032419,0.161569,0.35,0.05,0.6,0.0,0.026038,0.026038,0.071339,0.324125,0.142677,"피드백, 피드백을, 대한, 책을, 7권의, 학생에, 읽고, 발표, 레포트, 피드백이, 토론, 가장, 좋았던, 프리라이딩이, 메일이, 존중이, 6월, 인문학명저산책, 인명저, 개요에",교수님의 강의력이 최고인듯! 생각보다 얻어가는 것도 많고 좋았던 수업
495,1937143,0.5659276246594317,0.4784783228072719,0.7699759956478045,3.8498799782390227,20,171,3.88,0.776,0.766082,0.233919,0.97076,0.02924,0.391813,0.608187,0.365498,0.292398,0.340351,0.479239,0.0,0.165947,0.116199,0.0,0.0,0.0,0.050246,0.267569,0.299872,0.0,0.064312,0.064312,0.1,0.15,0.75,0.0,0.026038,0.026038,0.0,0.0,0.0,"시험, 족보, 미적분을, 구하고, 예전에, 미적분, 복습만, 플립러닝, 퀴즈, 족보는, 4번, 문제, 족보랑, 주는, 사실상, 잘하면, 그래도, 공부할, 있는, 처음",예전에 비해 강의력이 많이 좋아지셨어요. 족보는 꼭 구해보세요
496,46556,0.5659201598860346,0.45911109478469087,0.8151413117891703,4.075706558945852,20,168,3.97,0.794,0.066265,0.933735,0.222891,0.777108,0.801205,0.198795,0.219879,0.530121,0.696687,0.061144,0.03677,0.030661,0.053046,0.0,0.0,0.0,0.044483,0.06995,0.082128,0.100545,0.102656,0.135075,0.2,0.05,0.75,0.0,0.0,0.0,0.0,0.068727,0.015127,"과제가, 수업입니다, 실력이, 코딩, 이룰, 교생이랑, 매주, 성장을, 코딩과제, 힘든, 기분이, 있는, 빡세지만, 됩니다, 좋은데, 많은, 거의, 과제나, 어렵고, 그만큼",강의는 참 좋은데 과제가 많으니까 교생이랑 병행하지 마세요 죽어요 출결은 전자출결인데 정시+5분부터 지각체크입니다
497,78282,0.5644516383775118,0.4325396995681704,0.8722461622659753,4.361230811329876,20,98,4.8,0.96,0.658163,0.341837,0.938775,0.061225,0.627551,0.372449,0.520408,0.255102,0.379592,0.430612,0.0,0.090191,0.09473,0.0,0.0,0.0,0.0,0.103907,0.103907,0.0,0.093469,0.093469,0.05,0.05,0.9,0.0,0.078113,0.078113,0.0,0.0,0.0,"서교수님, 역시, 서병태, 퀴즈가, 열심히, 다들, 믿고, 들으세요, 퀴즈, 어려웠습니다, 강의력, 따라갈, 잘해주시고, 문제, 기말이, 어렵지만, 하지만, 어려워서, 설명도, 교재",Hi all This course is a further study of mathematical statistics. This is real statistics course not just mathematics be
498,488935,0.563670178273405,0.4145113483065914,0.9117074481959703,4.5585372409798515,20,211,4.68,0.936,0.149289,0.850711,0.976303,0.023696,0.64218,0.35782,0.616114,0.066351,0.416351,0.380805,0.0,0.091982,0.064408,0.0,0.0,0.0,0.0,0.056901,0.056901,0.0,0.038344,0.038344,0.0,0.0,1.0,0.0,0.260375,0.260375,0.0,0.0,0.0,"강의력, goat, 과제가, xv6는, 강의력이, 재밌게, 한데, 어렵긴, 관심, 좋으셔서, 재밌고, 시험공부하지, 맞지않더라도, 토크쇼, 증원이나, 되었으면, 최상, 시스템쪽, 수업들으묜, 어렵다만","재밌고, 쉽게 설명해주시고, 그냥 강의력 goat 이다. 만약 이 수업을 듣는데 강의력이 별로라고 생각하는 사람이 있다면 그건 강의력의 문제가 아닌 당신의 이해력의 문제일 뿐이다.."
499,2376819,0.5620010332142468,0.4315346579801135,0.8664225754272247,4.332112877136123,20,122,4.41,0.882,0.368852,0.631147,0.147542,0.85246,0.72541,0.274591,0.237705,0.327869,0.677869,0.1,0.0,0.0,0.0,0.0,0.338947,0.147637,0.0,0.012178,0.012178,0.0,0.038344,0.070763,0.05,0.1,0.85,0.0,0.0,0.0,0.0,0.110795,0.048771,"할게, 팀플, 리플렉션, 좋으시고, 많은, 마지막, 아침, 조별로, 봐서, 교수님이, 많지만, 많음, 쓰면, 열심히, 있지만, 감사했습니다1, 고려해주시고, 수용하심, 커버됨, 아니었습니당",애초에 오픈북으로 하면 평균적으로 너무 잘 봐서 클로즈북으로 한다고 수업 때 말씀하셨는데 괜히 23 탓으로 돌리는 딸피충 ㅋㅋ 자기가 출튀하다가 출튀 막히니까 괜히 이유 만들어서 욕하는 고학번이면 개추 ㅋㅋ
500,1772407,0.5611914973375373,0.4813572525659066,0.7474714018046755,3.737357009023378,20,80,3.08,0.616,0.25,0.75,0.9625,0.0375,0.59375,0.40625,0.225,0.5375,0.906875,0.069375,0.0,0.153304,0.128815,0.0,0.0,0.0,0.0,0.0,0.0,0.0,0.095677,0.095677,0.1,0.25,0.65,0.0,0.0,0.0,0.0,0.0,0.0,"포토샵과, 과제, 포토샵, 일러는, 매주, 일러, 하라는대로, 과제를, 물어보면, 진심, 좋은, 듣고, 친절하십니다, 배우고, 하지만, 학점, 괜찮은, 않음, 완전, 하나도",과제 매주 있지만 무난하게 할 수 있는 양임. 그리고 시험도 안 봄. 물어보면 잘 알려주심.
501,354761,0.5602539206356005,0.44455852480547103,0.8302098442392362,4.151049221196181,20,186,3.83,0.766,0.537635,0.462365,0.677419,0.32258,0.634409,0.365592,0.282258,0.387097,0.486021,0.303226,0.0,0.214625,0.150285,0.0,0.284015,0.12371,0.0,0.122118,0.13646,0.0,0.128623,0.128623,0.05,0.15,0.8,0.0,0.070636,0.070636,0.0,0.0,0.0,"과제, 성균색, 나쁘지, 교수님께서, 과제도, 졸리고, 주시고, 전혀, 지루할, 중간, 성논, 하나는, 수업이, 제출하면, 목소리가, 난이도도, 있으나, 거의, 열정이, 다만",非常好的教授 大一时候给了我a+ 也没怎么太复习
502,2657700,0.5588334529249748,0.44053231145166116,0.83486944969604,4.1743472484802,14,54,4.07,0.814,1.0,0.0,0.990741,0.00926,0.462963,0.537038,0.333334,0.175927,0.4,0.4,0.035714,0.0,0.03067,0.0,0.276911,0.120616,0.0,0.078025,0.078025,0.0,0.092626,0.092626,0.071429,0.071429,0.857143,0.0,0.050454,0.050454,0.0,0.0,0.0,"경제, 현재, 젠틀하시고, 사례, 팀플도, 재밌습니다, 과제도, 없고, 학점이, 좋은, 도움이, 부담, 원래같으면, 5점주는데, 47퍼센트까지만, 학점을주심, 이슈들이랑, 기인사랑, 수강신청하셔야할, 딴짓하다",출석도 결석 1번 봐주시고 교수님이 친절하세요 과제도 없고 팀플도 없고 딱 중간 기말만 보면 됩니당
503,2249381,0.5587078727994064,0.42677075575203793,0.866561145909933,4.332805729549666,20,98,4.49,0.898,0.433673,0.566326,0.265306,0.734694,0.719388,0.280612,0.27551,0.372449,0.467857,0.322449,0.0,0.0,0.021469,0.0,0.079047,0.068862,0.0,0.105836,0.122461,0.0,0.031892,0.063785,0.05,0.1,0.85,0.0,0.026038,0.026038,0.0,0.397314,0.087448,"평가가, 시험에서, 개인, 열심히, 꼼꼼히, 평가하는, 아쉬웠습니다, 그래도, 무난, 팀플, 부담없고, 생각보다, 듣고, 온라인이라, 점이, 전반적으로, 팀플이, 공부할, 받았습니다, 자체는",불같은 열정의 교수님이심. 마케팅에 열정있다면 수업 자체는 참 흥미로울듯. 그치만 별 관심도 없고 꿀강을 바란다면 약간 빡빡한 감이 없잖아 있음. 개인 보고서와 팀 프로젝트 그리고 발표 점수랑 기말로 이루어짐. 대충
504,120888,0.5584212149851278,0.4422388716399532,0.8295133494572017,4.1475667472860085,20,232,4.35,0.87,0.185345,0.814655,0.603448,0.396552,0.622845,0.377155,0.049569,0.760776,0.833406,0.114655,0.0,0.163253,0.114313,0.0,0.114791,0.05,0.0,0.012178,0.012178,0.0,0.231279,0.231279,0.0,0.05,0.95,0.0,0.0,0.0,0.0,0.068727,0.015127,"지피티, ai, checker, 4개인데, 글을, 참신한, 쓰면, 점수를, 과제가, 영쓰, 참고해서, 4개, 걸리면, 쓰기, 만약, 쉬움, 통해, 학점, 그래도, 많음","영어 쓰기의 본질에 충실한 수업입니다. 다만, 쓰기 실력은 직접 써 보고 동료 피드백을 통해 길러야 합니다. 형식을 잘 챙기면 감점도 크게 없을 겁니다."
505,784913,0.5580816403318745,0.5103921177624515,0.6693571929938612,3.346785964969306,16,56,3.55,0.71,0.821429,0.178572,0.964286,0.035715,0.741071,0.258929,0.330357,0.366071,0.524107,0.25625,0.0,0.038326,0.08051,0.0,0.140049,0.061002,0.131516,0.015222,0.159446,0.0,0.039865,0.127661,0.3125,0.5625,0.125,0.0,0.042257,0.042257,0.0,0.069247,0.015241,"수업을, 없습니다, 이게, 무슨, r을, 코드가, 수업은, 쪽지시험, 이해가, 포기하고, 배우는, 2점, 통계, 드립니다, 채워주시는, 공부해도, 진도를, 차라리, 라는, 학점은","출결의 전자출결, 과제나 팀플 없습니다. 학점은 잘 채워주십니다. 시험보고 난 후 점수가 이상한 거 같다 싶으면 교수님 찾아뵙고 열심히 설득합시다. 교수님께서 서술형 문제들을 많이 주시는 만큼 당신께서 읽으셨을 때 "
506,42560,0.558019100734358,0.46255691237938884,0.780764206895953,3.9038210344797655,17,57,3.56,0.712,0.517544,0.482456,0.912281,0.08772,0.657895,0.342106,0.263159,0.482455,0.485965,0.301754,0.158027,0.165278,0.25144,0.0,0.0,0.0,0.059113,0.085671,0.118037,0.0,0.223144,0.223144,0.117647,0.176471,0.705882,0.0,0.0,0.0,0.0,0.058824,0.012947,"중국사에, 중국사, 거의, 매우, 어렵긴, 있다고, 중국사를, 부르시는데, 교수님이, 대한, 발표를, 서평으로, 데서, 학점은, 토론방에, 보고서, 시험은, 질문, 내외로, 출석은",하라는거만 꼬박꼬박 제때 하면 학점은 잘 나옵니다. 시험은... 솔직히 어렵긴 한데 답에서 공부한 티만 나면 정확하게 맞추고 아니고는 크게 개의치 않으시는거 같기도 하네요. 모든 문제 정확히 맞추는 사람이 있다면 진
507,2930540,0.5573034964038519,0.46600748826645927,0.7703275153911014,3.851637576955507,5,45,4.33,0.866,0.444445,0.555556,0.066667,0.933333,0.777778,0.222222,0.477778,0.022222,0.732222,0.071111,0.0,0.0,0.0,0.0,0.0,0.0,0.0,0.0,0.0,0.0,0.0,0.0,0.4,0.0,0.6,0.0,0.0,0.0,0.0,0.0,0.0,"배우는지, 과목자체는, 않으셨겠지만, 45분, 서울에서, 수원까지, 대학까지, 끝내주시는데, 가는건, 어거지로, 별로지만, 들을만은, 맡고, 코멘트도, 배워야, 안가는, 들으려고, 싶지, 진심, 성격이","교수님 정말 좋으신 것 같습니다 뭐 교수님도 이 과목 맡고 싶지 않으셨겠지만 성격이 엄청 좋으시고, 코멘트도 잘해주십니다"
508,2249286,0.5569634725490873,0.4438206627832335,0.8209633620027462,4.104816810013731,9,49,3.37,0.674,0.071429,0.928571,0.39796,0.60204,0.530613,0.469387,0.122449,0.632653,0.967347,0.008163,0.0,0.27254,0.190838,0.0,0.0,0.0,0.0,0.027062,0.027062,0.0,0.070872,0.070872,0.0,0.111111,0.888889,0.0,0.176346,0.176346,0.0,0.0,0.0,"매주, 있고, 빡셌음, 기준, 본인, 과제가, 많음, double, spaced로, 8장이상, 작성하셔야되고요, 짱짱맨이십니다, 짱빠르심, 영쓰때, 생각이라면, 시작하지, 조사하고, 과제있어서, 것이아니라, 주차과제임","A4 double spaced로 내용만 8장이상 Essay 작성하셔야되고요, 과제 많습니다. 매주마다 과제있고 안하면 점수 깎여요. 열심히하면 얻어가는게 있을겁니다. 그래도 교수님은 착하고 자비로우신 분이셔서 학생들"
509,1688612,0.5557350887025699,0.5029320763810702,0.6789421174527361,3.3947105872636807,14,54,3.26,0.652,0.62963,0.370371,0.925926,0.074074,0.62963,0.37037,0.194445,0.722222,0.641667,0.187964,0.052528,0.128844,0.135329,0.0,0.0,0.0,0.0,0.056698,0.091404,0.141301,0.046313,0.137434,0.5,0.142857,0.357143,0.0,0.0,0.100908,0.015721,0.071429,0.031442,"별로, 독일식, 없다, 없는, 힘듦, 발음이, 알아듣기, 1번, 하지만, 2번, 있다, 추천, 뻔하다, 상식적인, 6번이었나, 쓸데없어디보여도, 따라가기조차, 분이기는, 독일에서, 올라오긴","프레젠테이션 1번, 쉬운 퀴즈 2번, 그리고 기말고사 끝. 기말고사는 3문제중 1문제 공개이고, 나머지 2문제도 겁나 쉬움. 프레젠테이션은 동아시아 국가 중 1개 골라서 원하는 주제인데, 별로 안어려움. 퀴즈도 외우"
510,43653,0.5551648080321875,0.428812155167013,0.8499876647175947,4.2499383235879735,20,340,4.1,0.82,0.495588,0.504412,0.551471,0.44853,0.570588,0.429412,0.033823,0.925001,0.707205,0.052794,0.0,0.0,0.021469,0.0,0.0,0.0,0.0,0.039689,0.039689,0.0,0.070763,0.070763,0.0,0.1,0.9,0.0,0.0,0.0,0.0,0.1,0.033014,"친절하시고, 좋으십니다, 교수님이, 받으실, 점수, 교수님은, 스피치에, 스토, 발표와, 토론, 잘해서, 1학기, 스피치, 분반, 하고, 수강신청, 발표, 분들이, 있었던, 않는",교수님께서 정말 친절하십니다! 장점과 단점을 둘 다 말씀해주시는데 잘 듣고 고칠 부분은 고치면 좋은 점수 받으실 수 있습니다
511,2249344,0.5546854047869624,0.42423704690036285,0.8590649065223614,4.295324532611807,20,92,4.32,0.864,0.793478,0.206521,0.983696,0.016304,0.554348,0.445653,0.288043,0.413044,0.414131,0.386956,0.0,0.122643,0.107346,0.0,0.0,0.0,0.0,0.084879,0.111399,0.0,0.096731,0.096731,0.0,0.1,0.9,0.0,0.0,0.0,0.0,0.110795,0.024386,"내용이, 통계라, 100인, 팀플없고, 편했지만, 강의식, 수학을, 과목이었어요, 과제, 추천드립니다, 통계, 중간, 중간고사를, 가능한, 기말을, 거예요, 걱정했는데, 내용, 무난한, 그런데",중간.기말 100인 강의이고 조별모임이나 과제 싫으신 분들께 완전 추천드립니다.
512,106024,0.5545462645640251,0.4005903115960101,0.9137768214893938,4.568884107446969,20,906,4.16,0.832,0.546909,0.453091,0.966887,0.033113,0.647903,0.352097,0.477925,0.122517,0.4085,0.392219,0.0,0.061321,0.042938,0.0,0.0,0.0,0.0,0.052392,0.052392,0.0,0.031892,0.031892,0.0,0.0,1.0,0.0,0.066482,0.066482,0.0,0.0,0.0,"매주, 정법, 교수님들, 정치학에, 토론문, 토론이, 있어서, 정치에, 번거롭긴, 토론, 강의력도, 겹치는, 내용도, 들을, 좋으셔서, 아직, 배울, 않아서, 좋을, 재밌게",토론 과제도 금방 하고 전체적으로 난이도는 높지 않아요
513,2315294,0.5544473211386314,0.43046954146325433,0.8437288070478444,4.218644035239222,16,56,4.64,0.928,0.491071,0.508928,0.964286,0.035715,0.669643,0.330357,0.366071,0.339286,0.4,0.4,0.0,0.229956,0.161019,0.0,0.0,0.0,0.055604,0.084824,0.100046,0.0,0.039865,0.039865,0.0625,0.1875,0.75,0.0,0.151498,0.151498,0.0,0.0,0.0,"강의시간, 재수강, 열역학을, 자료도, 2학기, 시간은, 발음이, 내용, 과제, 않은데, 교안도, 굳이, 매우, 하지만, 있어, 좋았음, 개념, 느낌, 이해가, 좋음","내가 첫 열역학을 조정완 교수님 수업을 들었더라면, 두번 듣는 일은 없었을 것이다."
514,2376817,0.5533522703810497,0.4260639658825556,0.8503583142108695,4.251791571054348,20,83,4.45,0.89,0.590361,0.409639,0.475904,0.524097,0.554217,0.445783,0.204819,0.524096,0.404217,0.395181,0.0,0.0,0.0,0.0,0.101806,0.044344,0.0,0.145112,0.145112,0.0,0.167494,0.167494,0.0,0.05,0.95,0.0,0.026038,0.026038,0.0,0.582385,0.128181,"아이코어, 팀플, 스마트하시고, 문제은행에서, 발표, 출제되는, 문제는, 조금, 강의력도, 젠틀하시고, 없었음, 참여, 준비, 수가, 깔끔하고, 쁠은, 다만, 하지만, 전체적으로, 아예",쁠은 근소한 차이로 못 달았는데 이만한 명강의를 하는 교수는 없을듯 함. 꼼꼼함의 극치 준형배.. 무심하고 시니컬한듯 하지만 답장은 정말 빠른 준형배.. 듣다보면 빠져든다.
515,43659,0.5527199527108388,0.4754051419116375,0.7331211779089752,3.665605889544876,20,555,3.85,0.77,0.375675,0.624324,0.499999,0.499999,0.607208,0.392792,0.016217,0.966666,0.885225,0.070811,0.0,0.171242,0.119907,0.0,0.079047,0.034431,0.050246,0.012178,0.025933,0.0,0.278371,0.278371,0.15,0.2,0.65,0.164884,0.032677,0.079264,0.0,0.1,0.02201,"마지막, 출석부, 조별활동으로, 생각보다, 숙제를, 말이, 숙제가, 에세이, 많은, 지목해서, 거의, 않는데, 개요, 학글, 내주시고, 뭐라고, 학점, 그렇게, 미화, 면담","출석 순대로 매일 숙제에 관한 발표를 시키시고, 그 답에 대한 피드백이 독설적인건 사실임 하지만 이번 학기에 들은 그 어떤 수업보다도 과목에 대한 교수님의 진심이 느껴지는 수업이었음. 또한 생각보다 학생들을 굉장히 "
516,42966,0.5524370539979458,0.4382755209179622,0.8188139645179078,4.094069822589539,20,123,3.89,0.778,0.593496,0.406504,0.930894,0.069106,0.666667,0.333333,0.142276,0.674797,0.432927,0.365854,0.0,0.061321,0.042938,0.0,0.0,0.0,0.147119,0.076153,0.116428,0.0,0.032419,0.032419,0.1,0.2,0.7,0.0,0.068569,0.102854,0.012193,0.0,0.012193,"보고, 이라니, ppt, 영상, 처럼, 과제도, 책으로, 그냥저냥, 수업이, 않고, 사랑합니다, 어렵지, 크지, 강의로, 교수님이, 오프라인, 있는, 열심히, 그대로, 부담",녹강은 ppt 리딩이긴 하지만 오프라인 수업에서는 이런저런 활동도 하면서 제법 유익한 수업 진행하심. 부담도 크지 않고 그냥저냥 들을만 한듯!
517,114011,0.5513350712130021,0.467208128479658,0.7476312709241384,3.738156354620692,7,47,3.83,0.766,0.510638,0.489362,0.468085,0.531914,0.595745,0.404255,0.212766,0.542554,0.52234,0.27234,0.0,0.386532,0.270657,0.0,0.0,0.126697,0.0,0.162233,0.242511,0.0,0.0,0.0,0.142857,0.285714,0.571429,0.0,0.0,0.074393,0.0,0.0,0.034837,"흥미로워서, 퀴즈, 대한, 재미있게, 퀴즈는, 팀플이, 중간, 끊김, 모르지, 받아줌, 조심하길, 관련개념, 얽어서, 논문요약, 배운데까지, 전범위니까, 보세용, 강하신듯, 따라와주길, 바라시는것","팀별로 수업주제에 대한 논문선정, 분석해서 발표하는 팀플하나 있구요 중간고사는 없고 중간 대체과제 퀴즈 3번에 기말고사있어요 퀴즈는 쉬운편! 교수님이 강의력이 너무좋으세요 학생들이랑 소통하고자 수업시간에 질문도 많이"
518,43909,0.5507870341307962,0.46694672648101176,0.74641441864696,3.7320720932348,7,47,4.09,0.818,0.414894,0.585106,0.776596,0.223404,0.648936,0.351064,0.021277,0.946808,0.70851,0.075532,0.071429,0.0,0.061341,0.0,0.0,0.0,0.0,0.0,0.0,0.0,0.091121,0.273363,0.285714,0.285714,0.428571,0.0,0.0,0.0,0.049681,0.0,0.112566,"수업도, 디자인, 학생들, 편의, 빡세지않아요, 발표하기로, 줄만큼, 중간고사때보는거는, 쪽지시험이라서, 꿀이였던점이, 외부특강이, 종사자분들이, 특강했는데, 집착쩔어요, 본인에, 칭송을, 웹진을, 원하신다, 예술대학, 피해주지","학생들 편의 잘 봐주시고, 수업도 빡세지않아요ㅎㅎ 무난하게 들을 수 있었습니다!"
519,42822,0.5505004349359385,0.4490829715629303,0.7871411828062909,3.9357059140314545,20,500,4.29,0.858,0.863,0.137,0.957,0.043,0.671,0.329,0.352,0.322,0.3118,0.5108,0.0,0.090191,0.063153,0.0,0.0,0.0,0.0,0.052453,0.052453,0.0,0.0,0.0,0.2,0.25,0.55,0.0,0.092519,0.092519,0.019765,0.0,0.019765,"한국어, 오프로, 영어라, 들으세요, 국제어, 들어서, 퀴즈가, 어려움, 오프라인, 교재, 대신, 계속, 좋으세요, 정석적으로, 연습하다, 강제적으로, 긴말하지, 진짜이건아님, 시간투자하느라, 쌰갈","안그래도 어려울거 같은 회계원리를 국제어로 들어서 많이 힘들 것 같았는데, 생각한 것 보다는 괜찮았습니다. 분개하는 법 많이 연습하면 시험도 괜찮게 풀 수 있어요"
520,45537,0.5500010554909477,0.4983565740394455,0.6705048455444528,3.352524227722264,20,65,3.42,0.684,0.623077,0.376923,0.792307,0.207693,0.638461,0.361538,0.2,0.615385,0.706923,0.049231,0.0,0.030661,0.042938,0.0,0.0,0.034431,0.207413,0.030381,0.09934,0.255614,0.063785,0.209989,0.4,0.4,0.2,0.0,0.0,0.0,0.02201,0.0,0.02201,"중국, 중국인이, 시험은, 모르겠음, 내가, 변별력을, 없고, 학점, 중국인, 핵균, 절반, 없어서, 영화, 학기, 수업과, 수업은, 발표가, 관심, 생각이, 그래도",중간시험 없고 과제 도 어렵지 않다! 중간시험 이후 발표가 있다! 잘 들면 기말시험 잘 볼 수 있다!
521,1937322,0.5497906899628227,0.39208228153394875,0.917776976296862,4.58888488148431,20,151,4.83,0.966,0.443709,0.556291,0.874172,0.125828,0.635761,0.364239,0.360927,0.304636,0.394702,0.407947,0.0,0.177556,0.124328,0.0,0.0,0.0,0.0,0.058822,0.058822,0.0,0.0,0.0,0.0,0.0,1.0,0.0,0.163993,0.163993,0.0,0.0,0.0,"강의력, 잘해주십니다, 족보랑, 강의력이, 들었던, 명강의, 과제는, 첫번째, 구해서, 설명을, 같다, 꼼꼼히, 과제를, 시험은, 소홀이하면, 잘봐도, 메모오리, 매니지먼트, 메모리라, 강사님인","""이번 시간에는.. 메모오리 매니지먼트... 대략...메모리라 하면... 엄영익..."" 명강입니다. 처음 강의 듣고 교수님이 아니라 강사님인 줄 알았어요. 강의력이 되게 좋으십니다. 과제 3번 나왔는데 어렵지는 않았"
522,355522,0.5494787521914744,0.48321684774745705,0.7040898625608482,3.520449312804241,20,318,3.84,0.768,0.397798,0.602202,0.350629,0.649371,0.605345,0.394655,0.04717,0.883648,0.893554,0.061793,0.025,0.030661,0.18205,0.0,0.0,0.078775,0.0,0.040275,0.094892,0.0,0.12915,0.17915,0.15,0.35,0.5,0.0,0.0,0.0,0.0,0.0,0.015127,"요약, 느끼긴, 열심히, 점수, 과제, 논평, 수업에, 비중, 조별과제, 안듣고, 그닥, 듣고, 시험기간에, 수업을, 과제만, 글을, 없고, 있긴, 성적, 들어도","부담없이 가고, 강의 안듣고 떤짓하기는 했지만, 과제 열심히 잘하고, 마지막 에세이 열심히 쓰면 좋은 성적 주시는 듯 합니다!"
523,2168921,0.5486436322116264,0.4708223879409297,0.7302265355099188,3.651132677549594,9,49,4.0,0.8,0.204081,0.795918,0.979592,0.020408,0.520408,0.479592,0.5,0.040816,0.707143,0.04898,0.111111,0.204405,0.331751,0.0,0.0,0.0,0.339737,0.104458,0.197464,0.0,0.0,0.0,0.222222,0.222222,0.555556,0.204786,0.072614,0.20896,0.0,0.168276,0.037037,"틀어주는, 조교님한테, pa, 시프실, 수요일마다, 함수, 실강으로, 된다고, 미리, 나왔고, 주차, 만드는, 정도, 수업도, 3개, 실습, 알아듣기, 있었음, 매우, 어렵진","실강으로 하면서 거기서 미리 찍어둔 영상을 틀어주는 이유를 도통 모르겠으나 이번 학기 중에서 제일 공부가 잘 됐고, 재밌었던 수업같음. 강의 영상 자체는 졸려서 좀 그런데, 강의 영상 끝난 후에 zoom에서 나가기 "
524,103796,0.5485651336244983,0.41596513298429233,0.8579651351183127,4.289825675591564,20,215,4.41,0.882,0.404651,0.595349,0.711627,0.288373,0.648837,0.351163,0.055813,0.869767,0.455116,0.337674,0.05,0.061321,0.107346,0.0,0.113957,0.084068,0.0,0.060889,0.09127,0.0,0.246204,0.296204,0.05,0.05,0.9,0.0,0.163993,0.196669,0.0,0.0,0.0,"비쁠, 평균보다, 강의력, 점은, 실시간, 강의력은, 과제가, 공수, 코로나, 특히나, 플립드, 등이, 코로나로, 시험, 문제가, 소통이, 괜찮았음, 나왔지만, 좋으시다, 적이",강의력 진짜 좋으심 코로나로 성적 산출이라던가 중간고사 공지 등이 늦어서 불편한 것은 있었지만 공수1에 대해서는 자신감을 가질만큼 잘 가르쳐주십니다
525,1772165,0.54816473418273,0.4228133820790462,0.840651222424659,4.203256112123295,19,59,4.17,0.834,0.601695,0.398304,0.415254,0.584746,0.661017,0.338983,0.330508,0.313559,0.55339,0.222881,0.0,0.06305,0.144335,0.0,0.0,0.0,0.0,0.059895,0.072714,0.0,0.0,0.0,0.0,0.263158,0.736842,0.0,0.049039,0.049039,0.0,0.105263,0.034752,"젠더, 했어요, 토론, 학우분들, 타임어택이라, 매주, 듣기, 다른, 다양한, 젠더에, 들을, 달아야, 될만한, 하는, 관련, 학우분들이, 소논문, 귀찮지만, 소리, 댓글",시험은 기말 한 번 오픈북으로 보지만 타임어택이라 교안에서 찾기 어려워요. 공부 많이 하셔야 시간 안에 문제 다 풀 수 있을 것 같습니다. 매주 다른 학우분들 발표 영상 보면서 댓글 달아야 하는 게 귀찮지만 다양한 
526,991031,0.5480819506435406,0.42024316365784753,0.8463724536101579,4.231862268050789,20,162,3.88,0.776,0.475309,0.524692,0.42284,0.57716,0.57716,0.422839,0.219136,0.527778,0.389815,0.414506,0.0,0.085573,0.05992,0.0,0.079047,0.034431,0.0,0.17501,0.17501,0.0,0.16644,0.16644,0.0,0.05,0.95,0.0,0.0,0.0,0.0,0.48492,0.106729,"대학, 토론, 마케팅관리, 참여하는게, 오픈북, 싶은, 열심히, 참여해야, 발표, 후하게, 강의입니다, 참여가, 올린, 마케팅에, 빡세지만, 같아요, 그에, 형식으로, 뒤에, 참여",교수님께서 강의에 신경을 많이 쓰시는게 느껴지고 학생들에게 최대한 많은 것을 주려고 하십니다. 매주마다 토론 형식으로 사전질문 올리는데 대체로 10-20명 정도 참여합니다. 놀랐던 점은 교수님께서 매주마다 사전질문 
527,1937178,0.5477169475637492,0.4572514994583783,0.7588029931429483,3.7940149657147417,20,82,4.1,0.82,0.329269,0.670732,0.945122,0.054878,0.481708,0.518293,0.243903,0.628049,0.165854,0.65061,0.0,0.562436,0.446874,0.0,0.079047,0.034431,0.0,0.330645,0.367178,0.0,0.135075,0.167494,0.15,0.1,0.75,0.092154,0.0,0.026038,0.0,0.0,0.0,"퀴즈, 시험, 수도, 최형기, 그래서, 퀴즈는, 힘들었어요, 정도, 좋은, 유머러스하심, 시프는, 좋습니다, 나중에, 퀴즈가, 2번의, 훨씬, 온라인으로, 때문에, 수업을, 문제","소프트웨어 전공핵심 과목이기에 필수적으로 들어야되는 과목이라 여러 수업이 열립니다. 그래서 여러 교수님이 있고, 여러 수업이 있습니다. 최형기 교수님 시스템 프로그래밍도 그런 특징 중하나이고요 최형기 교수님 시스템 "
528,990975,0.547288520395324,0.39160378439622096,0.9105529043932312,4.552764521966156,20,69,4.57,0.914,0.630435,0.369565,0.478261,0.521739,0.731884,0.268116,0.007247,0.978262,0.408696,0.394203,0.0,0.050966,0.035687,0.0,0.079047,0.034431,0.0,0.012178,0.012178,0.0,0.095677,0.095677,0.0,0.0,1.0,0.0,0.0,0.0,0.0,0.0,0.0,"아침, 의상, 컨셉, 파트너랑, 힘들었지만, 연습하면, 빡세다고, 남으면, 교수님도, 열심히, 좋습니다, 받는, 재밌습니다, 학점, 직접, 되게, 있지만, 다들, 꿀강이라는데, 오프닝",벚꽃이 지고서야 봄인줄 알았습니다.. 이 수업 수강인원 남아있길래 안타까워서 강의평 올립니다. 여러분 이거 제발 들으세요 개꿀잼입니다.
529,2249715,0.5469534823092013,0.3933445062634814,0.9053744264158812,4.526872132079406,6,46,4.11,0.822,0.576087,0.423913,0.402174,0.597826,0.641304,0.358695,0.358696,0.282609,0.451087,0.320652,0.0,0.0,0.0,0.0,0.0,0.0,0.0,0.077894,0.077894,0.0,0.0,0.0,0.0,0.0,1.0,0.0,0.0,0.0,0.0,0.184658,0.040643,"편하게, 팀플로, 있었어요, 하십니다, 중간고사는, 홈테이크라서, 출제는, 퀴즈2번이있습니다, 수업하실때, 시도하시는, 분이신거같아서, 외국학생만, 망할줄, 에이쁠주셨다뇨, 실강이지만, 일교시임에, 든적이, 불규칙적으로, 천장, 라도","기말시험은 없고 팀플로 대체합니다. 중간고사는 홈테이크라서 되게 편하게 봤어요. 출제는 어렵지도 많고, 간단한 오픈북 퀴즈2번이있습니다. 교수님은 수업하실때 학생과의 커뮤니케이션 열심히 시도하시는 분이신거같아서 좋았"
530,42846,0.5464938097594589,0.42442634554094383,0.8313178929359945,4.156589464679972,20,127,3.94,0.788,0.251968,0.748031,0.937008,0.062992,0.594488,0.405512,0.110236,0.783465,0.4,0.4,0.0,0.091982,0.064408,0.0,0.330553,0.143981,0.0,0.162644,0.162644,0.0,0.102656,0.102656,0.0,0.1,0.9,0.0,0.0,0.0,0.0,0.0,0.0,"수기, 읽고, 그대로, 내용도, 시험, 안하고, 교수님이, 시험에, 수기로, 내용에서, 경제학, 있기는, 듣기엔, 참고하세요, 추천합니다, 나쁘진, 받을, 나오니까, 좋다고, 그닥",수업이 거시적으로 큰 주제를 중심으로 흘러가서 처음에는 조금 혼란스러웠습니다. 과제는 시험 미리 대비하는 거라 큰 부담은 없었고 시험은 암기가 대부분입니다. 출결 관련해서는 매우 엄격하시니 참고하세요.
531,103412,0.5464596930010766,0.42150811809823835,0.8380133677743656,4.190066838871828,20,151,4.46,0.892,0.549669,0.450331,0.572848,0.427153,0.476821,0.523179,0.013245,0.970199,0.478808,0.323179,0.025,0.142948,0.121564,0.0,0.0,0.0,0.102635,0.151087,0.179185,0.0,0.179871,0.179871,0.05,0.0,0.95,0.0,0.136827,0.136827,0.012193,0.279522,0.073715,"중간, 강의력, 기말, 좋고, 팀플, 에이쁠, 강의력이, 과제, 친절하십니다, 하지만, 생각, 관심이, 아예, 좋은, 들었습니다, 강의도, 있으면, 시험은, 듣기, 부담이",교수님께서 설명 자세히 잘 해주세요!! 고등학교 때 배웠던 고전 작품들을 많이 다루는 것 같아요
532,2087216,0.5464442106221334,0.4793805576215926,0.7029260676233956,3.514630338116978,20,74,3.5,0.7,0.229729,0.77027,0.70946,0.29054,0.682432,0.317568,0.27027,0.432432,0.613513,0.248649,0.05,0.259182,0.245892,0.0,0.0,0.0,0.104778,0.119838,0.228204,0.0,0.0,0.0,0.2,0.35,0.45,0.0,0.0,0.060322,0.0,0.0,0.012193,"매주, 경제학, 산업분석, 코로나, 과제, 피드백이, 토론, 토론이, 과제가, 중간, 콘텐츠, 기말, 많은, 경제학에, 매우, 미디어, 주제도, 관련한, 보고서를, 어려운",作业超级超级多。因为是网课没有发表。实体课据说是有发表的。因为内容有点难，所以不用考试很幸运。完成了超级超级超级多的作业之后a➕。很知足
533,2315267,0.5461334753865243,0.4064658839197255,0.8720245221423883,4.360122610711942,20,67,4.46,0.892,0.373134,0.626865,0.208955,0.791045,0.656716,0.343283,0.328358,0.253731,0.482835,0.307462,0.0,0.061321,0.042938,0.0,0.0,0.0,0.0,0.129421,0.129421,0.0,0.099911,0.099911,0.0,0.05,0.95,0.0,0.026038,0.026038,0.0,0.32159,0.070781,"소통도, 깔끔하고, 교안도, 교수님이, 나이스, 실강, 깔끔, 교안, 팀플, 모두, 참여, 팀플도, 공부하기, 팀플이, 나쁘지, 좋은, 좋았어요, 기말, 드리기가, 4점드림",굿굿굿 나이스 굿 굿 낭스 포인트 얻으려고 강의평 처음 써요 뭐 예.. 좋은 교수님이십니다
534,42860,0.5461157133173087,0.41117169285033695,0.8609850944069095,4.304925472034547,20,113,4.56,0.912,0.084071,0.915929,0.964602,0.035398,0.637167,0.362832,0.721239,0.137168,0.39646,0.403098,0.0,0.122643,0.085877,0.0,0.193838,0.084431,0.0,0.13896,0.13896,0.0,0.114312,0.114312,0.0,0.05,0.95,0.0,0.073483,0.073483,0.0,0.0,0.0,"김창식, 경통분, 계량, problem, 기출을, 어려운, 계량이, 계량경제학에, set이, 계량에, 160, 회귀분석을, 어렵습니다, 계량을, 권장합니다, 많은, 배울, 배웠습니다, 80, 사서","학부 계량경제학 수업입니다. &lt;수업내용> 수업은 단순회귀 ~ 다중회귀모형 순으로, 그리고 classical assumption으로 시작해서 하나씩 가정을 파괴해나가면서 고전적 가정이 성립하지 않는 상황에서 어떻"
535,993846,0.5460727622776027,0.44380547834746403,0.7846964247812597,3.9234821239062985,20,68,3.75,0.75,0.397059,0.602941,0.933823,0.066176,0.683824,0.316177,0.419118,0.191176,0.399265,0.402941,0.125,0.0,0.107346,0.0,0.0,0.0,0.105213,0.092435,0.121238,0.0,0.031892,0.128096,0.15,0.3,0.55,0.231302,0.026038,0.117428,0.0,0.0,0.0,"sas로, 두서가, 코드, sas, 실험계획법, 문제, 나중에는, 하신다면, 과제는, 통계, 조금이라도, 2주에, 교안, 낮은, 채워주시는, 하셔야, 내용이, 때문에, 설명이, 이해하고","국제어가 아니라 한국어 수업이였어서 수업 때 집중해서 들으면 내용은 들을만한 것 같아요! 일반적인 통계과목 시험처럼 T/F, 증명, 배운 모델 이용하는 문제 등의 유형으로 시험이 나오고 해당 문제가 어떤 팩터를 가지"
536,2086881,0.5460273467532006,0.3883555736083757,0.9139281507577924,4.5696407537889625,20,136,4.43,0.886,0.485295,0.514706,0.444852,0.555148,0.742647,0.257353,0.26103,0.430147,0.424633,0.382353,0.0,0.091982,0.064408,0.0,0.158094,0.068862,0.0,0.075417,0.075417,0.0,0.070763,0.070763,0.0,0.0,1.0,0.0,0.033805,0.033805,0.0,0.05,0.011005,"매주, 친절하시고, 댓글, 부담, 읽어야, 있어요, 열심히, 다루는, 수업이에요, 토론이, 재밌어요, 생각을, 살짝, 그런데, 많지만, 영상, 않아요, 좋은, 수업에, 수줍어하시는",수업에 대한 애정이 가득하시고 너무 친 절하고 좋은 교수님입니다. 목관리 잘하셔야됩니다 교수님!! 그리고 수업 들을때 이번 수업반은 너무 잘한다 이런이야기나오면 중간기말시험 난이도가 올라갑니다 참고
537,2086975,0.545718882557419,0.4701290514550922,0.7220951551295148,3.6104757756475743,15,55,4.05,0.81,0.172728,0.827273,0.436364,0.563636,0.636363,0.363636,0.081818,0.818182,0.958182,0.021818,0.059699,0.345034,0.344135,0.0,0.0,0.0,0.0,0.0,0.0,0.0,0.043226,0.128974,0.266667,0.2,0.533333,0.0,0.0,0.0,0.0,0.066667,0.014673,"실험, 조교님을, 조교님은, 조교님께서, 레포트, 저희, 채점, 조교마다, 매주, 다음, 열심히, 보고서, 쓰면, 레포트에, 점수를, 채점도, 차이가, 일단, 아무, 조교님",실험은 역시 조바조. 보고서 점수까지 적어서 되돌려주십니다. 실험이 많아서 힘들긴하지만 유익해요
538,2086913,0.5456675952392177,0.46399605205928796,0.7362345293257206,3.681172646628603,20,117,3.27,0.654,0.141025,0.858974,0.106838,0.893162,0.628205,0.371795,0.166666,0.649573,0.835043,0.067949,0.025,0.061321,0.064408,0.0,0.0,0.0,0.050246,0.058478,0.085989,0.199455,0.095677,0.198333,0.25,0.2,0.55,0.184308,0.06809,0.120165,0.017388,0.854431,0.217639,"격주로, 독서노트, 주제가, 에세이, 교수님은, 주제, 좋으신, 문제제기, 건투를, 준비해야함, 빕니다, 난해하고, 난해함, 발표, 학점미화됨, 대체, 발표해야, 마지막, 발표랑, 학점",3점대까지 내려갈 교수님은 아니신 것 같아서 별점 더 높게 드린 것도 있어요. 직권배정으로 받으시더라도 너무 절망하지 마세요. 최악의 교수님은 아니세요. 격주로 조별 발표가 있는데 플립러닝이다보니 일요일날 영상이 올
539,2376750,0.5456236727374941,0.4217235109764966,0.834724050179822,4.17362025089911,20,67,3.43,0.686,0.216417,0.783582,0.731343,0.268657,0.634328,0.365672,0.358209,0.231343,0.744776,0.095523,0.0,0.153304,0.107346,0.0,0.0,0.0,0.0,0.013755,0.013755,0.0,0.185075,0.185075,0.05,0.05,0.9,0.0,0.0,0.0,0.0,0.0,0.0,"기논, 자잘한, 학점은, 노력하시는게, 재수강으로, 기한을, 나름, 지식을, 새로운, 과제, 수업이라, 들었습니다, 학점만큼은, 휘뚜루마뚜루해서, 짜리는, 상상해서, 캘린더에, 적어놓는, 개인활동, 내라는",대학 수업이라기엔 좀 그렇긴한데 유아 놀이? 느낌의 동심에 가까운 수업이라 전 나름 재밌게 들었습니다 학기초에 비중이 큰 과제를 안내서 성적 기대를 안했는데 에이쁠 받아서 기뻐요 .. 교수님 감사합니다 근데 강의자료
540,991522,0.5449697069655965,0.4083972623659942,0.8636387443646685,4.318193721823342,20,148,4.0,0.8,0.429055,0.570945,0.932432,0.067568,0.64527,0.35473,0.087838,0.810811,0.416554,0.381081,0.0,0.064595,0.045231,0.0,0.158094,0.068862,0.0,0.108455,0.108455,0.0,0.064838,0.064838,0.0,0.1,0.9,0.0,0.052075,0.052075,0.0,0.0,0.0,"모르겠네요, 아침, 챕터끝날때마다, 베끼면, 끝날때마다, 솔루션, 내주시는, 교안은, 챕터, 끝날, 랜덤으로, 시험은, 출결은, 엄청, 있으니, 공부하고, 무난한, 나오는데, 과제로, 과제가",강의 한번도 안듣고 A+ 받을 수 있는 강의. 팀플같은거 하나도 없고 가서 출석만 하면된다. 출결은 랜덤으로 직접호명하고 보통 수업 끝나고 하나 시작전에 할 때도 있으니 제시간까지 강의실에 가는걸 추천드립니다. 과제
541,44996,0.5445585117755105,0.41802401946778667,0.8398056604935329,4.1990283024676645,20,292,4.33,0.866,0.229453,0.770548,0.955479,0.04452,0.577055,0.422945,0.404109,0.248287,0.406506,0.39452,0.0,0.090559,0.063411,0.0,0.0,0.0,0.0,0.174456,0.174456,0.0,0.0,0.0,0.05,0.05,0.9,0.0,0.0,0.0,0.0,0.0,0.0,"온라인, 과제가, 오픈북, 온라인으로, 시험은, 들었는데, 프린트, 성격이, 족보, 오프라인으로, 편합니다, 기준, 온라인이라, 확실히, 과제는, 양이, 부담이, 출튀엄청많고, 에타족보, 몇개있습니다",교수님 성격이 좋으십니다. 시험은 족보와 비슷하게 나와서 족보(달달 외우고)랑 교재 한 번 읽어보고 좋은 점수 받을 수 있었습니다
542,2086906,0.544483866133004,0.4605923480713471,0.7402307416102037,3.701153708051019,20,99,3.92,0.784,0.111111,0.888889,0.282828,0.717172,0.651515,0.348485,0.227272,0.494949,0.965657,0.026263,0.0,0.085573,0.081389,0.0,0.0,0.0,0.0,0.0,0.0,0.098911,0.205311,0.275548,0.2,0.15,0.65,0.0,0.0,0.0,0.0,0.306182,0.06739,"통섭, 미술관, 박물관, 책이, 토론극도, 읽고, 매주, 책을, 평가, 토론하는, 감상문, 전체, 의견, 권위적이지, 같아요, 조별, 어려워서, 어렵고, 생각과, 과제를","평가기준이 명확하지않아서 아쉬웠지만 미술관, 박물관 등 체험도 있고 취미도 찾음 나름 유익했고 학점도 잘 받아서 좋았다~~~"
543,2657753,0.5443990494348738,0.40091739823504186,0.8791895689011485,4.395947844505742,20,769,4.49,0.898,0.260728,0.739272,0.980494,0.019506,0.568271,0.43173,0.503251,0.053967,0.403446,0.396618,0.0,0.275947,0.193223,0.0,0.0,0.0,0.0,0.137795,0.137795,0.0,0.032419,0.032419,0.0,0.0,1.0,0.0,0.026038,0.026038,0.0,0.0,0.0,"과제, 귀찮긴, 과제가, 내용도, 어렵진, 과제하는, 3번만, 하지만, 개꿀임, 귀찮아요, 아캠이라, 같아요, 시험, 3번, 조금, 매주, 중간, 않아서, 내주신다고, 3개씩","시험문제도 쉽게 내주신다고 하고 강의 내용도 어렵지 않아서 전반적으로 편합니다. 하지만, 중간기말 시험 전 에세이 3개씩 써야하는게 조금 귀찮아요. 교안 올려주시는게 페이지 띄엄띄엄 올려주시는거라 강의 다 보시거나 "
544,120851,0.5440349059578518,0.48173785731357527,0.6893946861278304,3.4469734306391517,20,673,3.29,0.658,0.580981,0.419019,0.952452,0.047549,0.472511,0.527489,0.414562,0.217683,0.555201,0.223477,0.235999,0.146895,0.403898,0.0,0.0,0.0,0.416065,0.140017,0.284644,0.536207,0.070763,0.243655,0.35,0.25,0.4,0.0,0.0,0.0,0.0,0.0,0.0,"보고서, 족보대로, 채점, 경기, 족보, 시험, 모르겠고, 같아요, 시험은, 레포트, 나오지만, 가산점, 기준은, 무조건, 에이쁠, 이번에, 변별력이, 기준을, 가서, 않은데",중간 기말 잘보고 경기 관람 보고서 과제만 잘 하면 에뿔 받는거 같아요
545,2667717,0.5438941317843587,0.475395677250882,0.7037238590291377,3.5186192951456885,20,76,3.88,0.776,0.723684,0.276316,0.986842,0.013158,0.638158,0.361842,0.019737,0.921053,0.509211,0.278947,0.05,0.030661,0.064408,0.137214,0.0,0.034431,0.249754,0.038698,0.119248,0.0,0.0,0.032419,0.4,0.2,0.4,0.119647,0.0,0.033805,0.0,0.0,0.0,"얻어갈, 문학에, 사담인지, 말을, 알맹이가, 비평, 후하게, 두서가, 비추천, 입문, 교안이나, 작품, 사담이, 문학, 생각합니다, 강의는, 있는, 싶다면, 등을, 것도",수업평 안좋게 남기는 애들중에 수업제대로 들은애들 있나 모르겠음ㅋㅋ;; 문학입문은 아니지만 기본지식있는 사람이 들으면 흥미로울 수 있는 내용으로 꽉차있음 점수도 후하게 주시는편이니 ㅊㅊ
546,78299,0.5430178064137173,0.41847424441969866,0.8336194510664277,4.168097255332138,20,131,3.87,0.774,0.419848,0.580152,0.675573,0.324427,0.572519,0.427481,0.370228,0.297711,0.535114,0.264122,0.0,0.153304,0.107346,0.0,0.0,0.0,0.0,0.118661,0.155195,0.0,0.127569,0.127569,0.0,0.15,0.85,0.0,0.102279,0.102279,0.0,0.367641,0.080917,"매주, 같아요, 있긴, 쉽고, 대충, 과제, 않아서, 시험, 학점, 발표와, 보면, 있어서, 프로젝트, 듣고, 얻을, 교안만, 쉬워서, 많은, 온라인으로, 과제는","대학 들어와서 이정도로 소통하면서 진행되는 강의는 없었던 것 같습니다. 발표 몇 번 하느냐, 수업 시간동안 발언을 몇 번 하느냐가 숫자화되어서 점수에 반영되는 점은 소극적인 성향인 저로써 그리 반갑진 않았지만... "
547,43662,0.5425428597950105,0.4511268956622855,0.7558467761047023,3.7792338805235115,20,393,3.77,0.754,0.244275,0.755725,0.28626,0.71374,0.571247,0.428753,0.117048,0.704835,0.935751,0.037532,0.0,0.061321,0.064408,0.0,0.079047,0.034431,0.0,0.013755,0.042439,0.0,0.038344,0.070763,0.05,0.3,0.65,0.0,0.039678,0.039678,0.0,0.393636,0.127896,"조별, 마지막, 최종, 중요한, 과제가, 교수님이, 학술적인, 최종에세이가, 열심히, 어렵고, 솔직하게, 받았는지, 성적이, 성적을, 에세이가, 점수를, 알려주시지, 나오는, 모르겠으나, 글쓰는","과제를 꾸준히 내주시고 팀발표도 있기 때문에 번거로울 수 있지만 그렇게 힘든 과제는 아닙니다 개인적인 피드백이나 점수를 알려주시지 않아 과제와 글쓰기의 중요도는 모르겠으나 과제와 출석, 조발표는 참여 여부를 판단하시"
548,77983,0.5419534722123819,0.39907189874377136,0.8753438103058065,4.376719051529033,7,47,4.04,0.808,0.617021,0.382979,0.925532,0.074468,0.531915,0.468085,0.244681,0.446809,0.37234,0.446809,0.0,0.257688,0.180438,0.0,0.0,0.0,0.0,0.127779,0.127779,0.0,0.091121,0.091121,0.0,0.0,1.0,0.0,0.0,0.0,0.0,0.0,0.0,"좋음, 자주보십니다, 퀴즈보시고, 퀴즈30, 1개정도만, 풀만하니, 많이푸시고, 노려볼, 마인드만, 수업정말, 융통성이없어서, 수업은명강의지만, 5프로라생각하시면편함, 비뿔은채워주시는듯, 퀴즈중요해요, 던질, 환경을, 안줄것, 매단원, 니까","시험은 중간기말 총 2번인데 퀴즈를 자주보십니다. 매단원 끝날때마다 퀴즈보시고 퀴즈30%니까 퀴즈 잘 보세요. 수업은 100%영어로 진행하시고, 공부하고자 하시면 좋은 교수님입니다. 과제는 없었어요. 시험도 4문제 "
549,44019,0.5419358872777615,0.39577662753301746,0.882974160015498,4.41487080007749,20,357,4.15,0.83,0.728291,0.271709,0.40056,0.59944,0.557422,0.442576,0.105042,0.847339,0.513026,0.323949,0.0,0.0,0.0,0.0,0.0,0.0,0.0,0.012178,0.012178,0.0,0.032419,0.032419,0.0,0.0,1.0,0.0,0.0,0.0,0.0,0.461579,0.101592,"정치, 다른, 학술적글쓰기, 조별, 논평문, 발표, 이런, 발표랑, 재밌게, 글에, 사담이, 좋아하시면, 자체, 얘기, 눈에, 중간중간에, 지식이, 있어서, 전체, 가서",진짜 대런 호간 교수님 GOAT 그 자체 발표도 3-4분이고 수업 열심히 듣고 루브릭만 잘 맞추면 에쁠은 그냥 받아요.. 중간기말 각각 5% 시험 있긴 한데 오픈북이어서 그것도 쉽게쉽게 합니다. 교수님도 너무 재밌으
550,44539,0.5407636933083283,0.39679687067440933,0.8766862794541393,4.383431397270697,12,52,4.65,0.93,0.509616,0.490385,0.586539,0.413462,0.615385,0.384616,0.048077,0.875,0.43173,0.369231,0.0,0.12626,0.08841,0.0,0.0,0.0,0.0,0.064496,0.064496,0.0,0.270159,0.270159,0.0,0.0,1.0,0.0,0.130188,0.130188,0.0,0.184658,0.040643,"쉽게, 중요하게, 아티클, 엑셀로, 투자론, 정직한, 개인과제, 진행하십니다, 학생들도, 강의력, 쉽습니다, 교수님이, 하지만, 성적, 있는, 에세이, 시험을, 이해하기, 공부를, 열심히","수업이 좋습니다. 이해하기 쉽게 잘 설명해 주십니다. 개인과제(에세이) 1개, 팀플 1개 (엑셀로 표준편차, 베타 구해보고 이것 저것 해보기) 가 있는데 좀 귀찮긴한데 많이 어렵진 않습니다. 교수님이 이론의 이해도를"
551,43661,0.5403414147456147,0.4821649983702704,0.6760863862880848,3.380431931440424,20,451,3.18,0.636,0.45,0.55,0.815555,0.184444,0.402222,0.597778,0.036666,0.931111,0.778778,0.145999,0.0,0.061321,0.064408,0.0,0.0,0.0,0.0,0.14277,0.265174,0.0,0.096204,0.160515,0.05,0.45,0.5,0.0,0.0,0.0,0.0,0.055398,0.012193,"원하는, 기말, 글쓰기, 받을, 중간, 교수님이, 카톡, 바를, 피드백, 있을듯, 정시에, 쓰면, 높게, 편하고, 수업은, 글을, 평균보다, 받고, 학점, 시간을",평균에서 크게 안 벗어나는 점수였는데 A 받았습니다.. 학점은 꽉 채워서 주시는 듯 하네요! 수업시간에 영화or 뮤직비디오 영상을 보여주시는데 이 점은 호불호가 갈릴 수 있습니다. 또 학생들 과제를 화면에 띄워놓고 
552,1612122,0.5402948399366908,0.4336113671986989,0.7892229429920053,3.946114714960027,20,107,3.82,0.764,0.285047,0.714953,0.929906,0.070094,0.453271,0.546729,0.168224,0.747664,0.123364,0.653738,0.06177,0.486989,0.447091,0.0,0.158094,0.068862,0.044483,0.322784,0.359317,0.098911,0.032419,0.096204,0.1,0.1,0.8,0.0,0.026038,0.026038,0.0,0.151449,0.05,"3번, 시험, 과제, 퀴즈, 굉장히, 최형기, 기말, 열심히, 내용을, 시험은, 과제는, 재밌고, 이전, 마지막, 다시, 자체는, 프로젝트, 이해하고, 많다, 네트워크에",강의력 굉장히 좋으시고 유머러스하시고 소통(질문) 굉장히 좋아하신다. 네트워크에 대해 전혀 모른채 들었지만 지금까지 들은 전공과목 중 제일 재밌고 집중력있게 들었다. 하지만 밑의 평가처럼 과제와 시험 난이도가 심상치
553,355068,0.5402089626524704,0.4676243714619106,0.7095730087637766,3.547865043818883,6,46,3.8,0.76,0.260869,0.73913,0.358696,0.641304,0.728261,0.271739,0.086957,0.815218,0.80326,0.156522,0.0,0.0,0.0,0.0,0.0,0.0,0.167487,0.0,0.091703,0.329703,0.0,0.212616,0.333333,0.333333,0.333333,0.0,0.0,0.0,0.0,0.0,0.0,"추천한다, 자체가, 기말조별과제가, 알파벳을, 결정하고, 실험보고서가, 쁠이냐, 결정한다고, 경연이, 준비할수록, 운이라는, 컷다고, 종나, 힘드러써, 이과목을, 시작하는것을, 가앙력히, 직접해보지, 학생입장에선, 경기장바닥재질을",과목 자체가 실습 중에서 많이 번거로운 편이라 학기 중에 로드가 조금 있는 편. 중간고사 기간 이전에는 공통 실험이라 이건 전체 분반 공통된 내용이다. 이 후 프로젝트에서 분반의 영향이 있는데 그래도 교수님이 최대한
554,1772333,0.5401228650105873,0.4371431586611121,0.7804088464926962,3.9020442324634805,20,219,3.98,0.796,0.888128,0.111872,0.954338,0.045662,0.431507,0.568493,0.408676,0.283106,0.40274,0.398174,0.0,0.030661,0.021469,0.0,0.0,0.0,0.251302,0.119711,0.200685,0.100545,0.0,0.032419,0.2,0.1,0.7,0.0,0.026038,0.026038,0.0,0.0,0.0,"시험, 온라인이라, 있었다면, 두번으로, 수업이랑, 부담이, 없어서, 편함, 온라인으로, 매번, 같음, 것을, 부담, 몸은, 대가로, 내놓아야한다, db, 으어, 전애, 안나와있어서",온라인과 시험 2번으로 끝나는 꿀과목 내용도 쉽다 sqld 자격증있으면 거의 다 아는 내용임
555,1326635,0.5401169210229566,0.4207594989652401,0.8186175724909618,4.093087862454809,20,273,4.13,0.826,0.243589,0.756411,0.877289,0.122711,0.586081,0.413919,0.071429,0.860806,0.701648,0.074359,0.0,0.030661,0.063411,0.0,0.0,0.0,0.0,0.036533,0.060889,0.100545,0.032419,0.12915,0.05,0.2,0.75,0.0,0.0,0.0,0.0,0.0,0.0,"글쓰기, 글을, 글쓰기에, 문법, 5000자, 현장에서, 쓰는, 일상의, 재발견, 현장, 연극, 글쓰기를, 좋은, 교수님도, 성적은, 있고, 주제가, 써야, 수업인, 수업은",재밌었던 수업으로 기억하는데 생각보다 같은 반에 글을 잘 쓰는 친구들이 많아서 놀랐습니다 문법 시험 있고 문장을 주고 수정하라고 하시는데 엄청 어렵습니다
556,2376852,0.5400294746819532,0.4007543176082973,0.86500484118715,4.32502420593575,13,53,4.83,0.966,0.150944,0.849056,0.377358,0.622641,0.566037,0.433962,0.311321,0.433963,0.730189,0.022642,0.0,0.470453,0.32942,0.0,0.0,0.0,0.0,0.039897,0.039897,0.0,0.049876,0.108867,0.0,0.076923,0.923077,0.0,0.0,0.0,0.0,0.0,0.0,"레포트, 실험, 실험은, 조교님들, 조교님들도, 조교님, 친절하세요, 과목은, 그나마, 쓰고, 점수가, 중요한, 열심히, 결과레포트, 바뀌겠지만, 싸매가면서, 하셔야만, 어쩔수가, 조교빨임, 2회인게",시험도 중요하긴 하지만 레포트 점수가 꽤 중요해요. 조교님들도 너무 친절하셔서 좋았습니다.
557,2009857,0.539830601757963,0.3784606287934309,0.9163605386752051,4.581802693376026,20,105,4.83,0.966,0.547619,0.452381,0.947619,0.052381,0.671429,0.328572,0.357143,0.280952,0.404762,0.390476,0.0,0.091982,0.064408,0.0,0.0,0.0,0.0,0.040275,0.040275,0.0,0.038344,0.038344,0.0,0.0,1.0,0.0,0.052075,0.052075,0.0,0.105398,0.023198,"흥미로움, 유익합니다, 사회학, 뉴스, 최근, 잘하심, 지식, 논문, 두번, 하심, 재밌고, 있는, 같은, 따라잡기, 일들에, 사회학적, 인서트를, 하도록해서, 선녀과목, 인줄",지금까지 들었던 강의 중에 제일 유익했음..교수님의 강의력에 여러번 놀라고 갑니다
558,77952,0.5392239216872587,0.41115550058589767,0.838050237590435,4.190251187952175,20,242,4.29,0.858,0.28719,0.71281,0.460744,0.539256,0.75,0.25,0.22314,0.481405,0.396694,0.403925,0.0,0.061321,0.042938,0.0,0.0,0.0,0.232369,0.127589,0.191202,0.100545,0.128623,0.161042,0.1,0.1,0.8,0.0,0.026038,0.026038,0.0,0.110795,0.024386,"족보에서, 시험은, 이야기, 과제가, 족보, 편이라, 인품이, 솔루션, 시험이, 많아서, 족보만, 좋으시고, 팀플도, 조금, 다른, 성적, 과제는, 팀플이, 많지만, 후하게","과제는 많지만, 과제로 공부하시면 시험 대비 하기 좋습니다! 족보는 꼭 구하세요!!"
559,489006,0.5386415992184652,0.38095854166585075,0.906568733507899,4.532843667539495,20,171,4.75,0.95,0.081871,0.918128,0.956141,0.04386,0.766082,0.233919,0.371345,0.233919,0.412281,0.385965,0.0,0.122643,0.085877,0.0,0.0,0.0,0.0,0.037094,0.037094,0.0,0.064312,0.12915,0.0,0.05,0.95,0.0,0.0,0.0,0.0,0.0,0.0,"디지털, 설계에, 레이아웃, cad, 집적회로, 배운다, 전전, 회로, 관련해서, 많고, 학기, 대한, 힘들지만, 힘들고, 과제, 이해할, 족보를, 많지만, 배울, 추천드립니다",디지털 집적회로 설계에 대한 기본적인 지식을 자세하게 배울 수 있어서 매우 유익한 강의였음
560,787565,0.5384557654738921,0.45618243270929665,0.730426875257948,3.65213437628974,13,53,3.74,0.748,0.424528,0.575472,0.849056,0.150944,0.603774,0.396226,0.094339,0.726415,0.446226,0.34717,0.0,0.286541,0.200642,0.0,0.0,0.0,0.0,0.163471,0.182206,0.0,0.197071,0.197071,0.230769,0.153846,0.615385,0.0,0.0,0.0,0.0,0.085227,0.018758,"reading, 않고, 논문과, 논문이나, 시험도, 매주, 예시를, 퀴즈, 시험문제는, 시험, 힘들어요, 많지, 많은데, 학점, 나오고, 그만큼, 자체는, 소비자행동을, 읽어야하지만, 논문만",이 수업 수강 전에는 힘든 수업이라고 악평이 많아 고민이 많았습니다. 사람마다 차이는 있겠지만 저에겐 나름 즐거운 시간이었습니다. 강의 페이스가 다소 느리다고 할 수 있고 자꾸 학생들에게 예시를 발표하도록 하셔서 불
561,46059,0.5382755010102465,0.47019128897826046,0.6971386624182141,3.4856933120910707,20,84,3.4,0.68,0.458334,0.541667,0.244048,0.755953,0.660714,0.339286,0.220239,0.529761,0.728571,0.038095,0.0,0.0,0.0,0.0,0.0,0.0,0.0,0.023368,0.023368,0.0,0.0,0.0,0.3,0.35,0.35,0.0,0.0,0.0,0.07941,0.055398,0.160007,"발표, 김미량, 해외, 팀플, ict, 발표가, 필수니까, 무난한, 팀플이랑, 듣습니다, 퀄리티가, 분석, 발표로, 교과서, 사람들, 아침, 팀플은, 거의, 할게, 은근","기대를 전혀 안하고 들어서 그런지 오히려 만족스러움. 교수님이랑 3시간 만담한다고 생각하고 수업들으니까 오히려 재밌음. 외국인이랑 인터뷰도 해보고, 교과서도 분석해보고 나름 유익한 시간이었음. 난 개인적으로 만족함."
562,2086869,0.5375438180145355,0.468502652097672,0.6986398718205507,3.4931993591027535,20,114,3.75,0.75,0.135965,0.864035,0.456141,0.543859,0.644737,0.355263,0.030702,0.890351,0.959211,0.020614,0.0,0.061321,0.042938,0.0,0.0,0.0,0.0,0.0,0.012178,0.100545,0.032419,0.12915,0.3,0.25,0.45,0.0,0.032677,0.072354,0.011005,0.0,0.02201,"요약, 논평, 학글이랑, 읽고, 발표하고, 에세이, 교수님은, 고통스러워요, 책을, 발표를, 써야하는데, 시너지, 많아요, 교수님이, 끝입니다, 과제입니다, 철학, 열심히만, 하고, 내용이",드랍했어요 다들 화이팅하시길바래요…… 힘내세요
563,990610,0.5371748583663449,0.40920598835718536,0.8357688883877172,4.178844441938586,20,236,4.38,0.876,0.419491,0.580508,0.512711,0.487289,0.620762,0.379237,0.114407,0.750001,0.419703,0.383686,0.0,0.091982,0.064408,0.0,0.180853,0.123119,0.0,0.147351,0.147351,0.0,0.216693,0.216693,0.0,0.1,0.9,0.0,0.032677,0.032677,0.0,0.0,0.0,"루브릭만, 점수, 수업시간에, 족보, 그대로, 지키면, 이상한데서, 기가, 시험은, 주셔서, 루브릭대로만, 타격이, 나옴, 갈리는, 내에, 영어, 구하세요, 좋았습니다, 쓰시면, 괜찮았어요",루브릭만 잘 만족하시면 좋은점수 받아가실 수 있습니다! 부담없는수업
564,2750417,0.5365364108112759,0.486751769612698,0.6527005736079579,3.2635028680397893,7,47,3.49,0.698,0.329788,0.670212,0.06383,0.93617,0.680851,0.319149,0.308511,0.308511,0.884043,0.017021,0.35051,0.0,0.301007,0.0,0.0,0.0,0.403873,0.0,0.110564,0.57454,0.091121,0.276373,0.714286,0.0,0.285714,0.0,0.0,0.0,0.156111,0.0,0.156111,"축제라고, 의통, 계획서, 과기글, 웬만하면, 교수님은, 다른, 실험계획서, 완성해야라는데, 정하는것부터, 주시는건지, 안들으시는, 별론거같아요, 친절하시면서도, 깐깐한느낌, 의통보단, 나을수도, 창글하는, 힘들어하던데, 않은둣",과목 자체가 살짝 별론거같아요 교수님은 친절하시면서도 깐깐한느낌..??
565,42277,0.5348929593894849,0.4493684351831678,0.734450182537558,3.6722509126877902,20,114,3.45,0.69,0.394737,0.605263,0.864035,0.135966,0.600877,0.399122,0.307018,0.429825,0.389474,0.41579,0.0,0.300432,0.231838,0.0,0.0,0.0,0.0,0.17399,0.246256,0.0,0.064838,0.096731,0.05,0.45,0.5,0.0,0.035318,0.067994,0.0,0.0,0.0,"족보, 족보가, 족보를, 족보에, 족보는, 공부하면, 문제들을, 받아도, 해야합니다, 학점만, 좋은, 중요, 결과, 보고, 독학, 있는데, 빠르게, 과제, 족보에서, 주로",한국 힙합의 한 획을 그을만한 멈블랩 장인. 23년간 겪던 기면증을 치료해주신 민간 치료의 살아있는 거장. 수업듣기가 매우 힘들긴 한데 교수님이 착하시고 학점은 잘주심. 과제는 정성을 평가하시므로 열심히 풀었다 하는
566,2376999,0.5335703411466874,0.3805656377719701,0.8905813156876946,4.452906578438473,20,83,4.47,0.894,0.439759,0.560241,0.963855,0.036145,0.716867,0.283133,0.180723,0.614458,0.404217,0.395181,0.0,0.091982,0.064408,0.0,0.0,0.0,0.0,0.036533,0.036533,0.0,0.038344,0.038344,0.0,0.1,0.9,0.0,0.078113,0.078113,0.0,0.0,0.0,"c언어, 기초부터, 매주, c언어에, c언어의, 자리에, 앉은, 간단하고, 있어요, 수업입니다, 좋습니다, 부담스럽지, 강의력, 빡세게, 다만, 있는, 배울, 처음, 이해가, 있지만",그냥 프기실 들으세요 이거 들으시고 시프 들었다고 하시면 안됩니다... 학점은 잘 주십니다 많이 배우는것보다 학점이 우선이다 라고 생각하시면 들으세요
567,2376930,0.5335204494744666,0.3949430504510238,0.8568677138625,4.2843385693125,20,147,4.08,0.816,0.558219,0.441781,0.982877,0.017123,0.5,0.5,0.071918,0.79452,0.464726,0.326027,0.0,0.030661,0.021469,0.0,0.079047,0.034431,0.0,0.095479,0.095479,0.0,0.038344,0.038344,0.0,0.05,0.95,0.0,0.032677,0.032677,0.0,0.25,0.055024,"토론, 아침, 매주, 기말은, 에제까지는, 같아요, 발표, 중간고사는, 영향, 에제는, 기말고사, 중간, 월요일, 힘들지, 시간은, 답변, 시간, 열심히, 받는, 쁠은","편하게 듣다가 중간 기말만 치시면 돼요. 중간고사는 따로 공부할거 없이 온라인이고, 기말은 외울게 좀 많긴합니다. 쁠은 안달아주시는데 에제는 많이 주시는것같아요"
568,108991,0.5328309663263948,0.39283330870598454,0.8594921674406859,4.297460837203429,20,129,4.33,0.866,0.534884,0.465116,0.945737,0.054263,0.542636,0.457365,0.364341,0.213178,0.406202,0.39845,0.0,0.122643,0.085877,0.0,0.158094,0.068862,0.0,0.130065,0.130065,0.0,0.135602,0.135602,0.0,0.05,0.95,0.0,0.052075,0.052075,0.0,0.0,0.0,"한번, 미적분, 수능, 좋으시고, 올려주시는, 교수님이, 성적, 출튀, 설명을, 중간, 좋은, 열심히, 받았습니다, 했는데, 필기노트랑, 미적에, 1등급들은, 가능하시고, 명시해서, 빌리거나",교수님 성격 엄청 좋으심. 특히 강의하실때 하시는 말씀들 들어보면 마음이 따뜻하신 걸 느낄 수 있다. 다음 학기에 선대를 이분께 못듣는게 아쉬움.
569,990132,0.5328089849566995,0.411226932627014,0.8165004403926324,4.082502201963162,20,158,3.97,0.794,0.474684,0.525317,0.509494,0.490506,0.610759,0.38924,0.047468,0.78481,0.683544,0.079114,0.0,0.030661,0.021469,0.0,0.0,0.0,0.052389,0.028097,0.042439,0.0,0.097257,0.097257,0.1,0.1,0.8,0.0,0.0,0.0,0.0,0.05,0.02201,"열심히, 스피치, 교수님이, 학생들을, 수업을, 상담도, 스피치와, 스토, 있을, 토론, 봤고, 학기가, 적극, 토론도, 시험은, 토론을, 하라는, 사람들, 바탕으로, 것만",교수님이 학생들 많이 도와주려는 게 보이고 상담도 적극적으로 해주십니다 수강평에 깐깐하다는 내용이 있었는데 교수님이 그거 알고 깐깐하게 안 하신다 하셨어요 그리고 스토 특성상 발표하고 토론하면서 같이 듣는 학우들과 
570,42282,0.5327201693381294,0.3697930123485163,0.9128835356472267,4.564417678236134,20,98,4.7,0.94,0.35204,0.64796,0.943877,0.056122,0.678571,0.321429,0.153061,0.545918,0.052041,0.728061,0.0,0.091982,0.064408,0.0,0.079047,0.034431,0.0,0.126225,0.126225,0.0,0.031892,0.031892,0.0,0.0,1.0,0.0,0.171761,0.171761,0.0,0.0,0.0,"시험, 강의력이, 3번이라, 강의력, 부담이, 쏙쏙, 내주시는데, 않다, 매일, 어렵지, 있으나, 된다, 이해할, 시험도, 않게, 보는데, 나쁘지, 않음, 시험은, 도움이","강의력, 교안, 시험 난이도의 적절함. 전전 최고의 교수님 중 한분입니다."
571,227156,0.5324641922253563,0.45223799565838674,0.719658650881619,3.5982932544080946,20,88,3.78,0.756,0.721591,0.278409,0.835228,0.164772,0.579546,0.420455,0.017046,0.920454,0.427841,0.368182,0.0,0.1672,0.188451,0.0,0.079047,0.034431,0.0,0.092142,0.15835,0.0,0.095677,0.095677,0.0,0.55,0.45,0.0,0.0,0.0,0.0,0.110795,0.024386,"한자, 한자를, 하지만, 복습, 제발, 3급, 모르는, 들어야, 사학과라면, 기말, 아예, 모르면, 레포트로, 시험, 그래도, 나옴, 미리, 하나, 따라가기, 범위",이번 학기 중간고사는 시험 대체 레포트 작성하는 것으로 했습니다. 교수님 강의력은 좋으시나 내용 자체는 한자를 좀 아는 사람과 모르는 사람 간 이해하는 편차가 좀 있을 것 같아요!
572,2086908,0.532240910501657,0.39980137269172594,0.8412664987248298,4.206332493624149,20,105,4.42,0.884,0.619047,0.380953,0.419048,0.580952,0.704762,0.295237,0.147619,0.614286,0.482857,0.31619,0.0,0.030661,0.021469,0.0,0.0,0.034431,0.0,0.048711,0.060889,0.098911,0.038344,0.070236,0.05,0.2,0.75,0.0,0.0,0.068569,0.0,0.1,0.02201,"전날, 없고, 맞습니다, ppt만, 하는데, 토론, 참여하고, 재미도, 친절하시고, 수업마다, 편한, 거라, 편이라, 시험, 거의, 과제도, ppt, 딱히, 열심히, 재밌게",지금까지 들은 수업중 가장 편안하고 내용도 흥미로웠음. 수업 들은뒤에 토론하는것도 재밌고 전날 교안 달달외우면 에이쁠 가능.
573,2827116,0.5311200644253236,0.40964748961015796,0.8145560723273769,4.072780361636885,20,129,4.45,0.89,0.4031,0.5969,0.158915,0.841085,0.666667,0.333333,0.217055,0.484496,0.499225,0.289922,0.025,0.091982,0.085877,0.0,0.394698,0.171921,0.0,0.082834,0.110931,0.0,0.064312,0.064312,0.1,0.1,0.8,0.0,0.0,0.0,0.0,0.337455,0.074273,"글로벌, 문학, 영어, 못하면, 있고, 수업마다, 발표, 과제, 하는, 가볍게, 주세요, 출결, 할게, 과제도, 나는, 주제, 조금, 바로, 본인, 영어를",아래 1점짜리 강평은 얼마나 꿀강을 원한건지 궁금.. 출첵은 짜피 교수님이 항상 호명을 하셔서 따로 전자출결 필요없습니다(시험날 처럼 특별히 출결하라는 날이 있어요) 루브릭만 잘지키면 성적 잘 주세요 전 오히려 기대
574,1856244,0.5303665749849614,0.3812149597403054,0.8783870105558257,4.391935052779129,20,232,4.42,0.884,0.331897,0.668103,0.825431,0.174569,0.693966,0.306034,0.148707,0.700431,0.534267,0.246552,0.0,0.091982,0.064408,0.0,0.0,0.0,0.0,0.016625,0.016625,0.0,0.0,0.0,0.05,0.05,0.9,0.0,0.059843,0.059843,0.0,0.0,0.0,"되어, 어렵지만, 재무관리, 과제가, 매주, 귀찮아요, 있고, 좋으신데, 교안도, 교안이, 어려움, 아직, 좋으십니다, 듣기, 용이하다, 주시려, cfa, lv2, 있지고, 쉬운편은",과제가 있긴 한데 어렵지 않고 학점을 후하게 주십니다
575,1937179,0.5302714256447253,0.37688046552343385,0.8881836659277387,4.440918329638693,20,208,4.69,0.938,0.430288,0.569711,0.862981,0.137019,0.608173,0.391827,0.408654,0.163461,0.397356,0.405769,0.0,0.343503,0.261996,0.0,0.0,0.0,0.0,0.0604,0.0604,0.0,0.095677,0.159989,0.0,0.1,0.9,0.0,0.130188,0.156225,0.0,0.0,0.0,"매주, 퀴즈가, 강의력, 좋으십니다, 퀴즈를, 최적화, 점수가, 과제, 이번, 있는, 강의력도, 퀴즈, 강의력이, 하게, 시험은, 귀찮긴, 거의, 퀴즈는, 매우, 하지만",수업량이 많아 따라가기 벅차지만 강의력이 정말 좋으심
576,2376806,0.5302366098062687,0.38618999280373556,0.8663453828121799,4.3317269140609,20,134,4.26,0.852,0.264925,0.735074,0.097015,0.902985,0.69403,0.30597,0.141791,0.597015,0.420895,0.37612,0.0,0.061321,0.042938,0.0,0.0,0.0,0.0,0.11239,0.11239,0.0,0.103182,0.103182,0.0,0.05,0.95,0.0,0.0,0.0,0.0,0.363924,0.080098,"조별과제가, 매주, 잘하셔서, 조금, 무난하게, 한페이지, 같아요, 영어도, 조별과제, 과제가, 잘하시고, 어렵지, 간단한, 않습니다, 영어, 팀플, 친절하시고, 좋았습니다, 있어서, 주시는","성적: A0 중간: 35(평균 36.5) 기말: 정확히 기억안나는데 평균 조금 위 과제: 한번 까였는데, 대신 한번 bestwork 선정됨 수업중 참여는 두세번 무난하게 했습니다. 가산점 과제 수행 미국 대학 체험하"
577,1772085,0.5292297023319787,0.41806293685525747,0.7886188217776621,3.9430941088883102,20,101,3.11,0.622,0.555,0.445,0.92,0.08,0.71,0.29,0.235,0.495,0.4,0.4,0.025,0.030661,0.042938,0.0,0.0,0.0,0.0,0.056195,0.056195,0.0,0.163705,0.163705,0.1,0.25,0.65,0.0,0.0,0.0,0.0,0.0,0.0,"반도체, 강의력은, 틀리게, 소리가, 틀린, 남는, 지식이, 학점은, 조금만, 많지, 그래도, 관련, 많아요, 않아요, 좋으신, 조절하시는데, 산염기, 별변력이, 화학식, 그부분",중간 난이도 따라서 기말 난이도 조절하시는데 기말 좀 빡셌습니다. 사용되는 산염기 다 외워야함
578,2086884,0.528958180262549,0.460204606747302,0.6893831851314587,3.4469159256572937,20,94,3.65,0.73,0.659574,0.340426,0.393617,0.606383,0.44149,0.558511,0.484043,0.430851,0.41383,0.387234,0.025,0.0,0.021469,1.0,0.158094,0.354222,0.455024,0.130839,0.29194,0.499455,0.032419,0.193461,0.3,0.3,0.4,0.0,0.067611,0.067611,0.048141,0.1,0.070151,"생각을, 출석, 반영, 시험, 고명북, 없는, 중간, 기말, 점수, 평가기준, 성적공시, 반영을, 성적을, 성적, 별점, 낮게, 길게, 최악, 기준도, 것도",교수님이 정말 열려있는 분이십니다. 학생의 생각을 중요시 하세요. 그래서 개똥철학도 진지하게 받아주시고 답해주십니다. 책 내용에 국한되지 않고 철학 분야의 지식을 얻어갈 수 있는 수업입니다.
579,2249430,0.5287287686318692,0.42826149296872573,0.7631524118458709,3.8157620592293546,20,109,4.08,0.816,0.243119,0.75688,0.747707,0.252294,0.678899,0.321101,0.522935,0.215596,0.401834,0.401834,0.0,0.064595,0.0667,0.0,0.079047,0.034431,0.06073,0.156487,0.18529,0.0,0.032419,0.064838,0.2,0.2,0.6,0.0,0.026038,0.026038,0.0,0.268803,0.059163,"피셋, 피셋도, 텀프가, 뭐라도, 피셋이, 줄었고, 텀프는, 텀프도, 두번으로, 시간을, 힘들었습니다, 후하게, 주려고, 텀프, 시험, 피셋을, 같아요, 비중이, 들이면, 어렵습니다",모든 강평에 나와있듯이 강의력이 정말 좋으십니다. 시험 전에 조교님이 리뷰해주는 시간도 있는데 조교님도 설명을 정말 잘 하십니다. 매년 피셋이 덜 빡세져서 올해는 두 번만 내주셨습니다. 물론 어렵고 시간이 많이 들긴
580,43666,0.5284410061963672,0.4541743393100716,0.7017298955977237,3.5086494779886186,20,352,3.59,0.718,0.194603,0.805397,0.066761,0.933239,0.542614,0.457386,0.107955,0.715909,0.95625,0.027983,0.1,0.091982,0.150285,0.0,0.079047,0.034431,0.088967,0.028684,0.066795,0.0,0.031892,0.063785,0.3,0.1,0.6,0.0,0.0,0.0,0.047642,0.488314,0.155118,"조별, 교수님이, 조원, 교수님의, 글을, 생각을, 팀플때, 성적의, 잘만나서, 잘만나면, 개별, 중요한, 과제가, 많은걸, 50, 중요하고, 강의평, 여기서, 열심히, 수업이","팀 잘만나서 팀하고 술도 마시고 많이 친해져서 좋았습니다! 팀원들이 많이 해줘서 점수도 잘 받았어요. 팀원 잘만나면 이보다 좋은 수업 없는 것 같습니다. 다만 거의 매 수업 글쓰는 과제가 있고, 평가기준은 거의 없습"
581,2086905,0.5277967233791394,0.3898914058874918,0.8495757975263175,4.247878987631587,20,116,4.19,0.838,0.146552,0.853448,0.215518,0.784482,0.637931,0.362069,0.068965,0.780173,0.669827,0.103017,0.0,0.091982,0.064408,0.0,0.0,0.0,0.0,0.042439,0.042439,0.201089,0.0,0.097257,0.1,0.05,0.85,0.0,0.0,0.0,0.0,0.118727,0.026131,"포카혼타스, 이방인, 교수님이, 써야하고, 중간고사는, 질문이나, 관점을, 배울, 수업에, 매주, 이름도, 생각해, 토론, 작성하는, 열심히, 많다고, 학생들, 보고, 것입니다, 내용이",그동안 배울 수 없었던 것에 대해 배우며 새로운 관점을 갖도록 도와주는 강의입니다. 고등학교와 대학교 수업의 수준의 차이를 확실히 느낄 수 있습니다. 교수님도 너무 좋은 분이시고 정말 좋은 내용 많이 전달해주시니 교
582,1937454,0.5276538055604582,0.4324513469526201,0.7497928756454135,3.7489643782270674,20,118,3.45,0.69,0.076271,0.923729,0.25,0.75,0.440677,0.559322,0.292373,0.419492,0.756779,0.176271,0.03677,0.272364,0.306913,0.0,0.0,0.068862,0.044483,0.157112,0.16929,0.0,0.064838,0.096731,0.1,0.15,0.75,0.0,0.046587,0.046587,0.023198,0.489648,0.154165,"동화, 매주, 토론, 읽고, 퀴즈, 동화를, 글로벌, 팀플, 없어졌고, 동화에, 있어요, 현대, 중간, 토론합니다, 기말, 성실하면, 발표, 매번, 점수, 점수가",저는 교수님 글로벌 두번째인데 너무 좋슺니다!
583,2376972,0.5275368808994068,0.38245922398298604,0.8660514137043885,4.330257068521942,20,93,4.39,0.878,0.623655,0.376343,0.973118,0.026881,0.650538,0.349462,0.365592,0.27957,0.4,0.4,0.0,0.030661,0.021469,0.0,0.0,0.0,0.0,0.038698,0.052453,0.0,0.032419,0.064312,0.1,0.05,0.85,0.0,0.034285,0.034285,0.0,0.0,0.0,"김한경, 조재열, 많고, 양이, 미리, 융생, 기말부터는, 공부하기가, 중요한, 강의력은, 내용도, 외울게, 강의력이, 수업도, 양도, 깔끔하고, 집중해서, 교수님은, 어려워요, 매우","다음학기부터는 어떻게 될지 모르겠지만 이번 학기에는 중간까지 김한경 교수님, 기말부터는 조재열 교수님 수업이었습니다. 저는 수업 방식부터 시험 방식까지 김한경 교수님 스타일이 잘 맞았어요. 성적은 나쁘지 않게 주시는"
584,356040,0.5271502138875781,0.45601534689831136,0.693131570195867,3.465657850979335,20,72,2.99,0.598,0.305555,0.694445,0.541666,0.458333,0.541667,0.458334,0.104166,0.763889,0.685417,0.077778,0.323508,0.081626,0.370662,0.397071,0.079047,0.168499,0.09473,0.024356,0.078386,0.550713,0.146925,0.406913,0.4,0.2,0.4,0.0,0.0,0.0,0.062596,0.079004,0.092177,"리더십, 쓰고, 한학기, 팀원을, 이런, 기말도, 수신제가치국평천하, 솔직히, 조원은, 적폐, 그런, 동안, 안해주고, 건지는, 나고, 잘만나면, 레포트, 분위기가, 어떻게, 조는",리더십 어차피 들어야 하는거 에이쁠 받으려면 고재석님꺼 듣기에 좋아요 출석이랑 과제 제출기한 늦지않게만 신경써도 에이쁠 나옵니다!!!
585,2086880,0.5271150708314352,0.41862923229885246,0.7802486940741284,3.901243470370642,20,80,3.89,0.778,0.15625,0.84375,0.1125,0.8875,0.63125,0.36875,0.25,0.49375,0.72125,0.04,0.0,0.061321,0.042938,0.0,0.113957,0.049637,0.0,0.072939,0.072939,0.0,0.095677,0.127569,0.0,0.35,0.65,0.0,0.032677,0.032677,0.0,0.218727,0.074273,"교수님은, 과제가, 미리, 토론, 다른, 한데, 토론이, 친절하시고, 사회자, 기록자나, 맹자에, 매주, 생각을, 생각, 많은, 개별, 조별발표, 학점, 적는, 말하는","개별 발표, 토론 사회자, 기록자 등 가산점 받을 수 있는 활동에 꼭 참여하세용 사전강의 기간이 화요일까지라 지각 몇 번 하고 과제도 대충 써서 내고 망나니처럼 수강했는데 개별 발표 한 번 하고 기록자 한 번 했는데"
586,2009739,0.5254135475121353,0.3736826479650782,0.8794523131219354,4.397261565609677,20,119,4.75,0.95,0.428571,0.571429,0.970588,0.029412,0.567227,0.432773,0.739495,0.155463,0.402941,0.396639,0.0,0.091982,0.064408,0.0,0.316188,0.137724,0.0,0.036533,0.036533,0.0,0.097257,0.097257,0.0,0.0,1.0,0.0,0.052075,0.052075,0.0,0.0,0.0,"촘촘하고, 많아서, 분포가, 시험도, 깔끔합니다, gpt, 출석, 깔끔하고, 점수, 성적, 얻어가는, 않아요, 좋으세요, 강의가, 시험에, 햑심, 들어가있고, 5번이고, 되소, 풀만했어요",시경 goat 교수님과 강의 시험이 오히려 너무 쉬워서 아쉬움
587,2576407,0.5249478924216647,0.38021073691119295,0.862667921946099,4.313339609730495,20,80,4.71,0.942,0.63125,0.36875,0.975,0.025,0.64375,0.35625,0.275,0.35625,0.4,0.4,0.0,0.030661,0.021469,0.0,0.180853,0.078775,0.0,0.025933,0.025933,0.0,0.032419,0.032419,0.05,0.1,0.85,0.0,0.052075,0.098662,0.0,0.0,0.0,"어렵게, 시험이, 평균은, 소재에, 높습니다, 뜬금없이, 있다, 그래프, 충분히, 내용도, 외울게, 전반적인, 대한, 좋으시고, 깔끔하게, 부분을, 좋으신데, 본인, 과제는, 공부할",학점은 처음 말씀하시는 비율 채워주시는거 같아요! 교안이랑 수업 정말 좋습니다!
588,1937129,0.5240003895521314,0.4077934932656044,0.7951498142206945,3.975749071103473,20,79,4.27,0.854,0.860759,0.13924,0.943038,0.056962,0.392405,0.607595,0.132911,0.613923,0.346835,0.473418,0.0,0.225477,0.221037,0.0,0.101806,0.044344,0.0,0.132229,0.24603,0.0,0.064838,0.135602,0.0,0.25,0.75,0.0,0.033805,0.033805,0.0,0.0,0.0,"퀴즈, 김일중, 중간, 평균, 받았습니다, 나오는, 공부한만큼, 나름, 열심히, 좋았습니다, 생각해요, 문제, 꽤나, 많은, 퀴즈는, 매우, 국제어, 평균보다, 어려움, 성적",어려워요 ㅎㅎ 쁠 잘 안달아주시지만 ㅎㅎ.. 수업은 유익했습니다!
589,786716,0.5239093598954542,0.39266631494484117,0.8301431314468846,4.150715657234423,20,286,4.08,0.816,0.564685,0.435315,0.304196,0.695804,0.568182,0.431818,0.263986,0.454545,0.523602,0.324301,0.0,0.0,0.0,0.0,0.158094,0.068862,0.0,0.014342,0.028684,0.0,0.196114,0.196114,0.0,0.1,0.9,0.0,0.0,0.0,0.0,0.6,0.154068,"루브릭, 발표, 발표는, 열심히, 잘주심, 깐깐하게, 저한테, 점수는, 감점을, 깐깐하심, 교수님이, 발표할, 발표하는, 조별로, 것만, 잘하면, 바로, 영어로, 계속, 자체가",출석이 조금 빡셉니다. 수업시작하고 1-2분안에 안찍으면 지각일겁니다. 발표는 세 번정도 있는데 교수님이 루브릭대로만 평가하시는 스타일이셔서 발표전에 꼭 루브릭 한번씩 보고 가세요 시험은 쉽습니다.
590,2454646,0.5234073026444931,0.3973556305130754,0.8175278709511345,4.087639354755673,20,69,4.58,0.916,0.115943,0.884057,0.246377,0.753624,0.594202,0.405798,0.246377,0.500001,0.744927,0.005797,0.0,0.258776,0.1812,0.0,0.0,0.0,0.0,0.05508,0.067258,0.0,0.134021,0.134021,0.0,0.15,0.85,0.0,0.0,0.0,0.0,0.079004,0.017388,"실험은, 조교님들이, 레포트, 실험, 예레, 조바조, 조교님들은, 보고서는, 다들, 친절하셔서, 분반, 시험, 좋았어요, 근데들어야되니까해야죠, 안봤고요, 족보구하고, 많아가지구, 8할, 먹고들어갑니다, 결정한다고는",조교님들은 친절하세요~~ 그치만 실험은 빡셉니다 근데들어야되니까해야죠...
591,42358,0.5231521455112358,0.4691411868825996,0.6491777156447205,3.245888578223602,20,109,2.73,0.546,0.922019,0.077981,0.958716,0.041285,0.761468,0.238532,0.155963,0.628441,0.202752,0.695872,0.187978,0.030661,0.291283,0.0,0.0,0.048802,0.472862,0.028803,0.277502,0.0,0.0,0.063785,0.55,0.25,0.2,0.0,0.0,0.0,0.0,0.0,0.0,"없는데, 학점은, 퀴즈2번, 학점을, 국태용, 독학에, 중간에서, 중간, 연습문제, 싶은, 클로즈북, 4번의, 시험, 의문, 퀴즈와, 도저히, 학점만, 의미가, 노력을, 퀴즈",학점느님이시고 가르치는것도 잘 가르치는 편이라고 생각함 근데 시험은 수업과 큰 관련이 없을 수 있음
592,227339,0.5226604796454482,0.39770721886493055,0.8142180881333225,4.071090440666612,20,74,3.18,0.636,0.432433,0.567568,0.418919,0.581081,0.743244,0.256756,0.297297,0.432432,0.343919,0.485811,0.0,0.0,0.0,0.0,0.0,0.0,0.0,0.097176,0.12189,0.0,0.191354,0.241354,0.05,0.25,0.7,0.0,0.061355,0.122711,0.0,0.068727,0.015127,"spss, spss를, 학점은, 학점, 생각으로, 무리, 주십니다, 걱정했는데, 달달, 보통, 교수님께서, 두번, 외우면, 들었던, 피피티, 해요, 문제도, 점수는, 그만큼, 사실",교수님이 정말 킹받는 분이신데 또 정말 귀여운 분이라는 모순적 평가가 흥미로워 과연 얼마나 귀여우신 분이기에 킹받음이 용서되는지 궁금해서 수강했습니다. 저는 맨 앞자리에 앉아 교수님의 질문에 적극적으로 대답하며 수업
593,44124,0.522460710867132,0.40387927694967235,0.7991507233412044,3.995753616706022,20,217,4.05,0.81,0.541475,0.458525,0.965438,0.034562,0.350231,0.649769,0.359447,0.276497,0.390323,0.409908,0.0,0.0,0.0,0.0,0.237141,0.103293,0.0,0.189236,0.189236,0.0,0.0,0.0,0.05,0.1,0.85,0.0,0.10415,0.10415,0.0,0.0,0.0,"족보, 수학과, 똑같이, 나와서, 족보랑, 거의, 나옴, 비슷하게, 내규, 성적은, 계산실수, 그대로, 좋음, 좋으십니다, 시험이, 강의력, 족보에서, 사람이, 시험은, 등반한",율전 학생인데 강의력 정말 좋으세요. 중간고사는 거의 족보에서 그대로 나왔는데 기말은 TF문제 제외 대부분 새로 내셨습니다. 학점도 잘 주시고 9시마다 등반한 보람이 있습니다.
594,990772,0.5219375338325725,0.424984319388923,0.7481617008677547,3.7408085043387733,20,65,3.69,0.738,0.361538,0.638462,0.976923,0.023077,0.6,0.4,0.838462,0.107692,0.409231,0.393846,0.06177,0.212834,0.202076,0.313932,0.417994,0.305187,0.0,0.038111,0.130546,0.0,0.102656,0.135075,0.1,0.3,0.6,0.0,0.033805,0.033805,0.0,0.0,0.0,"물리, 돌아가면서, 들으면, 출석, 매주, 숙제만, 출결, 국제어, 출결반영, 한국어로, 숙제가, 안합니다, 플러스, 2번, 대신, 과제, 과제는, 나가고, 들으세요, 퀴즈",시험보기위한 물리강의가 아닌 물리학콘서트 같음 노베이스인데 강의듣고 독학하니까 이해 잘되긴함 직접적인 문제푸는 방법보단 배경지식이 풍부해지는 느낌 과제는 매단원 나가는데 검사를 하는지 안하는지 모르겠다 마지막 과제 
595,2749234,0.5218411959775011,0.43517968915639704,0.7240513785600773,3.6202568928003864,20,69,3.64,0.728,0.673913,0.326087,1.0,0.0,0.637681,0.362319,0.579711,0.072464,0.413768,0.388406,0.05,0.050966,0.135782,0.0,0.0,0.0,0.144976,0.028803,0.105025,0.201089,0.038344,0.103182,0.25,0.35,0.4,0.092154,0.0,0.026038,0.0,0.0,0.0,"온라인, 늦게, 교재, 다만, 강의가, 진도도, 시험은, 편하고, 교안만, 수업이라, 같다, 레포트, 마지막, 별로, 나옵니다, 이해하는개, 나아여, 버리심, 내주겠다더니, 웬만하년",온라인 강의이고 과제는 레포트 하나 있었습니다. 시험은 교안에서 주로 나오고 교재에서도 몇 문제 나옵니다.
596,2009670,0.5209694265108978,0.4399169791787476,0.7100918036192484,3.550459018096242,16,56,3.84,0.768,0.303572,0.696429,0.464286,0.535714,0.687499,0.312499,0.366071,0.294643,0.514286,0.335714,0.15625,0.341348,0.400037,0.0,0.0,0.0,0.382204,0.071126,0.175758,0.125681,0.080389,0.120913,0.3125,0.25,0.4375,0.0,0.092453,0.092453,0.0,0.381747,0.084021,"스터디, 케이스, 스타벅스, 영어교안, 다음, 케이스스터디, 대폭, 기업, 과제를, 문제는, 과제, 분석하는, 없어서, 평가가, 되었습니다, 피드백이, 대한, 피드백을, 때문에, 분량",저는 교수님의 강의가 너무 좋았고 많은것을 배웠습니다. 과제로 내주신 case study는 수업시간동안 배웠던 것들을 실제 기업에서 어떻게 적용되는지를 생각해 볼 수 있는 기회가 되었습니다. 예를 들어서 스타벅스 c
597,1326526,0.520841521008605,0.37714938501099476,0.8561231716696958,4.280615858348479,20,270,3.98,0.796,0.268518,0.731482,0.946296,0.053704,0.544444,0.455556,0.457408,0.198148,0.441111,0.354074,0.0,0.0,0.0,0.0,0.0,0.0,0.0,0.109359,0.109359,0.0,0.0,0.0,0.0,0.05,0.95,0.0,0.0,0.0,0.0,0.0,0.0,"주식, 관심, 족보, 경제, 좋을듯, 주식에, 온라인이라, 모의투자를, 시험은, 투자를, 대해, 사람들은, 가볍게, 많은, 유익한, 관심이, 같아요, 같은데, 아주, 듣기",할 게 좀 많아서 귀찮은 것만 빼면 얻어갈 게 많은 수업
598,103918,0.5205827432465693,0.35455335777140184,0.9079846426886267,4.539923213443133,20,188,4.11,0.822,0.25266,0.74734,0.933511,0.066489,0.736702,0.263298,0.529255,0.220745,0.342287,0.492553,0.0,0.245286,0.171754,0.0,0.0,0.0,0.0,0.012178,0.012178,0.0,0.070236,0.070236,0.0,0.0,1.0,0.0,0.026038,0.026038,0.0,0.0,0.0,"양이, 전전, 기출, 엉망이라, 방대하지만, 주심, 회로이론, 있다, 과제, 내용으로, 열심히, 한번에, 진도를, 얼마나, 진도, 내용, 많다, 아는, 많아, 조금",힘들었긴했지만 강의력 하나만으로 별 다섯개 충분한 강의. 성적도 꽉꽉 채워서 주심. 근데 왠진 모르겠지만 다른 수강생분들이 너무 잘하신다. A안정권들라면 조금 더 열심히 하셔야될듯
599,2748930,0.5201874479295154,0.367022358530285,0.8775726565277198,4.387863282638599,20,76,4.61,0.922,0.651316,0.348684,0.980263,0.019737,0.585526,0.414474,0.427631,0.092106,0.226316,0.551974,0.0,0.061321,0.042938,0.0,0.237141,0.103293,0.06073,0.081256,0.097881,0.100545,0.032419,0.064838,0.05,0.05,0.9,0.0,0.069123,0.069123,0.0,0.0,0.0,"중기합, 브슴, 설명도, 평균, 출석, 출결도, 수업도, 않고, 가르쳐주십니다, 어렵지, 많지, 나오는데, 해주십니다, 아니고, 과제는, 않은, 세번인게, 사고지만, 할수잌, 전공수업이면",시험 세번인게 사고지만 교수님 귀엽고 좋으세요
600,1688981,0.5200367969684837,0.4566195717818687,0.6680103224039187,3.340051612019593,6,46,3.78,0.756,0.510869,0.48913,0.978261,0.021739,0.47826,0.521738,0.25,0.489131,0.413043,0.391304,0.205899,0.0,0.248384,0.914757,0.0,0.344309,1.0,0.0,0.27376,1.0,0.0,0.428743,0.5,0.333333,0.166667,0.0,0.0,0.0,0.0,0.0,0.0,"가중치를, 마음대로, 비중을, 퀴즈로, 출석에, 출석, 듣지, 학생들이, 출석은, 학점을, 있지만, 조정하면서, 반영하겠다고, 대체하는거, 받아야되고, 학점인지는, 괜찮은줄, 알았으나, 안쓰신다하면서, 높이시는게",교수님이 권위적인 편이지만 수업 자체는 괜찮습니다. BSM보다는 난이도가 있지만 전공필수니까요. 조교분들이 친절하시고 하라는 과제나 필기만 열심히 하면 따라갈 수 있습니다. A+은 안주시지만 나머지 학점은 거의 채워
601,78161,0.5183143652592455,0.4459497580402311,0.6871651154369459,3.4358255771847297,12,52,3.56,0.712,0.490385,0.509616,0.990385,0.009616,0.596154,0.403846,0.048077,0.923077,0.423077,0.384615,0.06926,0.0,0.131043,0.294532,0.0,0.073907,0.074139,0.086952,0.134957,0.164851,0.054032,0.16034,0.166667,0.5,0.333333,0.0,0.0,0.0,0.0,0.0,0.0,"조교님이, 물리, 과제가, 대충대충, 5번, 알고, 출튀, 과제는, 아닌, 항상, 아니라, 불친절해서, 쉬워, 수월히, 감안하여, 주려던, 안다면서, 톡톡히, 노배에, 획득했습니다",오픈북 시험 덕을 톡톡히 봤습니다. 물리 노배에 공부 안하고 A 획득했습니다. 성적 잘주는듯!
602,43584,0.5180760974007631,0.39059722822809545,0.8155267921369878,4.077633960684938,20,114,4.27,0.854,0.43421,0.565789,0.166666,0.833333,0.635965,0.364036,0.157895,0.671053,0.551754,0.290789,0.0,0.0,0.0,0.0,0.0,0.0,0.0,0.064044,0.0778,0.197822,0.153182,0.216967,0.1,0.1,0.8,0.0,0.0,0.0,0.0,0.166193,0.048771,"팀플이, 팀원, 팀플로, 실계, 시험이, 학기, 거의, 비중이, 적당히, 좋은, 열심히, 나와서, 넘사벽으로, 좋거나, 마렵게, 3번째에, 속한다, 뽑기가, 가챠가, 쉬웠던것같다","좋은 강의는 3가지 유형이 있다. 학점을 ㅈㄴ 잘 주거나, 강의력이 넘사벽으로 좋거나, 대학원 마렵게 하는 강의. 본 강의는 3번째에 속한다. 하지만 팀원 뽑기가 꽤 중요하며 가챠가 ㅈ망할 시 한 학기가 괴로울 수도"
603,103300,0.5178115391279805,0.4603314712330361,0.6519316975495175,3.2596584877475876,20,90,3.32,0.664,0.725275,0.274725,0.928571,0.071429,0.351648,0.648351,0.390109,0.37912,0.463187,0.356044,0.075,0.183558,0.192938,0.663393,0.0,0.210809,0.044483,0.151793,0.220166,0.100545,0.076688,0.223946,0.25,0.4,0.35,0.092154,0.0,0.026038,0.0,0.0,0.0,"모르겠음, 한번도, 기준을, 경제학보단, 편향적인, 경제사, 7장, 중간, 기말, 중간기말, 교재, 에이제로, 없고, 성향이, 10장, 정치적, 하나도, 안함, 한국, 말하는",한국 자본주의 모델 진도 맞춰서 읽어나가시면서 수업 듣는 걸 추천합니다! 책만 읽어도 중간 기말 과제 하시는데 문제 없으실 거에요
604,488969,0.5177623706933123,0.39245109896189845,0.8101553380666114,4.050776690333057,20,90,3.8,0.76,0.433334,0.566666,0.95,0.05,0.65,0.350001,0.116667,0.75,0.238333,0.588333,0.0,0.272364,0.190714,0.0,0.0,0.0,0.044483,0.132004,0.15636,0.0,0.031892,0.063785,0.1,0.2,0.7,0.092154,0.059843,0.08588,0.0,0.0,0.0,"bjt, 반소랑, 회로를, 거의, 제대로, 시험은, 퀴즈, 반소, 다이오드, 학점은, 이게, 본다, 했다면, 섞어서, 회로, 모든, 책에서, 가벼운, 반도체, 대한","BJT, MOS를 배움 예제 많이 풀어보면서 연습해보면 됨 기전과 비슷한 맥락 + 반소 내용"
605,2576402,0.5176756432720346,0.3640014160131485,0.8762488402094357,4.381244201047179,7,47,4.85,0.97,0.148936,0.851064,0.234043,0.765957,0.542553,0.457447,0.244681,0.478724,0.740426,0.017021,0.0,0.145616,0.101963,0.0,0.0,0.0,0.0,0.0,0.0,0.0,0.0,0.0,0.0,0.0,1.0,0.0,0.096587,0.096587,0.0,0.0,0.0,"조교님들, 친절하고, 2023, 좋았습니다, 실험, 시험은, 족보보다, 쉽게나왔어요, 23년, 잘알려주셨음, 비율만큼, 화공실, 조원도, 1기준으로, 좋았슺니다, 크므로, 운인데, 운을, 빌어야, 드려도",조교님들 정말 친절하세요. 이해 안가는 부분 메일로 추가 질문 드려도 정말 친절하고 자세하게 설명해주셨습니다. 실험도 생각보다 일찍 끝내주셔서 정말 좋았습니다! 시험은 족보보다 쉽게나왔어요!
606,104224,0.5167150042974511,0.3975645626357909,0.7947327015079918,3.973663507539959,20,368,3.95,0.79,0.430706,0.569294,0.94837,0.051631,0.828805,0.171196,0.404891,0.258153,0.144429,0.654619,0.0,0.151512,0.212184,0.0,0.0,0.0,0.044483,0.060889,0.127803,0.0,0.031892,0.031892,0.2,0.2,0.6,0.0,0.0,0.0,0.0,0.0,0.0,"pf, 1학점, 시험, 치고는, 퀴즈, 할게, 치는, 귀찮습니다, 세번, 치고, 과제, 하는, 3번, 평소에, 2번, 추천, 괴롭히기만, 이학교는, 1학점짜리에, 바라는게많음",개꿀과목이네요 챗지피티 써서 퀴즈보면 꿀입니당
607,120901,0.5167102361577218,0.39649139892110574,0.7972208563764926,3.9861042818824632,20,307,4.58,0.916,0.42671,0.57329,0.918567,0.081433,0.719869,0.280131,0.081433,0.824105,0.399837,0.399837,0.025,0.137348,0.139112,0.0,0.0,0.049637,0.0,0.053159,0.065336,0.0,0.102129,0.102129,0.05,0.3,0.65,0.0,0.033805,0.033805,0.0,0.05,0.011005,"역사에, 사전, 관심이, 대해, 매주, 오프라인, 자신의, 시험은, 매우, 않으셔도, 하는데, 점을, 과제는, 강평이, 별로, 않았는데, 있는, 온라인, 주차, 역사",꿀강 찾는 거면 뒤도 돌아보지 말고 나가셈. 지들 힘들다고 1점 주는 애들 보면 한심함. 동아시아 역사에 원래 관심이 많을 수록 재밌게 들을 수 있는 과목임. 솔직히 쌩노베들이 수강하기엔 교양치고 과제 양이나 난이도
608,103727,0.5163783960577503,0.436190690526946,0.7034830422962937,3.5174152114814685,20,145,3.83,0.766,0.451724,0.548276,0.441379,0.558621,0.575862,0.424138,0.027586,0.927586,0.69,0.072759,0.025,0.081626,0.135782,0.0,0.0,0.0,0.0,0.054031,0.067786,0.0,0.0,0.070236,0.2,0.4,0.4,0.0,0.0,0.0,0.0,0.068727,0.015127,"사랑과, 아니라, 활동, 있어요, 솔직히, 좋지, 이론, 수업을, 발표도, 때는, 들은, 레포트, 다시, 수업에, 토론, 없이, 어지간해서, 안다는데, 핵심인지, 적어놓은게","4년동안 들은 대학강의 중에 가장 감명깊은 과목이었습니다 생각보다 강의평이 좋지 않은 것 같아서 슬프네어 사랑이란게 연인끼리 사랑만 있는 게 아니라, 가족간의 사랑, 자아에 대한 사랑 등으로 범위를 넓혀서 생각해보면"
609,42279,0.5157037850862707,0.36720243657524276,0.8622069316120028,4.311034658060014,20,96,3.96,0.792,0.364584,0.635417,0.90625,0.09375,0.598958,0.401041,0.281249,0.375001,0.347395,0.485416,0.0,0.095256,0.123856,0.0,0.079047,0.034431,0.044483,0.040275,0.064631,0.098911,0.070763,0.102656,0.05,0.05,0.9,0.0,0.145723,0.299214,0.0,0.0,0.0,"좋으십니다, 과제도, 강의력도, 과제는, 갓병우, 연습문제, 뛰어나십니다, 대한, 본인, 강의력, 코로나, 이해, 증명하는, 수학적으로, 계산을, 괴리가, 전전, 5문제, 5개, 문제가","발성과 딜리버리부터 심상치 않았는데 탁월한 개념설명과 적당한 예제 풀이, 중간중간 허를 찌르는 농담까지... 민교수님 유우종교수님 강의력 좋다하는 분들 많이 들어 봤으나 그중에서도 탑급 강의력인듯 과제도 오프로 해서"
610,2376832,0.5155505165995597,0.38683128383490983,0.8158953930504095,4.079476965252048,15,55,3.53,0.706,0.324074,0.675926,0.990741,0.00926,0.462963,0.537037,0.00926,0.953704,0.411111,0.392592,0.0,0.0,0.0,0.0,0.0,0.0,0.059311,0.15572,0.171957,0.0,0.085749,0.085749,0.066667,0.0,0.933333,0.0,0.034717,0.034717,0.0,0.0,0.0,"핑계로, 예제, 수업도, 안외워도, 식을, 문제, 문제를, 유도, 풀기, 분명, 공부해야, 시험이, 이상한, 하고, 알아서, 계산, 수업은, 시험, 살짝, 어렵고",교수님이 재미있어서 수업은 들을만 하다 하지만 시험에 쓰는 문제가 많고 예제를 많이 풀어 본다면 계산문제는 할만 하고 유도랑 개념도 많이 외워가야 한다
611,483775,0.515384607940853,0.43606936458255635,0.7004535091102119,3.5022675455510592,20,101,4.06,0.812,0.589109,0.410891,0.292079,0.707921,0.767327,0.232674,0.341584,0.257426,0.4,0.4,0.03677,0.0,0.031577,0.0,0.0,0.0,0.088967,0.024356,0.048711,0.0,0.070236,0.070236,0.45,0.2,0.35,0.092154,0.052075,0.078113,0.058588,0.110795,0.082974,"팀플, 코로나, 내용, 개인적으로, 팀플도, 절대평가라고, 것도, 메세지, 시간을, 명확하지, 새벽에, 최악입니다, 제대로, 교수님이, 아니, 본인도, 당일, 같은, 팀플에, 도저히",내용 유익하고 재밌어요 시험도 큰부담없고 좋네요
612,103691,0.5150053396989452,0.381850791330687,0.825699285891548,4.12849642945774,20,350,3.96,0.792,0.160458,0.839541,0.770774,0.229226,0.575932,0.424069,0.140401,0.689111,0.717909,0.061748,0.0,0.122643,0.085877,0.0,0.0,0.0,0.0,0.0,0.0,0.0,0.185602,0.185602,0.0,0.1,0.9,0.0,0.0,0.0,0.0,0.0,0.0,"교수님은, 글쓰기, 열정적이시고, 과제가, 수정하면, 많은, 수업시간마다, 교수님이, 좋으십니다, 착하심, 면담, 그닥, 어렵지는, 과제도, 글을, 과제는, 많아요, 점수가, 배울, 쓰는","일단 수업시간마다 15분정도씩 글을 쓰는 경우가 종종 있어요 그런데 나중에 다 수정해서 기말문집에 넣는거라 크게 신경 안 쓰셔도 돼요! 과제로는 산책글, 이미지 글, 독후감, 칼럼을 썼어요. 독후감이랑 칼럼이 부담이"
613,2086922,0.514878580282675,0.3961881415423389,0.7918229373434591,3.9591146867172955,20,116,3.58,0.716,0.443966,0.556034,0.353448,0.646552,0.577586,0.422414,0.232759,0.534483,0.715086,0.14612,0.025,0.076026,0.149219,0.0,0.079047,0.068862,0.0,0.025933,0.025933,0.100545,0.108581,0.141,0.15,0.1,0.75,0.0,0.026038,0.026038,0.023198,0.1,0.060334,"교수님이, 갈리는게, 재수강으로, 글쓰기, 같음, 갑니다, 그냥저냥, 발표, 말을, 자주, 받고, 마지막, 자체는, 다들, 좋으세오, 학점미화이긴, 세게, 따듯한, 조그마한, 시험이아",&lt;정의란 무엇인가>로 수업했는데 개인적으로 좋아하는 책이라 재밌었습니다. 교수님께서 발표 평가를 주의깊게 들으시는 것 같진 않고 마지막 과제로 평점이 결정되는 듯 해요.
614,44405,0.5129284570753433,0.4799093371677921,0.589973070192963,2.949865350964815,20,101,2.79,0.558,0.074258,0.925743,0.965346,0.034654,0.757425,0.242574,0.20297,0.514852,0.557921,0.293069,0.322661,0.26132,0.49576,0.508416,0.0,0.127577,0.62955,0.024356,0.196701,0.318376,0.032419,0.135075,0.7,0.25,0.05,0.706183,0.034285,0.26913,0.048771,0.0,0.048771,"학기, 시험문제는, 과제가, 도대체, 만든, 내내, 배우는, 없고, 과제는, 팀플, 너도, 고통을, 유튜브는, 시작하실, 신청했습니다, 없는, 못하시고, 국제어고, 무슨, 제작한","배우는 건 없고 과제도 정말 혼란스럽지만 수업 안듣고 성적 잘 받기는 가장 좋은 과목,,, > 과제: PPT 제출 - 유튜브 제출 - 레포트 제출 총 3가지가 있음. PPT는 각자 할당받은 단원에 대해서 만드는거 ㅇ"
615,1937180,0.5120692593928585,0.41239432680348764,0.7446441021013906,3.723220510506953,20,133,3.22,0.644,0.296992,0.703008,0.902255,0.097744,0.609023,0.390977,0.424812,0.281955,0.540602,0.243609,0.025,0.214625,0.236162,0.0,0.0,0.0,0.050246,0.059771,0.099459,0.27399,0.064312,0.152656,0.15,0.35,0.5,0.0,0.034285,0.060322,0.0,0.0,0.0,"자료구조, 과제가, 과제, 강의는, 코딩문제, 자료구조를, 좋은, 과제로, 과제를, or, 충실히, 입장에서는, 많고, 하니까, 2개, 받았어요, 코로나, 같아요, 있다, 내내",과제가 많고 어려웠구 기말은 변별력이 없는것 같아요... 과제만 꾸준히 잘 하시면 좋은 성적 받을 수있을것같아요 얻어가는기 많은 과목이었습니다
616,485344,0.5114305545285598,0.4281112542019846,0.7058422552905689,3.5292112764528443,20,65,3.02,0.604,0.176924,0.823076,0.115385,0.884615,0.561539,0.438462,0.230769,0.669231,0.859231,0.086154,0.044774,0.246364,0.232429,0.137214,0.0,0.034431,0.067748,0.013755,0.046058,0.197822,0.205311,0.269096,0.15,0.3,0.55,0.217154,0.0,0.094032,0.012193,0.189799,0.094553,"cfd, 실험, 보고서, 조교가, 같다, 팀플, cfd는, 제품해체, 조원평가는, 자기들, 없어서, 소스, 팀운, 보고서에서, 어차피, 분석을, 점수가, 점수를, 학점, 보고서는",팀운 망겜인것같긴하다 보고서는 그냥 저냥 받았지만 팀을 잘만나서 무난히 끝냈다 cfd조교가 준비를 안하고 가르치는 느낌 왜에는 무난한 수업 교수님이 학점도 무조건 채워주시며 어차피 보고서에서 c+ 이하는 정해지니까 
617,486702,0.5112709489118638,0.40116921605197725,0.768174992251599,3.8408749612579953,6,46,3.78,0.756,0.445652,0.554348,0.836956,0.163044,0.554348,0.445652,0.043479,0.869565,0.658695,0.104348,0.0,0.0,0.0,0.0,0.0,0.0,0.0,0.0,0.0,0.0,0.0,0.0,0.166667,0.166667,0.666667,0.0,0.0,0.0,0.0,0.166667,0.036683,"얻어가는것도있고, 좋그, 가져가야는지, 지적해주심, 자유방식이라, 섞어가시면서, 약했던, 서양사를, 보완한, 서양사, 스트레스였다는, 써내는것으로, 달아주시진, 일전부터, 나무위키, 논리구조를, 하여, 지적을, 않는듯함, 프리",편하고 수업도 좋고 얻어가는것도있고 교수님도 좋그
618,1772113,0.5109234986194229,0.4443605924864512,0.6662369462630234,3.3311847313151173,20,94,3.32,0.664,0.419355,0.580645,0.903226,0.096774,0.473118,0.526882,0.2957,0.494624,0.430645,0.374194,0.335244,0.256138,0.498826,0.0,0.0,0.0,0.538663,0.107779,0.293355,0.397277,0.0,0.128096,0.4,0.2,0.4,0.092154,0.0,0.052075,0.0,0.0,0.0,"퀴즈, 기말, 4번, 시스템에, 시작시간을, 설정을, 밑에서, 미뤄지고, tf가, 있어서, 코로나, 시험공부할때, 시간을, 매번, 웹엑스, 문제를, 이게, 풀면서, 전에, 했는데","다 별로라고 하시는데 저는 나름 괜찮았어요. 강의력도 괜찮으시고 물론 시간을 잘 안지키시긴 하지만,,,, 그래도 수업 측면에서는 괜찮은 것 같아요. 그리고 교수님도 친절하셔서 퀴즈나 시험 오류같은거 있는거 말씀드리면"
619,78254,0.5108573363265737,0.4107874753531234,0.7443536785979579,3.721768392989789,20,504,3.8,0.76,0.61829,0.38171,0.970179,0.029821,0.44831,0.55169,0.423459,0.212724,0.411431,0.388072,0.0,0.0,0.0,0.0,0.0,0.0,0.044483,0.119254,0.185462,0.0,0.064312,0.096731,0.1,0.3,0.6,0.207805,0.026038,0.117428,0.0,0.0,0.0,"영어를, 솔직히, 섞어, 이게, 강의를, 족보, 적어도, 강의평, 아니라서, 나오기, 듣고, 설명이, 내용, 하는, 모르겠어요, 난이도, 교수님이, 다만, 하시는데, 쉬운","에타에서 족보 20~23년꺼 구입하시고 24,25는 강의평 보면서 일단 문제를 구하세요. 그리고 주구장창 예시답만 외우시면 에이플은 보장됩니다. 다만, 이렇게 안하면 성적 받기가 너무 어려워요."
620,2376941,0.510813102219728,0.3768338081123404,0.8234314551369657,4.1171572756848285,20,99,4.41,0.882,0.813132,0.186868,0.530303,0.469697,0.565657,0.434343,0.025253,0.944444,0.403535,0.39596,0.0,0.0,0.0,0.0,0.079047,0.034431,0.044483,0.048711,0.060889,0.0,0.038344,0.038344,0.1,0.1,0.8,0.0,0.026038,0.060322,0.0,0.079004,0.017388,"부담, 미디어톡은, 미디어톡, 헷갈립니다, 재밌어요, 고르시오, 미컴, 시험, 좋은, 모두, 유쾌하시고, 많아서, 수업도, 지엽적인, 재밌었어요, 힘듭니다, 않았어요, 범위가, 뭔가, 전공",교수님이 너무 좋아요 유쾌하시고 수업도 부담 없고 좋은 것 같습니다
621,103393,0.5105994338976452,0.3467541758360488,0.8929050360413702,4.46452518020685,20,91,4.51,0.902,0.412087,0.587911,0.93956,0.06044,0.769231,0.230769,0.208791,0.571429,0.153846,0.642857,0.0,0.219381,0.153615,0.0,0.0,0.0,0.0,0.045428,0.045428,0.0,0.064312,0.064312,0.05,0.05,0.9,0.0,0.084752,0.084752,0.0,0.0,0.0,"시험은, 하루는, 진행했는데, 두번째, 되게, 동영상, 깔끔한, 가르쳐, 문제들이, 좋으시고, 오프라인으로, 1시간, 수업때, 모르겠어요, 시험도, 나오는데, 한국어로, 나오고, 매주, 오프라인",교안 깔끔하고 강의 깔끔하고 시험문제도 깔끔한 좋은 강의입니다 그래서인지 시험도 평균이 대략 만점의 반은 넘습니다 과제가 매주 있고 양도 꽤 많지만 평소에 솔루션 안베끼고 본인힘으로 풀면 시험기간에 딱히 공부가 필요
622,78247,0.5105600297250987,0.36675158996811374,0.8461130558247304,4.230565279123652,20,121,4.61,0.922,0.342975,0.657025,0.938017,0.061983,0.512396,0.487603,0.103305,0.822314,0.402892,0.396694,0.0,0.116234,0.081389,0.0,0.0,0.0,0.0,0.14331,0.14331,0.0,0.064838,0.064838,0.0,0.05,0.95,0.0,0.052075,0.052075,0.0,0.0,0.0,"질문하는, 경제, 거시경제학, 경제학에, 어렵지만, 배울, 시험은, 개인적으로, 가장, 대학, 경2, 의도로, 거시를, 어렵습니다, 문제, 공부할, 경제학과, 비해, 들은, 이런","교수님 매우 따뜻하시다. 강의는 하루는 온라인 사전녹화, 하루는 대면으로 질의응답식으로 진행된다. 과제는 네번, 3문제 정도 풀어서 내면 된다. 어렵지만 쉽게 사고하고 접근할 수 있도록 도와주시고 큰 부담 없이 공부"
623,120624,0.5105286304749487,0.38989065980914545,0.7920172286951561,3.9600861434757806,20,206,3.69,0.738,0.415048,0.584951,0.373787,0.626213,0.475728,0.524272,0.07767,0.84466,0.68301,0.172088,0.0,0.090191,0.09473,0.0,0.0,0.0,0.121459,0.0,0.033251,0.098911,0.179871,0.211763,0.1,0.05,0.85,0.0,0.033805,0.059843,0.0,0.65,0.143063,"발표, 스크립트, 발표는, 점수, 싫은, 자신감, 영어, 퀴즈, 중요하게, 에이쁠, 3번, 평균보다, 평가, 어느정도, 사실, 받았습니다, 좋음, 상적을, 좋구, 탄탄해요",개인적으로 가장 얻어가는게 많았던 과목 영어 외에도 발표스킬이나 대본 짜는법같은걸 배울수 있어서 좋았다. 교수님도 되게 재밌으심
624,1772294,0.5104122133785984,0.43885478402467515,0.6773795485377527,3.3868977426887636,20,69,3.49,0.698,0.507247,0.492754,0.963768,0.036232,0.5,0.5,0.195653,0.615943,0.42029,0.376812,0.075,0.061321,0.107346,0.0,0.361705,0.15755,0.461665,0.126462,0.289739,0.098911,0.032419,0.064312,0.35,0.2,0.45,0.0,0.069123,0.069123,0.0,0.055398,0.012193,"참여점수, 참여점수가, 영어로, 단답형, 차이가, 교수님이, 시험은, 영어, 질문에, 봤는데, 솔직히, 스펠링, 책을, 원하셔서, 답하면, 채점하시는, 훨씬, 열심히, 때문에, 12",시험이 쉽습니다! 추천합니다! 교수님이 수업 때 질문하는 것에 큰 걱정이 되지 않아도 돼요!
625,3057978,0.5096950141840844,0.3499759176593834,0.8823729060750536,4.411864530375268,20,92,4.25,0.85,0.461956,0.538044,0.97826,0.02174,0.548913,0.451087,0.483695,0.097826,0.395652,0.406522,0.0,0.211042,0.147776,0.0,0.0,0.0,0.0,0.067258,0.067258,0.0,0.064838,0.064838,0.0,0.0,1.0,0.0,0.026038,0.026038,0.0,0.0,0.0,"퀴즈도, 여러번, 오픈북이라, 무제한이라, 퀴즈, 경제, 있어서, 하셔야, 시험, 들으면서, 퀴즈는, 시험도, 그래도, 좋은, 열심히, 듣기, 대비나, 암기말고, 있으실거, 통합사회에서",성적 잘 받고싶으면 퀴즈 열심히 푸세요! 완전히 이해하는게 중요합니다
626,2594773,0.5087247996610769,0.3812233782702223,0.8062281162397374,4.031140581198687,20,98,3.51,0.702,0.535714,0.464286,0.97449,0.02551,0.535714,0.464286,0.540817,0.081633,0.4,0.4,0.0,0.061321,0.064408,0.0,0.0,0.0,0.256956,0.065336,0.161614,0.0,0.0,0.0,0.1,0.15,0.75,0.092154,0.026038,0.052075,0.0,0.0,0.0,"온라인이라, 독학, 않으셔서, 과제도, 독학할, 시험, 좋지는, 독학으로, 강의력은, 추천합니다, 강의력이, 적은, 오픈북이라, 문제, 거의, 있긴, 무난하게, 추천드립니다, 시험은, 공수정도는","공수1 & 2는 이 교수님 들으면 개꿀임 어짜피 공수정도는 독학 가능하고, 풀 온라인에 과제도 별로없음"
627,2086894,0.5086095883665087,0.3533734519386202,0.8708272400315822,4.354136200157911,20,128,4.27,0.854,0.417969,0.582032,0.132812,0.867188,0.714843,0.285156,0.375001,0.238281,0.448437,0.346875,0.0,0.061321,0.042938,0.0,0.101806,0.044344,0.0,0.040275,0.040275,0.0,0.064838,0.064838,0.05,0.05,0.9,0.0,0.026038,0.026038,0.0,0.0,0.0,"매주, 열성이, 재미없고, 성적이, 역사에, 재밌게, 정리해서, 열심히, 수업인, 힘들었지만, 교수님께, 평소, 과제가, 절대, 않아요, 좋으세요, 좋고, 별로, 부담이, 상상의",과제가 별로 안 어렵고 성적도 잘 주십니다. 직배로 걸리신 분들 복받으신겁니다
628,44021,0.5084863064260186,0.4612954593894466,0.6185982828446868,3.092991414223434,20,135,3.41,0.682,0.27037,0.72963,0.225926,0.774074,0.57037,0.429629,0.296296,0.359258,0.963333,0.020741,0.125,0.091982,0.214692,0.0,0.0,0.0,0.0,0.013755,0.013755,0.197822,0.032419,0.128623,0.5,0.2,0.3,0.0,0.0,0.0,0.0,0.110795,0.024386,"과제, 듣지마, 듣지, 말라면, 이거, 모르겠음, 나쁘게, 기준에, 빼고, 피드백을, 수강신청, 여러번, 마세요, 1번, 과제는, 과제가, 에세이, 항상, 마지막, 점수를","짜잘한 과제는 많은데 중요한 과제는 팀플 1번, 개인 1번 뿐임 심지어 팀플 과제는 책 요약만 하면 돼서 실질적으로 긴 글 쓰는건 기말 1번밖에 없음 앙 개꿀띠 ㅋㅋ"
629,241836,0.5077796406527585,0.4499580025990232,0.6426967961114745,3.2134839805573723,20,84,2.85,0.57,0.422619,0.577381,0.404762,0.595238,0.648809,0.35119,0.303571,0.440477,0.399405,0.399405,0.073839,0.0,0.063411,0.702899,0.0,0.176378,0.853738,0.016625,0.250345,0.749069,0.087017,0.328543,0.7,0.1,0.2,0.119647,0.0,0.033805,0.048141,0.0,0.048141,"꿈에도, 갑자기, 없다, 번역, 수업은, 학생들이, 그는, 시스템, 50분, 1점도, 앞자리, 비율을, 같은, 기말고사, 40, 듣지마세요, 학생이, 최악의, 아니다, 수업도",약간 아쉬웠던 점은 출결을 너무 허술하게 관리했단점. 전자출결로 출석이 바뀐 이후 이걸 악용하는 학생들을 많이봐 어쩔수 없었지만 교수님이 조금 더 꼼꼼히 출석을 체크하셨다면 좋았을것같습니다. 차라리 호명하는게 더 나
630,2376911,0.5066724090844589,0.41395491961839986,0.7230132178385965,3.6150660891929824,20,108,3.03,0.606,0.694445,0.305556,0.962963,0.037037,0.513889,0.486111,0.439815,0.162037,0.4,0.4,0.0,0.091982,0.064408,0.0,0.0,0.0,0.0,0.105612,0.105612,0.0,0.032419,0.064312,0.25,0.25,0.5,0.0,0.026038,0.026038,0.0,0.0,0.0,"집중하기, 교안, 산만해서, 수업이, 연습문제, 설명력이, 혼자, 수업에, 정리가, 그래도, 열정적이십니다, 말할, 보면, 공부해도, 어려웠습니다, 수업을, 스스로, 말을, 교수님이, 푸는",교수님은 정말 열정적이시고 좋은 분이지만.. 교수님 수업에 집중하기가 굉장히 힘듭니다.
631,42965,0.5065000968908877,0.3760149655493944,0.8109654033543721,4.05482701677186,20,70,4.19,0.838,0.942857,0.057143,0.942857,0.057143,0.492857,0.507143,0.078571,0.778571,0.051428,0.705,0.0,0.030661,0.021469,0.0,0.0,0.0,0.0,0.113986,0.113986,0.0,0.05,0.05,0.1,0.15,0.75,0.0,0.092519,0.092519,0.0,0.0,0.0,"어딜, 내시기, 화면, 시험에, 3문제, 시험, 세번, 열심히, 부분도, 때문에, 연습문제, 나오는데, 시험을, 교재, 공부를, 문제는, 따로, 했는데, 데이터통신을, 되어버림",시험이 세번이지만 과제가 없어서 괜찮은 것 같습니다. 수업도 교수님이 설명을 잘 해주셔서 유익합니다. 다만 시험에 나오는 유형이 예측이 힘들다는거... 열심히 한 보람이 없어지는 것은 슬프네요ㅎㅎ
632,2168927,0.5062369495666158,0.3516842493712932,0.8668599166890353,4.334299583445176,20,67,4.66,0.932,0.298507,0.701492,0.955225,0.044776,0.552238,0.447761,0.470149,0.089552,0.39403,0.408955,0.0,0.137078,0.095984,0.0,0.0,0.0,0.0,0.11281,0.124988,0.0,0.064838,0.097257,0.0,0.05,0.95,0.0,0.052075,0.052075,0.0,0.0,0.0,"과제가, 많아, 계산으로, 강의력이, 분포가, 계산실수, 10개, 점수가, 인공지능, 갈립니다, 과제는, 예를, 깊게, 기말로, 시험이, 시험은, 굉장히, 복습, 주시는, 계산",강의력이 굉장히 좋고 코딩도 별로안합니다. 시험은 계산이 중점이고 학점은 아주 잘주는것 같지는 않습니다.
633,42918,0.5062333637642383,0.4484386105211906,0.6410877879980164,3.205438939990082,20,726,2.63,0.526,0.637053,0.362947,0.928374,0.071625,0.490358,0.509642,0.464187,0.143251,0.567768,0.225137,0.220618,0.165947,0.337236,0.0,0.0,0.0,0.369439,0.039689,0.154582,0.100545,0.0,0.032419,0.55,0.1,0.35,0.121343,0.0,0.034285,0.0,0.0,0.0,"퀴즈, 토요일, 강매, 논문, 아침에, 아침, 퀴즈가, 기말, 70, 사례, 4번, 이걸, 시험, 교안이, 하지만, 순삭됐어요, 이가, 썩을지경, 썩었어요, 검수도","기말 시험 한 번이라 좋은 것 같습니다. 기업 사례 담긴 논문 읽고 보는 사례 퀴즈가 있는데, 한 번 정도 정독하고 봐도 잘 풀 수 있을 정도로 어렵지 않습니다. 교안이 엉망이긴 하지만 강의 들으면 이해가서 괜찮습니"
634,2893023,0.5062241176012726,0.3740343313991154,0.814666952072973,4.073334760364865,20,121,3.95,0.79,0.206612,0.793389,0.181818,0.818182,0.719009,0.280992,0.495868,0.090909,0.544628,0.234711,0.0,0.030661,0.021469,0.0,0.0,0.0,0.0,0.016625,0.016625,0.0,0.0,0.0,0.05,0.25,0.7,0.0,0.026038,0.026038,0.0,0.131122,0.041052,"팀원, 오픈북이라, 잘만나는게, 조원을, 목소리가, 팀플은, 너무너무, 어려움, 나옴, 평소학습등, 기말밖에, 짜야함, 1학기내내고생, 제미나이는, 과제평가도, 했자만, 조원만나는게중요함, 조원잘만나면, 러닝페러하는데, 딱히어려움은",팀플 원하는 사람끼리 할 수 있어서 좋음. 과제 약간 빡셈
635,490997,0.505750189964504,0.3752583755103201,0.8102310903576003,4.051155451788001,20,73,4.19,0.838,0.650685,0.349315,0.972602,0.027397,0.527397,0.472602,0.280822,0.506849,0.429453,0.367809,0.0,0.061321,0.042938,0.0,0.204968,0.089279,0.0,0.040275,0.056901,0.0,0.038344,0.038344,0.05,0.2,0.75,0.0,0.094607,0.165243,0.0,0.0,0.0,"강의력은, 예제, 비율, 코로나학기, 대놓고, 열심히, 독학, 학점은, 때문에, 하는, 피피티, 아주, 추천드립니다, 웹어싸, 거쳤으면, 문제들이다, 나갈만해요, 풀이해, 못첬다고, 과제풀정도만",중간 없고 기말만 있어서 너무 좋았다 웹어싸 네번 중에 마지막 꺼 빼곤 그냥 고등학교 잘 거쳤으면 풀 수 있을 문제들이다 강의 아예 안듣고 마지막 웹어싸 부분 모르는 내용 좀만 공부하면 된다
636,2376748,0.5055079844930063,0.3530735459660021,0.8611883410560163,4.305941705280081,20,158,4.31,0.862,0.426752,0.573249,0.108281,0.891719,0.579618,0.420382,0.101911,0.694268,0.40414,0.402548,0.0,0.120852,0.084623,0.0,0.0,0.0,0.0,0.076222,0.076222,0.0,0.0,0.0,0.0,0.05,0.95,0.0,0.0,0.0,0.0,0.404503,0.08903,"빡세지만, 좋음, 전전주차, 전주차에, 잘못만나게, 간절한, 회의해야해요, 선택하는게, 쫄린다, 영어수업, 성적컷이, 칠해진, 가능이다, 개꿀이라고, 과영버리고, 절못만나서, 개고생함, 팀원뽑기싸움, 선택하십시오, 조원만나는게",시험 전 수업에 리뷰 퀴즈 같은거 게임 형식으로 하는데 이 때 집중하면 시험 편함. 시험 부담은 사실상 없는 편. 다만 과제는 기말 때 쯤에 몰아 있음. 쭉 없다가 기말 전전주차 ~ 전주차에 5시간 가량 써야함.
637,42354,0.505270001962495,0.3675283881997313,0.8266671007422771,4.133335503711385,20,128,4.02,0.804,0.347656,0.652344,0.933594,0.066406,0.507812,0.492188,0.042969,0.886719,0.402734,0.396875,0.025,0.030661,0.042938,0.0,0.079047,0.034431,0.0,0.073526,0.073526,0.0,0.031892,0.031892,0.05,0.1,0.85,0.119647,0.162864,0.196669,0.0,0.0,0.0,"강의력, 진도가, 제어, 과제도, 실수하면, 내셔서, 이미, 진도를, 설명해주십니다, 예제, 출튀, 나와서, 없습니다, 없이, 내려간다, 수강해봤지만, 학부생이, 다루기에는, 들어갈수록, 난해해지고",강의를 참 잘하신다. 매 강의를 또 녹화로 올려주셔서 좋다. 출결은 랜덤으로 몇명 부르신다. 하지만 시험이 너무 변별력이 없는듯 하다. 어디서 본적있는듯한 익숙한 문제들만 나와서 실수하면 훅 가는거 같다. 학점은 좀
638,103304,0.5049939419853352,0.37898681077618673,0.7990105814733485,3.9950529073667425,20,156,4.63,0.926,0.266026,0.733974,0.974359,0.025641,0.38141,0.61859,0.096154,0.849359,0.403846,0.397436,0.0,0.214625,0.150285,0.0,0.101806,0.044344,0.0,0.199428,0.199428,0.0,0.055124,0.055124,0.0,0.1,0.9,0.0,0.052075,0.078113,0.0,0.0,0.0,"paper도, term, 성적은, 개념을, 있고, 가정, 기출에서, 과제, 원리를, 과제는, 과제가, 경우에는, 쁠을, 어려운, 모두, 거기서, 시험은, 학기, 좋으시고, 강의력","A+ 받았습니다! 1. 출결 일주일 중에 한 타임은 온라인 강의로 대체하고, 한 타임은 대면 수업으로 진행합니다. 대면 수업 때 호명을 하시기는 하는데 첫 수업 시간에 말씀해주시기를, 나중에 쁠을 달지 말지 결정하는"
639,2249296,0.5048548056206805,0.41890872445307065,0.7053956616784371,3.5269783083921857,20,140,3.61,0.722,0.260715,0.739286,0.107144,0.892858,0.521428,0.478572,0.057143,0.857142,0.870357,0.050715,0.05,0.030661,0.064408,0.0,0.113957,0.049637,0.0,0.012178,0.012178,0.0,0.207506,0.239399,0.25,0.1,0.65,0.0,0.0,0.0,0.027319,0.224125,0.076648,"과기글은, 조별과제, 연구계획서, 조별과제에서, 하지, 조장은, 조장이, 계획서, 연구, 가장, 교수님의, 조별과제가, 참고로, 있는데, 꽉꽉, 않아, 받는, 교수님께, 마세요, 개인","과기글이라는 수업중에는 가장 유익한 교수님이 아닐까 싶습니다. 다른 분들이 말하시듯이 교수님이 있는 톡방에서 말을 해야하는건 맞고, 카피킬러가 억까인건 맞지만. 질문하면 빠른 답변이 돌아오고, 수업을 꽉꽉 채우시지만"
640,241834,0.5046532650576259,0.3503313762792033,0.8647376722072786,4.3236883610363925,20,178,4.04,0.808,0.665731,0.334269,0.963483,0.036517,0.620787,0.379213,0.345506,0.275281,0.349719,0.463484,0.0,0.030661,0.042938,0.0,0.079047,0.034431,0.090277,0.024295,0.102167,0.098911,0.0,0.031892,0.05,0.1,0.85,0.0,0.033805,0.033805,0.0,0.0,0.0,"무난한, 전체적, 문제를, 예상, 그래도, 설명해주시는, 매우매우, 여기서, 좋지만, 내용이, 배워가는, 채점, 답을, 교수님이, 매우, 전반적으로, 수업에서, 같아요, 약간, 중요한","무난한 수업인데 좀 졸리긴 합니다. 그래도 쉽게 잘 설명해주셔서 이해는 잘 되어요. 시험문제는 교안 외에 교수님이 설명해주시는 것까지 잘 숙지하셔야됩니다. 서술형 문제가 출제되는데, 채점 기준이 굉장히 엄격하세요. "
641,2086898,0.5046231084345627,0.44100382542831895,0.653068102115798,3.26534051057899,20,162,3.1,0.62,0.614197,0.385803,0.774691,0.225309,0.734568,0.265433,0.185186,0.598766,0.416358,0.382407,0.0,0.030661,0.021469,0.0,0.0,0.0,0.290617,0.012178,0.14419,0.0,0.0,0.038344,0.6,0.15,0.25,0.0,0.0,0.035318,0.011005,0.0,0.011005,"모르겠는, 외우고, 직배, 걸리면, 외우다, 암기입니다, 일본인, 교수님은, 통으로, 일본, 시험, 전부터, 이해가, 착하심, 있는지, 외워야, 필요, 없고, 외우면, 보는데",솔직히 직배라서 걸렸지만 교수님 너무 착하심 ㅠㅠ 외울 건 많지만 충분히 들을만한 과목임
642,42772,0.5044786505272582,0.38432068404986336,0.7848472389745128,3.924236194872564,14,54,4.22,0.844,0.083334,0.916667,0.240741,0.759259,0.444445,0.555555,0.00926,0.981481,0.484259,0.303704,0.0,0.348375,0.274609,0.0,0.225849,0.098374,0.0,0.147525,0.164921,0.0,0.092626,0.092626,0.0,0.142857,0.857143,0.0,0.050454,0.050454,0.0,0.534464,0.176574,"발표, 과제가, 조원들과, 토론하는, 생각합니다, 과제, 과제는, 사회복지학의, 사회복지학에, 사회복지의, 배울, 매주, 좋은, 받을, 여러번, 하는, 시험, 중요합니다, 조별, 미리미리",수강할 당시에는 과제도 많고 팀플 때문에 힘들었으나 돌아보면 사회복지학의 기초를 잡는 유익한 시간이었습니다. 지금까지도 전혀 잊어버리지 않았구요. 힘들겠지만 성실히 하시다보면 좋은 성적 받을 수 있습니다
643,77884,0.5038448426594268,0.38774738306039297,0.7747389150571723,3.8736945752858616,20,174,4.32,0.864,0.263006,0.736994,0.953757,0.046243,0.647399,0.352601,0.326589,0.372833,0.450578,0.342196,0.0,0.030661,0.021469,0.0,0.079047,0.034431,0.342341,0.052453,0.182644,0.098911,0.038344,0.102656,0.25,0.1,0.65,0.0,0.0,0.0,0.0,0.0,0.0,"논문을, 논문, 조금, 대한, 기술관리, 논문읽고, 매주, 조교는, 어떤, 내용, 시험은, 시험, 조교가, 내용은, 한다는, 무난하고, 기말, 읽는, 배웁니다, 강의에",기말과제랑 중간과제 키워드 다 외워야하고 그냥 일주일마다 하나씩 외우면 될듯
644,2377156,0.5030719198996118,0.45313863972683366,0.6195829069694273,3.0979145348471366,20,72,2.67,0.534,0.368056,0.631944,0.076389,0.923611,0.534722,0.465278,0.083334,0.680556,0.95764,0.027084,0.05,0.0,0.064408,0.0,0.0,0.049637,0.214659,0.0,0.058765,0.100545,0.032419,0.064838,0.4,0.3,0.3,0.140431,0.0,0.039678,0.040586,0.079004,0.075363,"조원, 팀원, 제페토, 평가, 배우는, 않았는데, 조교님들이, 우리, 솔직히, 열심히, 없는, 수업을, 하지, 없고, 보는, 에쁠, 하시면, 내가, 특히, 같은",생각보다 재밌습니다. 다른 과목과 달리 조금 힐링할 수 있는 과목이에요… 아 그리고 성적은 랜덤인데 되게 잘 주시는 것 같아요
645,2829592,0.5028228170182305,0.3719568004647723,0.8081768556429666,4.040884278214833,20,61,4.23,0.846,0.311476,0.688524,0.172131,0.82787,0.5,0.5,0.442623,0.114754,0.409836,0.393443,0.0,0.280972,0.235193,0.0,0.0,0.0,0.0,0.160468,0.269116,0.0,0.0,0.0,0.0,0.15,0.85,0.0,0.035318,0.069123,0.0,0.32159,0.070781,"팀플이, 성적은, 교수님이, 보고서, 매주, 교수님은, 친절하고, 팀플, 힘들어요, 학생들, 중간, 간단한, 헷갈리게, 시험은, 받아야, 그래도, 메일, 2점, 이름을, 예시를",무난한 수업. 좋습니다. 교수님 학생에 관심 많이 가지십니다.
646,1325340,0.5026321081977743,0.34231221173373694,0.8767118666138616,4.383559333069308,20,89,4.45,0.89,0.544944,0.455056,0.52809,0.47191,0.668539,0.331461,0.101123,0.758427,0.363483,0.45618,0.0,0.075756,0.053046,0.0,0.0,0.0,0.0,0.066795,0.066795,0.0,0.032419,0.032419,0.0,0.1,0.9,0.0,0.067611,0.067611,0.0,0.124125,0.027319,"전공수업, 내용, 재무, 설명도, 교수님이, 차근차근, 잘하시고, 시험도, 무난한, 문제도, 이해, 아직, 중간에, 정도로, 처음, 개념문제가, 갓희준, 전공입니당, 희준, 파이낸스",개인적으론 최고의 전공수업. 수업 마지막 시간에 지금까지 배웠던 모든 내용을 총정리 및 요약해주신 교수님은 처음이었다
647,2315315,0.5015351892423393,0.416902190839897,0.6990121855147049,3.4950609275735243,20,110,2.86,0.572,0.409091,0.590909,0.581819,0.418181,0.577273,0.422728,0.281818,0.327273,0.686364,0.072727,0.0,0.0,0.0,0.137214,0.0,0.103293,0.0,0.0,0.0,0.0,0.031892,0.031892,0.1,0.5,0.4,0.0,0.0,0.0,0.0,0.0,0.0,"인터뷰, 인터뷰가, 인터뷰로, 빨리, 끝내주셔서, 출결이, 끝납니다, 영어, 출석, 수업이, 과제도, 일찍, 있긴, 오프라인, 학생들이, 것이, 인공지능이라는, 분야랄, 흝는, 세션이라는",수업 빨리 끝내주셔서 좋아요. 과제도 적당해요.
648,484283,0.501044148156879,0.37597473245005547,0.7928727848061339,3.9643639240306694,18,58,3.79,0.758,0.327587,0.672413,0.508621,0.49138,0.568966,0.431034,0.439655,0.439655,0.4,0.4,0.0,0.0,0.0,0.0,0.0,0.0,0.049426,0.180908,0.207969,0.0,0.078626,0.078626,0.055556,0.166667,0.777778,0.0,0.028931,0.057861,0.0,0.123106,0.027095,"아이코어는, 시험시간이, 교수님이, 2학년때, 영상, 부족하고, 2학년, 수업하시는데, 시험, 배우는, 중간때, 팀플에, 풀어보세요, 유튜브, 있도록, 문제, 빨리, 그리, 하심, 팀플이",성대에서 들어본 강의 중 최고의 교수님. 수업시간도 너무 재밌고 수업도 잘하신다. 공부한만큼 시험도 나오는거 같지만 중간때 시간이 부족하고 문제 스타일이 난해해서 좀 침착하게 풀어야 되는것 같다. 기말은 쉬운편이어서
649,2376746,0.5008875850061177,0.4252043693090461,0.6774817549659515,3.3874087748297574,20,68,3.21,0.642,0.205882,0.794117,0.044117,0.955883,0.382352,0.617646,0.44853,0.066176,0.967647,0.022794,0.08699,0.173609,0.270973,0.0,0.158094,0.068862,0.044483,0.028097,0.054617,0.0,0.064838,0.114838,0.15,0.3,0.55,0.0,0.0,0.0,0.047583,0.347731,0.147315,"이메일, 발표, 이력서, case, 중국인이, 비즈니스, 중국인들이, 깐깐하지만, study, 영어로, 하시는, 리포트, 점수로, 영어, 다행히, 과목, 글로벌, 하라는, 때문에, 식으로",🇨🇳人看这里：必修教养课里自认为在글로벌里面对我宝藏好课了，课总体来说不算难，每节课都会有课件（case study案例研究），小组讨论每节课都有所以所以i人来说比较不友好，如果是i人或者混学分的同学不建议去上这门课， 没有考试，使用发表代
650,2086888,0.5001496181511562,0.3747035563980832,0.7928570955749935,3.9642854778749674,20,114,3.67,0.734,0.504385,0.495613,0.368422,0.631579,0.596491,0.403509,0.241228,0.557017,0.663596,0.157018,0.0,0.030661,0.021469,0.0,0.0,0.0,0.067748,0.012178,0.030725,0.098911,0.096204,0.128096,0.2,0.05,0.75,0.0,0.0,0.0,0.0,0.068727,0.015127,"정치적, 발언, 학점은, 호불호가, 모호해지는, 하심, 정치색, 격주로, 맞으면, 생각했는데, 재밌었습니다, 교수님입니다, 걸리면, 대학, 관심, 학점, 느낌, 글쓰기, 좋을, 좋음",격주로 토론하여 지루함이 덜 합니다 교수님 유쾌하시나 호불호가 갈릴 듯 합니다 저는 재밌었습니다
651,2249281,0.4995561297652429,0.3497561529665384,0.8490894089622201,4.2454470448111,6,46,3.96,0.792,0.456522,0.543478,0.206521,0.793478,0.717391,0.282608,0.119566,0.804349,0.452174,0.338043,0.0,0.0,0.0,0.0,0.0,0.0,0.0,0.0,0.0,0.0,0.106308,0.106308,0.0,0.166667,0.833333,0.0,0.0,0.0,0.0,0.0,0.0,"많은, 못했던, 너무너무, 하지만, 내가, 자체는, 교양으로나온다면, 해가고, 버거웠다, 사마천, 읽었다면, 있었을까라는, 한자나, 지루했지만, 생각해보지, 싫었다, 사기를, 편에, 속함, 얘기하는거",솔직히 과제도 많고 교재도 어렵고 지루했지만 교수님이 너무너무 좋으심 참여 많이 해주세요 내가 생각해보지 못했던 주제를 생각해볼 수 있었고 많은 걸 얻어간 수업 근데 교재는 진짜.. 읽기 싫었다....
652,44018,0.49816048511060795,0.4202537724497776,0.6799428146525458,3.399714073262729,20,259,3.35,0.67,0.194981,0.805019,0.364865,0.635135,0.534749,0.465251,0.032819,0.938224,0.914093,0.063706,0.025,0.061321,0.064408,0.0,0.0,0.0,0.0,0.0,0.016625,0.0,0.064312,0.096204,0.3,0.15,0.55,0.0,0.0,0.0,0.0,0.068727,0.015127,"프로타고라스, 일주일에, 에세이를, 책으로, 글쓰기, 4번, 6000자, 글을, 추천, 보면, 철학에, 좋았습니다, 번만, 때문에, 논문, 받는, 하루, 써서, 쉽지, 돼서",어렵긴 하지만 논리적으로 글쓰는 법을 배울수있어서 좋습니다 추천
653,77840,0.49800121413094567,0.37918591236053056,0.7752369182619143,3.8761845913095714,20,70,3.51,0.702,0.392856,0.607142,0.9,0.1,0.635714,0.364286,0.342857,0.464285,0.435,0.36,0.025,0.091982,0.085877,0.0,0.0,0.0,0.112232,0.09471,0.125435,0.0,0.064312,0.064312,0.25,0.05,0.7,0.0,0.0,0.0,0.0,0.0,0.0,"기출이랑, 구하세요, 기말, 한방이었는데, 무조건, 바쁘셔서, 휴강이, 조건, 기말고사, 많아서, 시험은, 학점은, 똑같이, 과제, 많다, 교수님이, 끝나고, 물론, 출석은, 제대로",응유... 자신있는 사람만 듣기를 이번에는 기말 한방이여서 기말기간때 진짜 머리터질뻔 했거 자괴감 많이 들었음. 하지만 학점은 잘주시는듯
654,2087040,0.49794592090797063,0.44270153503660864,0.6268494879411488,3.134247439705744,15,55,3.22,0.644,0.372727,0.627273,0.681818,0.318182,0.699999,0.299999,0.372727,0.236364,0.590909,0.254546,0.126366,0.067954,0.203685,0.0,0.0,0.0,0.059311,0.0,0.111068,0.0,0.0,0.179397,0.4,0.533333,0.066667,0.0,0.0,0.088643,0.0,0.0,0.044444,"경영통계, 경통, 사이트에, 어렵지, 주시는, 외부, 엑셀, 소통, 기말은, 코드, 공지, 학기, 경우가, 중간중간, 없고, 들어야, 있긴, 어차피, 코로나, 뭔가",왜 이 강의가 2점대인지 ... 잘 모르겠음 물론 딱히 얻어가는 것도 없고 휴강도 한 두어번 있고 수업시간에 공지해주겟다~ 하고 공지안해주는 것도 많긴 했지만 그닥 중요한 것들은 아니었어서 상관 없었음 중간고사는 지
655,227826,0.4978827105963708,0.4428170157978957,0.6263693317928127,3.1318466589640637,20,145,2.79,0.558,0.572414,0.427586,0.951724,0.048276,0.686208,0.313794,0.268966,0.458621,0.384483,0.422414,0.13677,0.0,0.162684,0.0,0.0,0.0,0.414019,0.0,0.113342,0.402178,0.0,0.129677,0.7,0.15,0.15,0.115651,0.0,0.066482,0.0,0.0,0.0,"안알려줌, 가운데, sungho, 보이지도, kim, 성적은, 시험, 강의는, 앉아서, 수업시간에, 유튜브, 눈에, 대한, 독학, 안에, 질문을, 하시는데, 성적, 문제도, 개념",개꿀입니다 강의 좀 놓쳐도 p 받을 수 있습니다. 과제는 gpt를 믿으세요
656,77566,0.4977652247528903,0.3520123231117225,0.837855328582282,4.18927664291141,20,93,4.19,0.838,0.241935,0.758064,0.134408,0.865591,0.602151,0.39785,0.107527,0.693549,0.637097,0.129032,0.0,0.030661,0.021469,0.0,0.0,0.0,0.0,0.0,0.012178,0.0,0.095677,0.095677,0.0,0.1,0.9,0.0,0.0,0.0,0.0,0.27159,0.071969,"많은, 얻어가는, 뛰는, 발로, 서로, 있도록, 팀플, 인적, 굉장히, 좋은, 자율적으로, 학생들끼리, 팀플과, 팀플이, 교수님께서, 있었습니다, 번의, 사례를, 친해질, 학생들한테",얻어가는 것이 많은 수업입니다! 교수님께서 인적 자원을 중요하게 말씀하시면서 서로 친해지는 분위기를 조성하시고 팀도 자율적으로 짤 수 있게 해주십니다. 교수님께서 수업 참여도를 중요하게 생각하시는 분이라 적극적인 참
657,2455050,0.49727791560858015,0.44439857323208276,0.6206630478204076,3.103315239102038,20,224,2.8,0.56,0.272321,0.727679,0.066964,0.933036,0.462054,0.537946,0.062499,0.640624,0.948883,0.020312,0.025,0.0,0.021469,0.0,0.0,0.0,0.0,0.0,0.0,0.356159,0.032419,0.211569,0.4,0.35,0.25,0.0,0.0,0.0,0.073732,0.210126,0.11998,"과목, 팀플, 조별활동, 성적, 창융디, 열심히, 모르겠는, 조원, 하세요, 평가, 같은, 없이, 조장역할, 하지마라, 이끌어도, 깎아먹는, 좋아하시네요, 창융디의, 제페토같은거, 의도는",mbti 매우 좋아하시네요 그래도 열정적이심 별점이 낮은 건 창융디의 한계
658,2249292,0.4970513522528631,0.4044304925405626,0.7131666915815643,3.5658334579078215,20,82,4.26,0.852,0.451219,0.54878,0.719512,0.280488,0.579268,0.420732,0.323171,0.304878,0.310975,0.536585,0.025,0.151512,0.127561,0.0,0.0,0.0,0.147119,0.12608,0.178533,0.395643,0.070763,0.198333,0.45,0.05,0.5,0.125,0.0,0.035318,0.0,0.0,0.0,"달달, 시험, 퀴즈2, 들었습니다, 학점, 피피티에, 단어, 모두, 계절로, 시험은, 강평, 점수, 평균보다, 코로나, 쉽고, 학점이, 그대로, 수백개, 문장에, 적용할줄아면",최종 점수가 평균보다 7.5점 정도 높은데 에이쁠 나왔습니다. 참고하세요.
659,2893443,0.4969300245314906,0.464288682087029,0.573093156901901,2.865465784509505,12,52,3.4,0.68,0.557692,0.442308,0.980769,0.019231,0.769231,0.230769,0.548077,0.0,0.423077,0.384615,0.083333,0.0,0.107346,0.0,0.0,0.0,0.0,0.0,0.0,0.0,0.0,0.0,0.666667,0.333333,0.0,0.0,0.0,0.0,0.0,0.0,0.0,"발음, 끝내심, 매번, 교안은, 알아듣기, 늦게, 못하시는것도, 가르치시는걸, 설명해주는게, 1점까지는, 타이핑이라, 헬이네요, 지저분하고, 독학해야되긴, 5분이상, 행렬계산실수가, 열람이, 담주부터, 2주차때, 워드나","솔직히 일관성 없고 계산 못하시는것도 맞음, 근데 가르치시는걸 왜 배우는지 설명해주는게 매우 좋았음. 1점까지는 아닌것 같음."
660,491048,0.49390734947703485,0.45621378821095104,0.5818589924312304,2.909294962156152,20,117,2.87,0.574,0.440171,0.559829,0.965812,0.034188,0.555555,0.444445,0.401709,0.260684,0.410256,0.391026,0.075,0.0,0.064408,0.902158,0.0,0.226378,0.327165,0.052812,0.142376,0.197822,0.0,0.095677,0.7,0.15,0.15,0.303954,0.0,0.08588,0.0,0.0,0.0,"안잡음, 화학, 칠판에, 강의하시고, 않음, 출튀를, 별로, 전까지, 베이스, 기말고사, 공지도, 전자출결, 독학, 아무것도, 다른, 학점, 출튀, 기말, 그대로, 제대로","강추 출튀 안잡음 추가과제 없음 중간,기말 올 객관식"
661,42850,0.4917368930346066,0.410978126488569,0.680174014975361,3.400870074876805,10,50,2.98,0.596,0.36,0.64,0.96,0.04,0.68,0.32,0.42,0.22,0.186,0.656,0.0,0.0,0.0,0.0,0.0,0.0,0.447453,0.111363,0.233858,0.0,0.128623,0.128623,0.3,0.3,0.4,0.0,0.0,0.0,0.0,0.0,0.0,"화폐, 별로임, 뭔가를, 하나를, 국제어라, 배우는게, 하니까, 객관식, 쉬워서, 학점을, 나오는, 추천, 출판사에서, 보내주는, 채워가려면, 부르시며, 월스트리트저널에서, 뽑아, 4문제의, 월스트리트",학점 채워가려면 좋은 수업이라 생각듭니다. 귀찮은게 없어서 좋네요
662,2657692,0.4909862509742854,0.39954461149046905,0.7043500764365236,3.521750382182618,11,51,3.63,0.726,0.205883,0.794118,0.333334,0.666667,0.519608,0.480393,0.32353,0.294118,0.728431,0.027451,0.0,0.0,0.0,0.0,0.0,0.0,0.0,0.073232,0.10346,0.0,0.058944,0.058944,0.181818,0.272727,0.545455,0.0,0.0,0.0,0.020009,0.090909,0.040018,"생명과학, 협약, 생명과학을, 새내기, 채워주신다고, 내가, 진행하시며, 양호한, 문과한테, 고전명저북클럽을, 신청했는지, 바라는것, 엘씨가, 넘치시는듯, 자르참고하셔서, 신청하시길, 케바케, 까먹으심, 조별발표하다보면, 해주시길",직권배정 걸리면 그냥 받아들이고 스스로 선택하는 건 비추
663,43412,0.4901582260103804,0.32143387594590145,0.8838483761608312,4.419241880804156,20,173,4.61,0.922,0.488439,0.511561,0.947977,0.052023,0.537573,0.462427,0.265896,0.49422,0.426301,0.369942,0.0,0.0,0.0,0.0,0.079047,0.034431,0.0,0.030725,0.030725,0.0,0.032419,0.032419,0.0,0.0,1.0,0.0,0.078113,0.078113,0.0,0.0,0.0,"강의력이, 열심히, 유필진, 공지하신, 많은, 좋고, 좋으십니다, 있으신, 좋습니다, 강의력, 좋아서, 주신, 교안도, 유익한, 학생들에게, 알고, 그만큼, 얻어가는, 배우는, 배워가지만",교수님 강의력도 좋고 많은 것을 배워가지만 그만큼 공부량도 많았던 수업이었습니다. 교수님이 출석 신경 안쓰셔서 더 좋았습니다
664,44192,0.48966900585674294,0.36820041919729796,0.7730957080621147,3.8654785403105736,20,114,3.97,0.794,0.640351,0.35965,0.846491,0.153509,0.565789,0.43421,0.355263,0.377192,0.4,0.4,0.0,0.0,0.0,0.0,0.0,0.0,0.044483,0.084755,0.109111,0.0,0.093469,0.093469,0.2,0.1,0.7,0.0,0.0,0.0,0.0,0.0,0.0,"북유럽, 많아서, 외울게, 북유럽신화, 매주, 신화에, 교양, 많습니다, 재미가, 생각보다, 외울, 내용이, 시험, 경우가, 없으면, 매우, 아닙니다, 미리미리, 없어요, 특히",시험 두 번에 매주 올리는 토론으로 평가되어서 깔끔하다는 게 장점입니다. 배우는 내용은 북유럽신화 에피소드랑 영웅 이야기 등등입니다. 개인적으로 저는 중간이랑 기말 내용 모두 생소한 내용이라서 모두 암기해야하는 건 
665,45454,0.48774275027145153,0.3735746167734463,0.7541350617667971,3.7706753088339857,20,194,3.51,0.702,0.201031,0.798969,0.373711,0.626288,0.391752,0.608247,0.206186,0.525774,0.812371,0.162887,0.0,0.090559,0.063411,0.0,0.193004,0.084068,0.0,0.04092,0.065214,0.0,0.114838,0.114838,0.05,0.1,0.85,0.0,0.035318,0.035318,0.0,0.424125,0.093348,"발표, 마지막, 점수, partner, persuasive, informative, 발표가, 교수님이, 루브릭을, 과목특성상, 평가기준이, 좋은, 루브릭만, 좋았습니다, 분은, 주시는, 많은, 암기, 발표는, 다른",루브릭만 잘 지키면 점수 잘 주시는 것 같아요 발표 총 4번이고 암기 잘하시면 추천합니다
666,2377022,0.4874903875825618,0.3380124387697683,0.8362722681457467,4.181361340728734,20,157,3.85,0.77,0.324841,0.67516,0.159236,0.840765,0.621019,0.378981,0.490446,0.124203,0.408917,0.389809,0.0,0.15188,0.127819,0.0,0.0,0.0,0.0,0.036533,0.064631,0.0,0.0,0.0,0.05,0.1,0.85,0.0,0.0,0.0,0.0,0.387783,0.097542,"팀플, 구현, 구현도, 팀플은, 팀원만, 중간고사는, 외워야, 없어서, 외울게, 시험은, 과제, 할게, 스트레스, 그래도, 팀플이, 해도, 되고, 모든, 부담이, 안해도돼서","이번학기부터 개발이 없어서 매우 편했습니다. 중간고사, 기말고사가 좀 빡센데 2~3회독 하는 걸 추천합니다. 그 외는 다 괜찮았어요 학점도 잘 주시는 편입니다"
667,43089,0.48689712917579175,0.3493788963134968,0.8077730058544801,4.038865029272401,20,80,4.33,0.866,0.55,0.45,0.475,0.525,0.54375,0.45625,0.36875,0.4625,0.4,0.4,0.0,0.030661,0.021469,0.0,0.0,0.0,0.0,0.112868,0.112868,0.0,0.102656,0.102656,0.1,0.1,0.8,0.092154,0.066961,0.092999,0.0,0.29825,0.065644,"원하시는, 문제가, 답을, 시험은, 논술형, 문제들이, 시험이, 공부는, 주시는, 모르겠어요, 교수님이, 힘들었어요, 시험도, 중간중간, 조금, 하지만, 조별, 아니고, 미리미리, 전공","진화생태분류계열 분야 중 과목명 그대로 생태학에 대해서 배우는 과목입니다. 시험 두 번, 심포지엄이라 부르는 팀플 한 번, 과제 한 번으로 성적을 매기십니다. 생태학이 비분자생물학인 만큼, 분자적으로 깊은 수준의 내"
668,1612232,0.48618305441052834,0.38285253183353735,0.7272876070901739,3.63643803545087,20,66,3.67,0.734,0.386364,0.613636,0.962121,0.037879,0.643939,0.356061,0.333334,0.310607,0.393939,0.409091,0.075,0.030661,0.085877,0.0,0.0,0.0,0.06073,0.072939,0.117662,0.0,0.031892,0.031892,0.35,0.1,0.55,0.0,0.060322,0.060322,0.0,0.0,0.0,"앤드류, 앤드류응, ai쪽을, 퀘스쳔, 머신러닝을, 확통이랑, 선형대수학, 구글에, 선대, 직접, 그대로, 파이썬, 부분점수, 시험에는, 수업시간에, 듣지마세요, 솔직히, 입장에서, 수업이, 차근차근",학교다니면서 어떤 교수님이 제일 좋았냐고 듣는다면 이분입니다 여러분!!! 이강의는 코세라의 앤드류 응 머신러닝을 거의 대부분 차용하여 진행하는데 챕터 순서만 달라요. 앤드류 응 강의가 워낙 명강의로 유명해서 그런지 
669,2086896,0.4860877318797189,0.41739252812340966,0.6463765406444404,3.231882703222202,20,109,3.6,0.72,0.462616,0.537384,0.228972,0.771028,0.556075,0.443925,0.261683,0.411216,0.509347,0.280374,0.123839,0.0,0.106349,0.0,0.0,0.0,0.139213,0.014342,0.052453,0.703812,0.070763,0.32959,0.55,0.25,0.2,0.244647,0.0,0.103408,0.011005,0.0,0.011005,"양명학, 내내, 성적, 토론, 토론을, 기준을, 양명학에, 매주, 모르겠어요, 모르겠고, 교수님은, 성적을, 기준으로, 토론하는, 한자, 솔직히, 학생들, 1학기, 기준도, 학기",매주 토론을 해서 편하게 자기 의견을 말하는 시간이라 부담이 적습니다. 매주 토론 과제를 열심히 수행하고 중간 기말고사를 잘본다면 높은 성적 받을 수 있습니다
670,352725,0.48596275990639093,0.3496808921064682,0.8039537847728774,4.019768923864387,20,103,4.12,0.824,0.703884,0.296117,0.980583,0.019418,0.475728,0.524272,0.339806,0.393205,0.398059,0.407767,0.0,0.090191,0.084623,0.0,0.0,0.0,0.0,0.064992,0.162873,0.0,0.070763,0.070763,0.0,0.2,0.8,0.0,0.0,0.026038,0.0,0.0,0.012193,"거시경제학, 매주, 성적은, 무제한으로, 듣고는, 오픈북이지만, 수식, 만족하면서, 같아요, 강의력은, 시험은, 여러번, 설명이, 쁠은, 교안도, 교안에, 많아, 편입니다, 나오는데, 어렵습니다",오픈북이어서 시험 부담은 적었지만 문제가 까다로워서 교안을 다 봐도 힘들었어요 그래도 거시경제학을 제대로 배운 것 같습미다!
671,43023,0.4857729360609773,0.4157346272524514,0.6491956566142045,3.2459782830710227,20,76,2.33,0.466,0.322369,0.677631,0.94079,0.05921,0.763158,0.236842,0.355264,0.282895,0.389474,0.4125,0.05,0.0,0.095984,0.0,0.0,0.0,0.044483,0.0,0.045067,0.197822,0.0,0.063785,0.5,0.3,0.2,0.115651,0.0,0.032677,0.0,0.0,0.0,"클리어, 대잔치, 김현수, 수업은, 위한, 시험문제는, 주는, 교수님이, 날먹하시긴, abcd, fg, 강의하시는분, 처음뵙네요, 씨발, 교안이라고, 모자라, 족같이, 알차도, 풀수있을까, 말까인데","배교수님의 강의력은 좋지 못하다고 생각합니다. 다만, 속마음은 학생들을 신경써주시고자 하는점이 인상깊습니다."
672,103694,0.4848755863986979,0.35401086887923056,0.7902265939441218,3.951132969720609,20,202,3.82,0.764,0.190594,0.809406,0.69307,0.30693,0.517327,0.482673,0.007425,0.982673,0.644802,0.123762,0.0,0.030661,0.042938,0.0,0.0,0.05,0.0,0.02652,0.045067,0.0,0.055124,0.087017,0.0,0.25,0.75,0.0,0.039678,0.039678,0.0,0.0,0.0,"빡세긴, 한데, 많고, 한번에, 5점, 교수님은, 교수님이, 돼서, 학생들에게, 과목입니다, 과제는, 과제가, 쓰는, 좋으세요, 않음, 글쓰기, 방법대로만, 깎이지만, 나누어주시는, 멍하게",교수님이 정말로 학생들에게 글쓰기를 가르치려고 하셔서 대학 수업이 이런거구나~ 라고 느꼈습니다. 글쓰기는 조금 부담스럽긴 해도 미리 조금씩만 해도 부담이 될 정도는 아닌 거 같습니다!
673,1937127,0.4846874522343936,0.4145089411544831,0.6484373114208514,3.2421865571042567,20,120,2.88,0.576,0.316667,0.683334,0.720833,0.279166,0.562499,0.437499,0.354166,0.229167,0.4025,0.39625,0.05,0.061321,0.085877,0.0,0.0,0.0,0.503725,0.119616,0.294609,0.100545,0.0,0.032419,0.4,0.25,0.35,0.0,0.0,0.0,0.0,0.110795,0.024386,"족보, 족보가, 족보에서, 문제은행, 학생들이, 매주, extra, 매주있고, 틀려도, 나옴, 끝납니다, 내심, 기말은, 별개로, 계산, 달달, 과제, 거의, 사람은, 과제도",미리 족보 암딸 하세요 별개로 교수님은 엄청 좋으십니다
674,43780,0.4845861925919148,0.34150867192472045,0.8184337408153683,4.092168704076842,20,165,3.78,0.756,0.572728,0.427272,0.560606,0.439394,0.645454,0.354545,0.045455,0.869698,0.322424,0.517879,0.0,0.0,0.0,0.0,0.158094,0.068862,0.0,0.064989,0.093087,0.0,0.031892,0.070236,0.1,0.15,0.75,0.0,0.039678,0.039678,0.0,0.118727,0.041258,"학생들, 이름, 월요일, 3시간, 질문하면, 음운론, 주경진, 친해지려고, 유학생이, 언어를, 있고요, 외우시고, 다만, 들었습니다, 교수님이, 중국인, 개인적으로, 노력하시는, 강의력은, 일단",교수님이 엄청 좋으세요 학생들 이름 한명한명 다 기억하려고 노력해주시고 강의력은 잘 모르겠지만 수업 자료 엄청 꼼꼼하게 준비해주시고 질문에 대답도 엄청 잘해주세요 개인적으로 외우는 건 자신 있었어서 교양으로 듣기 좋
675,43804,0.48224268299811845,0.40066596786947684,0.6725883516316156,3.362941758158078,20,242,2.8,0.56,0.530992,0.469008,0.938017,0.061983,0.599174,0.400827,0.328512,0.355371,0.453719,0.33905,0.0,0.0,0.0,0.0,0.0,0.0,0.0,0.018547,0.018547,0.0,0.096204,0.128623,0.5,0.1,0.4,0.184308,0.0,0.084752,0.0,0.0,0.0,"온라인이라, 미적분, 웹워크, 듣는, 미적1은, 웹워크만, 독학하는, 온라인, 있다는, 수업을, 것이, 충분히, 없이, 암때나, 메리트로, 고등학교때도, 했던거라, 최악이지만, 독학하겠다, 장소에서",이 수업을 듣게 된다면 이상하게 학기가 편안해진다. 그렇지만 시험기간은 그에 대한 대가를 치른다. 본인이 미적1 독학이 가능하다면 배종식은 하늘에서 내려온 예수님 그자체다.
676,42843,0.48212511060041785,0.3839250440275491,0.711258599270445,3.5562929963522247,20,290,3.85,0.77,0.715517,0.284483,0.963793,0.036207,0.565517,0.434483,0.327586,0.506896,0.252414,0.594655,0.0,0.0,0.031577,0.0,0.0,0.0,0.0,0.06026,0.089063,0.0,0.0,0.0,0.15,0.4,0.45,0.0,0.0,0.046587,0.0,0.0,0.0,"수학, 선형대수학, 마세요, 어렵습니다, 듣지, 아니니까, 벅찬, 수학을, 매주, 과목인, 주차, 빠르고, 진도를, 복습, 따라가기, 여러번, 따라갈, 퀴즈도, 학기에, 어려워요",많이 어렵습니다 선형대수학 같은거 한번 듣고 왔으면 나았을수도
677,77855,0.48202093989445793,0.389903376689045,0.6969619207070881,3.4848096035354406,10,50,3.48,0.696,0.22,0.78,0.8,0.2,0.41,0.59,0.18,0.65,0.412,0.392,0.0,0.122643,0.085877,0.0,0.0,0.0,0.0,0.08055,0.104906,0.418635,0.332881,0.532702,0.1,0.4,0.5,0.0,0.068569,0.068569,0.0,0.402898,0.088676,"과제가, 많고, 하는데, 시험은, 별로, 보는데에는, 채워주는듯하지만, 무난한거같음, 점수나옴, 절대안보시고, 매우안됨, 교안같은거, 안올려주시니, 되긴한데, 개빡치지만, 답답하지만, 많아지자, 줄인걸로, 혼란스럽기는, 진행했더니",무난무난 괜찮은 강의 였어요 과제양도 좋고 시험도 좋고 학점은 어떻게 나올지 예상이 잘 안 되긴한데.. 에이쁠 기대해봅니다
678,2376942,0.48196842202653345,0.454568698255016,0.5459011108267409,2.7295055541337043,17,57,3.33,0.666,0.473685,0.526315,0.54386,0.45614,0.640351,0.359649,0.543859,0.105263,0.449123,0.34386,0.407668,0.0,0.350093,0.0,0.0,0.0,0.631211,0.0,0.1728,0.490925,0.0,0.158292,1.0,0.0,0.0,0.142756,0.0,0.040335,0.075174,0.0,0.075174,"에세이, 5000단어, 5000자, 개인, 2000자, 영국, 강평, 있는, 아래, 최악, 같은, 과제, 팀플, 영국식, 2000단어, 싶은, 그룹, 미컴, 전범위, 시험",다른 강평 말 다 맞음 근데 오히려 공부 안 해도 돼서 널널하기도 했음 강의+교안이 상식 수준에서 해결돼서 수업 하나도 안 듣고 과제 내고 시험도 쳤습니다 대충 교안 한두번 훑고 시험 봤는데 점수도 잘 나옴 영어 아
679,2377209,0.4815136503818841,0.44997457688894554,0.5551048218654074,2.775524109327037,20,63,3.02,0.604,0.388889,0.611111,0.111111,0.888889,0.539683,0.460317,0.126984,0.63492,0.931746,0.019048,0.0,0.0,0.0,0.0,0.0,0.0,0.0,0.0,0.0,0.0,0.0,0.0,0.55,0.3,0.15,0.0,0.0,0.0,0.012193,0.0,0.041774,"사전강의, 없는, 놀고, 과목, 창융디가, 교수님은, 배우는, 별로, 소통이, 수업시간, 점수, 때도, 많아, 하지만, 생각이, 제일, 좋으신, 좋을, 자체가, 2회진행",교수님 정말 좋으십니다 아캠 메세지만 조금 빨리 읽어주셨으면 감사하겠습니당 이 과목 자체가 솔직히 이상한 부분이 많아 보이지만 교수님은 좋으셨습니다
680,43874,0.4803861025366446,0.3525676346415767,0.7786291942918032,3.893145971459016,20,156,4.22,0.844,0.102564,0.897436,0.400641,0.599359,0.551282,0.448718,0.025641,0.948719,0.458333,0.333333,0.0,0.030661,0.021469,0.0,0.079047,0.034431,0.0,0.118075,0.118075,0.0,0.222892,0.254784,0.05,0.15,0.8,0.0,0.061355,0.061355,0.0,0.0,0.0,"매주, 대해, 복지에, 토론, 배워갈, 토론이, 과제가, 복지, 복지문제에, b로, 푸는, 듯하고, 학우들과, 토론의, 코로나, 이었는데, 전부, 많은, 흥미로웠고, a4",대학교양다운 수업입니다. 논술했던 사람이라면 과제는 수월할 듯하고 시험은 암기형이라 피피티 교안 꼼꼼하게 외우면 됩니다.
681,77571,0.47973210619068596,0.33949926475305137,0.8069420695451668,4.034710347725834,20,228,4.08,0.816,0.642543,0.357457,0.958334,0.041667,0.366228,0.633772,0.153509,0.703947,0.374342,0.441228,0.0,0.075756,0.053046,0.0,0.125921,0.054848,0.0,0.085342,0.085342,0.199455,0.0,0.064312,0.1,0.05,0.85,0.0,0.0,0.026038,0.0,0.0,0.0,"정리하는게, 면담, 오답, 면담이, 면담도, 경제학, 아캠이라, 들으시는, 좋았습니다, 퀴즈도, 퀴즈를, 교수님이, 과제는, 과제가, 계속, 직접, 수업에, 것을, 이해가, 나옵니다",과제가 많진 않은데 직접 답 구하고 정답이랑 비교해서 주의할점이랑 오답 정리하는게 조금 귀찮아요. 아캠이라 좋긴합니다
682,46063,0.47965701450429843,0.37281259551202073,0.728960658819613,3.644803294098065,20,113,3.72,0.744,0.60177,0.39823,0.920355,0.079646,0.517699,0.482301,0.265487,0.389381,0.396018,0.407079,0.0,0.079259,0.055499,0.0,0.224079,0.146405,0.067748,0.056658,0.105585,0.0,0.0,0.032419,0.15,0.35,0.5,0.0,0.046587,0.046587,0.0,0.0,0.0,"선대, 출석은, 전자출결, 인도영어만, 인도영어, 족보를, 인증번호로, 하십니다, 웹워크만, 브슴, 증명이, 이번, 강의실, 학기에는, 웹워크, 시험은, 듣다보면, 족보가, 알아듣기, 과제는",출석점수가 없고 걍 시험 각각 40에다가 숙제 20으로 점수 주십니다
683,42894,0.4785350050926368,0.32594393066156246,0.8345808454318103,4.1729042271590515,20,286,3.49,0.698,0.59965,0.40035,0.618881,0.381119,0.43007,0.56993,0.12937,0.744756,0.421504,0.376924,0.0,0.195184,0.136672,0.137214,0.180853,0.113206,0.0,0.06026,0.06026,0.100545,0.129677,0.193988,0.05,0.05,0.9,0.092154,0.078113,0.10415,0.0,0.0,0.0,"케이스, 출석은, 스터디도, 쉽게, 좋으시고, 강의력, 매번, 시험도, 성적, 깐깐하신, 깔끔합니다, 토론, 강의력도, 강의력은, 재미있었습니다, 출석이, 평이, 방식이, 주셨습니다, 깐깐하게",교수님께서 시간 약속에 대해서 엄격하시긴 하지만 그것 또한 양질의 수업을 위해서 신경쓰시는거 같아요. 이론 수업과 사례 연구(case study)를 진행하시는데 모든 챕터에서 사레 연구를 진행하시지는 않고 중요하다고
684,1937308,0.4775427598943016,0.4050859056662546,0.6466087530930782,3.233043765465391,20,95,3.27,0.654,0.721053,0.278948,0.942105,0.057895,0.557894,0.442106,0.268421,0.368421,0.387368,0.413684,0.0,0.0,0.1646,0.0,0.0,0.0,0.06073,0.016625,0.107421,0.0,0.0,0.064312,0.35,0.45,0.2,0.0,0.035318,0.069123,0.011005,0.0,0.088039,"선착순으로, 오프라인, 발표를, 강의력은, 온라인, 학생들이, 갈수록, 다른, 기본적인, 선착순, 질문을, 무작위, 학생들, 굳이, 보고, 학생들에게, 진행됐습니다, 시킴, 오프라인에서는, 발표",온라인에는 진도 나가시고 오프라인에는 문제 풀이하는데 학생들 시킴 강의력은 나쁘진 않음
685,2249299,0.4755456504452297,0.36147137940658103,0.7417189495354097,3.708594747677049,18,58,4.03,0.806,0.215517,0.784483,0.982758,0.017241,0.500001,0.500001,0.077586,0.836207,0.344828,0.482759,0.0,0.170337,0.143128,0.0,0.380783,0.16586,0.0,0.087747,0.119751,0.0,0.16325,0.198686,0.111111,0.222222,0.666667,0.0,0.133416,0.133416,0.0,0.0,0.0,"일본어, 외고, 워크북, 일본어과, 매주, jlpt, 자신, 프린트, 있고, 다른, 과제, 외고생, 일본어에, 딴짓은, 워크북이랑, 있는, 유베라, 노베이스면, 질문도, 있어서",워크북 과제랑 프린트 과제가 있어서 과제가 짜잘짜잘하게 많아서 좀 귀찮습니다. 그리고 교수님이 과제도 0.1단위로 체점하셔서 엄청 꼼꼼하게 하셔야 됩니다. 전 꼼꼼하게 안했더니 과제에서 좀 많이 깎였는데 최종적으로 
686,2087144,0.4751296696119591,0.31179485466361534,0.8562442378247612,4.281221189123806,20,65,4.34,0.868,0.276923,0.723077,0.984615,0.015385,0.546153,0.453846,0.323077,0.353846,0.333077,0.51,0.0,0.061321,0.042938,0.0,0.0,0.0,0.0,0.097057,0.097057,0.0,0.064312,0.096204,0.0,0.05,0.95,0.0,0.032677,0.032677,0.0,0.0,0.0,"프랑스어, 전공새내기면, 문법, 토대로만, 문법을, 시험도, 하지만, 기초부터, 무리, 실력, 많았어요, 시험은, 받을, 분은, 괜찮습니다, 빠르게, 쁠은, 알려주시고, 자잘한, 꼼꼼하게",프랑스어 입문할때 좋음 시험도 크게 어렵진 않으니 수업만 잘 듣고 매주 과제 잘 해가면 큰 어려움 없이 좋은 학점 받을 수 있다.
687,2249295,0.47454954734218713,0.33289498541820106,0.8050768584981546,4.025384292490773,20,134,4.1,0.82,0.246269,0.753731,0.492537,0.507463,0.470149,0.529851,0.421642,0.182835,0.622015,0.211567,0.0,0.273099,0.212699,0.0,0.193004,0.133705,0.0,0.036472,0.036472,0.0,0.105115,0.175878,0.0,0.2,0.8,0.0,0.033805,0.033805,0.0,0.0,0.011005,"resume, cover, 이력서, 인터뷰, 영어로, 점수, 영어, 커버레터, 외국계, 빡빡해서, 토의하고, 면접, 깐깐해서, 취업, 지목해서, 채점이, 2분, 익숙하지, 듣기엔, 경험이","일단 과제는 자잘한게 많은 편이에요. 그리고 수업 들어보시면 아시겠지만 교수님이 완전 깐깐하신 스타일이셔서 지각(수업시작 후 2분까지만 출석 인정), 과제 제출 이런거 완전 크게 보십니다. 근데 할 것만 다 하고 r"
688,2376841,0.47356516167738316,0.3645276577076667,0.7279860042733881,3.6399300213669408,20,240,3.69,0.738,0.04375,0.95625,0.247916,0.752083,0.581251,0.418751,0.358333,0.2125,0.398333,0.4025,0.0,0.075756,0.119746,0.0,0.193838,0.084431,0.113119,0.11062,0.20996,0.0,0.173419,0.314419,0.1,0.4,0.5,0.0,0.135222,0.161259,0.0,0.0,0.015127,"공기수, 할게, 많아서, 웹워크, 과제가, 피아자, 푸는, 많고, 플립이라, 있는데, 힘들었습니다, 10개, 칠판에, 평균, 설명하시고, 이런, 중기말, 괜히, 매주, 비추합니다","교수님이 매우 친절하시고 유쾌하십니다. 하지만 수업내용은 꽤 어려워서 공부하면서 많이 힘들었습니다. Webwork에 플립러닝 온라인 강의 2개에다가 퀴즈, 의견 올리는 거 등등 과제는 많은 편이고 교수님께서도 과제가"
689,2086940,0.4729083522534472,0.39892724362597337,0.6455309390508862,3.227654695254431,20,79,3.06,0.612,0.265823,0.734178,0.151898,0.848102,0.468354,0.531646,0.303797,0.398734,0.86962,0.040506,0.025,0.0,0.021469,0.0,0.0,0.0,0.0,0.0,0.0,0.199455,0.0,0.064312,0.35,0.25,0.4,0.0,0.0,0.0,0.012193,0.055398,0.024386,"창융디, 죄가, 교수님은, 창공, 모르겠는, 조별과제, 과목은, 그렇다고, 없고, 성적을, 이런, 열심히, 점수를, 자체가, 자체는, 결과도, 미제공, 양식과, 까인거, 문제였을지",수원 가는게 힘들긴 했지만 그래도 부담이 덜 되는 과목이었어요 팀플도 무거운 주제로 안해서 팀원들과 재밌게 할 수 있습니다 그러나 학점은 랜덤!
690,120416,0.47189600657623887,0.30000962026054656,0.8729642413128543,4.3648212065642715,20,102,4.24,0.848,0.338235,0.661764,0.946078,0.053921,0.524509,0.47549,0.303922,0.446078,0.392157,0.409314,0.0,0.156577,0.109639,0.0,0.079047,0.034431,0.0,0.059771,0.059771,0.0,0.070763,0.070763,0.0,0.0,1.0,0.0,0.10415,0.10415,0.0,0.0,0.0,"과제는, 시험은, 학점은, 발음도, 비율채워서, 강의력, 맞아도, 좋으심, 틀리면, 영어도, 강의력이, 계산, 알아듣기, 쉬워서, 워낙, 예제, 어렵게, 코로나, 그만큼, 좋으신",시험은 적당히 어려움. 다만 풀이과정을 진짜 잘 써야 함.
691,42911,0.47171827074396366,0.30615692508515946,0.8580280772811736,4.290140386405868,20,302,3.97,0.794,0.286425,0.713577,0.950332,0.049669,0.519868,0.480133,0.453643,0.182119,0.427814,0.368212,0.0,0.106417,0.074515,0.0,0.0,0.0,0.0,0.030967,0.030967,0.0,0.0,0.0,0.0,0.05,0.95,0.0,0.026038,0.026038,0.0,0.0,0.0,"매주, 지엽적이고, 과제가, 있는, 강의력도, 실력이, 편입니다, 하지만, 같아요, 않아요, 좋으신, 좋으십니다, 고생하는중, 재무관리랑, 귀찮음데, 아캠으로는, 책인데, 찾을수가, 노베라서, 저학년이라",강의 실력이 좋으세요 교안은 없지만 교재랑 똑같습니다
692,98093,0.47168035302977646,0.3917229566830022,0.6582476111722498,3.2912380558612493,20,306,3.75,0.75,0.359017,0.640983,0.396722,0.603279,0.37705,0.62295,0.070491,0.847542,0.668852,0.107377,0.0,0.0,0.0,0.0,0.0,0.0,0.0,0.024356,0.024356,0.56412,0.102656,0.316967,0.3,0.35,0.35,0.0,0.035318,0.035318,0.0,0.15,0.033014,"대본, 유창하게, 받을, 영어를, 기준이, 확실히, 열심히, 생각했고, 제시하는, 자신만의, 다른, 영발, 생각합니다, 없이, 경우도, 비해서, 좋은, 이미, 하기, 맞춰서",교수님이 일단 유쾌하십니다. 자신의 머리에서 나온 발표를 중시하기 때문에 대본 없이 유창하게 발표하시는 분들은 학점 따기 수월합니다
693,78463,0.4712051894928566,0.38690843802013664,0.66789760959587,3.3394880479793496,20,103,3.61,0.722,0.228156,0.771845,0.951456,0.048544,0.665048,0.334952,0.364078,0.38835,0.4,0.4,0.025,0.030661,0.085877,0.137214,0.0,0.034431,0.257659,0.024356,0.177414,0.0,0.031892,0.095677,0.25,0.45,0.3,0.0,0.0,0.0,0.0,0.0,0.0,"과제는, 시험은, 시험도, 과제가, 안외우고, 날림, 돼서, 족보빨, 매틀랩, 코로나라, 괜찮다고, 그대로, 매주, 공부도, 있고, 다루는, 수업마다, 반영, 안됨, 과제",대학원에서 매트랩을 써야해서 공부하게 되었습니다. 사실 수치해석이라고 하면 굉장히 넓은 분야인데 짧은 강의시간 안에 핵심적인 내용만 가르쳐주시는 게 굉장히 좋게 느껴졌습니다. 수치 기법에 대한 수업이 진행되고 매트랩
694,486867,0.4710773420286059,0.3958869595896417,0.6465215677195224,3.232607838597612,20,94,3.3,0.66,0.691489,0.308511,0.946808,0.053192,0.446809,0.553192,0.047872,0.87766,0.432979,0.374468,0.05,0.061321,0.150285,0.0,0.0,0.0,0.0,0.028097,0.128492,0.0,0.102656,0.166967,0.1,0.6,0.3,0.0,0.0,0.0,0.0,0.0,0.0,"과마다, 5시간, 원래, 코로나, 과제, 용법, 성어, 과를, 주신, 예문, 생각이, 과제로, 본문, 넘게, 정리하는, 해석, 시간이, 제외하고는, 없었지만, 과제는",배이스가 있는 분들도 힘들어 하는 과목이에요. 다른 수업 들으세요....암기에 자신 있어도 그냥 다른 과목 들으세요!!!! 진짜 양도 너무 많고 공부하면서 아 나 뭐하고 있지라는 생각이 종종 들어요. 원래 시험에 스
695,2168689,0.46817002163041377,0.38651108809626566,0.6587075332100929,3.2935376660504643,20,159,2.42,0.484,0.402515,0.597484,0.955975,0.044025,0.625787,0.374214,0.154088,0.698113,0.397484,0.402201,0.0,0.0,0.021469,0.0,0.0,0.089279,0.0,0.0,0.036472,0.098911,0.070763,0.307967,0.5,0.3,0.2,0.092154,0.0,0.052075,0.0,0.0,0.0,"떠납니다, 너그럽게, 미화된, 애들이, 있겠지만, 공부량이, 아무것도, 교수님께, 어렵게, 매우, 어렵지만, 학점, 같아요, 없어요, 내가, 공부를, 성적을, 아니라, 없는교수, 사과를",다른 사람들이 공부 안 할 때 내가 조금만 노력하면 잘 나옵니다. 교안 보면서 이해하려고 하는 공부를 하세요…계산 어렵게 안 나옵니다.
696,1688763,0.467788509684357,0.3651201266429138,0.707348070114391,3.5367403505719555,21,84,3.27,0.654,0.27381,0.72619,0.958333,0.041667,0.541667,0.458334,0.285714,0.380953,0.290476,0.49881,0.071429,0.029201,0.143128,0.0,0.0,0.0,0.670515,0.011598,0.221918,0.0,0.0,0.030374,0.238095,0.285714,0.47619,0.0,0.080716,0.111836,0.0,0.0,0.0,"교안을, 과제는, 과제, 호명하면서, 부담스러워요, 읽으시는, 그대로, 이해가, 수준입니다, 프로그래밍, 단순히, 바로바로, 5번, 시험은, 걱정, 채점, 교수님께서, 많아, 무난한, 교안이",과제가 좀 많고 교안이 퀄이 안좋음 열심히하면 성적따기쉬움
697,1937302,0.465678911228879,0.3083510285527641,0.8327773041398139,4.163886520699069,7,47,4.53,0.906,0.393618,0.606383,0.914894,0.085107,0.595745,0.404255,0.06383,0.840426,0.4,0.4,0.0,0.0,0.0,0.0,0.0,0.0,0.0,0.0,0.0,0.0,0.091121,0.091121,0.0,0.142857,0.857143,0.0,0.0,0.0,0.0,0.0,0.0,"정역학을, 책연습문제, 150개정도, 다풀고, 무난무난했음, 부담스럽진않았음, 당혹스럽, 쉽게나와서, 없었던거라고, 생각하는중이긴한데, 학점말고는, 불만없는, 잘하시는편, 베끼다가, 모기같은놈들, 다룬다, 쉬웠다고, 중간만점, 답변해주셨다, 10퍼라고",교재의 순서에 따라서 무난하게 강의 잘 해주십니다!
698,1937430,0.4649289477403451,0.41637728669390933,0.5782161568486953,2.8910807842434765,15,55,2.31,0.462,0.427272,0.572728,0.945454,0.054545,0.554545,0.445454,0.354546,0.272727,0.438182,0.356364,0.033333,0.040881,0.057251,0.0,0.0,0.0,0.140284,0.0,0.038404,0.395643,0.0,0.127569,0.866667,0.0,0.133333,0.282401,0.0,0.079791,0.0,0.0,0.0,"짜게, 앞으로, 반공을, 에탐, 10을, 필요없음, 학점까지, 해주는, 나와봐야, 학점을, 알겠지만, 처음으로, 반도체, 없음, 수업시간에, 라고, 1도, 부분에서, 통해, 모르는",타임에 올라와 있는 최병덕 교수님 반도체 공학에 관한 강의평가가 실제와 다른 부분이 많아 앞으로 반도체 공학을 수강하고자 하는 학우분들에게 정확한 정보가 제공될거 같지 않아 처음으로 강의평가를 남겨보고자 합니다. 우
699,2086890,0.46473136773692575,0.4359370010878145,0.5319182232515187,2.6595911162575936,20,112,3.14,0.628,0.080357,0.919643,0.138393,0.861607,0.5,0.5,0.049107,0.90625,0.913393,0.047322,0.069774,0.081626,0.160015,0.0,0.0,0.0,0.0,0.0,0.0,0.100545,0.063785,0.128623,0.65,0.2,0.15,0.0,0.0,0.0,0.076648,0.0,0.091775,"에세이, 도망가세요, 직배, 열정적이시고, 최종, 교수님이, 개인, 학기, 조별, 걸렸으면, 받게, 매주, 있는, 교수님의, 싶다면, 원하시는, 많고, 과목, 자신의, 자체도",교수님이 강의에 매우 열정적이십니다. 이런 게 진짜 대학 수업이구나라고 느꼈던 유일한 수업일 만큼 강의에 열과 성을 다하시고 학생들이 잘 따라올 수 있도록 신경 써 주세요. 매주 팀플이고 해야 하는 과제는 아주 많고
700,44532,0.46402608324831984,0.3517282283121807,0.7260544114326445,3.6302720571632223,20,335,3.69,0.738,0.588588,0.411411,0.846847,0.153153,0.315315,0.684684,0.357357,0.336336,0.417117,0.385586,0.025,0.030661,0.042938,0.0,0.0,0.0,0.249754,0.104906,0.189904,0.100545,0.032419,0.203093,0.25,0.2,0.55,0.092154,0.069123,0.095161,0.0,0.0,0.0,"필기해야, 졸려요, 강의는, 예시를, 외울게, 깐깐하게, 성적, 전부, 점수가, 특히, 자체는, 매커니즘을, 키워드를, 인지과학이랑, 엮는게, 중요해보이네요, 보통이십니당, 쉅습니다만, 95점으로, 뺑이",아직 중간고사 안봤지만 강의력은 그냥 보통이십니당 졸려요 내용은 쉅습니다만 외울게 엄청 많네요
701,2168598,0.4637791700590066,0.42489699889072263,0.5545042361183359,2.7725211805916796,20,144,2.22,0.444,0.3125,0.6875,0.100694,0.899306,0.416666,0.583333,0.218751,0.506944,0.934375,0.033333,0.0,0.0,0.0,0.0,0.0,0.0,0.0,0.0,0.0,0.27399,0.038344,0.126688,0.5,0.35,0.15,0.121343,0.0,0.06809,0.028393,0.05,0.118513,"조원, 수원, 수업인지, 동료평가, 만든, 어떻게든, 교수가, 과목, 발표, 하는, 다른, 모르겠습니다, 모르겠음, 중요한, 열심히, 받았습니다, 하는데, 배우는겅지, 교수부터가, 발표자세가",클레맨타인의 평점이 10점인 이유. 직배 취소 권장
702,103692,0.4619547921904271,0.3723675739460973,0.6709916347605303,3.3549581738026513,20,253,3.27,0.654,0.353755,0.646245,0.741107,0.258893,0.482214,0.517787,0.019763,0.932806,0.639724,0.1417,0.025,0.054913,0.081389,0.137214,0.0,0.034431,0.0,0.028097,0.028097,0.0,0.064312,0.064312,0.35,0.15,0.5,0.0,0.032677,0.032677,0.0,0.0,0.0,"글쓰기, 학술적, 주제를, 불쾌하게, 창의적인, 기분, 창글, 문법, 말을, 주제, 부분이, 약간, 내내, 쓰는, 되고, 중요한, 위주로, 아니라, 전에, 배우는",수업은 거의 안 들었고 면담 때 언급하신 내용 토대로 기말 문집만 신경써서 제출하니 성적 잘 주셨어요 글쓰기 재능 없어서 중간고사에 목숨 걸었는데 평균보다 잘 봤더니 에쁠 나왔어요 수업 때 출제된 부분 거의 다 알려
703,990208,0.4615076049085374,0.33025159580269603,0.7677716261555008,3.8388581307775036,20,91,3.9,0.78,0.5,0.5,0.549451,0.45055,0.560439,0.439561,0.098901,0.785714,0.4,0.4,0.0,0.030661,0.021469,0.0,0.0,0.0,0.0,0.024356,0.024356,0.0,0.223419,0.223419,0.0,0.3,0.7,0.0,0.0,0.0,0.0,0.263927,0.058089,"국제어, 공부, 언어에, 내용자체가, 교수님은, 시험보면, 영어, 어렵다고, 일단, 열심히, 시험은, 하고, 그렇지만, 막상, 교수님이, 어려워서, 꼼꼼하게, 과제는, 해야, 중간고사는",영어 교수님이 일단 잘하심 발음기호와 발성기관등 언어학을 배움 교재도 영어고 기본적으로 영어가 좀 되면 유익함 발표도 중간중간 시키는편임 시험은 공부 좀 해야 한만큼 나오는데 평균은 낮음
704,1328963,0.46017959679619913,0.3340825668708043,0.7544059999554539,3.7720299997772693,20,60,4.07,0.814,0.15,0.85,0.083333,0.916667,0.375,0.625,0.233333,0.508333,0.671666,0.13,0.0,0.0,0.021469,0.0,0.0,0.0,0.0,0.054031,0.054031,0.0,0.095677,0.095677,0.0,0.2,0.8,0.0,0.0,0.0,0.0,0.255398,0.101419,"마케팅, 발표, 많은, 많아요, 하지만, 브랜드에, 브랜드, 괴물들, 수업입니다, 복불복이, 경영학, 기업에, 심해요, 같아여, 팀발표, 꼽을, 그만큼, 수업이었습니다, 손에, 수업에",확실히 브랜드에 따라서 학생들이 체감할 복불복이 있긴 합니다! 이번에는 특히 교수님이 선정하신 브랜드가 다른 경영학 수업에서는 잘 다루지 않던 것들이기도 했기 때문에도 컸던 것 같습니다 하지만 저는 교수님이 다양한 
705,991523,0.4598578318621458,0.3795748868893976,0.6471847034652249,3.2359235173261247,20,120,3.27,0.654,0.216667,0.783333,0.549999,0.449999,0.670833,0.329167,0.154167,0.65,0.405833,0.393333,0.025,0.095256,0.109639,0.0,0.158094,0.103293,0.105213,0.028097,0.130426,0.0,0.070763,0.141,0.35,0.4,0.25,0.184308,0.0,0.126038,0.026131,0.0,0.083532,"챕터, 랜덤으로, 텀프, 끝날, 못풀었는데, 성적은, 안좋으심, 시키고, 당일날, 랜덤, 텀프도, 끝날때마다, 나오는듯, 과제가, 출석, 생각보다, 강의력이, 때마다, 발표, 문제",과제 텀프 출석 모두 빡세게 보시는듯 하지만 결국 학점은 셤 성적인듯합니다. 계산 꼭 잘하셔서 두문제라도 확실하게 풀면 에이쁠 나오는듯
706,120954,0.45892430364376197,0.3536336901250734,0.7046024018540353,3.5230120092701767,20,436,3.22,0.644,0.219036,0.780964,0.604357,0.395643,0.520642,0.479358,0.066514,0.84633,0.633716,0.133715,0.0,0.050966,0.057156,0.0,0.079047,0.034431,0.0,0.04448,0.04448,0.0,0.070236,0.070236,0.3,0.1,0.6,0.0,0.0,0.0,0.0,0.0,0.0,"계절로, 요약, 과제는, 논어를, 오프라인, 들었는데, 1점도, 학기중에, 한번, 자꾸, 생각보다, 학생을, 4번, 있다는, 하는, 아니면, 다른, 하십니다, 모르겠지만, 매주",A+받았습니다. 겨율계절로 수강했고 과제는 총4개입니다. 1. 중간대체과제 심산과 성균관대 영상 보고 감상문 적기(6점) 자유형식 2. 모든 강의 요약하기(학기중에 들으면 매주 제출해야하는 과제인데 계절이라 '인'파
707,1772223,0.4587347321783204,0.35643344399698196,0.6974377379347768,3.487188689673884,19,59,4.15,0.83,0.449153,0.550847,0.449153,0.550848,0.584746,0.415254,0.042373,0.898305,0.4,0.4,0.0,0.122352,0.085673,0.0,0.0,0.0,0.0,0.027916,0.071053,0.0,0.0,0.0,0.105263,0.473684,0.421053,0.0,0.0,0.156294,0.012835,0.052632,0.036003,"교수님이, 많은, 서평이랑, 스트레스, 열의가, 아는게, 빡세서, 학생들에, 다시, 많은걸, 이해는, 엄청나게, 찾아서, 빡센, 준비를, 조별과제, 것도, 수업과, 있어서, 듣다보면",교수님께서 열정적으로 강의해주셔서 저는 좋았습니다. 또 수업내용도 흥미로웠고 많이 배웠어요!
708,2168686,0.4580610867092242,0.3417916492569245,0.7293564407645902,3.646782203822951,20,199,3.0,0.6,0.10804,0.89196,0.927136,0.072864,0.276383,0.723619,0.158292,0.643216,0.58417,0.188442,0.0,0.198399,0.138923,0.0,0.079047,0.034431,0.0,0.130246,0.161213,0.0,0.120763,0.120763,0.05,0.15,0.8,0.0,0.032677,0.032677,0.0,0.0,0.0,"에제, 회계, 안민관, 수월함, 출석은, 그래도, 매주, 하나, 공부했는데, 받기는, 과제, 문제, 평균보다, 어렵진, 하심, 과제가, 주심, 같아요, 에쁠, 처음",처음에만 좀 열심히 하면 뒷내용은 이해하기 수월함. 첫수업에 교수니 설명 듣고 회계가 재밌게 느껴져서 열심히 함. 과제 다 내고 중간기말 모두 평균을 많이 넘어서 에이쁠 주신듯.
709,1772325,0.45784460811575006,0.3815444369707923,0.6358783407873183,3.1793917039365915,20,156,2.96,0.592,0.11218,0.887821,0.11218,0.887821,0.564102,0.435897,0.147435,0.644231,0.401923,0.398718,0.168614,0.169723,0.285113,0.0,0.0,0.0,0.249754,0.052453,0.120826,0.098911,0.031892,0.096204,0.2,0.55,0.25,0.0,0.0,0.0,0.056531,0.055398,0.120781,"매주, 버스, 비해, 팀플, 1인분은, 개발, qa, 시트, 악명에, 유하게, 프레임워크로, 만난다면, 악명, 보고서, 하는, 절반은, 강의평처럼, 하자, 프로젝트가, 팀이",웹 하나도 모르는 상태에서 들음 팀플 아무것도 안해도 누군가 그냥 알아서 버스태워줌 친구랑 2인팀신청하고 정치질좀하면 조원평가도 무난히 넘어감. 시험만 잘보면 끝
710,78056,0.45756197282059413,0.3507354107349844,0.7068239510203503,3.534119755101752,14,54,3.43,0.686,0.398149,0.601851,0.842593,0.157408,0.5,0.5,0.101853,0.759259,0.348148,0.473148,0.0,0.0,0.061341,0.0,0.0,0.0,0.126777,0.115072,0.201882,0.0,0.0,0.0,0.214286,0.214286,0.571429,0.0,0.0,0.0,0.0,0.0,0.0,"단어시험, 본문, 모자, 중국어를, 중국어, 화장실, 노베는, 결론적으로, 처음, 배운, 노베가, 매주, 단어, 이상한, 따라갈, 암기, 열정이, 말고, 무엇보다, 조금",노베는 조금 힘들수도 있다 일단 중국어 잘하는 사람이 너무 많아서 교수님도 진도를 어떻게 나가야 할지 고민이 많으신 것 같았음 근데 시험에서 안 배운 단어나 문법 쓸 경우 감점처리라 노베가 들어도 괜찮을듯 매주 단어
711,1937144,0.4568647790515805,0.3466544396438075,0.7140222376697177,3.5701111883485885,20,155,3.54,0.708,0.790323,0.209677,0.96129,0.03871,0.338709,0.661291,0.364517,0.270967,0.336774,0.483549,0.0,0.030661,0.021469,0.0,0.079047,0.034431,0.067748,0.057244,0.123141,0.098911,0.032419,0.064312,0.1,0.35,0.55,0.092154,0.026038,0.078113,0.0,0.0,0.0,"얘도, 어려워요, 구하시길, 이해가, 강의력은, 영어, 족보, 성적은, 강의력, 예제, 조금, 평소에, 같아요, 영어로, 처음, 시험에, 습득이, 따라는, 들긴함, 짝게",새로운 내용을 배워서 그런지 습득이 어려웠지만 강의는 좋았습니다!
712,1611923,0.45604092799057605,0.31022217942418046,0.7962846746454991,3.9814233732274955,20,178,3.57,0.714,0.446629,0.55337,0.884831,0.115168,0.404494,0.595506,0.126405,0.744382,0.430338,0.376967,0.03677,0.180382,0.221037,0.0,0.0,0.0,0.0,0.028097,0.028097,0.308228,0.032419,0.163695,0.1,0.15,0.75,0.0,0.039678,0.039678,0.0,0.0,0.0,"매주, 퀴즈가, 매우, 퀴즈, 교수님은, 난이도, 96, 공수, 학생들과, 안됨, 퀴즈를, 의견, 쉬워서, 교수님이, 퀴즈는, 난이도는, 훨씬, 모르겠지만, 혼자, 이거","과목 특성상 독학이고, 교수님은 친절하시고 학생들을 많이 배려해주시는게 느껴져요. 학점도 잘 주십니다."
713,2087092,0.45517662440915263,0.3122086028077544,0.7887686748124151,3.9438433740620753,20,84,3.25,0.65,0.517857,0.482143,0.952381,0.047619,0.577381,0.422619,0.244048,0.47619,0.386906,0.440476,0.0,0.135286,0.18946,0.0,0.0,0.0,0.0,0.042559,0.087987,0.0,0.063785,0.063785,0.05,0.25,0.7,0.0,0.035318,0.035318,0.0,0.0,0.0,"문제를, 퀴즈, 교재, 연습문제, 공부해서, 시험은, 문제, 하지만, 같다, 무난하게, 열심히, 나옵니다, 화공의, 얼심히, 앞으로가, 매우귀찮다, 때려박아야하지, 강의실수업에서는, 나왔을듯함, 백지",강의력도 좋으시고 성적도 잘 주세요 화공의 기초가 되는 과목이니 얼심히 수강하시면 앞으로가 편하실 겁니다
714,77948,0.4550944283171309,0.30282162929558326,0.8103976260340753,4.051988130170376,20,90,4.1,0.82,0.449999,0.549999,0.944445,0.055555,0.583333,0.416667,0.266666,0.4,0.395556,0.406667,0.025,0.030661,0.042938,0.0,0.101806,0.044344,0.0,0.040981,0.040981,0.0,0.031892,0.031892,0.05,0.2,0.75,0.0,0.059843,0.059843,0.0,0.0,0.0,"다시, 이해가, 전에, 들으면, 증명, 보고, 수업을, 가면, 교수님이, 부분은, 어려워서, 힘들었습니다, 나왔습니다, 설명을, 읽고, 적당히, 계속, 해주시고, 열심히, 자체가",정민영 교수님은 모든 시스템을 LTI system으로 치환할수있다.
715,2750403,0.45490350633990984,0.30242931839224296,0.8106766115511327,4.0533830577556635,20,144,4.19,0.838,0.243056,0.756944,0.586806,0.413195,0.586805,0.413194,0.333334,0.243055,0.566319,0.20868,0.0,0.137078,0.095984,0.0,0.0,0.0,0.0,0.012178,0.012178,0.0,0.125361,0.125361,0.0,0.2,0.8,0.0,0.0,0.0,0.0,0.05,0.011005,"지키고, 지키면, 하라는대로, 기준만, 영쓰, 루브릭, 기준이, 해야, 중에, 상호작용하시면서, 카피킬러랑, gpt잡는, 이용하셔서, 표절률은, 낮추시고요, 깐깐징어, 갈아탓는데, 뭐나름, 교수엿던듯, 다른글로벌교수들보다는",진짜 좋은 교수님이시고 영발 영쓰 모두 제프리교수님들었는데 예민하신지는 잘 모르겠습니다 루브릭만 지키고 문법 시험 준비만 잘햐가고 하라는대로 하면 에이플 주십니다
716,109429,0.4544904835127059,0.36266998654141575,0.6687383097790497,3.3436915488952486,20,245,4.16,0.832,0.390244,0.609756,0.878049,0.121951,0.530488,0.469512,0.087399,0.796748,0.533943,0.281912,0.05,0.0,0.14903,0.0,0.0,0.034431,0.0,0.0,0.012178,0.098911,0.0,0.131276,0.4,0.25,0.35,0.0,0.0,0.0,0.0,0.0,0.0,"엄청, 영어, 짜게, 직배, 하라는, 걸리면, 과제, 것만, 교수님이, 열정적으로, 학점을, 점수를, 코로나때라, 내주는거만큼, 개빡치는게, 최종글쓰기, 내준것도, 깍아요, 울면됩니다, 포기하십쇼",교수님이 좋으심 과제는 교수님이 하라는 대로 하면 됩니다.
717,1772312,0.4530090390733196,0.2985949092849576,0.8133086752461642,4.066543376230821,20,62,4.32,0.864,0.217742,0.782258,0.951613,0.048387,0.443548,0.556451,0.362903,0.290323,0.4,0.4,0.0,0.213202,0.149288,0.0,0.0,0.0,0.0,0.090163,0.090163,0.0,0.031892,0.031892,0.05,0.05,0.9,0.0,0.026038,0.026038,0.0,0.0,0.0,"과제는, 프로그래밍, 증명, 꾸준히, 매주, 필기, 매틀랩, 4시간, 안배운, 다만, 과제를, 가끔, 매트랩, 에이는, 거고, 밀리지, 공부가, 시험은, 풀어서, 코딩","일단 무엇보다 교수님이 너무 좋으십니다. 학업적인 것 외에도 배울 점이 많으신 분이고 , 종종 좋은 얘기도 많이 해주시며 학생들을 진심으로 아끼고 생각해주시는 게 느껴져서 한 학기 내내 감사했습니다. 과제는 매주 해"
718,1772092,0.4529355433799347,0.3270965222172507,0.7465599260928639,3.73279963046432,20,206,4.08,0.816,0.407767,0.592233,0.832525,0.167475,0.572815,0.427184,0.269417,0.44903,0.496845,0.317233,0.025,0.061321,0.100095,0.0,0.112039,0.048802,0.0,0.041853,0.041853,0.0,0.103182,0.135075,0.25,0.15,0.6,0.0,0.102854,0.102854,0.011005,0.0,0.011005,"class, in, writing, 발표만, example, 시간만, 남들, 현장에서, 참고해서, 듣지마세요, 시키는, 지키면, 루브릭, 받을, 하라는, 것만, 얻어갈, ppt, 있는, 좋은",수업 잘 듣고 열심히 참여하면 얻어갈 것이 많습니다. 처음에는 과제 양도 많다고 느껴졌는데 쓰면서 점점 익숙해지고 나중에는 시간도 별로 안 걸립니다. In-class writing때 편하게 쓰려면 루브릭 확실히 이해
719,42365,0.45219767898638086,0.31689076006434175,0.7679138231378057,3.839569115689028,20,134,4.01,0.802,0.101504,0.898496,0.921053,0.078948,0.601504,0.398496,0.402256,0.210527,0.4,0.4,0.05,0.061321,0.107346,0.0,0.0,0.0,0.0,0.065191,0.083738,0.0,0.064312,0.064312,0.15,0.15,0.7,0.0,0.066482,0.066482,0.0,0.0,0.0,"재탕이긴, 과제를, qna, 과제가, 매주, 배울게, 많은, 과제에서, 족보가, 과목을, arm, 고봉밥, 마이크로디그리, 과제, 영상이, 길고, 도움이, 질문이, 했으면, 기반으로",진짜 꼭 들어주라 제에발 부탁이야 개꿀 과목입니다
720,1325784,0.45090587616553046,0.3101756535229864,0.7792763956648001,3.8963819783240004,20,80,4.03,0.806,0.5125,0.4875,0.9625,0.0375,0.6,0.4,0.20625,0.525,0.3925,0.41125,0.0,0.061321,0.042938,0.0,0.0,0.0,0.0,0.012178,0.02652,0.0,0.088344,0.120236,0.1,0.25,0.65,0.0,0.0,0.026038,0.0,0.0,0.0,"양스선, 자체가, 과제보다, 어려운, 과목, 강의력은, 쉽게, 강의력이, 시험은, 좋다고, 않았지만, 풀면, 워낙, 교안도, 교수님이, 어려워서, 훨씬, 어렵고, 본인이, 느낌",강의력은 그닥인 것 같아요.. 특히 점군 공간군 설명하시는 게 너무 이해가 안돼서 따로 다른 영상으로 독학했습니다. 원래 어려운 내용이지만 혼란이 가중되는 느낌.. 성적은 후하게 주시는 것 같아요
721,2968259,0.44939399435515054,0.3876246681265932,0.5935224222217844,2.967612111108922,20,88,2.52,0.504,0.090909,0.909091,1.0,0.0,0.590909,0.409091,0.488636,0.15341,0.41875,0.381818,0.05,0.0,0.042938,0.0,0.0,0.0,0.102635,0.038111,0.066208,0.098911,0.032419,0.064312,0.65,0.1,0.25,0.0,0.0,0.0,0.033333,0.0,0.033333,"c언어를, c언어, 과제도, 노베가, 코드를, ai, 못하고, 아닌, 처음, 들었습니다, 최고의, 배우는, 사라지지만, 베이스능력에, 이거저거, 이러셔서, 3천줄, 친해지는시간이었어요, 정리되어있는데, 에휴다",기말 성적 유하게 주시는 듯. 이제 사라지지만 감사합니다
722,42792,0.4487053147507396,0.31915432868079524,0.7509909489139431,3.754954744569716,20,63,3.98,0.796,0.317461,0.68254,0.531745,0.468253,0.547619,0.452381,0.261904,0.468253,0.488889,0.314286,0.025,0.112287,0.198466,0.0,0.101806,0.078775,0.0,0.064044,0.0884,0.0,0.05,0.113785,0.2,0.2,0.6,0.092154,0.026038,0.052075,0.012193,0.05,0.093978,"스크랩, 기사를, 기사, 사례분석, 스크랩과제는, 그러나, 코로나, 코로나학기라, 2번, 팀플에서, 레포트에, 코멘트, 먹고, 시험, 중국인, 별로, 레포트를, 분량의, 팀플을, 듣지마세요","과제 ㅡ 스크랩 3회, 팀프로젝트 1회, 발표 1회 발표는 인원수에 따라 사람이 적으면 여러 번 할 수도 있습니다 스크랩과제는 좋은 기사를 찾는 게 중요합니다. 아마 비교적 내용이 풍부한 기사를 골라야 본인 의견을 "
723,2749373,0.4482396805860587,0.3899920392752622,0.5841508436445838,2.920754218222919,20,82,2.38,0.476,0.487805,0.512196,0.981708,0.018292,0.439024,0.560975,0.347561,0.268293,0.404268,0.395122,0.0,0.0,0.0,0.0,0.0,0.0,0.149696,0.068373,0.109354,0.0,0.0,0.0,0.6,0.15,0.25,0.213497,0.0,0.060322,0.0,0.0,0.0,"코딩, 실습, 늦게, 올리시고, 착하십니다, 것과, 코드, 없는, 시험은, 알아서, 1시간, 심지어, 거의, 없고, 스트레스, 혼자, 전에, 녹강이랑, 강의노트가, 1000장씩은","자기가 창의적인 코딩은 못하지만, 그냥 암기에 자신이 있다 그럼 이 수업이 최고일듯합니다 뭔가 진지한 강의명과 달리, 배우는게 좀 소박합니다"
724,43697,0.44818692662419546,0.31293848003547753,0.7637666353312039,3.8188331766560197,20,376,4.03,0.806,0.302667,0.697334,0.566667,0.433333,0.517334,0.482666,0.053333,0.833333,0.601333,0.229333,0.0,0.061321,0.042938,0.0,0.0,0.0,0.044483,0.0,0.012178,0.100545,0.031892,0.096204,0.2,0.1,0.7,0.0,0.0,0.0,0.0,0.0,0.0,"지키면, 느리셔서, 눈치, 깐깐하시긴, 루브릭만, 지피티, 점수, 알아듣기, 하시면, 많습니다, 스트레스의, 원흉임, 앉히지, 개많이줘서, 험악하게, 못하는데요, 잘못이죠, 못가고, 하시다가도, 정적",교수님이 열정적으로 기본을 가르쳐주십니다 . 배워가는게 많습니다
725,104819,0.44797262729040277,0.34916177934869497,0.678531272487721,3.392656362438605,20,176,3.48,0.696,0.144887,0.855114,0.321022,0.678978,0.471591,0.528408,0.059659,0.872159,0.712215,0.075853,0.0,0.059898,0.063411,0.0,0.193004,0.084068,0.0,0.0,0.0,0.100545,0.064312,0.161042,0.25,0.3,0.45,0.0,0.034285,0.034285,0.0,0.055398,0.056212,"자잘한, 3개, 글로벌, 점수도, 개인, 회사, 비즈니스, 나눠주신, 추천하지는, 많지만, 괜찮은, 개인발표, 전형적인, 치고는, 작은, 매주, 인터뷰, 있는, 기준으로, 2학점",음..... 할 건 많고 양식도 까다롭고 점수도 만점받는게 힘들긴 하지만 그래도 명확한 기준이 있는 것 같습니다. 어차피 모두가 감점되니까 평균 이상 받으면 학점 괜찮은 것 같아요.. 출석은 시간되자마자 바로 직접호
726,2086914,0.447918735161565,0.36510846940887176,0.641142688584516,3.2057134429225798,20,153,2.18,0.436,0.131579,0.868421,0.18092,0.819079,0.460527,0.539473,0.009868,0.970394,0.520066,0.265132,0.0,0.061321,0.064408,0.0,0.0,0.0,0.044483,0.135168,0.199798,0.0,0.102656,0.102656,0.15,0.4,0.45,0.0,0.0,0.0,0.0,0.0,0.0,"매주, 책도, 어렵고, 강의평, 하실, 이승만, 박정희, 간식도, 중간, 보고, 정치색, 발언, 질문, 후반부에, 잘못된, 과제도, 좋으신, 시험, 과제가, 작성하고",교수님이 너무 스윗하심.. 학생들을 진짜 아들딸처럼 잘 챙겨주심. 강의평이 왜 이랬을까 싶을 정도로 괜찮은 수업이었음. 교수님께서 올려주시는 교안이랑 영상 참고해서 토론 과제(질문 2-3개에 자기 생각 서술하기) 작
727,77897,0.44765176884067615,0.30329779612067426,0.7844777051873474,3.922388525936737,20,160,3.49,0.698,0.1625,0.8375,0.34375,0.65625,0.371875,0.628125,0.25625,0.5125,0.40875,0.39,0.0,0.153304,0.107346,0.0,0.0,0.0,0.0,0.08055,0.08055,0.0,0.134548,0.134548,0.0,0.1,0.9,0.0,0.060322,0.060322,0.0,0.563507,0.124026,"erd, iot, 조금, 클로징케이스, 그리기, 많습니다, 팀플, 강의에, 힘들고, 열정, 배워가는, 클로징케이스가, 많고, 것도, 주제, 주시는, 열심히, 필기는, 과제, 넘치시고",학점: A+ 과제 -클로징케이스 요약 발표 3번 있는데 난이도는 매우 쉽습니다. -마이클 포터 경쟁세력 분석도 다들 아실거라 생각합니다. -ERD 단순하게 생각하지 말고 들어갈 요소 꼼꼼히 챙기면 좋습니다. -IoT
728,2893024,0.4468597183112638,0.4150607877381657,0.5210572229818261,2.6052861149091306,20,156,2.6,0.52,0.044872,0.955129,0.25641,0.74359,0.532052,0.467948,0.442308,0.121795,0.441346,0.354808,0.316853,0.030661,0.315042,0.0,0.0,0.0,0.488417,0.127287,0.289096,0.100545,0.0,0.064312,0.7,0.2,0.1,0.0,0.026038,0.026038,0.0,0.055398,0.012193,"러닝페어, 코딩, 매주, 어떻게, 중간은, 전범위라, 모르겠음, 공부한, 기말고사, 힘들었음, 온라인, 과제, 10문제였는데, 코딩만, 똥을, 결국, 퀴즈, 시험, 전범위였는데, 장에",과제와 퀴즈에 대한 꼼꼼한 피드백과 명확한 가이드라인에 감사드립니다. 특히 편집(Editing)과 자주 하는 실수를 고치는 실질적인 팁들이 문법을 개선하는 데 유용했습니다
729,42294,0.44668063013778603,0.39261108572234044,0.5728429004404924,2.864214502202462,20,93,2.26,0.452,0.23656,0.763441,0.935483,0.064517,0.650537,0.349463,0.182795,0.575269,0.451613,0.362904,0.0,0.0,0.045231,0.0,0.0,0.0,0.06073,0.0,0.016625,0.098911,0.032419,0.064312,0.7,0.15,0.15,0.0,0.0,0.0,0.0,0.0,0.0,"노트, 소통도, 최악, 것도, 대충, 하나도, 들으려해도, 그대러, 무성의한, 진도나가지, 않은부분도, 포함시키셨습니다, 안되시고, 노트필기, 미화될거같긴하네요, ppt슬라이드, 했던말, 밀리니, 뭉개고, 스킵",성적 잘준다니 별 5개 일단 드림. 믿슴니다.믿어도 되죠?
730,2087121,0.4407523902063317,0.31009974101550486,0.7456085716515943,3.7280428582579717,20,73,3.38,0.676,0.383561,0.616439,0.458904,0.541095,0.561644,0.438356,0.363013,0.30137,0.383562,0.414384,0.066556,0.156577,0.231203,0.0,0.0,0.0,0.08536,0.078691,0.14304,0.11892,0.096204,0.134548,0.15,0.25,0.6,0.092154,0.052075,0.110789,0.0,0.079004,0.017388,"그대로, 강의력은, 조금, 과제에서, 과제문제, 대부분, 강의력이, 시험문제가, 그래도, 영어말고, 기계과라면, 기계설계, 기준만을, 솔직히, 답을, 텀프로젝트가, 친절하게, 열심히, 과목인것, 텀프로젝트",올해는 한국어로 강의하셔서 그런지 강의력이 좋으셨습니다. 그리고 예전의 안좋은 평들은 많이 개선되서 좋았던 것 같아요. 다만 텀프 조건이 많이 빡세서 좀 힘들었습니다. 감속기 설계하는 프로젝트인데 조건들을 만족시키다
731,2748897,0.43950893714919825,0.3596209841080682,0.625914160911835,3.129570804559175,7,47,3.15,0.63,0.276596,0.723404,0.276596,0.723404,0.319149,0.680851,0.393617,0.12766,0.221276,0.657446,0.071429,0.432892,0.36446,0.392039,0.0,0.098374,0.127095,0.110564,0.145358,0.569873,0.0,0.183747,0.571429,0.0,0.428571,0.0,0.0,0.0,0.0,0.0,0.0,"1점도, 조별로, 3번, 2번, 평균, 토의수업에, 잃은게, 아깝다는게, 과제다하고, 안되는점수, 개잘봤다고, 점수알려달라고, 안알려주십니다, 4년다니면서, 처음받아보고, 이점수로도, 받아봅니다, 재밌게들어서, 밝은, 받자마자",디스커션이 매 수업 있음 교수님 유쾌하심 퀴즈 두번 중간 기말까지 있음
732,43694,0.4388083912780212,0.3343586379539487,0.6825244823675238,3.412622411837619,20,368,3.52,0.704,0.380435,0.619565,0.849185,0.150815,0.470108,0.529891,0.043478,0.900814,0.363451,0.455163,0.05,0.0,0.042938,0.0,0.079047,0.034431,0.102635,0.02652,0.054617,0.301634,0.173946,0.271203,0.4,0.05,0.55,0.0,0.0,0.0,0.0,0.0,0.0,"인클래스, 루브릭만, 지키면, 성적, 크게, 라이팅이, 점수, 그만, 교수님께서, 형식을, 뭐라고, 대답, 귀여우심, 성실하게, 제발, 발음, 매번, 나쁘지, 같아요, 문제는",교수님께서 정말 fm이신데 정말 루브릭하고 공지 잘 보고 그대로만 따라하면 영어 잘 못해도 성적 괜찮게 나올 거예요 다른 분들 강평 보면 도망쳐라 이러던데 저는 좋았어요 그리고 교수님 은근 귀여우심
733,104818,0.43492829623809426,0.31851951892946195,0.7065487766249031,3.5327438831245157,20,76,3.66,0.732,0.197369,0.802631,0.388158,0.611842,0.506579,0.493421,0.052631,0.894737,0.505263,0.281579,0.0,0.440431,0.339975,0.0,0.079047,0.034431,0.0,0.0,0.02652,0.0,0.109107,0.109107,0.2,0.2,0.6,0.0,0.0,0.0,0.0,0.260795,0.068405,"논문, 영어, 계절, 학기, 최종, 정규학기에, stata, 연구방법, 중간고사, 고급, 설문조사, 주제, 있는데, 열심히, 발표, 모델, 교수님께서, 소논문, 데이터, 연구","계절학기로 들어서 논문 제안서만 쓰면 돼요. 중간기말 다 보고, 설문조사, 인터뷰, 모델 발표, stata 과제 있는데 어렵지 않아요. 교수님 열정적으로 가르쳐주시고 내용도 흥미로웠어요."
734,2376848,0.4348836505471426,0.36676173628955916,0.5938347838148376,2.969173919074188,20,72,3.06,0.612,0.361111,0.638889,0.88889,0.111112,0.402778,0.597222,0.465278,0.131944,0.408333,0.394444,0.05,0.091982,0.171754,0.0,0.0,0.0,0.0,0.113801,0.156241,0.0,0.031892,0.031892,0.45,0.25,0.3,0.119647,0.059843,0.093648,0.0,0.0,0.0,"과제는, 비슷한, 과제, fol, 들어서는, 수업이, 낮은거, cs, 구글링을, 32, 26, 많은, 학생들이, 문제를, 별로임, 수기로, 평점, 것보다, 생각보다, 100",제가 생각했던 인공지능과는 다르게 알고리즘 위주의 수업입니다.과제도 어렵습니다.
735,44212,0.4338401373963299,0.31026230433787094,0.7221884145327342,3.610942072663671,20,92,3.79,0.758,0.521739,0.478261,0.538043,0.461956,0.505435,0.494565,0.201087,0.603261,0.395109,0.405979,0.0,0.030661,0.021469,0.0,0.079047,0.034431,0.0,0.085001,0.141195,0.0,0.0,0.05,0.2,0.25,0.55,0.0,0.0,0.032677,0.0,0.05,0.011005,"암에, 영어가, 다른, 암이라는, 시키셔요, 있는, 인상깊었습니다, 대한, 있는데, 했지만, 조별발표, 추천, 전반적인, 다루는, 교수님께서, 열정이, 평소, 교안이, 나중에, 과제는",배우는 것도 많고 교수님도 좋으십니다. 암에 대하여 과학적 측면 뿐만 아니라 인문사회과학적 측면과 관련지어 설명해주시는 부분이 정말 인상적이었습니다. 그리고 저는 암에 대해 잘 모르던 사람이었기 때문에 암에 대한 기
736,2086904,0.4316350370009474,0.39519807472585583,0.5166546156428279,2.5832730782141393,20,69,2.88,0.576,0.188406,0.811594,0.115943,0.884057,0.471015,0.528985,0.065218,0.876812,0.78913,0.133333,0.025,0.0,0.021469,0.0,0.0,0.0,0.0,0.012178,0.012178,0.100545,0.064312,0.096731,0.65,0.2,0.15,0.0,0.0,0.0,0.015127,0.0,0.015127,"4000자, 글쓰기, 철학에, 힘들어요, 평가, 중간기말, 수강했고, 에세이, 분량을, 대한, 기준을, 수가, 글을, 기준이, 과제가, 힘들었습니다, 관심이, 매주, 질문, 있는","22년 2학기에 수강했고 총 4권의 책을 읽었습니다. 매주 일정한 분량을 읽어오고 사전퀴즈(책에 관한 질문)에 대한 답을 써서 제출한다음, 수업시간에는 학우들과 함께 토론하는 방식입니다. 토론이 있었지만 수업은 전반"
737,2086874,0.43124009581041106,0.4412917972633801,0.4077861257534834,2.038930628767417,12,52,2.35,0.47,0.057693,0.942308,0.076924,0.923077,0.278846,0.721154,0.10577,0.740385,0.861539,0.106731,0.859721,0.0,0.909887,0.0,0.0,0.0,0.083744,0.0,0.022926,0.0,0.0,0.0,0.75,0.166667,0.083333,0.0,0.0,0.0,0.036683,0.0,0.055024,"매주, 조장은, 조장의, 퀴즈, 찾고, 조장이, 도망가, 보고서를, 만점에, 시간, 토론을, 힘들었음, 발표, 받아서, 보고서, 레포트, 토론, 다들, 토론수업, 직배받은사람들",책 내용이 어렵고 매주 퀴즈와 보고서가 있어서 시간이 많이 소요됨
738,2086911,0.42446427313477086,0.33476353293475647,0.6337660002681379,3.1688300013406896,20,131,3.48,0.696,0.152672,0.847328,0.259542,0.740458,0.519084,0.480916,0.091604,0.816794,0.429389,0.366412,0.05,0.091982,0.128815,0.0,0.0,0.0,0.0,0.094892,0.094892,0.201089,0.096731,0.161569,0.45,0.15,0.4,0.0,0.035318,0.035318,0.0,0.0,0.0,"과제가, 매주, 걸리면, 농담, 과제, 성적, 기준도, 주제가, 하는, 많다, 교수님이, 기준이, 그래도, 중간, 써가야하는, 유머인만큼, 웃음, 찍히는거고, 행동하면, 찾아오라하시고",저는 생각보다 배울 것도 많고 좋았어요 + 학점 미화 시험은 중간 기말 다 보는데 교수님께서 알려주십니다 (교수님의 정치성향에 맞춰 글을 쓰셔야합니다)
739,2968269,0.4234711827237202,0.3771396645868497,0.5315780583764182,2.657890291882091,5,45,2.18,0.436,0.022222,0.977778,0.377778,0.622222,0.277778,0.722222,0.444445,0.055556,0.873333,0.084444,0.0,0.0,0.0,0.0,0.0,0.0,0.0,0.0,0.0,0.0,0.0,0.0,0.2,0.6,0.2,0.0,0.0,0.130706,0.0,0.0,0.0,"할게, 열정적이신듯, 있는양, 어려운건지, 가르치시는건지, 못하는건지, 크셔서, 머리아파요, 팀플까지, 단계별로, 전문적인, 심각하게, 많고, 따라간다면, 친절하신, 설명은, 수는, 듣는게, 목소리가, 힘듦",매주 과제랑 퀴즈가 꽤 있는 편입니다 ㅜ 그래도 설명은 잘해주시고 친절하신 거 같아요
740,2749374,0.4208304661486343,0.3636517182176303,0.5542475446543104,2.7712377232715517,20,121,3.03,0.606,0.157025,0.842975,0.958678,0.041322,0.442149,0.557851,0.417355,0.264462,0.410744,0.38595,0.025,0.059898,0.08488,0.0,0.0,0.0,0.551231,0.0,0.150905,0.100545,0.0,0.032419,0.7,0.1,0.2,0.121343,0.0,0.034285,0.016667,0.0,0.016667,"난이도가, 기말, 파이썬, 학기초에, 특히, 코딩, 기말고사, 코딩테스트가, 기존에, 당황스러웠습니다, 본다고, 매우, 많습니다, 매트랩, 코딩을, 과제는, 과제가, 코드, 많고, 하고",오프 출첵이 없는건 너무 좋다.. 과제는 많은데 제출여부만 본다고..
741,2576226,0.42059711333842653,0.3286876041361644,0.6350526348103716,3.1752631740518575,20,79,3.24,0.648,0.063291,0.936709,0.208861,0.791139,0.443038,0.556962,0.43038,0.094937,0.363924,0.439874,0.075,0.172185,0.206444,0.194483,0.0,0.048802,0.304721,0.070537,0.153957,0.0,0.064838,0.164749,0.45,0.15,0.4,0.0,0.034285,0.034285,0.033014,0.218727,0.081156,"에세이, 영어, 독후감, 매주, 읽고, 발표, 영어를, 짧은, 과제, 발표도, 스토리, 중간, 살아온, 많은건, 소설, 귀찮아요, 5분, 20분, 귀찮은, 정해진",교수님 정말 좋으십니다. 수업도 재밌어요. 과제 많은건 맞지만 엄청나게 부담되는 건 아니고 좀 귀찮은 정도입니다. 다음 계절부터는 양 좀 줄인다고 하셨어요.
742,106019,0.4126276427121296,0.285248530344552,0.7098455715698108,3.5492278578490537,20,321,3.73,0.746,0.267188,0.732812,0.776562,0.223438,0.345313,0.654687,0.167187,0.648438,0.462344,0.357656,0.0,0.030661,0.021469,0.194483,0.0,0.048802,0.0,0.052453,0.052453,0.100545,0.096731,0.161569,0.2,0.15,0.65,0.0,0.052075,0.052075,0.011005,0.1,0.044019,"전자기기, 수업시간에, 열심히, 고등학교로, 발표는, 배우고, 좋은, 딴짓, 발표, 깐깐하십니다, 깐깐하시긴, 에세이는, 성적, 것이, 깐깐한, 이유는, 최악의, 루브릭, 수업임, 수업은","배우고 싶은 사람은 무조건 얻어가는 것이 있는 수업입니다. 교수님 강의력 자체가 좋으셔서 수업 재밌게 잘 들었습니다. 다만 1. 통제 당하는 것(전자기기 금지, 지정좌석제..) 싫어하시거나 2. 영어를 정!말! 못한"
743,109019,0.41192903513381607,0.3580780825480959,0.5375812578338297,2.6879062891691485,20,420,2.97,0.594,0.113475,0.886525,0.593381,0.406619,0.208038,0.791962,0.23877,0.507093,0.770922,0.177542,0.05,0.0,0.064408,0.0,0.0,0.048802,0.06073,0.012178,0.040981,0.298366,0.0,0.128623,0.45,0.35,0.2,0.164884,0.070636,0.117223,0.012193,0.0,0.027319,"빠르고, 스트레스, 에세이, 점수, 교수가, 말도, 직배, 영어, 비영어권, 불친절합니다, 악명이, 무엇보다, 옆사람이랑, 영어를, 듣지, 해가야, ai를, 도망치세요, 나와도, 더럽게",이렇게까지 평이 안좋은 이유를 잘 모르겠음 영어 진짜 못하고 프리토킹 전혀 안되는데 에세이 싹다 만점받음 피피티 다 올려주셔서 수업시간에 못 알아들어도 다 찾아볼수있고 예시 에세이랑 피피티 참고해서 구조 맞춰서 쓰면
744,490405,0.41036080192352287,0.252506587021488,0.7786873033616043,3.8934365168080216,20,266,3.99,0.798,0.45283,0.54717,0.74151,0.258491,0.560377,0.439623,0.171699,0.664152,0.396604,0.409812,0.0,0.122643,0.107346,0.0,0.112039,0.048802,0.0,0.045428,0.045428,0.0,0.12915,0.161569,0.1,0.2,0.7,0.0,0.032677,0.032677,0.0,0.0,0.0,"점수, 루브릭대로만, 매우, 깐깐함, 파일, 성적, 교수님이, 중요함, 직배로, 출석이, 시키는, 루브릭, 받을, 조금, 영어를, 만큼, 점수는, 이거, 좋은, 글쓰기",교수님이 강의를 굉장히 잘하십니다. 영어쓰기 과목인 만큼 영어 쓰기 과제가 많고 교수님이 이를 깐깐하게 매기기는 하는데 모두 다 같은 상황이고 점수 관련 문의하면 피드백 잘 해주셔서 좋은 거 같습니다. 시험은 전 주
745,78568,0.4001827383529697,0.23387775876755218,0.7882276907189439,3.9411384535947196,20,150,3.78,0.756,0.373334,0.626667,0.673334,0.326667,0.500001,0.500001,0.13,0.653334,0.411667,0.386667,0.0,0.156577,0.109639,0.0,0.101806,0.044344,0.0,0.028803,0.028803,0.0,0.064838,0.064838,0.0,0.25,0.75,0.0,0.052075,0.052075,0.0,0.055398,0.012193,"예제에서, 예제, 텀프는, 수업은, 시험은, 주셨습니다, 유니심, 챕터마다, 낮습니다, 텀프도, 시간이, 같진, 이번, 독학으로, 가세요, 과제는, 풀기, 문제에서, 5번, 학점도",과제 열심히 하고 예제 위주로 계산 꼼꼼하게 하면 성적 잘 받을 수 있는 것 같아요
746,43685,0.39796241858231074,0.32508689092415743,0.5680053164513352,2.840026582256676,20,328,3.17,0.634,0.054878,0.945122,0.673781,0.326219,0.303353,0.696646,0.182927,0.570122,0.407164,0.407164,0.297678,0.091982,0.397013,0.0,0.0,0.034431,0.0,0.0,0.056195,0.209317,0.0,0.099911,0.4,0.3,0.3,0.0,0.026038,0.026038,0.0,0.0,0.0,"많고, 과제, 깐깐합니다, 과제가, 많아요, 많은, 도망가세요, 깐깐하게, 엄청, 제출, 그치만, 다른, 쉬운, 피드백, 이렇게, 글쓰기, 진짜예요, 여쭤봤을, 감점되어, 여쭤봤습니다",클레멘타인의 평점이 높은 이유. 나만 당할 수 없지
747,1612034,0.3937207004661794,0.28947110016014393,0.6369697678469289,3.1848488392346446,20,75,3.63,0.726,0.446667,0.553333,0.44,0.56,0.326666,0.673334,0.166667,0.573333,0.422667,0.376,0.0,0.075756,0.094987,0.0,0.0,0.0,0.044483,0.043145,0.110585,0.0,0.064312,0.064312,0.25,0.3,0.45,0.092154,0.061355,0.127071,0.0,0.326988,0.071969,"중문과, 배울, 많습니다, 양이, 하지만, 양도, 온라인, 팀플, 그나마, 형성평가, 온라인임에도, 어학에, 매주, 중문과에서, 조원평가, 팀원들을, 어쩔수, 중국어로, 이후부터는, 학생들이","정말 빡센 수업중 하나입니다. 매주 형성평가 문제있고(수업 잘 들어야 풀 수 있음, 가끔 모르는 문제도 나옴), 팀플은 알아서 팀 정해주시는데 20분 정도 발표분량이라 자료조사, 발표 모두 빡세고 그 이후 이주동안 "
748,2315604,0.3895167965607197,0.2932322220064265,0.6141808038540706,3.070904019270353,20,92,2.84,0.568,0.157609,0.842391,0.869565,0.130435,0.375,0.625,0.516304,0.108696,0.165217,0.605435,0.0,0.030661,0.021469,0.0,0.0,0.0,0.177933,0.091856,0.140567,0.0,0.16644,0.16644,0.5,0.0,0.5,0.0,0.0,0.0,0.0,0.0,0.0,"3번, 시험에, 예습, 호불호가, 시험, 회로이론1, 들어야, 수업시간엔, 수업을, 다른, 회로, 사전, 증명, 생각보다, 있음, 수업도, 보고, 수업때, 집중해서, 보통",회로이론 RC LC RLC 예습 필수 오일러코시 시험에 안나온다 ->나옴 이거 그냥 제가 한번 찾아봤어요 ->시험에 나옴 수업 열심히 듣는 학생이 좋은 점수를 받아가는 점이 좋음
749,2249288,0.3849895305074075,0.26973777318982806,0.6539102975817596,3.2695514879087977,20,87,3.41,0.682,0.114943,0.885058,0.425287,0.574712,0.298851,0.701149,0.235632,0.517241,0.408046,0.390804,0.025,0.030661,0.227253,0.0,0.0,0.0,0.321445,0.0,0.154794,0.100545,0.096731,0.161569,0.25,0.2,0.55,0.0,0.0,0.059843,0.033333,0.05,0.079729,"영어, 매주, 교안, 많고, 많은데, 엄청, 전공보다, 도망쳐, 영어로, 시험도, 않음, 과제, 성적, 시험, 양이, 과제가, 영어에, 있을, 빡셉니다, 받습니다","Best for oversea students. Honestly it’s real simple. Weekly he does ask you to do a summary, but it’s real simple if yo"
750,1611859,0.37985862153783606,0.27724860789628475,0.6192819867014558,3.096409933507279,16,56,3.59,0.718,0.258929,0.741071,0.955357,0.044643,0.205357,0.794643,0.017857,0.973214,0.4,0.4,0.0,0.19163,0.161019,0.0,0.0,0.043039,0.0,0.015222,0.030444,0.0,0.081048,0.081048,0.1875,0.3125,0.5,0.0,0.0,0.0,0.0,0.0,0.0,"모르겠다, 것은, 과제를, 알고리즘, 교수님이, 과제가, 도움은, 나서, 비율이, 것도, 과제, 통해, 난이도가, 시험을, 쓰는, 같이, 많습니다, 학점을, 열심히, 것을",과제도 어렵고 시험도 어렵지만... 전공인만큼 도움은 많이 되는것 같아요! 학점도 기대안했는데 잘나오는듯!
751,42284,0.3761915789054972,0.2774488919638383,0.606591181769368,3.03295590884684,20,62,2.9,0.58,0.298387,0.701613,0.733871,0.266129,0.524193,0.475806,0.225806,0.604838,0.177419,0.604839,0.0,0.0,0.0,0.0,0.0,0.0,0.0,0.016625,0.033251,0.0,0.031892,0.031892,0.45,0.25,0.3,0.0,0.0,0.0,0.0,0.0,0.0,"학점은, 그걸, 선진적인, 구려서, 스킵하고, 3단원, flipped, 수업방식이, 전자기학, 올려주는, 독학입니다, 플립드, 수업은, 안하십니다, 부터, 학생은, 익숙하지, 개념을, 심지어, 교수님이",스타일이 맞으면 좋다. 학점은 엄청 잘주신다 혼자서 공부하는것이 익숙하지 않은 사람들에게는 어려울수도 있지만 익숙해지면 공부하기좋다
752,43695,0.37331614143190034,0.29421758311877677,0.5578794441625221,2.7893972208126105,20,356,3.57,0.714,0.216292,0.783708,0.727529,0.272473,0.258428,0.741574,0.058989,0.889045,0.311236,0.514185,0.05,0.135286,0.159138,0.0,0.0,0.0,0.252332,0.068959,0.17989,0.197822,0.064312,0.128096,0.4,0.3,0.3,0.0,0.032677,0.066482,0.0,0.05,0.011005,"엑셀, 공지를, 하는지, 수강철회하고, 유기성이, 갑자기, 딴판인, 휙휙, 인클래스, 중간까지는, 중간, 강의력도, 기말, 열심히, 기말을, 문법, 등등, 좋으시고, 강평, 족보를",인클래스 라이팅은 쉽지 않았지만... 많은걸 얻어가는 수업이라고 생각합니다
753,105736,0.36984782212475764,0.34098277526228826,0.4371995981371863,2.1859979906859315,8,48,1.79,0.358,0.395834,0.604167,0.947917,0.052083,0.197916,0.802083,0.239584,0.385416,0.375,0.421875,0.0625,0.0,0.053673,0.343034,0.0,0.172155,0.0,0.0,0.030444,0.0,0.0,0.0,0.625,0.375,0.0,0.0,0.0,0.0,0.0,0.0,0.0,"강의력은, 월요일만, 피한곳이, 이곳이라니, 안들으시는게, 응통1을, 응통2로, 바로가는게, 확랜프를, 들으셔서, 닦아도되고, 응통2를, 없어보이네요, 안하시는거는, 늦게본다는, 성적마감날인데도, 성적점수, 교수나, 조교나, 없음",아......비를 피한곳이 이곳이라니...
